food_id,category_l1_jp,category_l2,food_name_jp,fdc_id,food_name_en,usda_category,confidence,jp_energy_kcal,us_energy_kcal,diff_energy_kcal,jp_protein,us_protein,diff_protein,jp_fat,us_fat,diff_fat,jp_carb,us_carb,diff_carb,jp_fiber,us_fiber,diff_fiber,jp_Ca,us_Ca,diff_Ca,jp_Fe,us_Fe,diff_Fe,jp_K,us_K,diff_K,jp_Zn,us_Zn,diff_Zn,jp_vit_C,us_vit_C,diff_vit_C,jp_vit_A_RAE,us_vit_A_RAE,diff_vit_A_RAE,jp_vit_B1,us_vit_B1,diff_vit_B1,jp_vit_B2,us_vit_B2,diff_vit_B2,jp_vit_D,us_vit_D,diff_vit_D,jp_vit_B12,us_vit_B12,diff_vit_B12,jp_salt_eq,us_salt_eq,diff_salt_eq
01001,穀類,,アマランサス　玄穀,170682,"Amaranth grain, uncooked",Cereal Grains and Pasta,high,343.0,371,28.0,12.7,13.6,0.9,5.0,7.02,2.02,63.5,65.2,1.7,7.4,6.7,-0.7,160.0,159,-1.0,9.4,7.61,-1.79,600.0,508,-92.0,5.8,2.87,-2.93,0.0,4.2,4.2,2.0,0.0,-2.0,0.04,0.116,0.076,0.14,0.2,0.06,0.0,0.0,0.0,0.0,0.0,0.0,0.0,0.01,0.01
01004,穀類,,えんばく　オートミール,172989,"Cereals, QUAKER, Quick Oats, Dry",Breakfast Cereals,high,350.0,371,21.0,13.7,13.7,0.0,5.1,6.87,1.77,63.1,68.2,5.1,9.4,9.4,0.0,47.0,47.0,0.0,3.9,4.64,0.74,260.0,358,98.0,2.1,3.2,1.1,0.0,0.0,0.0,0.0,0.0,0.0,0.2,0.54,0.34,0.08,0.12,0.04,0.0,0.0,0.0,0.0,0.0,0.0,0.0,0.008,0.008
01005,穀類,,おおむぎ　七分つき押麦,169739,Barley flour or meal,Cereal Grains and Pasta,high,343.0,345,2.0,10.9,10.5,-0.4,1.8,1.6,-0.2,71.3,74.5,3.2,10.3,10.1,-0.2,23.0,32.0,9.0,1.3,2.68,1.38,220.0,309,89.0,1.4,2.0,0.6,0.0,0.0,0.0,0.0,0.0,0.0,0.22,0.37,0.15,0.07,0.114,0.044,0.0,0.0,0.0,0.0,0.0,0.0,0.0,0.01,0.01
01006,穀類,,おおむぎ　押麦　乾,170284,"Barley, pearled, raw",Cereal Grains and Pasta,high,329.0,352,23.0,6.7,9.91,3.21,1.2,1.16,-0.04,72.4,77.7,5.3,12.2,15.6,3.4,21.0,29.0,8.0,1.1,2.5,1.4,210.0,280,70.0,1.1,2.13,1.03,0.0,0.0,0.0,0.0,1.0,1.0,0.11,0.191,0.081,0.03,0.114,0.084,0.0,0.0,0.0,0.0,0.0,0.0,0.0,0.023,0.023
01012,穀類,,こむぎ　［玄穀］　国産　普通,168891,"Wheat, soft red winter",Cereal Grains and Pasta,high,329.0,331,2.0,10.8,10.4,-0.4,2.5,1.56,-0.94,64.3,74.2,9.9,14.0,12.5,-1.5,26.0,27.0,1.0,3.2,3.21,0.01,440.0,397,-43.0,2.6,2.63,0.03,0.0,0.0,0.0,0.0,0.0,0.0,0.41,0.394,-0.016,0.09,0.096,0.006,0.0,0.0,0.0,0.0,0.0,0.0,0.0,0.005,0.005
01014,穀類,,こむぎ　［玄穀］　輸入　硬質,168890,"Wheat, hard red winter",Cereal Grains and Pasta,high,332.0,327,-5.0,13.0,12.6,-0.4,2.5,1.54,-0.96,62.6,71.2,8.6,11.4,12.2,0.8,26.0,29.0,3.0,3.2,3.19,-0.01,340.0,363,23.0,3.1,2.65,-0.45,0.0,0.0,0.0,0.0,0.0,0.0,0.35,0.383,0.033,0.09,0.115,0.025,0.0,0.0,0.0,0.0,0.0,0.0,0.0,0.005,0.005
01019,穀類,,こむぎ　［小麦粉］　中力粉　2等,172019,"Wheat flour, white (industrial), 10% protein, bleached, unenriched",Cereal Grains and Pasta,high,346.0,366,20.0,9.7,9.71,0.01,1.6,1.48,-0.12,73.1,76.2,3.1,2.1,2.4,0.3,24.0,20.0,-4.0,1.1,1.26,0.16,110.0,149,39.0,0.6,1.02,0.42,0.0,0.0,0.0,0.0,0.0,0.0,0.22,0.194,-0.026,0.04,0.072,0.032,0.0,0.0,0.0,0.0,0.0,0.0,0.0,0.005,0.005
01021,穀類,,こむぎ　［小麦粉］　強力粉　2等,168913,"Wheat flours, bread, unenriched",Cereal Grains and Pasta,high,343.0,361,18.0,12.6,12.0,-0.6,1.5,1.66,0.16,70.0,72.5,2.5,2.1,2.4,0.3,21.0,15.0,-6.0,1.0,0.9,-0.1,86.0,100,14.0,1.0,0.85,-0.15,0.0,0.0,0.0,0.0,0.0,0.0,0.13,0.08,-0.05,0.04,0.06,0.02,0.0,0.0,0.0,0.0,0.0,0.0,0.0,0.005,0.005
01024,穀類,,こむぎ　［小麦粉］　プレミックス粉　ホットケーキ用,175078,"Artificial Blueberry Muffin Mix, dry",Baked Products,high,360.0,407,47.0,7.8,4.7,-3.1,3.6,8.7,5.1,78.6,77.4,-1.2,1.8,,,100.0,,,0.5,,,230.0,,,0.3,,,0.0,,,3.0,,,0.1,,,0.08,,,0.1,,,0.1,,,1.0,1.93,0.93
01025,穀類,,こむぎ　［小麦粉］　プレミックス粉　天ぷら用,167514,"Kraft Foods, Shake N Bake Original Recipe, Coating for Pork, dry",Baked Products,high,337.0,377,40.0,8.8,6.1,-2.7,1.1,3.7,2.6,77.1,79.8,2.7,2.5,,,140.0,,,0.6,,,160.0,,,0.5,,,0.0,,,4.0,,,0.12,,,0.99,,,0.0,,,0.0,,,0.5,5.537,5.037
01031,穀類,,こむぎ　［パン類］　フランスパン,172816,"Bread, pita, white, unenriched",Baked Products,high,289.0,275,-14.0,9.4,9.1,-0.3,1.1,1.2,0.1,63.9,55.7,-8.2,2.7,2.2,-0.5,16.0,86.0,70.0,0.9,1.4,0.5,110.0,120,10.0,0.8,0.84,0.04,0.0,0.0,0.0,0.0,0.0,0.0,0.08,0.267,0.187,0.05,0.097,0.047,0.0,,,0.0,0.0,0.0,1.6,1.361,-0.239
01034,穀類,,こむぎ　［パン類］　ロールパン,171861,"Rolls, gluten-free, white, made with brown rice flour, tapioca starch, and potato starch",Baked Products,high,309.0,310,1.0,10.1,7.99,-2.11,8.5,6.4,-2.1,49.7,55.1,5.4,2.0,3.6,1.6,44.0,82.0,38.0,0.7,0.78,0.08,110.0,161,51.0,0.8,0.7,-0.1,0.0,,,15.0,,,0.1,,,0.06,,,0.1,,,,,,1.2,1.796,0.596
01035,穀類,,こむぎ　［パン類］　クロワッサン　リッチタイプ,172824,"Danish pastry, cinnamon, unenriched",Baked Products,high,438.0,403,-35.0,7.9,7.0,-0.9,25.4,22.4,-3.0,,44.6,,1.8,1.2,-0.6,21.0,71.0,50.0,0.6,0.78,0.18,90.0,125,35.0,0.6,0.72,0.12,0.0,0.2,0.2,69.0,4.0,-65.0,0.08,0.18,0.1,0.03,0.1,0.07,0.1,,,,0.1,,1.2,0.942,-0.258
01036,穀類,,こむぎ　［パン類］　イングリッシュマフィン,167515,"George Weston Bakeries, Thomas English Muffins",Baked Products,high,224.0,232,8.0,8.1,8.0,-0.1,3.2,1.8,-1.4,40.1,46.0,5.9,1.2,,,53.0,180,127.0,0.9,1.4,0.5,84.0,,,0.8,,,0.0,,,1.0,0.0,-1.0,0.15,,,0.08,,,0.0,,,0.0,,,1.2,0.876,-0.324
01043,穀類,,こむぎ　［うどん・そうめん類］　そうめん・ひやむぎ　乾,168908,"Noodles, japanese, somen, dry",Cereal Grains and Pasta,high,333.0,356,23.0,9.5,11.4,1.9,1.0,0.81,-0.19,71.5,74.1,2.6,2.5,4.3,1.8,17.0,23.0,6.0,0.6,1.32,0.72,120.0,164,44.0,0.4,0.45,0.05,0.0,0.0,0.0,0.0,0.0,0.0,0.08,0.101,0.021,0.02,0.026,0.006,0.0,0.0,0.0,0.0,0.0,0.0,3.8,4.674,0.874
01044,穀類,,こむぎ　［うどん・そうめん類］　そうめん・ひやむぎ　ゆで,168909,"Noodles, japanese, somen, cooked",Cereal Grains and Pasta,high,114.0,131,17.0,3.5,4.0,0.5,0.3,0.18,-0.12,25.6,27.5,1.9,0.9,,,6.0,8.0,2.0,0.2,0.52,0.32,5.0,29.0,24.0,0.2,0.22,0.02,0.0,0.0,0.0,0.0,0.0,0.0,0.02,0.02,0.0,0.01,0.033,0.023,0.0,0.0,0.0,0.0,0.0,0.0,0.2,0.409,0.209
01063,穀類,,こむぎ　［マカロニ・スパゲッティ類］　マカロニ・スパゲッティ　乾,168927,"Pasta, dry, unenriched",Cereal Grains and Pasta,high,347.0,371,24.0,12.9,13.0,0.1,1.5,1.51,0.01,73.4,74.7,1.3,5.4,3.2,-2.2,18.0,21.0,3.0,1.4,1.3,-0.1,200.0,223,23.0,1.5,1.41,-0.09,0.0,0.0,0.0,9.0,0.0,-9.0,0.19,0.09,-0.1,0.06,0.06,0.0,0.0,0.0,0.0,0.0,0.0,0.0,0.0,0.015,0.015
01064,穀類,,こむぎ　［マカロニ・スパゲッティ類］　マカロニ・スパゲッティ　ゆで,169751,"Pasta, cooked, enriched, with added salt",Cereal Grains and Pasta,high,150.0,157,7.0,5.8,5.8,0.0,0.7,0.93,0.23,31.3,30.6,-0.7,3.0,1.8,-1.2,8.0,7.0,-1.0,0.7,1.28,0.58,14.0,44.0,30.0,0.7,0.51,-0.19,0.0,0.0,0.0,0.0,0.0,0.0,0.06,0.274,0.214,0.03,0.136,0.106,0.0,0.0,0.0,0.0,0.0,0.0,1.2,0.333,-0.867
01070,穀類,,こむぎ　［その他］　小麦はいが,168892,"Wheat germ, crude",Cereal Grains and Pasta,high,391.0,360,-31.0,32.0,23.2,-8.8,10.4,9.72,-0.68,29.6,51.8,22.2,14.3,13.2,-1.1,42.0,39.0,-3.0,9.4,6.26,-3.14,1100.0,892,-208.0,16.0,12.3,-3.7,0.0,0.0,0.0,63.0,0.0,-63.0,1.82,1.88,0.06,0.71,0.499,-0.211,0.0,0.0,0.0,0.0,0.0,0.0,0.0,0.03,0.03
01071,穀類,,こむぎ　［その他］　小麦たんぱく　粉末状,168147,Vital wheat gluten,Cereal Grains and Pasta,high,398.0,370,-28.0,72.0,75.2,3.2,6.7,1.85,-4.85,,13.8,,2.4,0.6,-1.8,75.0,142,67.0,6.6,5.2,-1.4,90.0,100,10.0,5.0,0.85,-4.15,0.0,0.0,0.0,12.0,0.0,-12.0,0.03,0.0,-0.03,0.12,0.0,-0.12,0.0,0.0,0.0,0.0,0.0,0.0,0.2,0.074,-0.126
01076,穀類,,こむぎ　［その他］　ピザ生地,173261,"Pillsbury, Crusty French Loaf, refrigerated dough",Baked Products,high,265.0,243,-22.0,9.1,8.59,-0.51,2.7,2.88,0.18,53.2,46.4,-6.8,2.3,2.6,0.3,13.0,19.0,6.0,0.8,2.27,1.47,91.0,,,0.6,,,0.0,0.0,0.0,0.0,0.0,0.0,0.15,,,0.11,,,0.0,,,0.0,,,1.3,1.46,0.16
01080,穀類,,こめ　［水稲穀粒］　玄米,169706,"Rice, brown, medium-grain, raw (Includes foods for USDA's Food Distribution Program)",Cereal Grains and Pasta,high,346.0,362,16.0,6.8,7.5,0.7,2.5,2.68,0.18,78.4,76.2,-2.2,3.0,3.4,0.4,9.0,33.0,24.0,2.1,1.8,-0.3,230.0,268,38.0,1.8,2.02,0.22,0.0,0.0,0.0,1.0,0.0,-1.0,0.41,0.413,0.003,0.04,0.043,0.003,0.0,0.0,0.0,0.0,0.0,0.0,0.0,0.01,0.01
01085,穀類,,こめ　［水稲めし］　玄米,173263,"Rice, brown, parboiled, cooked, UNCLE BENS",Cereal Grains and Pasta,high,152.0,147,-5.0,2.8,3.09,0.29,0.9,0.85,-0.05,35.1,31.3,-3.8,1.4,1.7,0.3,7.0,3.0,-4.0,0.6,0.53,-0.07,95.0,61.0,-34.0,0.8,0.77,-0.03,0.0,,,0.0,,,0.16,0.097,-0.063,0.02,0.07,0.05,0.0,,,0.0,,,0.0,0.01,0.01
01088,穀類,,こめ　［水稲めし］　精白米　うるち米,169712,"Rice, white, steamed, Chinese restaurant",Cereal Grains and Pasta,high,156.0,151,-5.0,2.5,3.2,0.7,0.2,0.27,0.07,38.1,33.9,-4.2,1.5,0.9,-0.6,3.0,5.0,2.0,0.1,0.39,0.29,29.0,20.0,-9.0,0.6,0.68,0.08,0.0,,,0.0,,,0.02,0.016,-0.004,0.01,0.015,0.005,0.0,,,0.0,,,0.0,0.013,0.013
01091,穀類,,こめ　［水稲全かゆ］　半つき米,171672,"Cereals, corn grits, yellow, regular and quick, enriched, cooked with water, without salt",Breakfast Cereals,high,65.0,65.0,0.0,1.1,1.23,0.13,0.3,0.39,0.09,15.7,13.9,-1.8,0.3,0.7,0.4,2.0,1.0,-1.0,0.1,0.57,0.47,18.0,22.0,4.0,0.3,0.14,-0.16,0.0,0.0,0.0,0.0,0.0,0.0,0.03,0.103,0.073,,0.058,,0.0,,,0.0,0.0,0.0,0.0,0.005,0.005
01093,穀類,,こめ　［水稲全かゆ］　精白米,173914,"Cereals, CREAM OF RICE, cooked with water, with salt",Breakfast Cereals,high,65.0,52.0,-13.0,1.1,0.9,-0.2,0.1,0.1,0.0,16.2,11.5,-4.7,0.1,0.1,0.0,1.0,1.0,0.0,,3.96,,12.0,20.0,8.0,0.3,0.16,-0.14,0.0,0.0,0.0,0.0,0.0,0.0,0.01,0.071,0.061,,0.018,,0.0,,,0.0,0.0,0.0,0.0,0.439,0.439
01129,穀類,,そば　干しそば　乾,168906,"Noodles, japanese, soba, dry",Cereal Grains and Pasta,high,344.0,336,-8.0,14.0,14.4,0.4,2.1,0.71,-1.39,72.4,74.6,2.2,3.7,,,24.0,35.0,11.0,2.6,2.7,0.1,260.0,252,-8.0,1.5,1.71,0.21,0.0,0.0,0.0,0.0,0.0,0.0,0.37,0.48,0.11,0.08,0.13,0.05,0.0,0.0,0.0,0.0,0.0,0.0,2.2,2.012,-0.188
01130,穀類,,そば　干しそば　ゆで,168907,"Noodles, japanese, soba, cooked",Cereal Grains and Pasta,high,113.0,99.0,-14.0,4.8,5.06,0.26,0.6,0.1,-0.5,23.6,21.4,-2.2,1.5,,,12.0,4.0,-8.0,0.9,0.48,-0.42,13.0,35.0,22.0,0.4,0.12,-0.28,0.0,0.0,0.0,0.0,0.0,0.0,0.08,0.094,0.014,0.02,0.026,0.006,0.0,0.0,0.0,0.0,0.0,0.0,0.1,0.152,0.052
01131,穀類,,とうもろこし　玄穀　黄色種,170288,"Corn grain, yellow",Cereal Grains and Pasta,high,341.0,365,24.0,8.6,9.42,0.82,4.5,4.74,0.24,71.2,74.3,3.1,9.0,7.3,-1.7,5.0,7.0,2.0,1.9,2.71,0.81,290.0,287,-3.0,1.7,2.21,0.51,0.0,0.0,0.0,150.0,11.0,-139.0,0.3,0.385,0.085,0.1,0.201,0.101,0.0,0.0,0.0,0.0,0.0,0.0,0.0,0.089,0.089
01132,穀類,,とうもろこし　コーンミール　黄色種,169697,"Cornmeal, whole-grain, yellow",Cereal Grains and Pasta,high,375.0,362,-13.0,8.3,8.12,-0.18,3.6,3.59,-0.01,79.7,76.9,-2.8,8.0,7.3,-0.7,5.0,6.0,1.0,1.5,3.45,1.95,220.0,287,67.0,1.4,1.82,0.42,0.0,0.0,0.0,160.0,11.0,-149.0,0.15,0.385,0.235,0.08,0.201,0.121,0.0,0.0,0.0,0.0,0.0,0.0,0.0,0.089,0.089
01134,穀類,,とうもろこし　コーンフラワー　黄色種,169695,"Corn flour, yellow, degermed, unenriched",Cereal Grains and Pasta,high,347.0,375,28.0,6.6,5.59,-1.01,2.5,1.39,-1.11,79.7,82.8,3.1,1.7,1.9,0.2,3.0,2.0,-1.0,0.6,0.91,0.31,200.0,90.0,-110.0,0.6,0.37,-0.23,0.0,0.0,0.0,130.0,11.0,-119.0,0.14,0.074,-0.066,0.06,0.058,-0.002,0.0,0.0,0.0,0.0,0.0,0.0,0.0,0.003,0.003
01137,穀類,,とうもろこし　コーンフレーク,174634,"Cereals ready-to-eat, QUAKER, MOTHER'S COCOA BUMPERS",Breakfast Cereals,high,380.0,382,2.0,7.8,4.21,-3.59,1.2,1.61,0.41,89.9,89.9,0.0,2.4,2.7,0.3,1.0,16.0,15.0,0.9,2.06,1.16,95.0,226,131.0,0.2,1.11,0.91,0.0,0.2,0.2,120.0,9.0,-111.0,0.03,0.15,0.12,0.02,0.05,0.03,0.0,0.0,0.0,0.0,0.0,0.0,2.1,1.148,-0.952
01142,穀類,,ライむぎ　全粒粉,168884,Rye grain,Cereal Grains and Pasta,high,317.0,338,21.0,12.7,10.3,-2.4,2.0,1.63,-0.37,61.2,75.9,14.7,13.3,15.1,1.8,31.0,24.0,-7.0,3.5,2.63,-0.87,400.0,510,110.0,3.5,2.65,-0.85,0.0,0.0,0.0,0.0,1.0,1.0,0.47,0.316,-0.154,0.2,0.251,0.051,0.0,0.0,0.0,0.0,0.0,0.0,0.0,0.005,0.005
01143,穀類,,ライむぎ　ライ麦粉,168886,"Rye flour, medium",Cereal Grains and Pasta,high,324.0,349,25.0,8.5,10.9,2.4,1.2,1.52,0.32,64.4,75.4,11.0,12.9,11.8,-1.1,25.0,24.0,-1.0,1.5,2.54,1.04,140.0,374,234.0,0.7,2.17,1.47,0.0,0.0,0.0,0.0,0.0,0.0,0.15,0.287,0.137,0.07,0.114,0.044,0.0,0.0,0.0,0.0,0.0,0.0,0.0,0.005,0.005
01144,穀類,,こむぎ　［即席めん類］　即席中華めん　油揚げ　乾　（添付調味料等を含まないもの）,172807,"Cookies, oatmeal, prepared from recipe, without raisins",Baked Products,medium,453.0,447,-6.0,8.9,6.8,-2.1,18.6,17.9,-0.7,65.2,66.4,1.2,5.5,,,220.0,105,-115.0,0.6,2.7,2.1,150.0,182,32.0,0.4,0.93,0.53,0.0,0.2,0.2,1.0,160,159.0,0.16,0.262,0.102,0.19,0.174,-0.016,0.0,,,,0.09,,1.5,1.519,0.019
01148,穀類,,こむぎ　［パン類］　ベーグル,175051,"Bagels, plain, unenriched, without calcium propionate(includes onion, poppy, sesame)",Baked Products,high,270.0,275,5.0,9.6,10.5,0.9,1.9,1.6,-0.3,50.3,53.4,3.1,2.5,2.3,-0.2,24.0,18.0,-6.0,1.3,1.36,0.06,97.0,101,4.0,0.7,0.88,0.18,,0.0,,,0.0,,0.19,0.163,-0.027,0.08,0.052,-0.028,,,,,0.0,,1.2,1.356,0.156
01161,穀類,,こめ　［その他］　米ぬか,169713,"Rice bran, crude",Cereal Grains and Pasta,high,374.0,316,-58.0,13.4,13.4,0.0,17.5,20.8,3.3,27.5,49.7,22.2,20.5,21.0,0.5,35.0,57.0,22.0,7.6,18.5,10.9,1500.0,1480.0,-20.0,5.9,6.04,0.14,0.0,0.0,0.0,0.0,0.0,0.0,3.12,2.75,-0.37,0.21,0.284,0.074,,0.0,,0.0,0.0,0.0,0.0,0.013,0.013
01162,穀類,,とうもろこし　玄穀　白色種,168920,"Corn grain, white",Cereal Grains and Pasta,high,341.0,365,24.0,8.6,9.42,0.82,4.5,4.74,0.24,71.2,74.3,3.1,9.0,,,5.0,7.0,2.0,1.9,2.71,0.81,290.0,287,-3.0,1.7,2.21,0.51,0.0,0.0,0.0,,0.0,,0.3,0.385,0.085,0.1,0.201,0.101,0.0,0.0,0.0,0.0,0.0,0.0,0.0,0.089,0.089
01163,穀類,,とうもろこし　コーンミール　白色種,169696,"Corn flour, masa, unenriched, white",Cereal Grains and Pasta,high,375.0,363,-12.0,8.3,8.46,0.16,3.6,3.69,0.09,79.7,76.6,-3.1,8.0,6.4,-1.6,5.0,138,133.0,1.5,1.47,-0.03,220.0,262,42.0,1.4,1.8,0.4,0.0,0.0,0.0,,0.0,,0.15,0.223,0.073,0.08,0.097,0.017,0.0,0.0,0.0,0.0,0.0,0.0,0.0,0.013,0.013
01164,穀類,,とうもろこし　コーングリッツ　白色種,172015,"Cornmeal, degermed, unenriched, white",Cereal Grains and Pasta,high,352.0,370,18.0,8.2,7.11,-1.09,0.9,1.75,0.85,82.3,79.4,-2.9,2.4,3.9,1.5,2.0,3.0,1.0,0.3,1.1,0.8,160.0,142,-18.0,0.4,0.66,0.26,0.0,0.0,0.0,,0.0,,0.06,0.14,0.08,0.05,0.05,0.0,0.0,0.0,0.0,0.0,0.0,0.0,0.0,0.018,0.018
01169,穀類,,こめ　［うるち米製品］　ライスペーパー,169717,"Tapioca, pearl, dry",Cereal Grains and Pasta,high,339.0,358,19.0,0.5,0.19,-0.31,0.2,0.02,-0.18,85.7,88.7,3.0,0.8,0.9,0.1,21.0,20.0,-1.0,1.2,1.58,0.38,22.0,11.0,-11.0,0.1,0.12,0.02,0.0,0.0,0.0,0.0,0.0,0.0,0.01,0.004,-0.006,0.0,0.0,0.0,0.0,0.0,0.0,0.3,0.0,-0.3,1.7,0.003,-1.697
01185,穀類,,こめ　［水稲軟めし］　精白米,168932,"Rice, white, short-grain, cooked, unenriched",Cereal Grains and Pasta,high,113.0,130,17.0,1.8,2.36,0.56,,0.19,,27.1,28.7,1.6,1.1,,,3.0,1.0,-2.0,0.1,0.2,0.1,20.0,26.0,6.0,0.4,0.4,0.0,0.0,0.0,0.0,0.0,,,0.02,0.02,0.0,0.01,0.016,0.006,0.0,0.0,0.0,0.0,0.0,0.0,0.0,,
01210,穀類,,こむぎ　［パン類］　くるみパン,175018,"Pie, lemon meringue, prepared from recipe",Baked Products,high,292.0,285,-7.0,8.2,3.8,-4.4,12.5,12.9,0.4,38.4,39.1,0.7,2.4,,,35.0,12.0,-23.0,0.8,1.0,0.2,150.0,65.0,-85.0,0.9,0.28,-0.62,0.0,3.3,3.3,6.0,43.0,37.0,0.11,0.118,0.008,0.09,0.159,0.069,0.1,,,,0.12,,0.8,0.615,-0.185
04006,豆類,,あずき　あん　つぶし練りあん,173729,"Beans, adzuki, mature seeds, canned, sweetened",Legumes and Legume Products,high,239.0,237,-2.0,5.6,3.8,-1.8,0.3,0.03,-0.27,54.7,55.0,0.3,5.7,,,19.0,22.0,3.0,1.5,1.13,-0.37,160.0,119,-41.0,0.7,1.56,0.86,,0.0,,0.0,0.0,0.0,0.02,0.101,0.081,0.03,0.056,0.026,0.0,0.0,0.0,0.0,0.0,0.0,0.1,0.554,0.454
04008,豆類,,いんげんまめ　全粒　ゆで,173743,"Beans, kidney, california red, mature seeds, cooked, boiled, without salt",Legumes and Legume Products,high,127.0,124,-3.0,9.3,9.13,-0.17,0.7,0.09,-0.61,17.3,22.4,5.1,13.6,9.3,-4.3,62.0,66.0,4.0,2.0,2.98,0.98,410.0,419,9.0,1.0,0.86,-0.14,,1.2,,3.0,0.0,-3.0,0.22,0.129,-0.091,0.07,0.062,-0.008,0.0,0.0,0.0,0.0,0.0,0.0,0.0,0.01,0.01
04018,豆類,,ささげ　全粒　ゆで,172426,"Mothbeans, mature seeds, cooked, boiled, without salt",Legumes and Legume Products,high,130.0,117,-13.0,10.2,7.81,-2.39,0.6,0.55,-0.05,18.7,21.0,2.3,10.7,,,32.0,3.0,-29.0,2.6,3.14,0.54,400.0,304,-96.0,1.5,0.59,-0.91,,1.0,,8.0,1.0,-7.0,0.2,0.124,-0.076,0.05,0.023,-0.027,0.0,0.0,0.0,0.0,0.0,0.0,0.0,0.025,0.025
04030,豆類,,だいず　［全粒・全粒製品］　きな粉　黄大豆　脱皮大豆,174274,"Soy flour, full-fat, roasted",Legumes and Legume Products,high,456.0,439,-17.0,37.5,38.1,0.6,23.7,21.9,-1.8,6.8,30.4,23.6,15.3,9.7,-5.6,180.0,188,8.0,6.2,5.82,-0.38,2000.0,2040.0,40.0,4.0,3.58,-0.42,0.0,0.0,0.0,6.0,6.0,0.0,0.07,0.412,0.342,0.22,0.941,0.721,0.0,0.0,0.0,0.0,0.0,0.0,0.0,0.03,0.03
04034,豆類,,だいず　［豆腐・油揚げ類］　ソフト豆腐,174292,"MORI-NU, Tofu, silken, soft",Legumes and Legume Products,high,56.0,55.0,-1.0,5.1,4.8,-0.3,3.0,2.7,-0.3,0.4,2.9,2.5,0.4,0.1,-0.3,91.0,31.0,-60.0,0.7,0.82,0.12,150.0,180,30.0,0.5,0.52,0.02,,0.0,,0.0,0.0,0.0,0.07,0.1,0.03,0.03,0.04,0.01,0.0,,,0.0,0.0,0.0,0.0,0.013,0.013
04038,豆類,,だいず　［豆腐・油揚げ類］　焼き豆腐,174290,"Tofu, extra firm, prepared with nigari",Legumes and Legume Products,high,82.0,83.0,1.0,7.8,9.98,2.18,5.2,5.26,0.06,0.7,1.18,0.48,0.5,1.0,0.5,150.0,282,132.0,1.6,2.04,0.44,90.0,130,40.0,0.8,1.07,0.27,,0.0,,0.0,0.0,0.0,0.07,0.048,-0.022,0.03,0.048,0.018,0.0,0.0,0.0,0.0,0.0,0.0,0.0,0.01,0.01
04051,豆類,,だいず　［その他］　おから　生,172452,Okara,Legumes and Legume Products,high,88.0,76.0,-12.0,6.1,3.52,-2.58,3.4,1.73,-1.67,0.6,12.2,11.6,11.5,,,81.0,80.0,-1.0,1.3,1.3,0.0,350.0,213,-137.0,0.6,0.56,-0.04,,0.0,,0.0,0.0,0.0,0.11,0.02,-0.09,0.03,0.02,-0.01,0.0,0.0,0.0,0.0,0.0,0.0,0.0,0.023,0.023
04071,豆類,,りょくとう　全粒　乾,173727,"Beans, adzuki, mature seeds, raw",Legumes and Legume Products,high,319.0,329,10.0,25.1,19.9,-5.2,1.0,0.53,-0.47,45.4,62.9,17.5,14.6,12.7,-1.9,100.0,66.0,-34.0,5.9,4.98,-0.92,1300.0,1250.0,-50.0,4.0,5.04,1.04,,0.0,,150.0,1.0,-149.0,0.7,0.455,-0.245,0.22,0.22,0.0,0.0,0.0,0.0,0.0,0.0,0.0,0.0,0.013,0.013
04072,豆類,,りょくとう　全粒　ゆで,172427,"Mungo beans, mature seeds, cooked, boiled, without salt",Legumes and Legume Products,high,125.0,105,-20.0,10.2,7.54,-2.66,0.4,0.55,0.15,17.7,18.3,0.6,5.2,6.4,1.2,32.0,53.0,21.0,2.2,1.75,-0.45,320.0,231,-89.0,0.8,0.83,0.03,,1.0,,85.0,2.0,-83.0,0.19,0.15,-0.04,0.06,0.075,0.015,0.0,0.0,0.0,0.0,0.0,0.0,0.0,0.018,0.018
04087,豆類,,だいず　［豆腐・油揚げ類］　凍り豆腐　水煮,174297,"Vitasoy USA, Organic Nasoya Super Firm Cubed Tofu",Legumes and Legume Products,high,104.0,118,14.0,10.7,12.4,1.7,6.7,6.3,-0.4,0.1,2.8,2.7,0.5,2.0,1.5,150.0,188,38.0,1.7,2.0,0.3,3.0,,,1.2,,,0.0,,,2.0,,,0.0,,,0.0,,,0.0,,,0.0,,,0.7,0.015,-0.685
04094,豆類,,レンズまめ　全粒　ゆで,172421,"Lentils, mature seeds, cooked, boiled, without salt",Legumes and Legume Products,high,149.0,116,-33.0,11.2,9.02,-2.18,0.5,0.38,-0.12,23.3,20.1,-3.2,9.4,7.9,-1.5,27.0,19.0,-8.0,4.3,3.33,-0.97,330.0,369,39.0,2.5,1.27,-1.23,0.0,1.5,1.5,15.0,0.0,-15.0,0.2,0.169,-0.031,0.06,0.073,0.013,0.0,0.0,0.0,0.0,0.0,0.0,0.0,0.005,0.005
04097,豆類,,だいず　［豆腐・油揚げ類］　木綿豆腐　（凝固剤：塩化マグネシウム）,172448,"Tofu, firm, prepared with calcium sulfate and magnesium chloride (nigari)",Legumes and Legume Products,high,73.0,78.0,5.0,7.0,9.04,2.04,4.5,4.17,-0.33,0.8,2.85,2.05,1.1,0.9,-0.2,40.0,201,161.0,1.5,1.61,0.11,110.0,148,38.0,0.6,0.83,0.23,0.0,0.2,0.2,0.0,0.0,0.0,0.09,0.06,-0.03,0.04,0.063,0.023,0.0,0.0,0.0,0.0,0.0,0.0,0.1,0.03,-0.07
04102,豆類,,あずき　あん　こし練りあん　（中割りあん）,173730,"Yokan, prepared from adzuki beans and sugar",Legumes and Legume Products,high,262.0,260,-2.0,5.1,3.29,-1.81,0.1,0.12,0.02,63.0,60.7,-2.3,3.5,,,38.0,27.0,-11.0,1.5,1.16,-0.34,32.0,45.0,13.0,0.6,0.07,-0.53,0.0,0.0,0.0,0.0,0.0,0.0,0.01,0.005,-0.005,0.03,0.004,-0.026,0.0,0.0,0.0,0.0,0.0,0.0,0.0,0.211,0.211
05002,種実類,,アーモンド　フライ　味付け,168602,"Nuts, almonds, oil roasted, lightly salted",Nut and Seed Products,high,626.0,607,-19.0,21.3,21.2,-0.1,53.2,55.2,2.0,4.9,17.7,12.8,10.1,10.5,0.4,240.0,291,51.0,3.5,3.68,0.18,760.0,699,-61.0,3.1,3.07,-0.03,0.0,0.0,0.0,7.0,,,0.05,0.092,0.042,1.07,0.781,-0.289,0.0,,,0.0,0.0,0.0,0.3,0.363,0.063
05005,種実類,,カシューナッツ　フライ　味付け,169422,"Nuts, cashew nuts, oil roasted, with salt added",Nut and Seed Products,high,591.0,581,-10.0,19.8,16.8,-3.0,47.9,47.8,-0.1,18.6,30.2,11.6,6.7,3.3,-3.4,38.0,43.0,5.0,4.8,6.05,1.25,590.0,632,42.0,5.4,5.35,-0.05,0.0,0.3,0.3,10.0,0.0,-10.0,0.54,0.363,-0.177,0.18,0.218,0.038,0.0,0.0,0.0,0.0,0.0,0.0,0.6,0.782,0.182
05006,種実類,,かぼちゃ　いり　味付け,170557,"Seeds, pumpkin and squash seed kernels, roasted, without salt",Nut and Seed Products,high,590.0,574,-16.0,26.5,29.8,3.3,48.7,49.0,0.3,2.1,14.7,12.6,7.3,6.5,-0.8,44.0,52.0,8.0,6.5,8.07,1.57,840.0,788,-52.0,7.7,7.64,-0.06,,1.8,,31.0,0.0,-31.0,0.21,0.07,-0.14,0.19,0.15,-0.04,0.0,0.0,0.0,0.0,0.0,0.0,0.1,0.046,-0.054
05008,種実類,,ぎんなん　生,170584,"Nuts, ginkgo nuts, raw",Nut and Seed Products,high,168.0,182,14.0,4.7,4.32,-0.38,1.3,1.68,0.38,33.4,37.6,4.2,1.6,,,5.0,2.0,-3.0,1.0,1.0,0.0,710.0,510,-200.0,0.4,0.34,-0.06,23.0,15.0,-8.0,290.0,28.0,-262.0,0.28,0.22,-0.06,0.08,0.09,0.01,0.0,0.0,0.0,0.0,0.0,0.0,0.0,0.018,0.018
05010,種実類,くり類,（くり類）　日本ぐり　生,169413,"Nuts, chestnuts, japanese, raw",Nut and Seed Products,high,147.0,154,7.0,2.8,2.25,-0.55,0.4,0.53,0.13,33.5,34.9,1.4,4.2,,,23.0,31.0,8.0,0.8,1.45,0.65,420.0,329,-91.0,0.5,1.1,0.6,33.0,26.3,-6.7,37.0,2.0,-35.0,0.21,0.344,0.134,0.07,0.163,0.093,0.0,0.0,0.0,0.0,0.0,0.0,0.0,0.036,0.036
05011,種実類,くり類,（くり類）　日本ぐり　ゆで,170166,"Nuts, chestnuts, chinese, boiled and steamed",Nut and Seed Products,high,152.0,153,1.0,3.5,2.88,-0.62,0.5,0.76,0.26,32.8,33.6,0.8,6.6,,,23.0,12.0,-11.0,0.7,0.97,0.27,460.0,306,-154.0,0.6,0.6,0.0,26.0,24.7,-1.3,37.0,7.0,-30.0,0.17,0.11,-0.06,0.08,0.123,0.043,0.0,0.0,0.0,0.0,0.0,0.0,0.0,0.005,0.005
05013,種実類,くり類,（くり類）　中国ぐり　甘ぐり,170164,"Nuts, chestnuts, chinese, raw",Nut and Seed Products,high,207.0,224,17.0,4.9,4.2,-0.7,0.9,1.11,0.21,43.9,49.1,5.2,8.5,,,30.0,18.0,-12.0,2.0,1.41,-0.59,560.0,447,-113.0,0.9,0.87,-0.03,2.0,36.0,34.0,68.0,10.0,-58.0,0.2,0.16,-0.04,0.18,0.18,0.0,0.0,0.0,0.0,0.0,0.0,0.0,0.0,0.008,0.008
05016,種実類,,ココナッツ　ココナッツパウダー,168585,"Nuts, coconut meat, dried (desiccated), creamed",Nut and Seed Products,high,676.0,684,8.0,6.1,5.3,-0.8,64.3,69.1,4.8,6.4,21.5,15.1,14.1,,,15.0,26.0,11.0,2.8,3.36,0.56,820.0,551,-269.0,1.4,2.04,0.64,0.0,1.5,1.5,0.0,0.0,0.0,0.03,0.061,0.031,0.03,0.101,0.071,0.0,0.0,0.0,0.0,0.0,0.0,0.0,0.094,0.094
05019,種実類,,ごま　むき,169412,"Seeds, sesame seed kernels, dried (decorticated)",Nut and Seed Products,high,570.0,631,61.0,19.3,20.4,1.1,44.8,61.2,16.4,0.6,11.7,11.1,13.0,11.6,-1.4,62.0,60.0,-2.0,6.0,6.36,0.36,400.0,370,-30.0,5.5,6.73,1.23,0.0,0.0,0.0,2.0,3.0,1.0,1.25,0.699,-0.551,0.14,0.09,-0.05,0.0,0.0,0.0,0.0,0.0,0.0,0.0,0.119,0.119
05021,種実類,,すいか　いり　味付け,169407,"Seeds, watermelon seed kernels, dried",Nut and Seed Products,high,528.0,557,29.0,29.6,28.3,-1.3,36.9,47.4,10.5,2.3,15.3,13.0,7.1,,,70.0,54.0,-16.0,5.3,7.28,1.98,640.0,648,8.0,3.9,10.2,6.3,,0.0,,9.0,0.0,-9.0,0.1,0.19,0.09,0.16,0.145,-0.015,0.0,0.0,0.0,0.0,0.0,0.0,1.5,0.251,-1.249
05023,種実類,,はす　未熟　生,168591,"Seeds, lotus seeds, raw",Nut and Seed Products,high,81.0,89.0,8.0,5.9,4.13,-1.77,0.4,0.53,0.13,13.2,17.3,4.1,2.6,,,53.0,44.0,-9.0,0.6,0.95,0.35,410.0,367,-43.0,0.8,0.28,-0.52,27.0,0.0,-27.0,5.0,1.0,-4.0,0.18,0.171,-0.009,0.09,0.04,-0.05,0.0,0.0,0.0,0.0,0.0,0.0,0.0,0.003,0.003
05024,種実類,,はす　成熟　乾,170149,"Seeds, lotus seeds, dried",Nut and Seed Products,high,327.0,332,5.0,18.3,15.4,-2.9,1.6,1.97,0.37,52.1,64.5,12.4,10.3,,,110.0,163,53.0,2.9,3.53,0.63,1300.0,1370.0,70.0,2.8,1.05,-1.75,1.0,0.0,-1.0,6.0,3.0,-3.0,0.44,0.64,0.2,0.11,0.15,0.04,0.0,0.0,0.0,0.0,0.0,0.0,0.0,0.013,0.013
05026,種実類,,ピスタチオ　いり　味付け,170185,"Nuts, pistachio nuts, dry roasted, without salt added",Nut and Seed Products,high,617.0,572,-45.0,17.4,21.0,3.6,55.9,45.8,-10.1,8.2,28.3,20.1,9.2,10.3,1.1,120.0,107,-13.0,3.0,4.03,1.03,970.0,1010.0,40.0,2.5,2.34,-0.16,0.0,3.0,3.0,120.0,13.0,-107.0,0.43,0.695,0.265,0.24,0.234,-0.006,0.0,0.0,0.0,0.0,0.0,0.0,0.7,0.015,-0.685
05027,種実類,,ひまわり　フライ　味付け,170562,"Seeds, sunflower seed kernels, dried",Nut and Seed Products,high,587.0,584,-3.0,20.1,20.8,0.7,49.0,51.5,2.5,15.4,20.0,4.6,6.9,8.6,1.7,81.0,78.0,-3.0,3.6,5.25,1.65,750.0,645,-105.0,5.0,5.0,0.0,0.0,1.4,1.4,9.0,3.0,-6.0,1.72,1.48,-0.24,0.25,0.355,0.105,0.0,0.0,0.0,0.0,0.0,0.0,0.6,0.023,-0.577
05029,種実類,,ヘーゼルナッツ　フライ　味付け,170583,"Nuts, hazelnuts or filberts, dry roasted, without salt added",Nut and Seed Products,high,701.0,646,-55.0,13.6,15.0,1.4,69.3,62.4,-6.9,4.9,17.6,12.7,7.4,9.4,2.0,130.0,123,-7.0,3.0,4.38,1.38,610.0,755,145.0,2.0,2.5,0.5,0.0,3.8,3.8,,3.0,,0.26,0.338,0.078,0.28,0.123,-0.157,0.0,0.0,0.0,0.0,0.0,0.0,0.1,,
05030,種実類,,ペカン　フライ　味付け,169424,"Nuts, pecans, dry roasted, with salt added",Nut and Seed Products,high,716.0,710,-6.0,9.6,9.5,-0.1,71.9,74.3,2.4,5.9,13.6,7.7,7.1,9.4,2.3,60.0,72.0,12.0,2.7,2.8,0.1,370.0,424,54.0,3.6,5.07,1.47,0.0,0.7,0.7,45.0,7.0,-38.0,0.19,0.45,0.26,0.19,0.107,-0.083,0.0,0.0,0.0,0.0,0.0,0.0,0.4,0.973,0.573
05031,種実類,,マカダミアナッツ　いり　味付け,168598,"Nuts, macadamia nuts, dry roasted, with salt added",Nut and Seed Products,high,751.0,716,-35.0,8.3,7.79,-0.51,76.6,76.1,-0.5,4.8,12.8,8.0,6.2,8.0,1.8,47.0,70.0,23.0,1.3,2.65,1.35,300.0,363,63.0,0.7,1.29,0.59,0.0,0.7,0.7,,0.0,,0.21,0.71,0.5,0.09,0.087,-0.003,0.0,0.0,0.0,0.0,0.0,0.0,0.5,0.897,0.397
05032,種実類,,まつ　生,170591,"Nuts, pine nuts, dried",Nut and Seed Products,high,681.0,673,-8.0,15.8,13.7,-2.1,66.7,68.4,1.7,4.0,13.1,9.1,4.1,3.7,-0.4,14.0,16.0,2.0,5.6,5.53,-0.07,730.0,597,-133.0,6.9,6.45,-0.45,,0.8,,0.0,1.0,1.0,0.63,0.364,-0.266,0.13,0.227,0.097,0.0,0.0,0.0,0.0,0.0,0.0,0.0,0.005,0.005
05036,種実類,,らっかせい　バターピーナッツ,170570,"Nuts, butternuts, dried",Nut and Seed Products,high,609.0,612,3.0,23.3,24.9,1.6,51.8,57.0,5.2,8.9,12.0,3.1,9.5,4.7,-4.8,50.0,53.0,3.0,2.0,4.02,2.02,700.0,421,-279.0,3.1,3.13,0.03,0.0,3.2,3.2,5.0,6.0,1.0,0.2,0.383,0.183,0.1,0.148,0.048,0.0,0.0,0.0,0.0,0.0,0.0,0.3,0.003,-0.297
05040,種実類,,アーモンド　いり　無塩,170567,"Nuts, almonds",Nut and Seed Products,high,608.0,579,-29.0,20.3,21.2,0.9,54.2,49.9,-4.3,5.9,21.6,15.7,11.0,12.5,1.5,260.0,269,9.0,3.7,3.71,0.01,740.0,733,-7.0,3.7,3.12,-0.58,0.0,0.0,0.0,9.0,0.0,-9.0,0.03,0.205,0.175,1.04,1.14,0.1,0.0,0.0,0.0,0.0,0.0,0.0,0.0,0.003,0.003
06009,野菜類,,アスパラガス　水煮缶詰,169206,"Asparagus, canned, regular pack, solids and liquids",Vegetables and Vegetable Products,high,24.0,62.0,38.0,2.4,1.8,-0.6,0.1,0.18,0.08,2.3,2.48,0.18,1.7,1.0,-0.7,21.0,15.0,-6.0,0.9,0.6,-0.3,170.0,172,2.0,0.3,0.47,0.17,11.0,16.5,5.5,7.0,,,0.07,0.054,-0.016,0.06,0.089,0.029,0.0,0.0,0.0,0.0,0.0,0.0,0.9,0.721,-0.179
06011,野菜類,,いんげんまめ　さやいんげん　若ざや　ゆで,169965,"Beans, snap, green, microwaved",Vegetables and Vegetable Products,high,25.0,33.0,8.0,1.8,2.31,0.51,0.2,0.5,0.3,2.4,6.41,4.01,2.6,3.4,0.8,57.0,55.0,-2.0,0.7,0.83,0.13,270.0,323,53.0,0.3,0.38,0.08,6.0,7.3,1.3,580.0,,,0.06,0.078,0.018,0.1,0.075,-0.025,0.0,,,0.0,,,0.0,0.008,0.008
06016,野菜類,,えだまめ　ゆで,169283,"Soybeans, green, cooked, boiled, drained, without salt",Vegetables and Vegetable Products,high,118.0,141,23.0,11.5,12.4,0.9,5.8,6.4,0.6,4.6,11.0,6.4,4.6,4.2,-0.4,76.0,145,69.0,2.5,2.5,0.0,490.0,539,49.0,1.3,0.91,-0.39,15.0,17.0,2.0,290.0,8.0,-282.0,0.24,0.26,0.02,0.13,0.155,0.025,0.0,0.0,0.0,0.0,0.0,0.0,0.0,0.036,0.036
06026,野菜類,えんどう類,（えんどう類）　グリンピース　水煮缶詰,170013,"Peas, green (includes baby and lesuer types), canned, drained solids, unprepared",Vegetables and Vegetable Products,high,82.0,68.0,-14.0,3.6,4.47,0.87,0.2,0.8,0.6,11.8,11.4,-0.4,6.9,4.9,-2.0,33.0,23.0,-10.0,1.8,1.18,-0.62,37.0,106,69.0,0.6,0.66,0.06,0.0,4.2,4.2,200.0,43.0,-157.0,0.04,0.107,0.067,0.04,0.053,0.013,0.0,0.0,0.0,0.0,0.0,0.0,0.8,0.693,-0.107
06039,野菜類,,かぶ　根　皮なし　ゆで,170465,"Turnips, raw",Vegetables and Vegetable Products,high,20.0,28.0,8.0,0.6,0.9,0.3,0.1,0.1,0.0,3.6,6.43,2.83,1.7,1.8,0.1,28.0,30.0,2.0,0.2,0.3,0.1,250.0,191,-59.0,0.1,0.27,0.17,16.0,21.0,5.0,0.0,0.0,0.0,0.03,0.04,0.01,0.03,0.03,0.0,0.0,0.0,0.0,0.0,0.0,0.0,0.0,0.17,0.17
06046,野菜類,かぼちゃ類,（かぼちゃ類）　日本かぼちゃ　果実　生,170130,"Squash, winter, butternut, cooked, baked, with salt",Vegetables and Vegetable Products,high,41.0,40.0,-1.0,1.6,0.9,-0.7,,0.09,,8.3,10.5,2.2,2.8,3.2,0.4,20.0,41.0,21.0,0.5,0.6,0.1,400.0,284,-116.0,0.3,0.13,-0.17,16.0,15.1,-0.9,730.0,558,-172.0,0.07,0.072,0.002,0.06,0.017,-0.043,0.0,0.0,0.0,0.0,0.0,0.0,0.0,0.61,0.61
06049,野菜類,かぼちゃ類,（かぼちゃ類）　西洋かぼちゃ　果実　ゆで,170134,"Sweet potato, cooked, baked in skin, flesh, with salt",Vegetables and Vegetable Products,high,80.0,90.0,10.0,1.6,2.01,0.41,0.2,0.15,-0.05,17.4,20.7,3.3,4.1,3.3,-0.8,14.0,38.0,24.0,0.5,0.69,0.19,430.0,475,45.0,0.3,0.32,0.02,32.0,19.6,-12.4,4000.0,,,0.07,0.107,0.037,0.08,0.106,0.026,0.0,0.0,0.0,0.0,0.0,0.0,0.0,0.625,0.625
06054,野菜類,,カリフラワー　花序　生,169389,"Cauliflower, green, raw",Vegetables and Vegetable Products,high,28.0,31.0,3.0,3.0,2.95,-0.05,0.1,0.3,0.2,3.2,6.09,2.89,2.9,3.2,0.3,24.0,33.0,9.0,0.6,0.73,0.13,410.0,300,-110.0,0.6,0.64,0.04,81.0,88.1,7.1,18.0,8.0,-10.0,0.06,0.08,0.02,0.11,0.102,-0.008,0.0,0.0,0.0,0.0,0.0,0.0,0.0,0.058,0.058
06061,野菜類,キャベツ類,（キャベツ類）　キャベツ　結球葉　生,169335,"Cabbage, common (danish, domestic, and pointed types), freshly harvest, raw",Vegetables and Vegetable Products,high,21.0,24.0,3.0,1.3,1.21,-0.09,0.1,0.18,0.08,3.5,5.37,1.87,1.8,2.3,0.5,43.0,47.0,4.0,0.3,0.56,0.26,200.0,246,46.0,0.2,0.18,-0.02,41.0,51.0,10.0,50.0,6.0,-44.0,0.04,0.05,0.01,0.03,0.03,0.0,0.0,0.0,0.0,0.0,0.0,0.0,0.0,0.046,0.046
06069,野菜類,,きゅうり　漬物　ピクルス　スイート型,169378,"Pickles, cucumber, sweet (includes bread and butter pickles)",Vegetables and Vegetable Products,high,70.0,91.0,21.0,0.3,0.58,0.28,,0.41,,17.4,21.2,3.8,1.7,1.0,-0.7,25.0,61.0,36.0,0.3,0.25,-0.05,18.0,100,82.0,0.1,0.12,0.02,0.0,0.7,0.7,53.0,38.0,-15.0,,0.025,,0.01,0.03,0.02,0.0,0.0,0.0,0.0,0.0,0.0,1.1,1.161,0.061
06070,野菜類,,きゅうり　漬物　ピクルス　サワー型,324653,"Pickles, cucumber, dill or kosher dill",Vegetables and Vegetable Products,high,13.0,12.0,-1.0,1.4,0.48,-0.92,,0.43,,,1.99,,1.4,1.0,-0.4,23.0,54.0,31.0,1.2,0.23,-0.97,11.0,112,101.0,0.1,0.11,0.01,0.0,2.1,2.1,14.0,4.0,-10.0,0.02,0.047,0.027,0.06,0.057,-0.003,0.0,,,0.0,,,2.5,2.052,-0.448
06092,野菜類,,しかくまめ　若ざや　生,170476,"Winged beans, immature seeds, raw",Vegetables and Vegetable Products,high,19.0,49.0,30.0,2.4,6.95,4.55,,0.87,,,4.31,,3.2,,,80.0,84.0,4.0,0.7,1.5,0.8,270.0,223,-47.0,0.3,0.39,0.09,16.0,18.3,2.3,440.0,,,0.09,0.14,0.05,0.09,0.1,0.01,0.0,0.0,0.0,0.0,0.0,0.0,0.0,0.01,0.01
06101,野菜類,,じゅんさい　若葉　水煮びん詰,170387,"Butterbur, canned",Vegetables and Vegetable Products,high,4.0,3.0,-1.0,0.4,0.11,-0.29,,0.13,,,0.38,,1.0,,,4.0,34.0,30.0,0.0,0.63,0.63,2.0,12.0,10.0,0.2,0.06,-0.14,0.0,11.9,11.9,29.0,0.0,-29.0,0.0,0.006,0.006,0.02,0.006,-0.014,0.0,0.0,0.0,0.0,0.0,0.0,0.0,0.01,0.01
06106,野菜類,,しろうり　果実　生,169232,"Gourd, white-flowered (calabash), raw",Vegetables and Vegetable Products,high,15.0,14.0,-1.0,0.9,0.62,-0.28,,0.02,,,3.39,,1.2,0.5,-0.7,35.0,26.0,-9.0,0.2,0.2,0.0,220.0,150,-70.0,0.2,0.7,0.5,8.0,10.1,2.1,70.0,,,0.03,0.029,-0.001,0.03,0.022,-0.008,0.0,0.0,0.0,0.0,0.0,0.0,0.0,0.005,0.005
06119,野菜類,,セロリ　葉柄　生,169988,"Celery, raw",Vegetables and Vegetable Products,high,12.0,14.0,2.0,0.4,0.69,0.29,0.1,0.17,0.07,1.4,2.97,1.57,1.5,1.6,0.1,39.0,40.0,1.0,0.2,0.2,0.0,410.0,260,-150.0,0.2,0.13,-0.07,7.0,3.1,-3.9,44.0,22.0,-22.0,0.03,0.021,-0.009,0.03,0.057,0.027,0.0,0.0,0.0,0.0,0.0,0.0,0.1,0.203,0.103
06125,野菜類,,そらまめ　未熟豆　ゆで,170377,"Broadbeans, immature seeds, raw",Vegetables and Vegetable Products,high,103.0,72.0,-31.0,10.5,5.6,-4.9,0.1,0.6,0.5,13.7,11.7,-2.0,4.0,4.2,0.2,22.0,22.0,0.0,2.1,1.9,-0.2,390.0,250,-140.0,1.9,0.58,-1.32,18.0,33.0,15.0,210.0,18.0,-192.0,0.22,0.17,-0.05,0.18,0.11,-0.07,0.0,0.0,0.0,0.0,0.0,0.0,0.0,0.127,0.127
06132,野菜類,だいこん類,（だいこん類）　だいこん　根　皮つき　生,168451,"Radishes, oriental, raw",Vegetables and Vegetable Products,high,15.0,18.0,3.0,0.5,0.6,0.1,,0.1,,2.7,4.1,1.4,1.4,1.6,0.2,24.0,27.0,3.0,0.2,0.4,0.2,230.0,227,-3.0,0.2,0.15,-0.05,12.0,22.0,10.0,0.0,0.0,0.0,0.02,0.02,0.0,0.01,0.02,0.01,0.0,0.0,0.0,0.0,0.0,0.0,0.0,0.053,0.053
06136,野菜類,だいこん類,（だいこん類）　切干しだいこん　乾,168453,"Radishes, oriental, dried",Vegetables and Vegetable Products,high,280.0,271,-9.0,9.7,7.9,-1.8,0.3,0.72,0.42,,63.4,,21.3,23.9,2.6,500.0,629,129.0,3.1,6.73,3.63,3500.0,3490.0,-10.0,2.1,2.13,0.03,28.0,0.0,-28.0,2.0,0.0,-2.0,0.35,0.27,-0.08,0.2,0.68,0.48,0.0,0.0,0.0,0.0,0.0,0.0,0.5,0.706,0.206
06151,野菜類,,たけのこ　水煮缶詰,168505,"Beans, snap, green, canned, no salt added, drained solids",Vegetables and Vegetable Products,high,22.0,22.0,0.0,2.7,1.12,-1.58,0.1,0.46,0.36,2.3,4.32,2.02,2.3,1.9,-0.4,19.0,38.0,19.0,0.3,1.06,0.76,77.0,96.0,19.0,0.4,0.2,-0.2,0.0,2.8,2.8,0.0,18.0,18.0,0.01,0.016,0.006,0.04,0.046,0.006,0.0,0.0,0.0,0.0,0.0,0.0,0.0,0.005,0.005
06153,野菜類,たまねぎ類,（たまねぎ類）　たまねぎ　りん茎　生,170412,"Onions, frozen, whole, unprepared",Vegetables and Vegetable Products,high,33.0,35.0,2.0,1.0,0.89,-0.11,,0.06,,7.0,8.45,1.45,1.5,1.7,0.2,17.0,36.0,19.0,0.3,0.46,0.16,150.0,142,-8.0,0.2,0.12,-0.08,7.0,8.0,1.0,1.0,0.0,-1.0,0.04,0.026,-0.014,0.01,0.024,0.014,0.0,0.0,0.0,0.0,0.0,0.0,0.0,0.025,0.025
06155,野菜類,たまねぎ類,（たまねぎ類）　たまねぎ　りん茎　ゆで,170101,"Onions, frozen, chopped, cooked, boiled, drained, with salt",Vegetables and Vegetable Products,high,30.0,26.0,-4.0,0.8,0.77,-0.03,,0.1,,4.8,6.0,1.2,1.7,1.7,0.0,18.0,16.0,-2.0,0.2,0.3,0.1,110.0,108,-2.0,0.1,0.07,-0.03,5.0,2.6,-2.4,1.0,0.0,-1.0,0.03,0.023,-0.007,0.01,0.025,0.015,0.0,0.0,0.0,0.0,0.0,0.0,0.0,0.63,0.63
06175,野菜類,とうもろこし類,（とうもろこし類）　スイートコーン　未熟種子　生,168538,"Corn, sweet, white, raw",Vegetables and Vegetable Products,high,89.0,86.0,-3.0,3.6,3.22,-0.38,1.3,1.18,-0.12,12.5,19.0,6.5,3.0,2.7,-0.3,3.0,2.0,-1.0,0.8,0.52,-0.28,290.0,270,-20.0,1.0,0.45,-0.55,8.0,6.8,-1.2,53.0,0.0,-53.0,0.15,0.2,0.05,0.1,0.06,-0.04,0.0,0.0,0.0,0.0,0.0,0.0,0.0,0.038,0.038
06176,野菜類,とうもろこし類,（とうもろこし類）　スイートコーン　未熟種子　ゆで,168525,"Corn, sweet, yellow, cooked, boiled, drained, with salt",Vegetables and Vegetable Products,high,95.0,96.0,1.0,3.5,3.41,-0.09,1.3,1.5,0.2,13.5,21.0,7.5,3.1,2.4,-0.7,5.0,3.0,-2.0,0.8,0.45,-0.35,290.0,218,-72.0,1.0,0.62,-0.38,6.0,5.5,-0.5,49.0,13.0,-36.0,0.12,0.093,-0.027,0.1,0.057,-0.043,0.0,0.0,0.0,0.0,0.0,0.0,0.0,0.643,0.643
06179,野菜類,とうもろこし類,（とうもろこし類）　スイートコーン　缶詰　クリームスタイル,169215,"Corn, sweet, yellow, canned, cream style, regular pack",Vegetables and Vegetable Products,high,82.0,72.0,-10.0,1.7,1.74,0.04,0.5,0.42,-0.08,,18.1,,1.8,1.2,-0.6,2.0,3.0,1.0,0.4,0.38,-0.02,150.0,134,-16.0,0.4,0.53,0.13,3.0,4.6,1.6,50.0,4.0,-46.0,0.02,0.025,0.005,0.05,0.053,0.003,0.0,0.0,0.0,0.0,0.0,0.0,0.7,0.663,-0.037
06180,野菜類,とうもろこし類,（とうもろこし類）　スイートコーン　缶詰　ホールカーネルスタイル,168479,"Succotash, (corn and limas), canned, with whole kernel corn, solids and liquids",Vegetables and Vegetable Products,high,78.0,63.0,-15.0,2.3,2.6,0.3,0.5,0.49,-0.01,13.9,14.0,0.1,3.3,2.6,-0.7,2.0,11.0,9.0,0.4,0.53,0.13,130.0,163,33.0,0.6,0.5,-0.1,2.0,4.6,2.6,62.0,7.0,-55.0,0.03,0.029,-0.001,0.05,0.058,0.008,0.0,0.0,0.0,0.0,0.0,0.0,0.5,0.561,0.061
06183,野菜類,トマト類,（トマト類）　赤色ミニトマト　果実　生,321360,"Tomatoes, grape, raw",Vegetables and Vegetable Products,high,30.0,113,83.0,1.1,0.83,-0.27,0.1,0.63,0.53,4.6,5.51,0.91,1.4,2.1,0.7,12.0,11.0,-1.0,0.4,0.33,-0.07,290.0,260,-30.0,0.2,0.2,0.0,32.0,27.2,-4.8,960.0,,,0.07,0.075,0.005,0.05,0.065,0.015,0.0,,,0.0,,,0.0,0.015,0.015
06197,野菜類,なす類,（なす類）　漬物　こうじ漬,169892,"Eggplant, pickled",Vegetables and Vegetable Products,high,87.0,205,118.0,5.5,0.9,-4.6,,0.7,,,9.77,,4.2,2.5,-1.7,65.0,25.0,-40.0,1.4,0.77,-0.63,210.0,12.0,-198.0,0.4,0.23,-0.17,0.0,0.0,0.0,5.0,3.0,-2.0,0.03,0.05,0.02,0.05,0.07,0.02,0.0,0.0,0.0,0.0,0.0,0.0,6.6,4.242,-2.358
06205,野菜類,,にがうり　果実　生,168393,"Balsam-pear (bitter gourd), pods, raw",Vegetables and Vegetable Products,high,15.0,17.0,2.0,1.0,1.0,0.0,0.1,0.17,0.07,0.3,3.7,3.4,2.6,2.8,0.2,14.0,19.0,5.0,0.4,0.43,0.03,260.0,296,36.0,0.2,0.8,0.6,76.0,84.0,8.0,210.0,24.0,-186.0,0.05,0.04,-0.01,0.07,0.04,-0.03,0.0,0.0,0.0,0.0,0.0,0.0,0.0,0.013,0.013
06216,野菜類,にんじん類,（にんじん類）　にんじん　根　冷凍,746764,"Carrots, frozen, unprepared",Vegetables and Vegetable Products,high,30.0,153,123.0,0.8,0.81,0.01,0.1,0.47,0.37,4.7,7.92,3.22,4.1,3.2,-0.9,30.0,33.0,3.0,0.3,0.43,0.13,200.0,210,10.0,0.2,0.28,0.08,4.0,2.2,-1.8,11000.0,,,0.04,0.039,-0.001,0.02,0.047,0.027,0.0,,,,,,0.1,0.168,0.068
06233,野菜類,,はくさい　結球葉　生,169980,"Cabbage, chinese (pe-tsai), cooked, boiled, drained, without salt",Vegetables and Vegetable Products,high,13.0,14.0,1.0,0.8,1.5,0.7,,0.17,,2.0,2.41,0.41,1.3,1.7,0.4,43.0,32.0,-11.0,0.3,0.3,0.0,220.0,225,5.0,0.2,0.18,-0.02,19.0,15.8,-3.2,99.0,48.0,-51.0,0.03,0.044,0.014,0.03,0.044,0.014,0.0,0.0,0.0,0.0,0.0,0.0,0.0,0.023,0.023
06236,野菜類,,はくさい　漬物　キムチ,170080,"Peppers, jalapeno, canned, solids and liquids",Vegetables and Vegetable Products,high,27.0,27.0,0.0,2.3,0.92,-1.38,,0.94,,0.0,4.74,4.74,2.2,2.6,0.4,50.0,23.0,-27.0,0.5,1.88,1.38,290.0,193,-97.0,0.2,0.34,0.14,15.0,10.0,-5.0,170.0,85.0,-85.0,0.04,0.043,0.003,0.06,0.038,-0.022,0.0,0.0,0.0,,0.0,,2.9,4.242,1.342
06241,野菜類,,はやとうり　果実　白色種　生,170402,"Chayote, fruit, raw",Vegetables and Vegetable Products,high,20.0,19.0,-1.0,0.6,0.82,0.22,0.1,0.13,0.03,,4.51,,1.2,1.7,0.5,12.0,17.0,5.0,0.3,0.34,0.04,170.0,125,-45.0,0.1,0.74,0.64,11.0,7.7,-3.3,0.0,0.0,0.0,0.02,0.025,0.005,0.03,0.029,-0.001,0.0,0.0,0.0,0.0,0.0,0.0,0.0,0.005,0.005
06244,野菜類,,ビーツ　根　ゆで,169146,"Beets, cooked, boiled, drained",Vegetables and Vegetable Products,high,42.0,44.0,2.0,1.5,1.68,0.18,0.1,0.18,0.08,10.3,9.96,-0.34,2.9,2.0,-0.9,15.0,16.0,1.0,0.4,0.79,0.39,420.0,305,-115.0,0.3,0.35,0.05,3.0,3.6,0.6,0.0,2.0,2.0,0.04,0.027,-0.013,0.04,0.04,0.0,0.0,0.0,0.0,0.0,0.0,0.0,0.1,0.196,0.096
06249,野菜類,ピーマン類,（ピーマン類）　黄ピーマン　果実　生,169383,"Peppers, sweet, yellow, raw",Vegetables and Vegetable Products,high,28.0,27.0,-1.0,0.8,1.0,0.2,0.1,0.21,0.11,4.9,6.32,1.42,1.3,0.9,-0.4,8.0,11.0,3.0,0.3,0.46,0.16,200.0,212,12.0,0.2,0.17,-0.03,150.0,184,34.0,200.0,10.0,-190.0,0.04,0.028,-0.012,0.03,0.025,-0.005,0.0,0.0,0.0,0.0,0.0,0.0,0.0,0.005,0.005
06250,野菜類,ピーマン類,（ピーマン類）　黄ピーマン　果実　油いため,170024,"Peppers, sweet, green, sauteed",Vegetables and Vegetable Products,high,61.0,116,55.0,0.8,0.78,-0.02,4.1,11.8,7.7,5.1,4.22,-0.88,1.3,1.8,0.5,8.0,8.0,0.0,0.5,0.3,-0.2,210.0,134,-76.0,0.2,0.06,-0.14,160.0,177,17.0,210.0,14.0,-196.0,0.04,0.042,0.002,0.03,0.048,0.018,0.0,0.0,0.0,0.0,0.0,0.0,0.0,0.043,0.043
06266,野菜類,,へちま　果実　ゆで,168470,"Squash, summer, zucchini, includes skin, frozen, cooked, boiled, drained, without salt",Vegetables and Vegetable Products,high,19.0,17.0,-2.0,1.6,1.15,-0.45,0.1,0.13,0.03,,3.56,,1.5,1.3,-0.2,24.0,17.0,-7.0,0.7,0.48,-0.22,140.0,194,54.0,0.2,0.2,0.0,3.0,3.7,0.7,35.0,9.0,-26.0,0.03,0.041,0.011,0.06,0.04,-0.02,0.0,0.0,0.0,0.0,0.0,0.0,0.0,0.005,0.005
06291,野菜類,もやし類,（もやし類）　りょくとうもやし　生,169137,"Mung beans, mature seeds, sprouted, cooked, boiled, drained, without salt",Vegetables and Vegetable Products,high,15.0,21.0,6.0,1.7,2.03,0.33,0.1,0.09,-0.01,1.3,4.19,2.89,1.3,0.8,-0.5,10.0,12.0,2.0,0.2,0.65,0.45,69.0,101,32.0,0.3,0.47,0.17,8.0,11.4,3.4,6.0,1.0,-5.0,0.04,0.05,0.01,0.05,0.102,0.052,0.0,0.0,0.0,0.0,0.0,0.0,0.0,0.025,0.025
06292,野菜類,もやし類,（もやし類）　りょくとうもやし　ゆで,170079,"Beans, mung, mature seeds, sprouted, canned, drained solids",Vegetables and Vegetable Products,high,12.0,12.0,0.0,1.6,1.4,-0.2,,0.06,,1.1,2.14,1.04,1.5,0.8,-0.7,11.0,14.0,3.0,0.3,0.43,0.13,24.0,27.0,3.0,0.2,0.28,0.08,2.0,0.3,-1.7,5.0,0.0,-5.0,0.03,0.03,0.0,0.04,0.07,0.03,0.0,0.0,0.0,0.0,0.0,0.0,0.0,0.107,0.107
06309,野菜類,,リーキ　りん茎葉　ゆで,169963,"Beans, snap, green, frozen, cooked, boiled, drained without salt",Vegetables and Vegetable Products,high,28.0,28.0,0.0,1.3,1.49,0.19,0.1,0.17,0.07,2.9,6.45,3.55,2.6,3.0,0.4,26.0,42.0,16.0,0.6,0.66,0.06,180.0,159,-21.0,0.3,0.24,-0.06,9.0,4.1,-4.9,37.0,21.0,-16.0,0.05,0.035,-0.015,0.07,0.09,0.02,0.0,0.0,0.0,0.0,0.0,0.0,0.0,0.003,0.003
06312,野菜類,レタス類,（レタス類）　レタス　土耕栽培　結球葉　生,168431,"Lettuce, red leaf, raw",Vegetables and Vegetable Products,high,11.0,13.0,2.0,0.6,1.33,0.73,,0.22,,1.7,2.26,0.56,1.1,0.9,-0.2,19.0,33.0,14.0,0.3,1.2,0.9,200.0,187,-13.0,0.2,0.2,0.0,5.0,3.7,-1.3,240.0,375,135.0,0.05,0.064,0.014,0.03,0.077,0.047,0.0,0.0,0.0,0.0,0.0,0.0,0.0,0.064,0.064
06316,野菜類,レタス類,（レタス類）　コスレタス　葉　生,746769,"Lettuce, cos or romaine, raw",Vegetables and Vegetable Products,high,16.0,70.0,54.0,1.2,1.24,0.04,0.1,0.26,0.16,1.2,3.24,2.04,1.9,1.8,-0.1,29.0,35.0,6.0,0.5,0.95,0.45,250.0,253,3.0,0.3,0.25,-0.05,8.0,4.6,-3.4,510.0,436,-74.0,0.06,0.079,0.019,0.06,0.072,0.012,0.0,,,0.0,,,0.0,,
06318,野菜類,,れんこん　根茎　ゆで,170049,"Potatoes, frozen, whole, cooked, boiled, drained, without salt",Vegetables and Vegetable Products,high,66.0,65.0,-1.0,1.3,1.98,0.68,,0.13,,13.9,14.5,0.6,2.3,1.4,-0.9,20.0,7.0,-13.0,0.4,0.84,0.44,240.0,287,47.0,0.3,0.25,-0.05,18.0,9.4,-8.6,3.0,0.0,-3.0,0.06,0.102,0.042,0.0,0.025,0.025,0.0,0.0,0.0,0.0,0.0,0.0,0.0,0.051,0.051
06336,野菜類,たまねぎ類,（たまねぎ類）　たまねぎ　りん茎　油いため,170004,"Onions, yellow, sauteed",Vegetables and Vegetable Products,high,100.0,123,23.0,1.4,0.95,-0.45,5.7,10.8,5.1,8.0,7.86,-0.14,2.7,1.7,-1.0,24.0,20.0,-4.0,0.2,0.27,0.07,210.0,133,-77.0,0.3,0.21,-0.09,9.0,1.8,-7.2,2.0,,,0.04,0.049,0.009,0.02,0.041,0.021,0.0,0.0,0.0,0.0,,,0.0,0.03,0.03
06337,野菜類,たまねぎ類,（たまねぎ類）　葉たまねぎ　りん茎及び葉　生,170007,"Onions, welsh, raw",Vegetables and Vegetable Products,high,33.0,34.0,1.0,1.8,1.9,0.1,,0.4,,5.1,6.5,1.4,3.0,2.4,-0.6,67.0,18.0,-49.0,0.6,1.22,0.62,290.0,212,-78.0,0.3,0.52,0.22,32.0,27.0,-5.0,1500.0,,,0.06,0.05,-0.01,0.11,0.09,-0.02,0.0,0.0,0.0,0.0,0.0,0.0,0.0,0.043,0.043
06378,野菜類,とうもろこし類,（とうもろこし類）　スイートコーン　未熟種子　カーネル　冷凍　ゆで,168481,"Succotash, (corn and limas), frozen, cooked, boiled, drained, without salt",Vegetables and Vegetable Products,high,92.0,93.0,1.0,2.8,4.31,1.51,1.2,0.89,-0.31,15.9,20.0,4.1,6.2,4.1,-2.1,3.0,15.0,12.0,0.2,0.89,0.69,200.0,265,65.0,0.4,0.45,0.05,2.0,5.9,3.9,70.0,10.0,-60.0,0.08,0.074,-0.006,0.06,0.068,0.008,0.0,0.0,0.0,0.0,0.0,0.0,0.0,0.114,0.114
06391,野菜類,トマト類,（トマト類）　黄色トマト　果実　生,170502,"Tomatoes, orange, raw",Vegetables and Vegetable Products,high,18.0,16.0,-2.0,1.1,1.16,0.06,,0.19,,,3.18,,1.3,0.9,-0.4,6.0,5.0,-1.0,0.3,0.47,0.17,310.0,212,-98.0,0.2,0.14,-0.06,28.0,16.0,-12.0,110.0,75.0,-35.0,0.08,0.046,-0.034,0.03,0.034,0.004,,0.0,,,0.0,,0.0,0.107,0.107
07003,果実類,,アセロラ　酸味種　生,171686,"Acerola, (west indian cherry), raw",Fruits and Fruit Juices,high,36.0,32.0,-4.0,0.7,0.4,-0.3,,0.3,,,7.69,,1.9,1.1,-0.8,11.0,12.0,1.0,0.5,0.2,-0.3,130.0,146,16.0,0.5,0.1,-0.4,1700.0,1680.0,-20.0,370.0,38.0,-332.0,0.03,0.02,-0.01,0.04,0.06,0.02,0.0,,,0.0,0.0,0.0,0.0,0.018,0.018
07006,果実類,,アボカド　生,171705,"Avocados, raw, all commercial varieties",Fruits and Fruit Juices,high,176.0,160,-16.0,2.1,2.0,-0.1,15.5,14.7,-0.8,0.8,8.53,7.73,5.6,6.7,1.1,8.0,12.0,4.0,0.6,0.55,-0.05,590.0,485,-105.0,0.7,0.64,-0.06,12.0,10.0,-2.0,87.0,7.0,-80.0,0.09,0.067,-0.023,0.2,0.13,-0.07,0.0,0.0,0.0,0.0,0.0,0.0,0.0,0.018,0.018
07012,果実類,,いちご　生,167762,"Strawberries, raw",Fruits and Fruit Juices,high,31.0,136,105.0,0.9,0.67,-0.23,0.1,0.3,0.2,6.1,7.68,1.58,1.4,2.0,0.6,17.0,16.0,-1.0,0.3,0.41,0.11,170.0,153,-17.0,0.2,0.14,-0.06,62.0,58.8,-3.2,18.0,1.0,-17.0,0.03,0.024,-0.006,0.02,0.022,0.002,0.0,0.0,0.0,0.0,0.0,0.0,0.0,0.003,0.003
07016,果実類,,いちじく　乾,174665,"Figs, dried, uncooked",Fruits and Fruit Juices,high,272.0,249,-23.0,3.0,3.3,0.3,0.8,0.93,0.13,62.7,63.9,1.2,10.7,9.8,-0.9,190.0,162,-28.0,1.7,2.03,0.33,840.0,680,-160.0,0.6,0.55,-0.05,0.0,1.2,1.2,46.0,0.0,-46.0,0.1,0.085,-0.015,0.06,0.082,0.022,0.0,0.0,0.0,0.0,0.0,0.0,0.2,0.025,-0.175
07017,果実類,,いちじく　缶詰,173025,"Figs, canned, extra heavy syrup pack, solids and liquids",Fruits and Fruit Juices,high,78.0,107,29.0,0.5,0.38,-0.12,0.1,0.1,0.0,,27.9,,1.2,,,30.0,26.0,-4.0,0.1,0.28,0.18,110.0,97.0,-13.0,0.1,0.11,0.01,0.0,1.0,1.0,,2.0,,0.02,0.022,0.002,0.02,0.036,0.016,0.0,0.0,0.0,0.0,0.0,0.0,0.0,0.003,0.003
07038,果実類,,オリーブ　塩漬　ブラックオリーブ,169095,"Olives, ripe, canned (jumbo-super colossal)",Fruits and Fruit Juices,high,121.0,81.0,-40.0,0.8,0.97,0.17,12.0,6.87,-5.13,,5.61,,2.5,2.5,0.0,68.0,94.0,26.0,0.8,3.32,2.52,10.0,9.0,-1.0,0.2,0.22,0.02,,1.5,,,17.0,,0.05,0.003,-0.047,0.06,0.0,-0.06,0.0,0.0,0.0,0.0,0.0,0.0,1.6,1.867,0.267
07042,果実類,かんきつ類,（かんきつ類）　オレンジ　バレンシア　果実飲料　ストレートジュース,169099,"Orange juice, canned, unsweetened",Fruits and Fruit Juices,high,45.0,47.0,2.0,0.8,0.68,-0.12,,0.15,,9.0,11.0,2.0,0.3,0.3,0.0,9.0,10.0,1.0,0.1,0.1,0.0,180.0,184,4.0,,0.04,,22.0,30.1,8.1,35.0,9.0,-26.0,0.07,0.039,-0.031,0.01,0.021,0.011,0.0,0.0,0.0,0.0,0.0,0.0,0.0,0.01,0.01
07055,果実類,,キワノ　生,167791,Horned melon (Kiwano),Fruits and Fruit Juices,high,41.0,44.0,3.0,1.5,1.78,0.28,,1.26,,,7.56,,2.6,,,10.0,13.0,3.0,0.4,1.13,0.73,170.0,123,-47.0,0.4,0.48,0.08,2.0,5.3,3.3,36.0,7.0,-29.0,0.03,0.025,-0.005,0.01,0.015,0.005,0.0,,,0.0,,,0.0,0.005,0.005
07062,果実類,かんきつ類,（かんきつ類）　グレープフルーツ　白肉種　砂じょう　生,174677,"Grapefruit, raw, white, California",Fruits and Fruit Juices,high,40.0,37.0,-3.0,0.9,0.88,-0.02,0.1,0.1,0.0,7.5,9.09,1.59,0.6,,,15.0,12.0,-3.0,,0.08,,140.0,143,3.0,0.1,0.07,-0.03,36.0,33.3,-2.7,0.0,0.0,0.0,0.07,0.037,-0.033,0.03,0.02,-0.01,0.0,0.0,0.0,0.0,0.0,0.0,0.0,,
07063,果実類,かんきつ類,（かんきつ類）　グレープフルーツ　果実飲料　ストレートジュース,173039,"Grapefruit juice, white, raw",Fruits and Fruit Juices,high,44.0,39.0,-5.0,0.6,0.5,-0.1,0.1,0.1,0.0,8.8,9.2,0.4,0.1,0.1,0.0,9.0,9.0,0.0,0.1,0.2,0.1,180.0,162,-18.0,,0.05,,38.0,38.0,0.0,0.0,1.0,1.0,0.04,0.04,0.0,0.01,0.02,0.01,0.0,0.0,0.0,0.0,0.0,0.0,0.0,0.003,0.003
07069,果実類,,スターフルーツ　生,168171,"Rose-apples, raw",Fruits and Fruit Juices,high,30.0,25.0,-5.0,0.7,0.6,-0.1,0.1,0.3,0.2,,5.7,,1.8,,,5.0,29.0,24.0,0.2,0.07,-0.13,140.0,123,-17.0,0.2,0.06,-0.14,12.0,22.3,10.3,74.0,17.0,-57.0,0.03,0.02,-0.01,0.02,0.03,0.01,0.0,,,0.0,0.0,0.0,0.0,,
07071,果実類,,さくらんぼ　米国産　生,171719,"Cherries, sweet, raw",Fruits and Fruit Juices,high,64.0,63.0,-1.0,1.2,1.06,-0.14,0.1,0.2,0.1,13.7,16.0,2.3,1.4,2.1,0.7,15.0,13.0,-2.0,0.3,0.36,0.06,260.0,222,-38.0,0.1,0.07,-0.03,9.0,7.0,-2.0,23.0,3.0,-20.0,0.03,0.027,-0.003,0.03,0.033,0.003,0.0,0.0,0.0,0.0,0.0,0.0,0.0,,
07072,果実類,,さくらんぼ　米国産　缶詰,173958,"Cherries, sweet, canned, juice pack, solids and liquids",Fruits and Fruit Juices,high,70.0,54.0,-16.0,0.6,0.91,0.31,0.1,0.02,-0.08,13.8,13.8,0.0,1.0,1.5,0.5,10.0,14.0,4.0,0.4,0.58,0.18,100.0,131,31.0,0.5,0.1,-0.4,7.0,2.5,-4.5,41.0,6.0,-35.0,0.01,0.018,0.008,0.01,0.024,0.014,0.0,0.0,0.0,0.0,0.0,0.0,0.0,0.008,0.008
07080,果実類,すもも類,（すもも類）　にほんすもも　生,169950,"Plums, canned, purple, water pack, solids and liquids",Fruits and Fruit Juices,high,46.0,41.0,-5.0,0.6,0.39,-0.21,,0.01,,,11.0,,1.6,0.9,-0.7,5.0,7.0,2.0,0.2,0.16,-0.04,150.0,126,-24.0,0.1,0.08,-0.02,4.0,2.7,-1.3,79.0,46.0,-33.0,0.02,0.021,0.001,0.02,0.041,0.021,0.0,0.0,0.0,0.0,0.0,0.0,0.0,0.003,0.003
07086,果実類,,チェリモヤ　生,173953,"Cherimoya, raw",Fruits and Fruit Juices,high,82.0,75.0,-7.0,1.3,1.57,0.27,0.2,0.68,0.48,13.7,17.7,4.0,2.2,3.0,0.8,9.0,10.0,1.0,0.2,0.27,0.07,230.0,287,57.0,0.1,0.16,0.06,34.0,12.6,-21.4,4.0,0.0,-4.0,0.09,0.101,0.011,0.09,0.131,0.041,0.0,,,0.0,0.0,0.0,0.0,0.018,0.018
07092,果実類,なし類,（なし類）　西洋なし　缶詰,169938,"Pears, canned, light syrup pack, solids and liquids",Fruits and Fruit Juices,high,79.0,57.0,-22.0,0.2,0.19,-0.01,0.1,0.03,-0.07,16.7,15.2,-1.5,1.0,1.6,0.6,4.0,5.0,1.0,0.1,0.28,0.18,55.0,66.0,11.0,0.1,0.08,-0.02,,0.7,,,0.0,,0.01,0.01,0.0,0.02,0.016,-0.004,0.0,0.0,0.0,0.0,0.0,0.0,0.0,0.013,0.013
07096,果実類,,なつめやし　乾,168191,"Dates, medjool",Fruits and Fruit Juices,high,281.0,277,-4.0,2.2,1.81,-0.39,,0.15,,59.0,75.0,16.0,7.0,6.7,-0.3,71.0,64.0,-7.0,0.8,0.9,0.1,550.0,696,146.0,0.4,0.44,0.04,0.0,0.0,0.0,160.0,7.0,-153.0,0.07,0.05,-0.02,0.04,0.06,0.02,0.0,0.0,0.0,0.0,,,0.0,0.003,0.003
07097,果実類,,パインアップル　生,169124,"Pineapple, raw, all varieties",Fruits and Fruit Juices,high,54.0,50.0,-4.0,0.6,0.54,-0.06,0.1,0.12,0.02,12.6,13.1,0.5,1.2,1.4,0.2,11.0,13.0,2.0,0.2,0.29,0.09,150.0,109,-41.0,0.1,0.12,0.02,35.0,47.8,12.8,38.0,3.0,-35.0,0.09,0.079,-0.011,0.02,0.032,0.012,0.0,0.0,0.0,0.0,0.0,0.0,0.0,0.003,0.003
07098,果実類,,パインアップル　果実飲料　ストレートジュース,169947,"Pineapple juice, canned or bottled, unsweetened, without added ascorbic acid",Fruits and Fruit Juices,high,46.0,53.0,7.0,0.3,0.36,0.06,0.1,0.12,0.02,10.2,12.9,2.7,0.0,0.2,0.2,22.0,13.0,-9.0,0.4,0.31,-0.09,210.0,130,-80.0,0.1,0.11,0.01,6.0,10.0,4.0,9.0,0.0,-9.0,0.04,0.058,0.018,0.01,0.021,0.011,0.0,0.0,0.0,0.0,0.0,0.0,0.0,0.005,0.005
07102,果実類,,パインアップル　缶詰,169944,"Pineapple, canned, heavy syrup pack, solids and liquids",Fruits and Fruit Juices,high,76.0,78.0,2.0,0.4,0.35,-0.05,0.1,0.11,0.01,19.7,20.2,0.5,0.5,0.8,0.3,7.0,14.0,7.0,0.3,0.38,0.08,120.0,104,-16.0,0.1,0.12,0.02,7.0,7.4,0.4,12.0,1.0,-11.0,0.07,0.09,0.02,0.01,0.025,0.015,0.0,0.0,0.0,0.0,0.0,0.0,0.0,0.003,0.003
07103,果実類,,パインアップル　砂糖漬,167781,Candied fruit,Fruits and Fruit Juices,high,349.0,322,-27.0,0.5,0.34,-0.16,0.1,0.07,-0.03,91.9,82.7,-9.2,1.3,1.6,0.3,31.0,18.0,-13.0,2.5,0.17,-2.33,23.0,56.0,33.0,0.1,0.05,-0.05,0.0,0.0,0.0,17.0,1.0,-16.0,0.0,0.0,0.0,0.02,0.0,-0.02,0.0,0.0,0.0,0.0,0.0,0.0,0.1,0.249,0.149
07107,果実類,,バナナ　生,1105314,"Bananas, ripe and slightly ripe, raw",Fruits and Fruit Juices,high,93.0,97.0,4.0,1.1,0.74,-0.36,0.1,0.29,0.19,19.4,23.0,3.6,1.1,1.7,0.6,6.0,5.0,-1.0,0.3,,,360.0,326,-34.0,0.2,0.16,-0.04,16.0,12.3,-3.7,56.0,1.0,-55.0,0.05,0.056,0.006,0.04,0.0,-0.04,0.0,,,0.0,,,0.0,,
07110,果実類,,パパイア　未熟　生,169926,"Papayas, raw",Fruits and Fruit Juices,high,35.0,43.0,8.0,1.3,0.47,-0.83,0.1,0.26,0.16,7.4,10.8,3.4,2.2,1.7,-0.5,36.0,20.0,-16.0,0.3,0.25,-0.05,190.0,182,-8.0,0.1,0.08,-0.02,45.0,60.9,15.9,120.0,47.0,-73.0,0.03,0.023,-0.007,0.04,0.027,-0.013,0.0,0.0,0.0,0.0,0.0,0.0,0.0,0.02,0.02
07117,果実類,,ぶどう　干しぶどう,168165,"Raisins, dark, seedless (Includes foods for USDA's Food Distribution Program)",Fruits and Fruit Juices,high,324.0,299,-25.0,2.7,3.3,0.6,0.1,0.25,0.15,60.3,79.3,19.0,4.1,4.5,0.4,65.0,62.0,-3.0,2.3,1.79,-0.51,740.0,744,4.0,0.3,0.36,0.06,,2.3,,11.0,0.0,-11.0,0.12,0.106,-0.014,0.03,0.125,0.095,0.0,0.0,0.0,0.0,0.0,0.0,0.0,0.066,0.066
07118,果実類,,ぶどう　果実飲料　ストレートジュース,173042,"Grape juice, canned or bottled, unsweetened, without added ascorbic acid",Fruits and Fruit Juices,high,54.0,60.0,6.0,0.3,0.37,0.07,0.1,0.13,0.03,13.9,14.8,0.9,0.1,0.2,0.1,3.0,11.0,8.0,0.1,0.25,0.15,30.0,104,74.0,0.1,0.07,-0.03,,0.1,,0.0,0.0,0.0,0.02,0.017,-0.003,0.01,0.015,0.005,0.0,0.0,0.0,0.0,0.0,0.0,0.0,0.013,0.013
07122,果実類,,ぶどう　缶詰,174685,"Grapes, canned, thompson seedless, heavy syrup pack, solids and liquids",Fruits and Fruit Juices,high,83.0,76.0,-7.0,0.4,0.48,0.08,,0.1,,,19.6,,0.2,0.6,0.4,10.0,10.0,0.0,0.9,0.94,0.04,88.0,103,15.0,0.2,0.05,-0.15,0.0,1.0,1.0,10.0,3.0,-7.0,0.02,0.03,0.01,0.01,0.022,0.012,0.0,0.0,0.0,0.0,0.0,0.0,0.0,0.013,0.013
07124,果実類,,ブルーベリー　生,171711,"Blueberries, raw",Fruits and Fruit Juices,high,48.0,57.0,9.0,0.5,0.74,0.24,0.1,0.33,0.23,8.6,14.5,5.9,3.3,2.4,-0.9,8.0,6.0,-2.0,0.2,0.28,0.08,70.0,77.0,7.0,0.1,0.16,0.06,9.0,9.7,0.7,55.0,3.0,-52.0,0.03,0.037,0.007,0.03,0.041,0.011,0.0,0.0,0.0,0.0,0.0,0.0,0.0,0.003,0.003
07126,果実類,かんきつ類,（かんきつ類）　ぶんたん　砂じょう　生,167754,"Pummelo, raw",Fruits and Fruit Juices,high,41.0,38.0,-3.0,0.7,0.76,0.06,,0.04,,,9.62,,0.9,1.0,0.1,13.0,4.0,-9.0,0.1,0.11,0.01,180.0,216,36.0,0.1,0.08,-0.02,45.0,61.0,16.0,15.0,0.0,-15.0,0.03,0.034,0.004,0.04,0.027,-0.013,0.0,,,0.0,0.0,0.0,0.0,0.003,0.003
07133,果実類,,マンゴスチン　生,169090,"Mangosteen, canned, syrup pack",Fruits and Fruit Juices,high,71.0,73.0,2.0,0.6,0.41,-0.19,,0.58,,,17.9,,1.4,1.8,0.4,6.0,12.0,6.0,0.1,0.3,0.2,100.0,48.0,-52.0,0.2,0.21,0.01,3.0,2.9,-0.1,0.0,2.0,2.0,0.11,0.054,-0.056,0.03,0.054,0.024,0.0,0.0,0.0,0.0,0.0,0.0,0.0,0.018,0.018
07134,果実類,,メロン　温室メロン　生,169911,"Melons, honeydew, raw",Fruits and Fruit Juices,high,40.0,36.0,-4.0,1.1,0.54,-0.56,0.1,0.14,0.04,9.6,9.09,-0.51,0.5,0.8,0.3,8.0,6.0,-2.0,0.3,0.17,-0.13,340.0,228,-112.0,0.2,0.09,-0.11,18.0,18.0,0.0,33.0,3.0,-30.0,0.06,0.038,-0.022,0.02,0.012,-0.008,0.0,0.0,0.0,0.0,0.0,0.0,0.0,0.046,0.046
07136,果実類,もも類,（もも類）　もも　白肉種　生,327357,"Nectarines, raw",Fruits and Fruit Juices,high,38.0,39.0,1.0,0.6,1.06,0.46,0.1,0.28,0.18,8.4,9.18,0.78,1.3,1.5,0.2,4.0,2.0,-2.0,0.1,0.3,0.2,180.0,131,-49.0,0.1,0.21,0.11,8.0,2.9,-5.1,5.0,21.0,16.0,0.01,0.034,0.024,0.01,0.027,0.017,0.0,,,0.0,,,0.0,0.033,0.033
07137,果実類,もも類,（もも類）　もも　果実飲料　30%果汁入り飲料　（ネクター）,169117,"Peach nectar, canned, with sucralose, without added ascorbic acid",Fruits and Fruit Juices,high,46.0,49.0,3.0,0.2,0.1,-0.1,0.0,0.57,0.57,11.8,11.6,-0.2,0.4,0.1,-0.3,2.0,6.0,4.0,0.2,0.07,-0.13,35.0,30.0,-5.0,,0.01,,2.0,0.0,-2.0,,16.0,,,0.06,,0.01,0.015,0.005,0.0,0.0,0.0,0.0,0.0,0.0,0.0,0.028,0.028
07138,果実類,もも類,（もも類）　もも　缶詰　白肉種　果肉,169112,"Peaches, canned, heavy syrup pack, solids and liquids",Fruits and Fruit Juices,high,82.0,74.0,-8.0,0.5,0.45,-0.05,0.1,0.1,0.0,16.6,19.9,3.3,1.4,1.3,-0.1,3.0,3.0,0.0,0.2,0.27,0.07,80.0,92.0,12.0,0.2,0.09,-0.11,2.0,2.8,0.8,,17.0,,0.01,0.011,0.001,0.02,0.024,0.004,0.0,0.0,0.0,0.0,0.0,0.0,0.0,0.015,0.015
07142,果実類,かんきつ類,（かんきつ類）　ゆず　果皮　生,167749,"Lemon peel, raw",Fruits and Fruit Juices,high,50.0,47.0,-3.0,1.2,1.5,0.3,0.1,0.3,0.2,,16.0,,6.9,10.6,3.7,41.0,134,93.0,0.3,0.8,0.5,140.0,160,20.0,0.1,0.25,0.15,160.0,129,-31.0,240.0,3.0,-237.0,0.07,0.06,-0.01,0.1,0.08,-0.02,0.0,0.0,0.0,0.0,0.0,0.0,0.0,0.015,0.015
07145,果実類,かんきつ類,（かんきつ類）　ライム　果汁　生,168156,"Lime juice, raw",Fruits and Fruit Juices,high,39.0,25.0,-14.0,0.4,0.42,0.02,,0.07,,1.9,8.42,6.52,0.2,0.4,0.2,16.0,14.0,-2.0,0.2,0.09,-0.11,160.0,117,-43.0,0.1,0.08,-0.02,33.0,30.0,-3.0,0.0,2.0,2.0,0.03,0.025,-0.005,0.02,0.015,-0.005,0.0,0.0,0.0,0.0,0.0,0.0,0.0,0.005,0.005
07146,果実類,,ラズベリー　生,167755,"Raspberries, raw",Fruits and Fruit Juices,high,36.0,52.0,16.0,1.1,1.2,0.1,,0.65,,5.6,11.9,6.3,4.7,6.5,1.8,22.0,25.0,3.0,0.7,0.69,-0.01,150.0,151,1.0,0.4,0.42,0.02,22.0,26.2,4.2,19.0,2.0,-17.0,0.02,0.032,0.012,0.04,0.038,-0.002,0.0,0.0,0.0,0.0,0.0,0.0,0.0,0.003,0.003
07148,果実類,,りんご　皮なし　生,171689,"Apples, raw, without skin",Fruits and Fruit Juices,high,53.0,48.0,-5.0,0.1,0.27,0.17,,0.13,,12.4,12.8,0.4,1.4,1.3,-0.1,3.0,5.0,2.0,0.1,0.07,-0.03,120.0,90.0,-30.0,,0.05,,4.0,4.0,0.0,15.0,2.0,-13.0,0.02,0.019,-0.001,,0.028,,0.0,0.0,0.0,0.0,0.0,0.0,0.0,,
07151,果実類,,りんご　果実飲料　50%果汁入り飲料,167771,"Apple juice, canned or bottled, unsweetened, with added ascorbic acid",Fruits and Fruit Juices,high,46.0,46.0,0.0,0.1,0.1,0.0,,0.13,,,11.3,,0.0,0.2,0.2,2.0,8.0,6.0,0.1,0.12,0.02,55.0,101,46.0,,0.02,,,38.5,,0.0,0.0,0.0,0.0,0.021,0.021,0.0,0.017,0.017,0.0,0.0,0.0,0.0,0.0,0.0,0.0,0.01,0.01
07156,果実類,かんきつ類,（かんきつ類）　レモン　果汁　生,167747,"Lemon juice, raw",Fruits and Fruit Juices,high,24.0,22.0,-2.0,0.4,0.35,-0.05,0.1,0.24,0.14,1.5,6.9,5.4,,0.3,,7.0,6.0,-1.0,0.1,0.08,-0.02,100.0,103,3.0,0.1,0.05,-0.05,50.0,38.7,-11.3,6.0,0.0,-6.0,0.04,0.024,-0.016,0.02,0.015,-0.005,0.0,0.0,0.0,0.0,0.0,0.0,0.0,0.003,0.003
07168,果実類,,キウイフルーツ　黄肉種　生,168211,"Kiwifruit, ZESPRI SunGold, raw",Fruits and Fruit Juices,high,63.0,63.0,0.0,1.1,1.02,-0.08,0.2,0.28,0.08,11.9,15.8,3.9,1.4,1.4,0.0,17.0,17.0,0.0,0.2,0.21,0.01,300.0,315,15.0,0.1,0.08,-0.02,140.0,161,21.0,41.0,1.0,-40.0,0.02,0.0,-0.02,0.02,0.074,0.054,0.0,0.0,0.0,0.0,0.08,0.08,0.0,0.008,0.008
07169,果実類,,グァバ　白肉種　生,173044,"Guavas, common, raw",Fruits and Fruit Juices,high,33.0,68.0,35.0,0.6,2.55,1.95,0.1,0.95,0.85,,14.3,,5.1,5.4,0.3,8.0,18.0,10.0,0.1,0.26,0.16,240.0,417,177.0,0.1,0.23,0.13,220.0,228,8.0,0.0,31.0,31.0,0.03,0.067,0.037,0.04,0.04,0.0,0.0,0.0,0.0,0.0,0.0,0.0,0.0,0.005,0.005
07176,果実類,,りんご　皮つき　生,168201,"Apples, raw, red delicious, with skin (Includes foods for USDA's Food Distribution Program)",Fruits and Fruit Juices,high,56.0,59.0,3.0,0.2,0.27,0.07,0.1,0.2,0.1,12.9,14.1,1.2,1.9,2.3,0.4,4.0,6.0,2.0,0.1,0.11,0.01,120.0,104,-16.0,0.1,0.04,-0.06,6.0,,,27.0,3.0,-24.0,0.02,0.015,-0.005,0.01,0.025,0.015,0.0,,,0.0,,,0.0,0.003,0.003
07180,果実類,,りんご　皮つき　焼き,171690,"Apples, dehydrated (low moisture), sulfured, stewed",Fruits and Fruit Juices,high,86.0,74.0,-12.0,0.2,0.28,0.08,,0.12,,17.3,19.9,2.6,2.5,2.6,0.1,5.0,4.0,-1.0,0.1,0.43,0.33,170.0,136,-34.0,0.1,0.06,-0.04,7.0,0.6,-6.4,39.0,1.0,-38.0,0.03,0.008,-0.022,0.01,0.029,0.019,0.0,0.0,0.0,0.0,0.0,0.0,0.0,0.066,0.066
07182,果実類,すぐり類,（すぐり類）　カシス　冷凍,173963,"Currants, european black, raw",Fruits and Fruit Juices,high,62.0,63.0,1.0,1.6,1.4,-0.2,1.1,0.41,-0.69,0.0,15.4,15.4,6.4,,,40.0,55.0,15.0,0.5,1.54,1.04,270.0,322,52.0,0.2,0.27,0.07,,181,,110.0,12.0,-98.0,0.03,0.05,0.02,0.03,0.05,0.02,,,,,0.0,,0.0,0.005,0.005
07185,果実類,,くこ　実　乾,173032,"Goji berries, dried",Fruits and Fruit Juices,high,387.0,349,-38.0,12.3,14.3,2.0,,0.39,,,77.1,,,13.0,,47.0,190,143.0,4.0,6.8,2.8,1400.0,,,1.2,,,9.0,48.4,39.4,3000.0,,,0.28,,,0.4,,,0.0,,,,,,1.3,0.757,-0.543
10005,魚介類,魚類,＜魚類＞　（あじ類）　まあじ　皮つき　焼き,174229,"Fish, bluefish, cooked, dry heat",Finfish and Shellfish Products,high,157.0,159,2.0,25.9,25.7,-0.2,5.1,5.44,0.34,0.1,,,0.0,0.0,0.0,100.0,9.0,-91.0,0.8,0.62,-0.18,470.0,477,7.0,1.5,1.04,-0.46,0.0,0.0,0.0,0.0,138,138.0,0.15,0.067,-0.083,0.15,0.097,-0.053,12.0,,,7.1,6.22,-0.88,0.4,0.196,-0.204
10015,魚介類,魚類,＜魚類＞　あなご　生,171951,"Fish, butterfish, raw",Finfish and Shellfish Products,high,146.0,146,0.0,17.3,17.3,0.0,8.0,8.02,0.02,,,,0.0,0.0,0.0,75.0,22.0,-53.0,0.8,0.5,-0.3,370.0,375,5.0,0.7,0.77,0.07,2.0,0.0,-2.0,0.0,30.0,30.0,0.05,0.12,0.07,0.14,0.15,0.01,0.4,,,2.3,1.9,-0.4,0.4,0.226,-0.174
10018,魚介類,魚類,＜魚類＞　あまだい　生,175141,"Fish, scup, raw",Finfish and Shellfish Products,high,102.0,105,3.0,18.8,18.9,0.1,2.5,2.73,0.23,,,,0.0,0.0,0.0,58.0,40.0,-18.0,0.3,0.53,0.23,360.0,287,-73.0,0.3,0.48,0.18,1.0,0.0,-1.0,0.0,27.0,27.0,0.04,0.11,0.07,0.06,0.1,0.04,1.0,1.2,0.2,2.1,1.4,-0.7,0.2,0.107,-0.093
10030,魚介類,魚類,＜魚類＞　アラスカめぬけ　生,173705,"Fish, tilefish, raw",Finfish and Shellfish Products,high,96.0,96.0,0.0,17.2,17.5,0.3,2.6,2.31,-0.29,0.1,,,0.0,0.0,0.0,22.0,26.0,4.0,0.2,0.25,0.05,290.0,433,143.0,0.4,0.37,-0.03,,0.0,,0.0,18.0,18.0,0.04,0.12,0.08,0.05,0.16,0.11,3.0,,,1.6,2.2,0.6,0.2,0.135,-0.065
10031,魚介類,魚類,＜魚類＞　あんこう　生,173676,"Fish, monkfish, raw",Finfish and Shellfish Products,high,54.0,76.0,22.0,13.0,14.5,1.5,0.1,1.52,1.42,0.3,,,0.0,0.0,0.0,8.0,8.0,0.0,0.2,0.32,0.12,210.0,400,190.0,0.6,0.41,-0.19,1.0,1.0,0.0,0.0,12.0,12.0,0.04,0.025,-0.015,0.16,0.06,-0.1,1.0,,,1.2,0.9,-0.3,0.3,0.046,-0.254
10039,魚介類,魚類,＜魚類＞　いとよりだい　生,173671,"Fish, lingcod, raw",Finfish and Shellfish Products,high,85.0,85.0,0.0,18.1,17.7,-0.4,1.0,1.06,0.06,0.1,,,0.0,0.0,0.0,46.0,14.0,-32.0,0.5,0.32,-0.18,390.0,437,47.0,0.4,0.45,0.05,2.0,0.0,-2.0,0.0,15.0,15.0,0.04,0.03,-0.01,0.08,0.114,0.034,11.0,,,3.0,3.6,0.6,0.2,0.15,-0.05
10044,魚介類,魚類,＜魚類＞　（いわし類）　かたくちいわし　生,175116,"Fish, herring, Atlantic, raw",Finfish and Shellfish Products,high,171.0,158,-13.0,18.2,18.0,-0.2,9.7,9.04,-0.66,0.3,,,0.0,0.0,0.0,60.0,57.0,-3.0,0.9,1.1,0.2,300.0,327,27.0,1.0,0.99,-0.01,1.0,0.7,-0.3,0.0,28.0,28.0,0.03,0.092,0.062,0.16,0.233,0.073,4.0,4.2,0.2,14.0,13.7,-0.3,0.2,0.229,0.029
10074,魚介類,魚類,＜魚類＞　えそ　生,171958,"Fish, cusk, raw",Finfish and Shellfish Products,high,87.0,87.0,0.0,20.1,19.0,-1.1,0.6,0.69,0.09,0.1,,,0.0,0.0,0.0,80.0,10.0,-70.0,0.3,0.83,0.53,380.0,392,12.0,0.4,0.38,-0.02,2.0,0.0,-2.0,0.0,18.0,18.0,0.07,0.042,-0.028,0.1,0.133,0.033,1.0,,,1.7,1.04,-0.66,0.3,0.079,-0.221
10085,魚介類,魚類,＜魚類＞　（かじき類）　めかじき　生,173673,"Fish, mackerel, spanish, raw",Finfish and Shellfish Products,high,139.0,139,0.0,19.2,19.3,0.1,6.6,6.3,-0.3,0.1,,,0.0,0.0,0.0,3.0,11.0,8.0,0.5,0.44,-0.06,440.0,446,6.0,0.7,0.49,-0.21,1.0,1.6,0.6,0.0,39.0,39.0,0.06,0.13,0.07,0.09,0.17,0.08,8.8,7.3,-1.5,1.9,2.4,0.5,0.2,0.15,-0.05
10088,魚介類,魚類,＜魚類＞　（かつお類）　そうだがつお　生,175122,"Fish, mackerel, king, raw",Finfish and Shellfish Products,high,126.0,105,-21.0,25.7,20.3,-5.4,2.1,2.0,-0.1,0.3,,,0.0,0.0,0.0,23.0,31.0,8.0,2.6,1.78,-0.82,350.0,435,85.0,1.2,0.56,-0.64,,1.6,,0.0,218,218.0,0.17,0.1,-0.07,0.29,0.476,0.186,22.0,,,12.0,15.6,3.6,0.2,0.401,0.201
10099,魚介類,魚類,＜魚類＞　かます　焼き,174242,"Fish, seatrout, mixed species, cooked, dry heat",Finfish and Shellfish Products,high,134.0,133,-1.0,23.3,21.5,-1.8,4.1,4.63,0.53,0.1,,,0.0,0.0,0.0,59.0,22.0,-37.0,0.5,0.35,-0.15,360.0,437,77.0,0.6,0.58,-0.02,,0.0,,0.0,35.0,35.0,0.03,0.069,0.039,0.14,0.207,0.067,10.0,,,3.3,3.46,0.16,0.4,0.188,-0.212
10108,魚介類,魚類,＜魚類＞　かんぱち　三枚おろし　生,175154,"Fish, trout, rainbow, wild, raw",Finfish and Shellfish Products,high,119.0,119,0.0,21.0,20.5,-0.5,3.5,3.46,-0.04,0.1,,,0.0,0.0,0.0,15.0,67.0,52.0,0.6,0.7,0.1,490.0,481,-9.0,0.7,1.08,0.38,,2.4,,0.0,19.0,19.0,0.15,0.123,-0.027,0.16,0.105,-0.055,4.0,,,5.3,4.45,-0.85,0.2,0.079,-0.121
10115,魚介類,魚類,＜魚類＞　ぎんだら　生,175134,"Fish, sablefish, raw",Finfish and Shellfish Products,high,210.0,195,-15.0,13.6,13.4,-0.2,16.7,15.3,-1.4,,,,0.0,0.0,0.0,15.0,35.0,20.0,0.3,1.28,0.98,340.0,358,18.0,0.3,0.32,0.02,0.0,0.0,0.0,0.0,93.0,93.0,0.05,0.1,0.05,0.1,0.09,-0.01,3.5,,,2.8,1.5,-1.3,0.2,0.142,-0.058
10125,魚介類,魚類,＜魚類＞　このしろ　甘酢漬,175140,"Fish, sardine, Pacific, canned in tomato sauce, drained solids with bone",Finfish and Shellfish Products,medium,184.0,185,1.0,19.1,20.9,1.8,8.2,10.4,2.2,,0.54,,0.0,0.1,0.1,160.0,240,80.0,1.8,2.3,0.5,120.0,341,221.0,0.9,1.4,0.5,0.0,1.0,1.0,0.0,34.0,34.0,,0.044,,0.17,0.233,0.063,7.0,4.8,-2.2,8.1,9.0,0.9,2.3,1.052,-1.248
10128,魚介類,魚類,＜魚類＞　（さけ・ます類）　からふとます　塩ます,171985,"Fish, salmon, chinook, smoked, (lox), regular",Finfish and Shellfish Products,high,146.0,117,-29.0,20.9,18.3,-2.6,6.1,4.32,-1.78,0.6,,,0.0,0.0,0.0,27.0,11.0,-16.0,0.4,0.85,0.45,310.0,175,-135.0,0.5,0.31,-0.19,1.0,0.0,-1.0,0.0,26.0,26.0,0.21,0.023,-0.187,0.17,0.101,-0.069,20.0,,,2.1,3.26,1.16,5.8,5.08,-0.72
10143,魚介類,魚類,＜魚類＞　（さけ・ます類）　しろさけ　水煮缶詰,174224,"Fish, salmon, chum, canned, without salt, drained solids with bone",Finfish and Shellfish Products,high,156.0,141,-15.0,21.2,21.4,0.2,7.5,5.5,-2.0,0.1,,,0.0,0.0,0.0,190.0,249,59.0,0.4,0.7,0.3,290.0,300,10.0,0.8,1.0,0.2,0.0,0.0,0.0,0.0,18.0,18.0,0.15,0.02,-0.13,0.12,0.16,0.04,8.0,,,6.0,4.4,-1.6,0.6,0.191,-0.409
10147,魚介類,魚類,＜魚類＞　（さけ・ます類）　にじます　海面養殖　皮つき　焼き,171999,"Fish, salmon, chinook, cooked, dry heat",Finfish and Shellfish Products,high,238.0,231,-7.0,27.2,25.7,-1.5,13.3,13.4,0.1,0.4,,,0.0,0.0,0.0,22.0,28.0,6.0,0.3,0.91,0.61,490.0,505,15.0,0.6,0.56,-0.04,5.0,4.1,-0.9,0.0,149,149.0,0.2,0.044,-0.156,0.15,0.154,0.004,12.0,,,2.8,2.87,0.07,0.2,0.152,-0.048
10150,魚介類,魚類,＜魚類＞　（さけ・ます類）　べにざけ　焼き,172000,"Fish, salmon, chum, cooked, dry heat",Finfish and Shellfish Products,high,163.0,154,-9.0,28.5,25.8,-2.7,4.9,4.83,-0.07,0.1,,,0.0,0.0,0.0,16.0,14.0,-2.0,0.5,0.71,0.21,490.0,550,60.0,0.7,0.6,-0.1,2.0,0.0,-2.0,0.0,34.0,34.0,0.27,0.092,-0.178,0.22,0.219,-0.001,38.0,,,3.8,3.46,-0.34,0.2,0.163,-0.037
10151,魚介類,魚類,＜魚類＞　（さけ・ます類）　べにざけ　くん製,173723,"Salmon, sockeye, canned, drained solids, without skin and bones",Finfish and Shellfish Products,high,143.0,158,15.0,25.7,26.3,0.6,4.4,5.87,1.47,0.1,,,0.0,0.0,0.0,19.0,37.0,18.0,0.8,0.48,-0.32,250.0,312,62.0,0.5,0.58,0.08,0.0,0.0,0.0,0.0,56.0,56.0,0.23,0.033,-0.197,0.23,0.214,-0.016,28.0,21.5,-6.5,8.0,5.54,-2.46,3.8,0.98,-2.82
10152,魚介類,魚類,＜魚類＞　（さけ・ます類）　ますのすけ　生,173715,"Fish, salmon, coho, farmed, raw",Finfish and Shellfish Products,high,176.0,160,-16.0,19.5,21.3,1.8,9.7,7.67,-2.03,,,,0.0,0.0,0.0,18.0,12.0,-6.0,0.3,0.34,0.04,380.0,450,70.0,0.4,0.43,0.03,1.0,1.1,0.1,0.0,56.0,56.0,0.13,0.09,-0.04,0.12,0.11,-0.01,16.0,,,3.4,2.67,-0.73,0.1,0.119,0.019
10156,魚介類,魚類,＜魚類＞　（さば類）　まさば　焼き,175120,"Fish, mackerel, Atlantic, cooked, dry heat",Finfish and Shellfish Products,high,264.0,262,-2.0,25.2,23.8,-1.4,17.1,17.8,0.7,0.4,,,0.0,0.0,0.0,10.0,15.0,5.0,1.6,1.57,-0.03,370.0,401,31.0,1.4,0.94,-0.46,0.0,0.4,0.4,0.0,54.0,54.0,0.3,0.159,-0.141,0.37,0.412,0.042,4.9,,,22.0,19.0,-3.0,0.3,0.211,-0.089
10158,魚介類,魚類,＜魚類＞　（さば類）　たいせいようさば　生,175119,"Fish, mackerel, Atlantic, raw",Finfish and Shellfish Products,high,295.0,205,-90.0,17.2,18.6,1.4,23.4,13.9,-9.5,0.4,,,0.0,0.0,0.0,7.0,12.0,5.0,0.9,1.63,0.73,320.0,314,-6.0,0.9,0.63,-0.27,1.0,0.4,-0.6,0.0,50.0,50.0,0.14,0.176,0.036,0.35,0.312,-0.038,10.0,16.1,6.1,8.1,8.71,0.61,0.3,0.229,-0.071
10171,魚介類,魚類,＜魚類＞　さわら　生,173672,"Fish, mackerel, Pacific and jack, mixed species, raw",Finfish and Shellfish Products,high,161.0,158,-3.0,20.1,20.1,0.0,8.4,7.89,-0.51,0.1,,,0.0,0.0,0.0,13.0,23.0,10.0,0.8,1.16,0.36,490.0,406,-84.0,1.0,0.67,-0.33,,2.0,,0.0,19.0,19.0,0.09,0.111,0.021,0.35,0.421,0.071,7.0,9.1,2.1,5.3,4.4,-0.9,0.2,0.218,0.018
10184,魚介類,魚類,＜魚類＞　したびらめ　生,175151,"Fish, sunfish, pumpkin seed, raw",Finfish and Shellfish Products,high,89.0,89.0,0.0,19.2,19.4,0.2,1.2,0.7,-0.5,,,,0.0,0.0,0.0,36.0,80.0,44.0,0.3,1.2,0.9,310.0,350,40.0,0.5,1.55,1.05,1.0,1.0,0.0,0.0,15.0,15.0,0.06,0.08,0.02,0.14,0.07,-0.07,2.0,,,2.6,2.0,-0.6,0.4,0.203,-0.197
10188,魚介類,魚類,＜魚類＞　すずき　生,174184,"Fish, bass, fresh water, mixed species, raw",Finfish and Shellfish Products,high,113.0,114,1.0,19.8,18.9,-0.9,3.5,3.69,0.19,,,,0.0,0.0,0.0,12.0,80.0,68.0,0.2,1.49,1.29,370.0,356,-14.0,0.5,0.65,0.15,3.0,2.0,-1.0,0.0,30.0,30.0,0.02,0.075,0.055,0.2,0.074,-0.126,10.0,,,2.0,2.0,0.0,0.2,0.178,-0.022
10195,魚介類,魚類,＜魚類＞　（たい類）　まだい　養殖　皮つき　焼き,174231,"Fish, butterfish, cooked, dry heat",Finfish and Shellfish Products,high,186.0,187,1.0,22.7,22.2,-0.5,9.4,10.3,0.9,0.1,,,0.0,0.0,0.0,24.0,28.0,4.0,0.2,0.64,0.44,500.0,481,-19.0,0.5,0.99,0.49,3.0,0.0,-3.0,0.0,33.0,33.0,0.14,0.146,0.006,0.09,0.192,0.102,5.6,,,2.6,1.83,-0.77,0.1,0.29,0.19
10196,魚介類,魚類,＜魚類＞　たかさご　生,175129,"Fish, pollock, Atlantic, raw",Finfish and Shellfish Products,high,93.0,92.0,-1.0,20.2,19.4,-0.8,1.1,0.98,-0.12,0.1,,,0.0,0.0,0.0,51.0,60.0,9.0,0.5,0.46,-0.04,510.0,356,-154.0,0.7,0.47,-0.23,,0.0,,0.0,14.0,14.0,0.03,0.047,0.017,0.07,0.185,0.115,2.0,1.0,-1.0,4.4,3.19,-1.21,0.1,0.218,0.118
10198,魚介類,魚類,＜魚類＞　たちうお　生,174232,"Fish, halibut, greenland, cooked, dry heat",Finfish and Shellfish Products,high,238.0,239,1.0,16.5,18.4,1.9,17.7,17.7,0.0,,,,0.0,0.0,0.0,12.0,4.0,-8.0,0.2,0.85,0.65,290.0,344,54.0,0.5,0.51,0.01,1.0,0.0,-1.0,0.0,18.0,18.0,0.01,0.073,0.063,0.07,0.103,0.033,14.0,,,0.9,0.96,0.06,0.2,0.262,0.062
10200,魚介類,魚類,＜魚類＞　（たら類）　すけとうだら　すり身,173702,"Fish, surimi",Finfish and Shellfish Products,high,98.0,99.0,1.0,17.5,15.2,-2.3,0.1,0.9,0.8,,6.85,,0.0,0.0,0.0,7.0,9.0,2.0,0.1,0.26,0.16,130.0,112,-18.0,0.3,0.33,0.03,0.0,0.0,0.0,0.0,20.0,20.0,0.03,0.02,-0.01,0.05,0.021,-0.029,1.0,,,0.6,1.6,1.0,0.3,0.363,0.063
10206,魚介類,魚類,＜魚類＞　（たら類）　まだら　焼き,174237,"Fish, pollock, Atlantic, cooked, dry heat",Finfish and Shellfish Products,high,103.0,118,15.0,25.2,24.9,-0.3,0.2,1.26,1.06,0.2,,,0.0,0.0,0.0,48.0,77.0,29.0,0.4,0.59,0.19,480.0,456,-24.0,0.9,0.6,-0.3,,0.0,,0.0,12.0,12.0,0.09,0.054,-0.036,0.12,0.225,0.105,0.7,,,3.9,3.68,-0.22,0.4,0.279,-0.121
10209,魚介類,魚類,＜魚類＞　（たら類）　まだら　干しだら,174190,"Fish, cod, Atlantic, dried and salted",Finfish and Shellfish Products,high,299.0,290,-9.0,73.2,62.8,-10.4,0.6,2.37,1.77,0.1,,,0.0,0.0,0.0,80.0,160,80.0,0.1,2.5,2.4,1600.0,1460.0,-140.0,1.8,1.59,-0.21,0.0,3.5,3.5,0.0,42.0,42.0,0.2,0.268,0.068,0.3,0.24,-0.06,6.0,4.0,-2.0,8.6,10.0,1.4,3.8,17.856,14.056
10212,魚介類,魚類,＜魚類＞　ナイルティラピア　生,173700,"Fish, spot, raw",Finfish and Shellfish Products,high,124.0,123,-1.0,19.8,18.5,-1.3,4.6,4.9,0.3,0.2,,,0.0,0.0,0.0,29.0,14.0,-15.0,0.5,0.32,-0.18,370.0,496,126.0,0.4,0.51,0.11,1.0,0.0,-1.0,0.0,30.0,30.0,0.04,0.16,0.12,0.2,0.22,0.02,11.0,,,2.3,3.0,0.7,0.2,0.074,-0.126
10220,魚介類,魚類,＜魚類＞　にしん　開き干し,174233,"Fish, herring, Pacific, cooked, dry heat",Finfish and Shellfish Products,high,239.0,250,11.0,18.5,21.0,2.5,17.1,17.8,0.7,0.2,,,0.0,0.0,0.0,25.0,106,81.0,1.9,1.44,-0.46,350.0,542,192.0,1.0,0.68,-0.32,0.0,0.0,0.0,0.0,35.0,35.0,0.01,0.073,0.063,0.03,0.256,0.226,36.0,,,9.0,9.62,0.62,0.9,0.241,-0.659
10222,魚介類,魚類,＜魚類＞　にしん　かずのこ　生,174239,"Fish, roe, mixed species, cooked, dry heat",Finfish and Shellfish Products,high,139.0,204,65.0,25.2,28.6,3.4,3.4,8.23,4.83,0.2,1.92,1.72,0.0,0.0,0.0,50.0,28.0,-22.0,1.2,0.77,-0.43,210.0,283,73.0,2.3,1.28,-1.02,,16.4,,0.0,91.0,91.0,0.15,0.277,0.127,0.22,0.949,0.729,13.0,,,11.0,11.5,0.5,0.8,0.297,-0.503
10233,魚介類,魚類,＜魚類＞　ひらまさ　生,175163,"Fish, yellowtail, mixed species, raw",Finfish and Shellfish Products,high,128.0,146,18.0,22.6,23.1,0.5,3.6,5.24,1.64,0.1,,,0.0,0.0,0.0,12.0,23.0,11.0,0.4,0.49,0.09,450.0,420,-30.0,0.7,0.52,-0.18,3.0,2.8,-0.2,0.0,29.0,29.0,0.2,0.144,-0.056,0.14,0.04,-0.1,5.0,,,2.1,1.3,-0.8,0.1,0.099,-0.001
10244,魚介類,魚類,＜魚類＞　ほうぼう　生,175181,"Fish, trout, brook, raw, New York State",Finfish and Shellfish Products,high,110.0,110,0.0,19.6,21.2,1.6,3.0,2.73,-0.27,,,,0.0,,,42.0,25.0,-17.0,0.4,0.38,-0.02,380.0,417,37.0,0.5,0.55,0.05,3.0,,,0.0,,,0.09,0.137,0.047,0.15,0.101,-0.049,3.0,,,2.2,2.77,0.57,0.3,0.114,-0.186
10245,魚介類,魚類,＜魚類＞　ホキ　生,173725,"Fish, pollock, Alaska, raw",Finfish and Shellfish Products,high,78.0,76.0,-2.0,17.0,17.2,0.2,1.0,0.82,-0.18,,,,0.0,,,20.0,12.0,-8.0,0.3,0.27,-0.03,330.0,331,1.0,0.4,0.4,0.0,0.0,,,0.0,,,0.03,,,0.16,,,1.0,,,0.7,,,0.4,0.404,0.004
10289,魚介類,貝類,＜貝類＞　いがい　生,174216,"Mollusks, mussel, blue, raw",Finfish and Shellfish Products,high,63.0,86.0,23.0,10.3,11.9,1.6,0.8,2.24,1.44,3.1,3.69,0.59,0.0,0.0,0.0,43.0,26.0,-17.0,3.5,3.95,0.45,230.0,320,90.0,1.0,1.6,0.6,5.0,8.0,3.0,,48.0,,0.01,0.16,0.15,0.37,0.21,-0.16,0.0,0.0,0.0,10.0,12.0,2.0,1.4,0.726,-0.674
10292,魚介類,貝類,＜貝類＞　かき　養殖　生,174219,"Mollusks, oyster, Pacific, raw",Finfish and Shellfish Products,high,58.0,81.0,23.0,6.9,9.45,2.55,1.3,2.3,1.0,2.5,4.95,2.45,0.0,0.0,0.0,84.0,8.0,-76.0,2.1,5.11,3.01,190.0,168,-22.0,14.0,16.6,2.6,3.0,8.0,5.0,6.0,81.0,75.0,0.07,0.067,-0.003,0.14,0.233,0.093,0.1,,,23.0,16.0,-7.0,1.2,0.269,-0.931
10312,魚介類,貝類,＜貝類＞　ほたてがい　水煮,171976,"Mollusks, clam, mixed species, canned, drained solids",Finfish and Shellfish Products,high,89.0,142,53.0,17.6,24.2,6.6,0.8,1.59,0.79,1.9,5.9,4.0,0.0,0.0,0.0,24.0,65.0,41.0,2.8,2.68,-0.12,330.0,628,298.0,3.1,0.84,-2.26,2.0,0.0,-2.0,230.0,149,-81.0,0.04,0.024,-0.016,0.29,0.066,-0.224,0.0,0.1,0.1,18.0,18.6,0.6,0.6,0.284,-0.316
10313,魚介類,貝類,＜貝類＞　ほたてがい　貝柱　生,174220,"Mollusks, scallop, mixed species, raw",Finfish and Shellfish Products,high,82.0,69.0,-13.0,16.9,12.1,-4.8,0.1,0.49,0.39,3.5,3.18,-0.32,0.0,0.0,0.0,7.0,6.0,-1.0,0.2,0.38,0.18,380.0,205,-175.0,1.5,0.91,-0.59,2.0,0.0,-2.0,0.0,1.0,1.0,0.01,0.007,-0.003,0.06,0.015,-0.045,0.0,0.0,0.0,1.7,1.41,-0.29,0.3,0.996,0.696
10323,魚介類,えび・かに類,＜えび・かに類＞　（えび類）　くるまえび　養殖　焼き,175180,"Crustaceans, shrimp, cooked",Finfish and Shellfish Products,high,97.0,99.0,2.0,23.5,24.0,0.5,0.2,0.28,0.08,,0.2,,0.0,,,55.0,70.0,15.0,1.4,0.51,-0.89,400.0,259,-141.0,1.6,1.64,0.04,1.0,,,53.0,,,0.11,,,0.05,,,0.0,,,2.3,,,0.5,0.282,-0.218
10334,魚介類,えび・かに類,＜えび・かに類＞　（かに類）　毛がに　ゆで,174205,"Crustaceans, crab, blue, cooked, moist heat",Finfish and Shellfish Products,high,78.0,83.0,5.0,18.4,17.9,-0.5,0.3,0.74,0.44,0.2,,,0.0,0.0,0.0,66.0,91.0,25.0,0.6,0.5,-0.1,280.0,259,-21.0,3.8,3.81,0.01,,3.3,,0.0,1.0,1.0,0.07,0.023,-0.047,0.23,0.093,-0.137,0.0,0.0,0.0,2.5,3.33,0.83,0.6,1.003,0.403
10340,魚介類,えび・かに類,＜えび・かに類＞　（かに類）　たらばがに　水煮缶詰,175164,"Crustaceans, crab, alaska king, raw",Finfish and Shellfish Products,high,85.0,84.0,-1.0,20.6,18.3,-2.3,0.1,0.6,0.5,0.1,,,0.0,0.0,0.0,52.0,46.0,-6.0,0.2,0.59,0.39,90.0,204,114.0,6.3,5.95,-0.35,0.0,7.0,7.0,0.0,7.0,7.0,0.02,0.043,0.023,0.1,0.043,-0.057,0.0,,,6.1,9.0,2.9,1.5,2.123,0.623
10376,魚介類,水産練り製品,＜水産練り製品＞　かに風味かまぼこ,171973,"Crustaceans, shrimp, mixed species, imitation, made from surimi",Finfish and Shellfish Products,high,89.0,101,12.0,12.1,12.4,0.3,0.4,1.47,1.07,,9.13,,0.0,0.0,0.0,120.0,19.0,-101.0,0.2,0.6,0.4,76.0,89.0,13.0,0.2,0.33,0.13,1.0,0.0,-1.0,0.0,20.0,20.0,0.01,0.024,0.014,0.04,0.034,-0.006,1.0,,,0.7,1.6,0.9,2.2,1.791,-0.409
10400,魚介類,魚類,＜魚類＞　きす　天ぷら,175143,"Fish, shark, mixed species, cooked, batter-dipped and fried",Finfish and Shellfish Products,high,234.0,228,-6.0,18.4,18.6,0.2,14.0,13.8,-0.2,8.4,6.39,-2.01,0.7,0.0,-0.7,90.0,50.0,-40.0,0.2,1.11,0.91,330.0,155,-175.0,0.5,0.48,-0.02,1.0,0.0,-1.0,14.0,54.0,40.0,0.09,0.072,-0.018,0.06,0.097,0.037,0.6,,,2.0,1.21,-0.79,0.3,0.31,0.01
10401,魚介類,魚類,＜魚類＞　ぎんだら　水煮,174240,"Fish, sablefish, cooked, dry heat",Finfish and Shellfish Products,high,253.0,250,-3.0,14.9,17.2,2.3,21.6,19.6,-2.0,0.0,,,0.0,0.0,0.0,15.0,45.0,30.0,0.3,1.64,1.34,280.0,459,179.0,0.3,0.41,0.11,0.0,0.0,0.0,0.0,102,102.0,0.04,0.122,0.082,0.08,0.115,0.035,4.2,,,2.6,1.44,-1.16,0.2,0.183,-0.017
10405,魚介類,魚類,＜魚類＞　（さば類）　ごまさば　水煮,174236,"Fish, mackerel, king, cooked, dry heat",Finfish and Shellfish Products,high,139.0,134,-5.0,24.8,26.0,1.2,3.8,2.56,-1.24,0.2,,,0.0,0.0,0.0,13.0,40.0,27.0,1.8,2.28,0.48,350.0,558,208.0,1.2,0.72,-0.48,0.0,1.6,1.6,0.0,252,252.0,0.15,0.115,-0.035,0.28,0.58,0.3,4.9,,,14.0,18.0,4.0,0.1,0.516,0.416
10409,魚介類,魚類,＜魚類＞　（たら類）　すけとうだら　フライ,171957,"Fish, croaker, Atlantic, cooked, breaded and fried",Finfish and Shellfish Products,high,195.0,221,26.0,19.2,18.2,-1.0,11.3,12.7,1.4,7.2,7.54,0.34,,0.4,,34.0,32.0,-2.0,0.4,0.86,0.46,340.0,340,0.0,0.7,0.52,-0.18,,0.0,,1.0,23.0,22.0,0.05,0.09,0.04,0.13,0.13,0.0,0.4,,,2.5,2.1,-0.4,0.4,0.884,0.484
10414,魚介類,貝類,＜貝類＞　ほたてがい　貝柱　焼き,167742,"Mollusks, scallop, (bay and sea), cooked, steamed",Finfish and Shellfish Products,high,123.0,111,-12.0,23.8,20.5,-3.3,0.1,0.84,0.74,4.6,5.41,0.81,0.0,0.0,0.0,13.0,10.0,-3.0,0.3,0.58,0.28,480.0,314,-166.0,2.2,1.55,-0.65,1.0,0.0,-1.0,0.0,2.0,2.0,0.01,0.012,0.002,0.08,0.024,-0.056,0.0,0.0,0.0,2.1,2.15,0.05,0.4,1.694,1.294
10425,魚介類,魚類,＜魚類＞　（まぐろ類） めばち　赤身　生,175156,"Fish, tuna, fresh, skipjack, raw",Finfish and Shellfish Products,high,115.0,103,-12.0,25.4,22.0,-3.4,1.7,1.01,-0.69,0.3,,,0.0,0.0,0.0,3.0,29.0,26.0,0.9,1.25,0.35,440.0,407,-33.0,0.4,0.82,0.42,1.0,1.0,0.0,0.0,16.0,16.0,0.09,0.033,-0.057,0.05,0.1,0.05,3.6,,,1.4,1.9,0.5,0.1,0.094,-0.006
10427,魚介類,貝類,＜貝類＞　あわび　くろあわび　生,174212,"Mollusks, abalone, mixed species, raw",Finfish and Shellfish Products,high,76.0,105,29.0,14.3,17.1,2.8,0.3,0.76,0.46,3.7,6.01,2.31,0.0,0.0,0.0,25.0,31.0,6.0,2.2,3.19,0.99,160.0,250,90.0,,0.82,,1.0,2.0,1.0,17.0,2.0,-15.0,0.15,0.19,0.04,0.09,0.1,0.01,0.0,0.0,0.0,0.4,0.73,0.33,1.1,0.765,-0.335
10452,魚介類,魚類,＜魚類＞　（まぐろ類）　くろまぐろ　養殖　赤身　蒸し,171987,"Fish, tuna, white, canned in oil, without salt, drained solids",Finfish and Shellfish Products,high,187.0,186,-1.0,28.0,26.5,-1.5,8.1,8.08,-0.02,0.2,,,0.0,0.0,0.0,3.0,4.0,1.0,0.9,0.65,-0.25,410.0,333,-77.0,0.6,0.47,-0.13,2.0,0.0,-2.0,,,,0.17,0.017,-0.153,0.04,0.079,0.039,4.3,,,3.4,2.2,-1.2,0.1,0.127,0.027
11003,肉類,畜肉類,＜畜肉類＞　うさぎ　肉　赤肉　生,172521,"Game meat, rabbit, domesticated, composite of cuts, raw","Lamb, Veal, and Game Products",high,131.0,136,5.0,20.5,20.0,-0.5,4.7,5.55,0.85,,,,0.0,0.0,0.0,5.0,13.0,8.0,1.3,1.57,0.27,400.0,330,-70.0,1.0,1.57,0.57,1.0,0.0,-1.0,,0.0,,0.1,0.1,0.0,0.19,0.15,-0.04,0.0,,,5.6,7.16,1.56,0.1,0.104,0.004
11004,肉類,畜肉類,＜畜肉類＞　うし　［和牛肉］　かた　脂身つき　生,172152,"Beef, rib eye steak/roast, bone-in, lip-on, separable lean and fat, trimmed to 1/8"" fat, choice, raw",Beef Products,high,258.0,260,2.0,17.7,17.9,0.2,20.6,21.0,0.4,0.3,,,0.0,0.0,0.0,4.0,10.0,6.0,0.9,1.73,0.83,280.0,231,-49.0,4.9,4.04,-0.86,1.0,0.0,-1.0,,5.0,,0.08,0.084,0.004,0.21,0.244,0.034,0.0,0.2,0.2,1.5,1.74,0.24,0.1,0.145,0.045
11011,肉類,畜肉類,＜畜肉類＞　うし　［和牛肉］　リブロース　脂身つき　生,171728,"Beef, Australian, imported, grass-fed,  external fat, raw",Beef Products,high,514.0,509,-5.0,9.7,11.3,1.6,53.4,51.4,-2.0,0.1,0.39,0.29,0.0,0.0,0.0,2.0,6.0,4.0,1.2,0.95,-0.25,150.0,,,2.6,,,1.0,0.0,-1.0,3.0,36.0,33.0,0.04,,,0.09,,,0.0,,,1.1,,,0.1,0.091,-0.009
11013,肉類,畜肉類,＜畜肉類＞　うし　［和牛肉］　リブロース　赤肉　生,173979,"Beef, Australian, imported, Wagyu, loin, top loin steak/roast, separable lean and fat, Aust. marble score 9, raw",Beef Products,high,395.0,392,-3.0,14.0,14.6,0.6,38.5,37.0,-1.5,0.2,0.14,-0.06,0.0,0.0,0.0,3.0,4.0,1.0,1.7,1.54,-0.16,210.0,,,3.9,,,1.0,0.0,-1.0,2.0,4.0,2.0,0.05,,,0.13,,,0.0,,,1.5,,,0.1,0.155,0.055
11014,肉類,畜肉類,＜畜肉類＞　うし　［和牛肉］　リブロース　脂身　生,168605,"Beef, retail cuts, separable fat, raw",Beef Products,high,674.0,674,0.0,4.2,8.21,4.01,72.9,70.9,-2.0,0.0,,,0.0,0.0,0.0,2.0,26.0,24.0,0.6,0.72,0.12,69.0,96.0,27.0,0.9,0.82,-0.08,,0.0,,4.0,0.0,-4.0,0.02,0.03,0.01,0.03,0.037,0.007,0.0,0.3,0.3,0.7,0.73,0.03,0.1,0.066,-0.034
11019,肉類,畜肉類,＜畜肉類＞　うし　［和牛肉］　もも　脂身つき　生,173973,"Beef, Australian, imported, Wagyu, loin, tenderloin steak/roast, boneless, separable lean only, Aust. marble score 9, raw",Beef Products,high,235.0,237,2.0,19.2,18.9,-0.3,16.8,17.7,0.9,0.5,0.57,0.07,0.0,0.0,0.0,4.0,4.0,0.0,2.5,2.41,-0.09,320.0,,,4.0,,,1.0,0.0,-1.0,0.0,0.0,0.0,0.09,,,0.2,,,0.0,,,1.2,,,0.1,0.157,0.057
11029,肉類,畜肉類,＜畜肉類＞　うし　［和牛肉］　ヒレ　赤肉　生,171732,"Beef, Australian, imported, Wagyu, loin, tenderloin steak/roast, boneless, separable lean and fat, Aust. marble score 4/5, raw",Beef Products,high,207.0,206,-1.0,19.1,19.7,0.6,13.8,14.1,0.3,0.3,,,0.0,0.0,0.0,3.0,4.0,1.0,2.5,2.2,-0.3,340.0,,,4.2,,,1.0,0.0,-1.0,,1.0,,0.09,,,0.24,,,0.0,,,1.6,,,0.1,0.16,0.06
11030,肉類,畜肉類,＜畜肉類＞　うし　［乳用肥育牛肉］　かた　脂身つき　生,168672,"Beef, chuck, blade roast, separable lean and fat, trimmed to 1/8"" fat, select, raw",Beef Products,high,231.0,230,-1.0,17.1,17.4,0.3,18.0,17.3,-0.7,0.3,,,0.0,0.0,0.0,4.0,10.0,6.0,2.1,2.07,-0.03,290.0,276,-14.0,4.5,5.07,0.57,1.0,0.0,-1.0,1.0,,,0.08,0.1,0.02,0.2,0.17,-0.03,0.0,,,2.8,3.44,0.64,0.2,0.175,-0.025
11034,肉類,畜肉類,＜畜肉類＞　うし　［乳用肥育牛肉］　かたロース　脂身つき　生,169508,"Beef, rib, large end (ribs 6-9), separable lean and fat, trimmed to 1/8"" fat, select, raw",Beef Products,high,295.0,295,0.0,16.2,16.5,0.3,24.7,24.8,0.1,0.2,,,0.0,0.0,0.0,4.0,8.0,4.0,0.9,1.74,0.84,260.0,266,6.0,4.7,3.84,-0.86,1.0,0.0,-1.0,3.0,0.0,-3.0,0.06,0.08,0.02,0.17,0.14,-0.03,0.1,,,1.7,2.75,1.05,0.1,0.142,0.042
11036,肉類,畜肉類,＜畜肉類＞　うし　［乳用肥育牛肉］　かたロース　赤肉　生,170833,"Beef, chuck eye Country-Style ribs, boneless, separable lean and fat, trimmed to 0"" fat, select, raw",Beef Products,high,196.0,196,0.0,19.1,19.1,0.0,12.7,13.3,0.6,0.2,,,0.0,0.0,0.0,4.0,14.0,10.0,2.4,1.97,-0.43,310.0,271,-39.0,5.7,5.89,0.19,1.0,0.0,-1.0,,4.0,,0.07,0.07,0.0,0.2,0.157,-0.043,0.1,0.1,0.0,2.0,2.8,0.8,0.1,0.196,0.096
11038,肉類,畜肉類,＜畜肉類＞　うし　［乳用肥育牛肉］　リブロース　脂身つき　焼き,168613,"Beef, rib, shortribs, separable lean and fat, choice, cooked, braised",Beef Products,high,457.0,471,14.0,20.4,21.6,1.2,42.3,42.0,-0.3,0.3,,,0.0,0.0,0.0,4.0,12.0,8.0,1.4,2.31,0.91,290.0,224,-66.0,5.3,4.88,-0.42,1.0,0.0,-1.0,10.0,0.0,-10.0,0.07,0.05,-0.02,0.17,0.15,-0.02,0.1,0.7,0.6,1.4,2.62,1.22,0.1,0.127,0.027
11041,肉類,畜肉類,＜畜肉類＞　うし　［乳用肥育牛肉］　リブロース　赤肉　生,173402,"Beef, rib eye steak, boneless, lip off, separable lean and fat, trimmed to 0"" fat, all grades, raw",Beef Products,high,230.0,228,-2.0,18.8,19.3,0.5,16.4,16.7,0.3,0.3,0.12,-0.18,0.0,0.0,0.0,4.0,8.0,4.0,2.1,1.81,-0.29,300.0,246,-54.0,5.2,4.96,-0.24,2.0,0.0,-2.0,4.0,4.0,0.0,0.06,0.099,0.039,0.17,0.244,0.074,0.2,0.1,-0.1,1.3,1.73,0.43,0.1,0.132,0.032
11044,肉類,畜肉類,＜畜肉類＞　うし　［乳用肥育牛肉］　サーロイン　皮下脂肪なし　生,169509,"Beef, rib, small end (ribs 10-12), separable lean and fat, trimmed to 1/8"" fat, all grades, raw",Beef Products,high,253.0,254,1.0,18.4,19.3,0.9,19.3,19.1,-0.2,0.5,,,0.0,0.0,0.0,4.0,23.0,19.0,0.8,1.39,0.59,300.0,295,-5.0,3.3,3.33,0.03,1.0,0.0,-1.0,2.0,0.0,-2.0,0.06,0.06,0.0,0.11,0.093,-0.017,0.0,,,0.8,1.0,0.2,0.1,0.124,0.024
11046,肉類,畜肉類,＜畜肉類＞　うし　［乳用肥育牛肉］　ばら　脂身つき　生,169439,"Beef, rib, shortribs, separable lean and fat, choice, raw",Beef Products,high,381.0,390,9.0,12.8,14.4,1.6,37.3,36.2,-1.1,0.3,0.4,0.1,0.0,0.0,0.0,3.0,9.0,6.0,1.4,1.55,0.15,190.0,232,42.0,2.8,3.16,0.36,1.0,0.0,-1.0,2.0,0.0,-2.0,0.05,0.071,0.021,0.12,0.118,-0.002,0.0,,,1.9,2.56,0.66,0.1,0.124,0.024
11048,肉類,畜肉類,＜畜肉類＞　うし　［乳用肥育牛肉］　もも　皮下脂肪なし　生,168743,"Beef, brisket, flat half, boneless, separable lean and fat, trimmed to 0"" fat, choice, raw",Beef Products,high,169.0,169,0.0,20.5,20.2,-0.3,9.2,9.86,0.66,0.4,,,0.0,0.0,0.0,4.0,13.0,9.0,1.3,1.98,0.68,340.0,349,9.0,4.7,4.93,0.23,1.0,0.0,-1.0,0.0,4.0,4.0,0.08,0.07,-0.01,0.21,0.154,-0.056,0.0,0.1,0.1,1.2,1.68,0.48,0.1,0.201,0.101
11052,肉類,畜肉類,＜畜肉類＞　うし　［乳用肥育牛肉］　もも　脂身　生,171730,"Beef, Australian, imported, Wagyu, external fat, Aust. marble score 4/5, raw",Beef Products,high,594.0,596,2.0,5.1,6.54,1.44,63.8,63.3,-0.5,0.2,,,0.0,0.0,0.0,2.0,2.0,0.0,1.1,1.0,-0.1,140.0,,,0.7,,,1.0,0.0,-1.0,0.0,22.0,22.0,0.03,,,0.03,,,0.0,,,0.4,,,0.1,0.094,-0.006
11055,肉類,畜肉類,＜畜肉類＞　うし　［乳用肥育牛肉］　そともも　赤肉　生,173971,"Beef, Australian, imported, grass-fed, round, bottom round steak/roast, boneless, separable lean only, raw",Beef Products,high,131.0,130,-1.0,21.3,21.4,0.1,4.6,4.93,0.33,0.7,,,0.0,0.0,0.0,4.0,4.0,0.0,2.4,2.11,-0.29,360.0,,,3.8,,,1.0,0.0,-1.0,,0.0,,0.09,,,0.21,,,0.0,,,1.9,,,0.2,0.18,-0.02
11058,肉類,畜肉類,＜畜肉類＞　うし　［乳用肥育牛肉］　ランプ　赤肉　生,174058,"Beef, round, bottom round, roast, separable lean only, trimmed to 1/8"" fat, choice, raw",Beef Products,high,142.0,140,-2.0,22.0,22.2,0.2,5.3,4.96,-0.34,0.7,,,0.0,0.0,0.0,4.0,19.0,15.0,2.7,2.06,-0.64,340.0,341,1.0,4.4,4.16,-0.24,2.0,0.0,-2.0,,0.0,,0.1,0.093,-0.007,0.23,0.16,-0.07,0.0,,,1.9,1.85,-0.05,0.2,0.142,-0.058
11067,肉類,畜肉類,＜畜肉類＞　うし　［輸入牛肉］　リブロース　脂身つき　生,173404,"Beef, rib eye steak, boneless, lip off, separable lean and fat, trimmed to 0"" fat, select, raw",Beef Products,high,212.0,208,-4.0,20.1,20.1,0.0,14.2,14.1,-0.1,0.4,,,0.0,0.0,0.0,4.0,7.0,3.0,2.2,1.72,-0.48,330.0,268,-62.0,4.7,5.13,0.43,2.0,0.0,-2.0,2.0,5.0,3.0,0.08,0.088,0.008,0.16,0.239,0.079,0.4,0.1,-0.3,1.3,1.66,0.36,0.1,0.132,0.032
11069,肉類,畜肉類,＜畜肉類＞　うし　［輸入牛肉］　リブロース　赤肉　生,170839,"Beef, rib eye steak/roast, boneless, lip-on, separable lean only, trimmed to 1/8"" fat, all grades, raw",Beef Products,high,163.0,156,-7.0,21.7,22.0,0.3,8.2,7.54,-0.66,0.4,,,0.0,0.0,0.0,4.0,6.0,2.0,2.3,1.94,-0.36,350.0,276,-74.0,5.2,5.67,0.47,2.0,0.0,-2.0,0.0,2.0,2.0,0.09,0.115,0.025,0.17,0.271,0.101,0.2,0.1,-0.1,1.5,1.87,0.37,0.1,0.142,0.042
11070,肉類,畜肉類,＜畜肉類＞　うし　［輸入牛肉］　リブロース　脂身　生,173967,"Beef, Australian, imported, Wagyu, external fat, Aust. marble score 9, raw",Beef Products,high,653.0,639,-14.0,5.7,5.54,-0.16,66.7,68.1,1.4,0.1,0.97,0.87,0.0,0.0,0.0,1.0,4.0,3.0,1.1,0.81,-0.29,130.0,,,1.1,,,0.0,0.0,0.0,17.0,22.0,5.0,0.01,,,0.02,,,2.2,,,0.3,,,0.0,0.109,0.109
11072,肉類,畜肉類,＜畜肉類＞　うし　［輸入牛肉］　サーロイン　皮下脂肪なし　生,168719,"Beef, loin, top loin, separable lean and fat, trimmed to 1/8"" fat, select, raw",Beef Products,high,218.0,224,6.0,19.1,20.6,1.5,14.9,15.0,0.1,0.4,,,0.0,0.0,0.0,4.0,23.0,19.0,1.3,1.47,0.17,320.0,313,-7.0,3.4,3.45,0.05,1.0,0.0,-1.0,3.0,0.0,-3.0,0.06,0.074,0.014,0.13,0.112,-0.018,0.4,,,0.7,0.98,0.28,0.1,0.132,0.032
11073,肉類,畜肉類,＜畜肉類＞　うし　［輸入牛肉］　サーロイン　赤肉　生,171734,"Beef, Australian, imported, grass-fed, loin, top sirloin cap-off steak/roast, boneless, separable lean only, raw",Beef Products,high,127.0,122,-5.0,22.0,21.9,-0.1,3.8,3.87,0.07,0.5,,,0.0,0.0,0.0,4.0,5.0,1.0,2.2,2.53,0.33,360.0,,,3.9,,,2.0,0.0,-2.0,,0.0,,0.06,,,0.16,,,0.0,,,0.8,,,0.1,0.152,0.052
11075,肉類,畜肉類,＜畜肉類＞　うし　［輸入牛肉］　もも　脂身つき　生,168646,"Beef, round, tip round, roast, separable lean and fat, trimmed to 0"" fat, choice, raw",Beef Products,high,148.0,156,8.0,19.6,20.2,0.6,7.5,7.73,0.23,0.4,,,0.0,0.0,0.0,3.0,15.0,12.0,2.4,1.78,-0.62,310.0,309,-1.0,3.8,3.68,-0.12,1.0,0.0,-1.0,2.0,0.0,-2.0,0.08,0.077,-0.003,0.19,0.139,-0.051,0.2,,,1.5,1.71,0.21,0.1,0.13,0.03
11079,肉類,畜肉類,＜畜肉類＞　うし　［輸入牛肉］　そともも　脂身つき　生,169487,"Beef, composite of trimmed retail cuts, separable lean and fat, trimmed to 1/8"" fat, select, raw",Beef Products,high,197.0,193,-4.0,18.7,19.1,0.4,12.7,12.4,-0.3,0.3,,,0.0,0.0,0.0,4.0,17.0,13.0,1.1,1.52,0.42,320.0,279,-41.0,2.9,3.84,0.94,1.0,0.0,-1.0,6.0,2.0,-4.0,0.06,0.074,0.014,0.16,0.146,-0.014,0.3,0.0,-0.3,1.3,1.27,-0.03,0.1,0.13,0.03
11080,肉類,畜肉類,＜畜肉類＞　うし　［輸入牛肉］　そともも　皮下脂肪なし　生,168736,"Beef, bottom sirloin, tri-tip roast, separable lean and fat, trimmed to 0"" fat, choice, raw",Beef Products,high,178.0,174,-4.0,19.3,20.6,1.3,10.5,9.51,-0.99,0.3,,,0.0,0.0,0.0,4.0,25.0,21.0,1.0,1.47,0.47,330.0,313,-17.0,3.0,3.61,0.61,1.0,0.0,-1.0,4.0,0.0,-4.0,0.06,0.055,-0.005,0.17,0.087,-0.083,0.3,,,1.4,1.15,-0.25,0.1,0.13,0.03
11083,肉類,畜肉類,＜畜肉類＞　うし　［輸入牛肉］　ランプ　皮下脂肪なし　生,171235,"Beef, rib eye steak/roast, bone-in, lip-on, separable lean only, trimmed to 1/8"" fat, choice, raw",Beef Products,high,174.0,173,-1.0,19.7,20.9,1.2,9.8,9.97,0.17,0.5,,,0.0,0.0,0.0,4.0,9.0,5.0,1.1,1.95,0.85,330.0,270,-60.0,3.7,4.77,1.07,1.0,0.0,-1.0,4.0,2.0,-2.0,0.1,0.1,0.0,0.26,0.278,0.018,0.3,0.1,-0.2,2.0,1.93,-0.07,0.1,0.165,0.065
11084,肉類,畜肉類,＜畜肉類＞　うし　［輸入牛肉］　ランプ　赤肉　生,171757,"Beef, round, top round steak, boneless, separable lean only, trimmed to 0"" fat, all grades, raw",Beef Products,high,112.0,121,9.0,21.6,23.6,2.0,2.4,2.94,0.54,0.5,,,0.0,0.0,0.0,4.0,13.0,9.0,2.6,2.34,-0.26,360.0,313,-47.0,4.1,3.7,-0.4,1.0,0.0,-1.0,,2.0,,0.11,0.064,-0.046,0.29,0.236,-0.054,0.2,0.0,-0.2,2.3,1.64,-0.66,0.1,0.137,0.037
11088,肉類,畜肉類,＜畜肉類＞　うし　［子牛肉］　もも　皮下脂肪なし　生,175269,"Veal, leg (top round), separable lean only, raw","Lamb, Veal, and Game Products",high,107.0,107,0.0,21.2,21.3,0.1,2.1,1.76,-0.34,0.2,,,0.0,0.0,0.0,5.0,5.0,0.0,1.3,0.8,-0.5,390.0,372,-18.0,2.3,2.34,0.04,1.0,0.0,-1.0,,0.0,,0.08,0.08,0.0,0.16,0.28,0.12,0.0,,,0.8,1.05,0.25,0.1,0.163,0.063
11090,肉類,畜肉類,＜畜肉類＞　うし　［副生物］　舌　生,174737,"Beef, New Zealand, imported, variety meats and by-products, tongue, cooked, boiled",Beef Products,high,318.0,271,-47.0,13.3,18.3,5.0,29.7,20.3,-9.4,0.2,3.68,3.48,0.0,0.0,0.0,3.0,5.0,2.0,2.0,2.52,0.52,230.0,189,-41.0,2.8,4.2,1.4,1.0,0.0,-1.0,5.0,12.0,7.0,0.1,0.059,-0.041,0.23,0.227,-0.003,0.0,0.3,0.3,3.8,3.95,0.15,0.2,0.145,-0.055
11091,肉類,畜肉類,＜畜肉類＞　うし　［副生物］　心臓　生,172527,"Lamb, variety meats and by-products, heart, raw","Lamb, Veal, and Game Products",high,128.0,122,-6.0,16.5,16.5,0.0,6.2,5.68,-0.52,0.1,0.21,0.11,0.0,0.0,0.0,5.0,6.0,1.0,3.3,4.6,1.3,260.0,316,56.0,2.1,1.87,-0.23,4.0,5.0,1.0,,0.0,,0.42,0.37,-0.05,0.9,0.99,0.09,0.0,,,12.0,10.2,-1.8,0.2,0.226,0.026
11097,肉類,畜肉類,＜畜肉類＞　うし　［副生物］　第四胃　ゆで,173092,"Beef, New Zealand, imported, sweetbread, cooked, boiled",Beef Products,high,308.0,318,10.0,11.1,12.5,1.4,28.7,29.8,1.1,0.0,,,0.0,0.0,0.0,8.0,4.0,-4.0,1.8,1.12,-0.68,51.0,258,207.0,1.4,1.2,-0.2,0.0,0.0,0.0,,19.0,,0.05,0.077,0.027,0.14,0.114,-0.026,0.2,0.6,0.4,3.6,1.5,-2.1,0.1,0.132,0.032
11100,肉類,畜肉類,＜畜肉類＞　うし　［副生物］　直腸　生,170599,"Beef, variety meats and by-products, tripe, raw",Beef Products,high,106.0,85.0,-21.0,11.6,12.1,0.5,6.4,3.69,-2.71,0.0,,,0.0,0.0,0.0,9.0,69.0,60.0,0.6,0.59,-0.01,190.0,67.0,-123.0,1.7,1.42,-0.28,6.0,0.0,-6.0,,0.0,,0.05,0.0,-0.05,0.15,0.064,-0.086,0.0,0.0,0.0,1.7,1.39,-0.31,0.2,0.246,0.046
11105,肉類,畜肉類,＜畜肉類＞　うし　［加工品］　コンビーフ缶詰,170200,"Beef, cured, corned beef, brisket, cooked",Beef Products,high,191.0,251,60.0,19.8,18.2,-1.6,12.6,19.0,6.4,1.0,0.47,-0.53,0.0,0.0,0.0,15.0,8.0,-7.0,3.5,1.86,-1.64,110.0,145,35.0,4.1,4.58,0.48,0.0,0.0,0.0,,0.0,,0.02,0.026,0.006,0.14,0.17,0.03,0.0,0.1,0.1,1.3,1.63,0.33,1.8,2.471,0.671
11114,肉類,畜肉類,＜畜肉類＞　しか　あかしか　赤肉　生,174344,"Game meat, moose, raw","Lamb, Veal, and Game Products",high,102.0,102,0.0,22.3,22.2,-0.1,0.9,0.74,-0.16,0.5,,,0.0,0.0,0.0,4.0,5.0,1.0,3.1,3.21,0.11,350.0,317,-33.0,3.1,2.8,-0.3,1.0,4.0,3.0,0.0,0.0,0.0,0.21,0.06,-0.15,0.35,0.27,-0.08,,,,0.6,,,0.1,0.165,0.065
11121,肉類,畜肉類,＜畜肉類＞　ぶた　［大型種肉］　かたロース　赤肉　生,167845,"Pork, fresh, shoulder, whole, separable lean only, raw",Pork Products,high,146.0,148,2.0,19.7,19.6,-0.1,7.1,7.14,0.04,0.1,,,0.0,0.0,0.0,4.0,14.0,10.0,1.1,1.22,0.12,340.0,341,1.0,3.2,3.14,-0.06,2.0,0.8,-1.2,,2.0,,0.72,0.884,0.164,0.28,0.314,0.034,0.2,,,0.4,0.84,0.44,0.2,0.193,-0.007
11122,肉類,畜肉類,＜畜肉類＞　ぶた　［大型種肉］　かたロース　脂身　生,168269,"Pork, fresh, variety meats and by-products, jowl, raw",Pork Products,high,644.0,655,11.0,5.4,6.38,0.98,69.1,69.6,0.5,0.0,,,0.0,0.0,0.0,2.0,4.0,2.0,0.4,0.42,0.02,110.0,148,38.0,0.6,0.84,0.24,1.0,0.0,-1.0,0.0,3.0,3.0,0.23,0.386,0.156,0.05,0.236,0.186,0.7,,,0.5,0.82,0.32,0.1,0.064,-0.036
11125,肉類,畜肉類,＜畜肉類＞　ぶた　［大型種肉］　ロース　脂身つき　ゆで,168300,"Pork, fresh, backribs, separable lean and fat, cooked, roasted",Pork Products,high,299.0,292,-7.0,23.9,23.0,-0.9,23.4,21.5,-1.9,0.3,,,0.0,0.0,0.0,5.0,46.0,41.0,0.4,0.92,0.52,180.0,240,60.0,2.2,3.07,0.87,,0.0,,0.0,6.0,6.0,0.54,0.46,-0.08,0.16,0.331,0.171,0.1,1.2,1.1,0.6,0.74,0.14,0.1,0.239,0.139
11127,肉類,畜肉類,＜畜肉類＞　ぶた　［大型種肉］　ロース　赤肉　生,168302,"Pork, fresh, loin, center rib (chops or roasts), boneless, separable lean only, raw",Pork Products,high,140.0,152,12.0,22.7,21.8,-0.9,5.1,6.48,1.38,0.3,,,0.0,0.0,0.0,5.0,5.0,0.0,0.7,0.77,0.07,360.0,421,61.0,1.9,1.69,-0.21,1.0,0.3,-0.7,,2.0,,0.8,0.856,0.056,0.18,0.268,0.088,0.1,0.6,0.5,0.3,0.53,0.23,0.1,0.114,0.014
11131,肉類,畜肉類,＜畜肉類＞　ぶた　［大型種肉］　もも　皮下脂肪なし　生,168224,"Pork, fresh, leg (ham), whole, separable lean only, raw",Pork Products,high,138.0,136,-2.0,21.5,20.5,-1.0,5.4,5.41,0.01,0.2,,,0.0,0.0,0.0,4.0,6.0,2.0,0.7,1.01,0.31,360.0,369,9.0,2.1,2.27,0.17,1.0,0.9,-0.1,0.0,2.0,2.0,0.94,0.875,-0.065,0.22,0.228,0.008,0.1,0.6,0.5,0.3,0.71,0.41,0.1,0.14,0.04
11132,肉類,畜肉類,＜畜肉類＞　ぶた　［大型種肉］　もも　皮下脂肪なし　焼き,168313,"Pork, fresh, loin, tenderloin, separable lean only, cooked, broiled",Pork Products,high,186.0,187,1.0,30.2,30.4,0.2,6.7,6.33,-0.37,0.3,,,0.0,0.0,0.0,5.0,5.0,0.0,1.0,1.43,0.43,450.0,451,1.0,3.1,2.95,-0.15,1.0,1.0,0.0,0.0,2.0,2.0,1.19,0.988,-0.202,0.28,0.387,0.107,0.1,,,0.5,1.0,0.5,0.1,0.165,0.065
11139,肉類,畜肉類,＜畜肉類＞　ぶた　［大型種肉］　そともも　脂身　生,168221,"Pork, fresh, separable fat, cooked",Pork Products,high,631.0,626,-5.0,6.6,7.06,0.46,67.2,66.1,-1.1,0.0,,,0.0,0.0,0.0,1.0,22.0,21.0,0.5,0.46,-0.04,130.0,125,-5.0,0.4,0.75,0.35,1.0,0.0,-1.0,0.0,24.0,24.0,0.27,0.21,-0.06,0.05,0.2,0.15,0.4,1.8,1.4,0.4,0.54,0.14,0.1,0.142,0.042
11140,肉類,畜肉類,＜畜肉類＞　ぶた　［大型種肉］　ヒレ　赤肉　生,168312,"Pork, fresh, loin, tenderloin, separable lean and fat, raw",Pork Products,high,118.0,120,2.0,22.2,20.6,-1.6,3.3,3.53,0.23,0.3,,,0.0,0.0,0.0,3.0,6.0,3.0,0.9,0.97,0.07,430.0,393,-37.0,2.2,1.87,-0.33,1.0,0.0,-1.0,0.0,0.0,0.0,1.32,0.982,-0.338,0.25,0.337,0.087,0.3,0.3,0.0,0.5,0.52,0.02,0.1,0.132,0.032
11141,肉類,畜肉類,＜畜肉類＞　ぶた　［中型種肉］　かた　脂身つき　生,167843,"Pork, fresh, shoulder, whole, separable lean and fat, raw",Pork Products,high,224.0,236,12.0,18.3,17.2,-1.1,16.8,18.0,1.2,0.0,,,0.0,0.0,0.0,4.0,15.0,11.0,0.5,1.05,0.55,320.0,302,-18.0,3.0,2.7,-0.3,1.0,0.7,-0.3,0.0,2.0,2.0,0.7,0.767,0.067,0.22,0.275,0.055,,1.7,,0.3,0.74,0.44,0.1,0.165,0.065
11142,肉類,畜肉類,＜畜肉類＞　ぶた　［中型種肉］　かた　皮下脂肪なし　生,168316,"Pork, fresh, composite of trimmed retail cuts (loin and shoulder blade), separable lean and fat, raw",Pork Products,high,172.0,177,5.0,19.7,20.1,0.4,10.4,10.1,-0.3,0.0,,,0.0,0.0,0.0,5.0,16.0,11.0,0.5,0.74,0.24,350.0,345,-5.0,3.3,2.01,-1.29,1.0,0.1,-0.9,0.0,2.0,2.0,0.75,0.582,-0.168,0.24,0.238,-0.002,,0.5,,0.3,0.64,0.34,0.1,0.137,0.037
11143,肉類,畜肉類,＜畜肉類＞　ぶた　［中型種肉］　かた　赤肉　生,168258,"Pork, fresh, shoulder, arm picnic, separable lean only, raw",Pork Products,high,113.0,120,7.0,21.4,20.3,-1.1,3.1,3.77,0.67,0.0,,,0.0,0.0,0.0,5.0,11.0,6.0,1.2,0.62,-0.58,380.0,427,47.0,3.6,2.41,-1.19,2.0,0.0,-2.0,,2.0,,0.82,0.655,-0.165,0.27,0.272,0.002,0.0,0.6,0.6,0.3,0.55,0.25,0.2,0.229,0.029
11146,肉類,畜肉類,＜畜肉類＞　ぶた　［中型種肉］　かたロース　皮下脂肪なし　生,167888,"Pork, fresh, composite of trimmed retail cuts (leg, loin, shoulder, and spareribs), separable lean and fat, raw",Pork Products,high,212.0,216,4.0,18.5,19.0,0.5,15.0,15.0,0.0,0.0,,,0.0,0.0,0.0,4.0,19.0,15.0,0.6,0.86,0.26,330.0,335,5.0,3.4,2.01,-1.39,1.0,0.5,-0.5,0.0,2.0,2.0,0.74,0.841,0.101,0.25,0.254,0.004,,,,0.4,0.66,0.26,0.1,0.14,0.04
11150,肉類,畜肉類,＜畜肉類＞　ぶた　［中型種肉］　ロース　皮下脂肪なし　生,168286,"Pork, fresh, loin, center loin (chops), boneless, separable lean and fat, raw",Pork Products,high,203.0,201,-2.0,20.6,21.1,0.5,13.1,13.0,-0.1,0.2,,,0.0,0.0,0.0,4.0,9.0,5.0,0.2,0.48,0.28,340.0,345,5.0,1.8,1.31,-0.49,1.0,0.0,-1.0,0.0,5.0,5.0,0.86,0.615,-0.245,0.14,0.203,0.063,0.1,0.3,0.2,0.3,0.43,0.13,0.1,0.208,0.108
11151,肉類,畜肉類,＜畜肉類＞　ぶた　［中型種肉］　ロース　赤肉　生,168263,"Pork, fresh, loin, center loin (chops), boneless, separable lean only, raw",Pork Products,high,131.0,123,-8.0,22.9,23.8,0.9,4.1,3.09,-1.01,0.2,,,0.0,0.0,0.0,4.0,6.0,2.0,0.6,0.48,-0.12,380.0,386,6.0,2.0,1.42,-0.58,1.0,0.0,-1.0,,1.0,,0.96,0.69,-0.27,0.15,0.203,0.053,0.1,0.6,0.5,0.3,0.41,0.11,0.1,0.221,0.121
11152,肉類,畜肉類,＜畜肉類＞　ぶた　［中型種肉］　ロース　脂身　生,167811,"Pork, fresh, backfat, raw",Pork Products,high,716.0,812,96.0,4.1,2.92,-1.18,77.7,88.7,11.0,0.0,,,0.0,0.0,0.0,1.0,2.0,1.0,0.2,0.18,-0.02,82.0,65.0,-17.0,0.3,0.37,0.07,1.0,0.1,-0.9,0.0,5.0,5.0,0.19,0.084,-0.106,0.04,0.051,0.011,0.1,3.1,3.0,0.4,0.18,-0.22,0.0,0.028,0.028
11153,肉類,畜肉類,＜畜肉類＞　ぶた　［中型種肉］　ばら　脂身つき　生,168219,"Pork, fresh, carcass, separable lean and fat, raw",Pork Products,high,398.0,376,-22.0,13.4,13.9,0.5,39.0,35.1,-3.9,0.0,,,0.0,0.0,0.0,3.0,19.0,16.0,0.6,0.69,0.09,220.0,253,33.0,1.6,1.59,-0.01,1.0,0.4,-0.6,,2.0,,0.45,0.595,0.145,0.11,0.207,0.097,0.1,,,0.3,0.61,0.31,0.1,0.107,0.007
11158,肉類,畜肉類,＜畜肉類＞　ぶた　［中型種肉］　そともも　脂身つき　生,168222,"Pork, fresh, leg (ham), whole, separable lean and fat, raw",Pork Products,high,252.0,245,-7.0,18.0,17.4,-0.6,19.6,18.9,-0.7,0.2,,,0.0,0.0,0.0,4.0,5.0,1.0,0.6,0.85,0.25,320.0,315,-5.0,2.2,1.93,-0.27,1.0,0.7,-0.3,0.0,0.0,0.0,0.7,0.736,0.036,0.18,0.2,0.02,,0.5,,0.3,0.63,0.33,0.1,0.119,0.019
11163,肉類,畜肉類,＜畜肉類＞　ぶた　［ひき肉］　生,167810,"Pork, fresh, composite of trimmed leg, loin, shoulder, and spareribs, (includes cuts to be cured), separable lean and fat, raw",Pork Products,high,209.0,211,2.0,17.7,18.2,0.5,16.1,14.8,-1.3,0.1,,,0.0,0.0,0.0,6.0,11.0,5.0,1.0,0.89,-0.11,290.0,319,29.0,2.8,2.27,-0.53,1.0,0.3,-0.7,0.0,1.0,1.0,0.69,0.622,-0.068,0.22,0.255,0.035,0.4,0.7,0.3,0.6,0.67,0.07,0.1,0.145,0.045
11164,肉類,畜肉類,＜畜肉類＞　ぶた　［副生物］　舌　生,168275,"Pork, fresh, variety meats and by-products, tongue, raw",Pork Products,high,205.0,225,20.0,15.9,16.3,0.4,15.2,17.2,2.0,0.1,,,0.0,0.0,0.0,8.0,16.0,8.0,2.3,3.35,1.05,220.0,243,23.0,2.0,3.01,1.01,3.0,4.4,1.4,,0.0,,0.37,0.49,0.12,0.43,0.485,0.055,2.0,,,2.2,2.84,0.64,0.2,0.279,0.079
11165,肉類,畜肉類,＜畜肉類＞　ぶた　［副生物］　心臓　生,168267,"Pork, fresh, variety meats and by-products, heart, raw",Pork Products,high,118.0,118,0.0,16.2,17.3,1.1,5.0,4.36,-0.64,0.1,1.33,1.23,0.0,0.0,0.0,5.0,5.0,0.0,3.5,4.68,1.18,270.0,294,24.0,1.7,2.8,1.1,4.0,5.3,1.3,,8.0,,0.38,0.613,0.233,0.95,1.18,0.23,0.7,,,2.5,3.79,1.29,0.2,0.142,-0.058
11166,肉類,畜肉類,＜畜肉類＞　ぶた　［副生物］　肝臓　生,167862,"Pork, fresh, variety meats and by-products, liver, raw",Pork Products,high,114.0,134,20.0,20.4,21.4,1.0,1.9,3.65,1.75,2.5,2.47,-0.03,0.0,0.0,0.0,5.0,9.0,4.0,13.0,23.3,10.3,290.0,273,-17.0,6.9,5.76,-1.14,20.0,25.3,5.3,,6500.0,,0.34,0.283,-0.057,3.6,3.0,-0.6,1.3,,,25.0,26.0,1.0,0.1,0.221,0.121
11172,肉類,畜肉類,＜畜肉類＞　ぶた　［副生物］　豚足　ゆで,168290,"Pork, fresh, variety meats and by-products, feet, cooked, simmered",Pork Products,high,227.0,238,11.0,20.1,21.9,1.8,16.3,16.0,-0.3,,,,0.0,0.0,0.0,12.0,,,1.4,0.98,-0.42,50.0,33.0,-17.0,1.0,1.05,0.05,0.0,0.0,0.0,0.0,0.0,0.0,0.05,0.016,-0.034,0.12,0.057,-0.063,1.0,0.0,-1.0,0.4,0.41,0.01,0.3,0.185,-0.115
11176,肉類,畜肉類,＜畜肉類＞　ぶた　［ハム類］　ロースハム　ロースハム,168283,"Pork, cured, ham, center slice, separable lean and fat, unheated",Pork Products,high,211.0,203,-8.0,18.6,20.2,1.6,13.5,12.9,-0.6,1.2,0.05,-1.15,0.0,0.0,0.0,4.0,7.0,3.0,0.5,0.75,0.25,290.0,337,47.0,1.6,1.88,0.28,25.0,0.0,-25.0,0.0,0.0,0.0,0.7,0.845,0.145,0.12,0.205,0.085,0.2,,,0.5,0.8,0.3,2.3,3.531,1.231
11178,肉類,畜肉類,＜畜肉類＞　ぶた　［プレスハム類］　プレスハム,332397,"Ham, sliced, pre-packaged, deli meat (96%fat free, water added)",Sausages and Luncheon Meats,high,113.0,106,-7.0,15.4,16.7,1.3,3.7,3.73,0.03,4.9,0.27,-4.63,0.0,,,8.0,5.0,-3.0,1.2,0.58,-0.62,150.0,425,275.0,1.5,1.52,0.02,43.0,,,0.0,,,0.55,,,0.18,,,0.3,,,1.8,,,2.4,2.642,0.242
11183,肉類,畜肉類,＜畜肉類＞　ぶた　［ベーコン類］　ばらベーコン,168277,"Pork, cured, bacon, unprepared",Pork Products,high,400.0,393,-7.0,12.9,13.7,0.8,38.1,37.1,-1.0,2.7,,,0.0,0.0,0.0,6.0,6.0,0.0,0.6,0.38,-0.22,210.0,201,-9.0,1.8,1.14,-0.66,35.0,0.0,-35.0,0.0,11.0,11.0,0.47,0.276,-0.194,0.14,0.081,-0.059,0.5,0.4,-0.1,0.7,0.5,-0.2,2.0,1.908,-0.092
11187,肉類,畜肉類,＜畜肉類＞　ぶた　［ソーセージ類］　セミドライソーセージ,172939,"Sausage, smoked link sausage, pork and beef (nonfat dry milk added)",Sausages and Luncheon Meats,high,335.0,313,-22.0,16.9,13.3,-3.6,28.9,27.6,-1.3,3.9,1.92,-1.98,0.0,0.0,0.0,34.0,41.0,7.0,2.2,1.47,-0.73,240.0,286,46.0,2.7,1.96,-0.74,14.0,0.0,-14.0,0.0,0.0,0.0,0.26,0.193,-0.067,0.23,0.214,-0.016,0.7,,,1.3,1.57,0.27,2.9,2.972,0.072
11188,肉類,畜肉類,＜畜肉類＞　ぶた　［ソーセージ類］　ドライソーセージ,172938,"Salami, dry or hard, pork",Sausages and Luncheon Meats,high,467.0,407,-60.0,26.7,22.6,-4.1,39.8,33.7,-6.1,3.5,1.6,-1.9,0.0,0.0,0.0,27.0,13.0,-14.0,2.6,1.3,-1.3,430.0,378,-52.0,3.9,4.2,0.3,3.0,0.0,-3.0,0.0,0.0,0.0,0.64,0.93,0.29,0.39,0.33,-0.06,0.5,,,1.6,2.8,1.2,4.4,5.74,1.34
11190,肉類,畜肉類,＜畜肉類＞　ぶた　［ソーセージ類］　ボロニアソーセージ,167685,"Bologna, beef and pork, low fat",Sausages and Luncheon Meats,high,242.0,230,-12.0,12.5,11.5,-1.0,20.5,19.3,-1.2,3.2,2.6,-0.6,0.0,0.0,0.0,9.0,11.0,2.0,1.0,0.66,-0.34,180.0,156,-24.0,1.5,1.5,0.0,10.0,0.0,-10.0,0.0,0.0,0.0,0.2,0.17,-0.03,0.13,0.13,0.0,0.3,0.5,0.2,0.4,1.31,0.91,2.1,2.819,0.719
11191,肉類,畜肉類,＜畜肉類＞　ぶた　［ソーセージ類］　リオナソーセージ,174594,"Luncheon meat, pork and chicken, minced, canned, includes Spam Lite",Sausages and Luncheon Meats,high,188.0,196,8.0,14.9,15.2,0.3,12.4,13.9,1.5,1.6,1.35,-0.25,0.0,0.0,0.0,13.0,39.0,26.0,1.0,1.4,0.4,200.0,461,261.0,1.7,2.2,0.5,43.0,38.5,-4.5,0.0,0.0,0.0,0.33,0.18,-0.15,0.14,0.21,0.07,0.4,0.6,0.2,0.4,0.61,0.21,2.3,2.616,0.316
11194,肉類,畜肉類,＜畜肉類＞　ぶた　［ソーセージ類］　生ソーセージ,171631,"Sausage, Italian, pork, mild, raw",Sausages and Luncheon Meats,high,269.0,290,21.0,14.0,13.9,-0.1,24.0,24.3,0.3,0.6,2.97,2.37,0.0,0.0,0.0,8.0,12.0,4.0,0.9,1.77,0.87,200.0,211,11.0,1.7,1.91,0.21,2.0,0.0,-2.0,0.0,0.0,0.0,0.51,,,0.14,0.23,0.09,0.7,,,0.4,1.0,0.6,1.7,1.43,-0.27
11195,肉類,畜肉類,＜畜肉類＞　ぶた　［その他］　焼き豚,167886,"Pork, cured, ham, extra lean and regular, canned, roasted",Pork Products,high,166.0,167,1.0,19.4,20.9,1.5,7.2,8.43,1.23,4.9,0.49,-4.41,0.0,0.0,0.0,9.0,7.0,-2.0,0.7,1.07,0.37,290.0,351,61.0,1.3,2.32,1.02,20.0,0.0,-20.0,,0.0,,0.85,0.961,0.111,0.2,0.251,0.051,0.6,0.7,0.1,1.2,0.83,-0.37,2.4,2.718,0.318
11196,肉類,畜肉類,＜畜肉類＞　ぶた　［その他］　レバーペースト,172928,"Pate, chicken liver, canned",Sausages and Luncheon Meats,high,370.0,201,-169.0,12.9,13.4,0.5,33.1,13.1,-20.0,2.9,6.55,3.65,0.0,0.0,0.0,27.0,10.0,-17.0,7.7,9.19,1.49,160.0,95.0,-65.0,2.9,2.14,-0.76,3.0,10.0,7.0,,217,,0.18,0.052,-0.128,1.45,1.4,-0.05,0.3,0.0,-0.3,7.8,8.07,0.27,2.2,0.98,-1.22
11199,肉類,畜肉類,＜畜肉類＞　めんよう　［マトン］　ロース　脂身つき　生,172586,"Lamb, Australian, imported, fresh, loin, separable lean and fat, trimmed to 1/8"" fat, raw","Lamb, Veal, and Game Products",high,192.0,203,11.0,19.3,19.3,0.0,13.4,13.4,0.0,0.2,,,0.0,,,3.0,15.0,12.0,2.7,1.66,-1.04,330.0,302,-28.0,2.5,2.5,0.0,1.0,,,0.0,,,0.16,0.169,0.009,0.21,0.29,0.08,0.7,,,1.3,1.76,0.46,0.2,0.178,-0.022
11200,肉類,畜肉類,＜畜肉類＞　めんよう　［マトン］　もも　脂身つき　生,172560,"Lamb, New Zealand, imported, frozen, leg, whole (shank and sirloin), separable lean and fat, trimmed to 1/8"" fat, raw","Lamb, Veal, and Game Products",high,205.0,201,-4.0,18.8,18.8,0.0,13.6,13.4,-0.2,0.1,,,0.0,0.0,0.0,4.0,7.0,3.0,2.5,1.6,-0.9,230.0,160,-70.0,3.4,2.72,-0.68,1.0,0.0,-1.0,0.0,0.0,0.0,0.14,0.14,0.0,0.33,0.38,0.05,0.4,,,1.6,2.47,0.87,0.1,0.104,0.004
11201,肉類,畜肉類,＜畜肉類＞　めんよう　［ラム］　かた　脂身つき　生,174403,"Lamb, Australian, imported, fresh, leg, whole (shank and sirloin), separable lean and fat, trimmed to 1/8"" fat, raw","Lamb, Veal, and Game Products",high,214.0,215,1.0,17.1,18.2,1.1,15.3,15.2,-0.1,0.1,,,0.0,,,4.0,10.0,6.0,2.2,1.48,-0.72,310.0,295,-15.0,5.0,3.75,-1.25,1.0,,,0.0,,,0.13,0.14,0.01,0.26,0.287,0.027,0.9,,,2.0,2.7,0.7,0.2,0.185,-0.015
11202,肉類,畜肉類,＜畜肉類＞　めんよう　［ラム］　ロース　脂身つき　生,172551,"Lamb, loin, separable lean and fat, trimmed to 1/8"" fat, choice, raw","Lamb, Veal, and Game Products",high,287.0,279,-8.0,15.6,17.2,1.6,23.2,22.8,-0.4,0.2,,,0.0,0.0,0.0,10.0,14.0,4.0,1.2,1.66,0.46,250.0,226,-24.0,2.6,2.65,0.05,1.0,0.0,-1.0,0.0,0.0,0.0,0.12,0.12,0.0,0.16,0.21,0.05,0.0,,,1.4,2.07,0.67,0.2,0.15,-0.05
11205,肉類,鳥肉類,＜鳥肉類＞　かも　あいがも　肉　皮つき　生,172409,"Duck, domesticated, meat and skin, cooked, roasted",Poultry Products,high,304.0,337,33.0,14.2,19.0,4.8,28.2,28.4,0.2,0.1,,,0.0,0.0,0.0,5.0,11.0,6.0,1.9,2.7,0.8,220.0,204,-16.0,1.4,1.86,0.46,1.0,0.0,-1.0,0.0,63.0,63.0,0.24,0.174,-0.066,0.35,0.269,-0.081,1.0,0.1,-0.9,1.1,0.3,-0.8,0.2,0.15,-0.05
11207,肉類,鳥肉類,＜鳥肉類＞　うずら　肉　皮つき　生,172418,"Quail, meat and skin, raw",Poultry Products,high,194.0,192,-2.0,20.5,19.6,-0.9,11.9,12.0,0.1,0.1,,,0.0,0.0,0.0,15.0,13.0,-2.0,2.9,3.97,1.07,280.0,216,-64.0,0.8,2.42,1.62,,6.1,,,73.0,,0.12,0.244,0.124,0.5,0.26,-0.24,0.1,,,0.7,0.43,-0.27,0.1,0.135,0.035
11209,肉類,鳥肉類,＜鳥肉類＞　きじ　肉　皮なし　生,174473,"Pheasant, raw, meat only",Poultry Products,high,101.0,133,32.0,23.0,23.6,0.6,0.8,3.64,2.84,0.1,,,0.0,0.0,0.0,8.0,13.0,5.0,1.0,1.15,0.15,220.0,262,42.0,1.0,0.97,-0.03,1.0,6.0,5.0,,50.0,,0.08,0.077,-0.003,0.24,0.153,-0.087,0.5,,,1.7,0.84,-0.86,0.1,0.094,-0.006
11210,肉類,鳥肉類,＜鳥肉類＞　しちめんちょう　肉　皮なし　生,171136,"Turkey, drumstick, from whole bird, meat only, raw",Poultry Products,high,99.0,109,10.0,23.5,23.7,0.2,0.4,1.48,1.08,0.1,0.14,0.04,0.0,0.0,0.0,8.0,11.0,3.0,1.1,0.73,-0.37,190.0,242,52.0,0.8,1.28,0.48,2.0,0.0,-2.0,,6.0,,0.07,0.042,-0.028,0.24,0.145,-0.095,0.1,0.1,0.0,0.6,0.63,0.03,0.1,0.287,0.187
11212,肉類,鳥肉類,＜鳥肉類＞　にわとり　［親・主品目］　手羽　皮つき　生,174472,"Pheasant, raw, meat and skin",Poultry Products,high,182.0,181,-1.0,23.0,22.7,-0.3,9.6,9.29,-0.31,0.0,,,0.0,0.0,0.0,16.0,12.0,-4.0,1.2,1.15,-0.05,120.0,243,123.0,1.7,0.96,-0.74,1.0,5.3,4.3,,53.0,,0.04,0.072,0.032,0.11,0.143,0.033,0.1,,,0.7,0.77,0.07,0.1,0.102,0.002
11215,肉類,鳥肉類,＜鳥肉類＞　にわとり　［親・主品目］　もも　皮つき　生,171463,"Chicken, broilers or fryers, dark meat, meat and skin, raw",Poultry Products,high,234.0,237,3.0,17.3,16.7,-0.6,18.3,18.3,0.0,0.0,,,0.0,0.0,0.0,8.0,11.0,3.0,0.9,0.98,0.08,160.0,178,18.0,1.7,1.58,-0.12,1.0,0.0,-1.0,,49.0,,0.07,0.061,-0.009,0.23,0.146,-0.084,0.1,,,0.5,0.29,-0.21,0.1,0.185,0.085
11218,肉類,鳥肉類,＜鳥肉類＞　にわとり　［若どり・主品目］　手羽　皮つき　生,172390,"Chicken, broilers or fryers, wing, meat and skin, raw",Poultry Products,high,189.0,191,2.0,17.8,17.5,-0.3,13.7,12.8,-0.9,0.0,,,0.0,0.0,0.0,14.0,11.0,-3.0,0.5,0.46,-0.04,220.0,187,-33.0,1.2,1.21,0.01,2.0,0.0,-2.0,0.0,9.0,9.0,0.07,0.054,-0.016,0.1,0.103,0.003,0.4,0.1,-0.3,0.4,0.25,-0.15,0.2,0.213,0.013
11219,肉類,鳥肉類,＜鳥肉類＞　にわとり　［若どり・主品目］　むね　皮つき　生,173643,"Chicken, stewing, light meat, meat only, raw",Poultry Products,high,133.0,137,4.0,21.3,23.1,1.8,5.5,4.21,-1.29,0.1,,,0.0,0.0,0.0,4.0,11.0,7.0,0.3,0.92,0.62,340.0,261,-79.0,0.6,0.6,0.0,3.0,1.8,-1.2,0.0,21.0,21.0,0.09,0.132,0.042,0.1,0.123,0.023,0.1,,,0.2,0.4,0.2,0.1,0.135,0.035
11220,肉類,鳥肉類,＜鳥肉類＞　にわとり　［若どり・主品目］　むね　皮なし　生,171464,"Chicken, broilers or fryers, light meat, meat only, raw",Poultry Products,high,105.0,114,9.0,23.3,23.2,-0.1,1.6,1.65,0.05,0.1,,,0.0,0.0,0.0,4.0,12.0,8.0,0.3,0.73,0.43,370.0,239,-131.0,0.7,0.97,0.27,3.0,0.0,-3.0,0.0,8.0,8.0,0.1,0.068,-0.032,0.11,0.092,-0.018,0.1,,,0.2,0.38,0.18,0.1,0.173,0.073
11224,肉類,鳥肉類,＜鳥肉類＞　にわとり　［若どり・主品目］　もも　皮なし　生,173638,"Chicken, roasting, dark meat, meat only, raw",Poultry Products,high,113.0,113,0.0,19.0,18.7,-0.3,4.3,3.61,-0.69,0.0,,,0.0,0.0,0.0,5.0,9.0,4.0,0.6,1.15,0.55,320.0,227,-93.0,1.8,1.65,-0.15,3.0,0.0,-3.0,,18.0,,0.12,0.072,-0.048,0.19,0.173,-0.017,0.2,,,0.3,0.34,0.04,0.2,0.241,0.041
11225,肉類,鳥肉類,＜鳥肉類＞　にわとり　［若どり・主品目］　もも　皮なし　焼き,172856,"Chicken, dark meat, drumstick, meat only, with added solution, cooked, roasted",Poultry Products,high,145.0,146,1.0,25.5,25.3,-0.2,4.5,5.0,0.5,0.0,,,0.0,0.0,0.0,7.0,12.0,5.0,0.9,1.1,0.2,380.0,250,-130.0,2.6,2.64,0.04,3.0,0.0,-3.0,,6.0,,0.14,0.102,-0.038,0.23,0.297,0.067,0.0,0.1,0.1,0.4,0.41,0.01,0.2,0.483,0.283
11233,肉類,鳥肉類,＜鳥肉類＞　にわとり　［副品目］　すなぎも　生,171456,"Chicken, gizzard, all classes, raw",Poultry Products,high,86.0,94.0,8.0,18.3,17.7,-0.6,1.2,2.06,0.86,,,,0.0,0.0,0.0,7.0,11.0,4.0,2.5,2.49,-0.01,230.0,237,7.0,2.8,2.72,-0.08,5.0,3.7,-1.3,,19.0,,0.06,0.028,-0.032,0.26,0.231,-0.029,0.0,,,1.7,1.21,-0.49,0.1,0.175,0.075
11234,肉類,鳥肉類,＜鳥肉類＞　にわとり　［副品目］　皮　むね　生,171055,"Chicken, broilers or fryers, skin only, cooked, roasted",Poultry Products,high,466.0,454,-12.0,9.4,20.4,11.0,46.7,40.7,-6.0,0.0,,,0.0,0.0,0.0,3.0,14.0,11.0,0.3,1.51,1.21,140.0,136,-4.0,0.5,1.23,0.73,1.0,0.0,-1.0,0.0,78.0,78.0,0.02,0.036,0.016,0.05,0.127,0.077,0.3,0.2,-0.1,0.4,0.2,-0.2,0.1,0.165,0.065
11237,肉類,鳥肉類,＜鳥肉類＞　にわとり　［その他］　焼き鳥缶詰,171099,"Chicken, canned, meat only, with broth",Poultry Products,high,173.0,165,-8.0,18.4,21.8,3.4,7.6,7.95,0.35,11.1,,,0.0,0.0,0.0,12.0,14.0,2.0,2.9,1.58,-1.32,200.0,138,-62.0,1.6,1.41,-0.19,0.0,2.0,2.0,0.0,34.0,34.0,0.01,0.015,0.005,0.18,0.129,-0.051,0.0,0.1,0.1,0.4,0.29,-0.11,2.2,1.278,-0.922
11240,肉類,鳥肉類,＜鳥肉類＞　ほろほろちょう　肉　皮なし　生,174471,"Guinea hen, meat only, raw",Poultry Products,high,98.0,110,12.0,22.5,20.6,-1.9,0.7,2.47,1.77,0.2,,,0.0,0.0,0.0,6.0,11.0,5.0,1.1,0.77,-0.33,350.0,220,-130.0,1.2,1.2,0.0,3.0,1.7,-1.3,0.0,12.0,12.0,0.16,0.067,-0.093,0.2,0.112,-0.088,0.4,,,0.5,0.37,-0.13,0.2,0.175,-0.025
11245,肉類,畜肉類,＜畜肉類＞　めんよう　［マトン］　ロース　皮下脂肪なし　生,172588,"Lamb, Australian, imported, fresh, loin, separable lean only, trimmed to 1/8"" fat, raw","Lamb, Veal, and Game Products",high,139.0,146,7.0,22.2,21.0,-1.2,6.3,6.24,-0.06,0.1,,,0.0,,,3.0,15.0,12.0,2.8,1.79,-1.01,350.0,327,-23.0,3.1,2.69,-0.41,1.0,,,,,,0.14,0.183,0.043,0.24,0.313,0.073,0.2,,,1.5,1.85,0.35,0.2,0.191,-0.009
11246,肉類,畜肉類,＜畜肉類＞　めんよう　［ラム］　ロース　皮下脂肪なし　生,174878,"Lamb, New Zealand, imported, tenderloin, separable lean and fat, raw","Lamb, Veal, and Game Products",high,128.0,120,-8.0,22.3,20.4,-1.9,4.3,4.22,-0.08,0.0,0.01,0.01,0.0,0.0,0.0,7.0,4.0,-3.0,1.9,1.62,-0.28,330.0,379,49.0,2.7,2.15,-0.55,1.0,0.0,-1.0,,2.0,,0.15,0.075,-0.075,0.25,0.214,-0.036,0.0,0.0,0.0,1.6,1.87,0.27,0.2,0.124,-0.076
11250,肉類,畜肉類,＜畜肉類＞　うし　［和牛肉］　もも　皮下脂肪なし　焼き,170213,"Beef, chuck, arm pot roast, separable lean and fat, trimmed to 0"" fat, all grades, cooked, braised",Beef Products,high,300.0,297,-3.0,27.7,28.9,1.2,20.5,19.2,-1.3,0.5,,,0.0,0.0,0.0,5.0,16.0,11.0,3.8,2.42,-1.38,350.0,231,-119.0,6.3,6.66,0.36,1.0,0.0,-1.0,0.0,0.0,0.0,0.09,0.059,-0.031,0.24,0.171,-0.069,0.0,0.2,0.2,1.9,2.13,0.23,0.1,0.119,0.019
11253,肉類,畜肉類,＜畜肉類＞　うし　［乳用肥育牛肉］　ヒレ　赤肉　焼き,168610,"Beef, flank, steak, separable lean only, trimmed to 0"" fat, choice, cooked, braised",Beef Products,high,238.0,237,-1.0,27.2,28.0,0.8,13.6,13.0,-0.6,0.4,,,0.0,0.0,0.0,5.0,6.0,1.0,3.5,3.47,-0.03,440.0,351,-89.0,6.0,6.05,0.05,,0.0,,1.0,0.0,-1.0,0.16,0.14,-0.02,0.35,0.19,-0.16,0.0,0.2,0.2,4.9,3.41,-1.49,0.2,0.183,-0.017
11256,肉類,畜肉類,＜畜肉類＞　うし　［交雑牛肉］　リブロース　脂身つき　ゆで,172656,"Lamb, Australian, imported, fresh, seam fat, cooked","Lamb, Veal, and Game Products",high,540.0,554,14.0,13.2,13.8,0.6,54.5,54.7,0.2,0.1,1.55,1.45,0.0,0.0,0.0,2.0,8.0,6.0,1.3,1.39,0.09,58.0,164,106.0,3.7,1.8,-1.9,0.0,0.0,0.0,2.0,,,0.03,0.069,0.039,0.08,0.2,0.12,0.0,0.0,0.0,1.3,,,0.0,0.135,0.135
11258,肉類,畜肉類,＜畜肉類＞　うし　［交雑牛肉］　リブロース　赤肉　生,169505,"Beef, rib, large end (ribs 6-9), separable lean and fat, trimmed to 1/8"" fat, choice, raw",Beef Products,high,338.0,333,-5.0,16.7,16.0,-0.7,31.0,29.3,-1.7,0.4,,,0.0,0.0,0.0,3.0,8.0,5.0,1.7,1.68,-0.02,270.0,254,-16.0,4.5,3.67,-0.83,1.0,0.0,-1.0,1.0,0.0,-1.0,0.07,0.08,0.01,0.14,0.13,-0.01,0.0,,,1.4,2.67,1.27,0.1,0.137,0.037
11260,肉類,畜肉類,＜畜肉類＞　うし　［交雑牛肉］　ばら　脂身つき　生,174884,"Veal, seam fat only, raw","Lamb, Veal, and Game Products",high,445.0,444,-1.0,12.2,12.5,0.3,42.6,43.8,1.2,0.3,,,0.0,0.0,0.0,3.0,30.0,27.0,1.4,0.87,-0.53,200.0,179,-21.0,3.0,1.77,-1.23,1.0,0.0,-1.0,2.0,0.0,-2.0,0.05,0.041,-0.009,0.1,0.15,0.05,0.0,3.5,3.5,1.7,1.56,-0.14,0.2,0.226,0.026
11261,肉類,畜肉類,＜畜肉類＞　うし　［交雑牛肉］　もも　脂身つき　生,168680,"Beef, rib, large end (ribs 6-9), separable lean and fat, trimmed to 1/8"" fat, all grades, raw",Beef Products,high,312.0,316,4.0,16.4,16.3,-0.1,28.0,27.3,-0.7,0.4,,,0.0,0.0,0.0,3.0,8.0,5.0,2.1,1.71,-0.39,270.0,260,-10.0,3.9,3.75,-0.15,1.0,0.0,-1.0,1.0,0.0,-1.0,0.08,0.08,0.0,0.16,0.13,-0.03,0.0,,,2.1,2.71,0.61,0.2,0.14,-0.06
11264,肉類,畜肉類,＜畜肉類＞　うし　［交雑牛肉］　もも　皮下脂肪なし　ゆで,168665,"Beef, brisket, whole, separable lean and fat, trimmed to 1/8"" fat, all grades, cooked, braised",Beef Products,high,331.0,331,0.0,25.7,25.8,0.1,26.6,24.5,-2.1,0.2,,,0.0,0.0,0.0,3.0,7.0,4.0,2.8,2.46,-0.34,130.0,251,121.0,5.8,5.77,-0.03,0.0,0.0,0.0,1.0,0.0,-1.0,0.05,0.06,0.01,0.15,0.2,0.05,0.0,0.4,0.4,1.6,2.4,0.8,0.1,0.163,0.063
11268,肉類,畜肉類,＜畜肉類＞　うし　［輸入牛肉］　リブロース　脂身つき　焼き,173392,"Beef, rib eye steak, boneless, lip-on, separable lean and fat, trimmed to 1/8"" fat, all grades, cooked, grilled",Beef Products,high,306.0,291,-15.0,25.0,23.7,-1.3,21.9,21.8,-0.1,0.3,,,0.0,0.0,0.0,3.0,11.0,8.0,2.9,2.24,-0.66,320.0,260,-60.0,6.3,5.91,-0.39,1.0,0.0,-1.0,2.0,8.0,6.0,0.08,0.071,-0.009,0.18,0.287,0.107,0.5,0.2,-0.3,1.6,2.1,0.5,0.1,0.137,0.037
11270,肉類,畜肉類,＜畜肉類＞　うし　［輸入牛肉］　もも　皮下脂肪なし　焼き,173372,"Beef, rib eye roast, boneless, lip-on, separable lean only, trimmed to 1/8"" fat, select, cooked, roasted",Beef Products,high,205.0,202,-3.0,28.0,28.7,0.7,11.9,9.68,-2.22,0.4,,,0.0,0.0,0.0,4.0,8.0,4.0,3.3,2.02,-1.28,320.0,335,15.0,6.6,7.05,0.45,1.0,0.0,-1.0,1.0,2.0,1.0,0.08,0.08,0.0,0.22,0.315,0.095,0.0,0.1,0.1,1.7,2.18,0.48,0.1,0.15,0.05
11271,肉類,畜肉類,＜畜肉類＞　うし　［輸入牛肉］　もも　皮下脂肪なし　ゆで,174745,"Beef, New Zealand, imported, flank, separable lean and fat, cooked, braised",Beef Products,high,204.0,208,4.0,30.0,30.1,0.1,9.2,9.73,0.53,0.2,,,0.0,0.0,0.0,3.0,5.0,2.0,3.5,2.36,-1.14,130.0,190,60.0,7.5,6.73,-0.77,,0.0,,2.0,11.0,9.0,0.05,0.022,-0.028,0.18,0.085,-0.095,0.0,0.3,0.3,1.2,1.38,0.18,0.0,0.071,0.071
11272,肉類,畜肉類,＜畜肉類＞　うし　［ひき肉］　焼き,171799,"Beef, ground, 80% lean meat / 20% fat, crumbles, cooked, pan-browned",Beef Products,high,280.0,272,-8.0,25.9,27.0,1.1,18.8,17.4,-1.4,0.4,,,0.0,0.0,0.0,8.0,28.0,20.0,3.4,2.78,-0.62,390.0,380,-10.0,7.6,6.4,-1.2,,0.0,,13.0,3.0,-10.0,0.11,0.045,-0.065,0.26,0.191,-0.069,0.1,0.0,-0.1,1.7,2.8,1.1,0.2,0.231,0.031
11280,肉類,畜肉類,＜畜肉類＞　ぶた　［ひき肉］　焼き,167903,"Pork, fresh, ground, cooked",Pork Products,high,289.0,297,8.0,25.7,25.7,0.0,19.9,20.8,0.9,0.1,,,0.0,0.0,0.0,7.0,22.0,15.0,1.6,1.29,-0.31,440.0,362,-78.0,3.7,3.21,-0.49,1.0,0.7,-0.3,0.0,2.0,2.0,0.94,0.706,-0.234,0.3,0.22,-0.08,0.4,0.5,0.1,0.9,0.54,-0.36,0.2,0.185,-0.015
11281,肉類,畜肉類,＜畜肉類＞　めんよう　［マトン］　ロース　脂身つき　焼き,174415,"Lamb, Australian, imported, fresh, rib chop, frenched, bone-in, separable lean and fat, trimmed to 1/8"" fat, cooked, grilled","Lamb, Veal, and Game Products",high,305.0,305,0.0,25.8,28.5,2.7,23.3,21.2,-2.1,0.2,,,0.0,0.0,0.0,4.0,11.0,7.0,3.6,2.24,-1.36,370.0,292,-78.0,3.9,3.0,-0.9,,0.0,,0.0,3.0,3.0,0.16,0.136,-0.024,0.26,0.336,0.076,0.7,0.0,-0.7,1.5,1.33,-0.17,0.2,0.201,0.001
11282,肉類,畜肉類,＜畜肉類＞　めんよう　［ラム］　ロース　脂身つき　焼き,174323,"Lamb, rib, separable lean and fat, trimmed to 1/4"" fat, choice, cooked, roasted","Lamb, Veal, and Game Products",high,358.0,359,1.0,21.8,21.1,-0.7,27.2,29.8,2.6,0.2,,,0.0,0.0,0.0,11.0,22.0,11.0,1.7,1.6,-0.1,290.0,271,-19.0,3.3,3.49,0.19,1.0,0.0,-1.0,,0.0,,0.13,0.09,-0.04,0.21,0.21,0.0,0.0,,,2.1,2.23,0.13,0.2,0.185,-0.015
11283,肉類,畜肉類,＜畜肉類＞　めんよう　［ラム］　もも　脂身つき　焼き,172546,"Lamb, composite of trimmed retail cuts, separable lean and fat, trimmed to 1/8"" fat, choice, cooked","Lamb, Veal, and Game Products",high,267.0,271,4.0,28.6,25.5,-3.1,18.4,18.0,-0.4,0.3,,,0.0,0.0,0.0,4.0,16.0,12.0,2.5,1.93,-0.57,370.0,318,-52.0,4.5,4.74,0.24,,0.0,,0.0,,,0.19,0.1,-0.09,0.32,0.26,-0.06,0.0,,,2.1,2.57,0.47,0.2,0.183,-0.017
11284,肉類,鳥肉類,＜鳥肉類＞　かも　あひる　皮　生,172854,"Chicken, skin (drumsticks and thighs), cooked, braised",Poultry Products,high,448.0,443,-5.0,7.3,14.6,7.3,42.9,42.8,-0.1,0.0,,,0.0,0.0,0.0,5.0,9.0,4.0,0.4,1.0,0.6,84.0,161,77.0,0.7,0.74,0.04,2.0,0.0,-2.0,0.0,48.0,48.0,0.07,0.05,-0.02,0.05,0.055,0.005,1.4,0.1,-1.3,0.8,0.45,-0.35,0.1,0.191,0.091
11287,肉類,鳥肉類,＜鳥肉類＞　にわとり　［若どり・主品目］　むね　皮つき　焼き,171476,"Chicken, broilers or fryers, breast, meat and skin, cooked, fried, flour",Poultry Products,high,215.0,222,7.0,34.7,31.8,-2.9,8.4,8.87,0.47,0.1,1.64,1.54,0.0,0.1,0.1,6.0,16.0,10.0,0.4,1.19,0.79,510.0,259,-251.0,1.0,1.1,0.1,3.0,0.0,-3.0,0.0,15.0,15.0,0.12,0.082,-0.038,0.17,0.131,-0.039,0.1,,,0.4,0.34,-0.06,0.2,0.193,-0.007
11289,肉類,鳥肉類,＜鳥肉類＞　にわとり　［若どり・主品目］　もも　皮つき　から揚げ,172386,"Chicken, broilers or fryers, thigh, meat and skin, cooked, fried, batter",Poultry Products,high,307.0,277,-30.0,24.2,21.6,-2.6,17.2,16.5,-0.7,14.3,9.08,-5.22,0.8,0.3,-0.5,11.0,18.0,7.0,1.0,1.45,0.45,430.0,192,-238.0,2.1,2.04,-0.06,2.0,0.0,-2.0,6.0,29.0,23.0,0.12,0.119,-0.001,0.23,0.227,-0.003,0.2,,,0.3,0.28,-0.02,2.5,0.732,-1.768
11290,肉類,鳥肉類,＜鳥肉類＞　にわとり　［若どり・主品目］　もも　皮なし　から揚げ,171508,"Chicken, wing, frozen, glazed, barbecue flavored, heated (microwave)",Poultry Products,high,249.0,248,-1.0,25.4,25.3,-0.1,10.5,13.9,3.4,14.7,3.84,-10.86,0.9,0.9,0.0,12.0,38.0,26.0,1.0,2.74,1.74,440.0,254,-186.0,2.3,1.55,-0.75,2.0,0.5,-1.5,7.0,20.0,13.0,0.15,0.081,-0.069,0.25,0.296,0.046,0.2,,,0.4,0.48,0.08,2.7,2.126,-0.574
11291,肉類,鳥肉類,＜鳥肉類＞　にわとり　［二次品目］　ひき肉　焼き,171450,"Chicken, broilers or fryers, meat and skin, cooked, roasted",Poultry Products,high,235.0,239,4.0,27.5,27.3,-0.2,13.7,13.6,-0.1,0.0,,,0.0,0.0,0.0,19.0,15.0,-4.0,1.4,1.26,-0.14,400.0,223,-177.0,1.8,1.94,0.14,1.0,0.0,-1.0,0.0,48.0,48.0,0.14,0.063,-0.077,0.26,0.168,-0.092,0.2,0.0,-0.2,0.4,0.3,-0.1,0.2,0.208,0.008
11292,肉類,鳥肉類,＜鳥肉類＞　にわとり　［その他］　チキンナゲット,171512,"Chicken patty, frozen, uncooked",Poultry Products,high,235.0,292,57.0,15.5,14.3,-1.2,12.3,20.0,7.7,13.9,13.6,-0.3,1.2,1.2,0.0,48.0,20.0,-28.0,0.6,0.93,0.33,260.0,248,-12.0,0.6,0.94,0.34,1.0,0.0,-1.0,100.0,11.0,-89.0,0.08,0.073,-0.007,0.09,0.054,-0.036,0.2,,,0.1,0.23,0.13,1.6,1.316,-0.284
11300,肉類,鳥肉類,＜鳥肉類＞　にわとり　［若どり・副品目］　ささみ　フライ,171460,"Chicken, broilers or fryers, light meat, meat and skin, cooked, fried, flour",Poultry Products,high,246.0,246,0.0,26.8,30.4,3.6,12.2,12.1,-0.1,7.5,1.82,-5.68,,0.1,,14.0,16.0,2.0,0.4,1.21,0.81,440.0,239,-201.0,0.8,1.26,0.46,2.0,0.0,-2.0,4.0,20.0,16.0,0.09,0.076,-0.014,0.15,0.133,-0.017,,0.1,,0.1,0.33,0.23,0.2,0.196,-0.004
11302,肉類,畜肉類,＜畜肉類＞　うし　［乳用肥育牛肉］　かた　赤肉　焼き,174019,"Beef, chuck, clod roast, separable lean only, trimmed to 0"" fat, all grades, cooked, roasted",Beef Products,high,175.0,172,-3.0,26.9,26.8,-0.1,6.7,6.34,-0.36,0.8,,,0.0,0.0,0.0,4.0,7.0,3.0,3.1,3.2,0.1,380.0,385,5.0,6.3,6.39,0.09,1.0,0.0,-1.0,,0.0,,0.12,0.09,-0.03,0.3,0.252,-0.048,0.1,,,3.3,3.07,-0.23,0.2,0.188,-0.012
11308,肉類,畜肉類,＜畜肉類＞　ぶた　［ソーセージ類］　ウインナーソーセージ　フライ,173876,"Pork sausage, link/patty, fully cooked, unheated",Sausages and Luncheon Meats,high,376.0,392,16.0,12.8,13.5,0.7,33.8,37.2,3.4,0.0,0.69,0.69,,0.0,,9.0,16.0,7.0,0.6,0.92,0.32,180.0,211,31.0,1.4,1.45,0.05,30.0,0.0,-30.0,,21.0,,0.35,0.241,-0.109,0.13,0.178,0.048,0.3,1.2,0.9,0.6,0.76,0.16,1.9,2.057,0.157
11310,肉類,畜肉類,＜畜肉類＞　うし　［乳用肥育牛肉］　かた　脂身つき　焼き,169513,"Beef, rib, small end (ribs 10-12), separable lean and fat, trimmed to 1/8"" fat, select, cooked, roasted",Beef Products,high,322.0,323,1.0,23.0,22.8,-0.2,,25.0,,0.1,,,0.0,0.0,0.0,4.0,13.0,9.0,2.8,2.44,-0.36,290.0,328,38.0,5.8,5.0,-0.8,0.0,0.0,0.0,1.0,0.0,-1.0,,0.06,,0.01,0.16,0.15,0.0,,,4.0,2.9,-1.1,0.1,0.163,0.063
13002,乳類,牛乳及び乳製品,＜牛乳及び乳製品＞　（液状乳類）　生乳　ホルスタイン種,171266,"Milk, producer, fluid, 3.7% milkfat",Dairy and Egg Products,high,63.0,64.0,1.0,3.2,3.28,0.08,3.8,3.66,-0.14,4.7,4.65,-0.05,0.0,0.0,0.0,110.0,119,9.0,,0.05,,140.0,151,11.0,0.4,0.38,-0.02,1.0,1.5,0.5,8.0,33.0,25.0,0.04,0.038,-0.002,0.15,0.161,0.011,,,,0.3,0.36,0.06,0.1,0.124,0.024
13003,乳類,牛乳及び乳製品,＜牛乳及び乳製品＞　（液状乳類）　普通牛乳,172217,"Milk, whole, 3.25% milkfat, without added vitamin A and vitamin D",Dairy and Egg Products,high,61.0,61.0,0.0,3.3,3.15,-0.15,3.5,3.27,-0.23,4.7,4.78,0.08,0.0,0.0,0.0,110.0,113,3.0,0.02,0.03,0.01,150.0,132,-18.0,0.4,0.37,-0.03,1.0,0.0,-1.0,6.0,46.0,40.0,0.04,0.046,0.006,0.15,0.169,0.019,0.3,0.1,-0.2,0.3,0.45,0.15,0.1,0.109,0.009
13005,乳類,牛乳及び乳製品,＜牛乳及び乳製品＞　（液状乳類）　加工乳　低脂肪,170873,"Milk, lowfat, fluid, 1% milkfat, with added nonfat milk solids, vitamin A and vitamin D",Dairy and Egg Products,high,42.0,43.0,1.0,3.8,3.48,-0.32,1.0,0.97,-0.03,5.1,4.97,-0.13,0.0,0.0,0.0,130.0,128,-2.0,0.1,0.05,-0.05,190.0,162,-28.0,0.4,0.4,0.0,,1.0,,3.0,59.0,56.0,0.04,0.04,0.0,0.18,0.173,-0.007,,1.0,,0.4,0.38,-0.02,0.2,0.132,-0.068
13006,乳類,牛乳及び乳製品,＜牛乳及び乳製品＞　（液状乳類）　脱脂乳,171270,"Milk, nonfat, fluid, with added nonfat milk solids, vitamin A and vitamin D (fat free or skim)",Dairy and Egg Products,high,31.0,37.0,6.0,3.4,3.57,0.17,0.1,0.25,0.15,4.8,5.02,0.22,0.0,0.0,0.0,100.0,129,29.0,0.1,0.05,-0.05,150.0,171,21.0,0.4,0.41,0.01,2.0,1.0,-1.0,0.0,64.0,64.0,0.04,0.041,0.001,0.15,0.175,0.025,,1.2,,0.6,0.39,-0.21,0.1,0.135,0.035
13010,乳類,牛乳及び乳製品,＜牛乳及び乳製品＞　（粉乳類）　脱脂粉乳,172195,"Milk, dry, nonfat, regular, with added vitamin A and vitamin D",Dairy and Egg Products,high,354.0,362,8.0,34.0,36.2,2.2,0.7,0.77,0.07,50.3,52.0,1.7,0.0,0.0,0.0,1100.0,1260.0,160.0,0.5,0.32,-0.18,1800.0,1790.0,-10.0,3.9,4.08,0.18,5.0,6.8,1.8,,653,,0.3,0.415,0.115,1.6,1.55,-0.05,,11.0,,1.8,4.03,2.23,1.4,1.359,-0.041
13012,乳類,牛乳及び乳製品,＜牛乳及び乳製品＞　（練乳類）　無糖練乳,171302,"Milk, evaporated, 2% fat, with added vitamin A and vitamin D",Dairy and Egg Products,high,135.0,107,-28.0,6.8,6.67,-0.13,7.5,2.0,-5.5,11.3,15.7,4.4,0.0,0.0,0.0,270.0,267,-3.0,0.2,0.19,-0.01,330.0,303,-27.0,1.0,0.77,-0.23,,16.0,,18.0,56.0,38.0,0.06,0.047,-0.013,0.35,0.316,-0.034,,4.0,,0.1,0.16,0.06,0.4,0.254,-0.146
13013,乳類,牛乳及び乳製品,＜牛乳及び乳製品＞　（練乳類）　加糖練乳,171275,"Milk, canned, condensed, sweetened",Dairy and Egg Products,high,314.0,321,7.0,7.7,7.91,0.21,8.4,8.7,0.3,55.9,54.4,-1.5,0.0,0.0,0.0,260.0,284,24.0,0.1,0.19,0.09,400.0,371,-29.0,0.8,0.94,0.14,2.0,2.6,0.6,20.0,74.0,54.0,0.08,0.09,0.01,0.37,0.416,0.046,0.1,0.2,0.1,0.7,0.44,-0.26,0.2,0.323,0.123
13018,乳類,牛乳及び乳製品,＜牛乳及び乳製品＞　（クリーム類）　ホイップクリーム　乳脂肪・植物性脂肪,170868,"Dessert topping, semi solid, frozen",Dairy and Egg Products,high,394.0,318,-76.0,4.0,1.25,-2.75,36.7,25.3,-11.4,13.2,23.0,9.8,0.0,0.0,0.0,42.0,6.0,-36.0,0.1,0.12,0.02,69.0,18.0,-51.0,0.3,0.03,-0.27,,0.0,,96.0,7.0,-89.0,0.01,0.0,-0.01,0.06,0.0,-0.06,0.2,0.0,-0.2,0.1,0.0,-0.1,0.3,0.064,-0.236
13021,乳類,牛乳及び乳製品,＜牛乳及び乳製品＞　（クリーム類）　コーヒーホワイトナー　液状　乳脂肪・植物性脂肪,171262,"Cream substitute, liquid, with lauric acid oil and sodium caseinate",Dairy and Egg Products,high,227.0,136,-91.0,4.8,1.0,-3.8,21.2,9.97,-11.23,1.8,11.4,9.6,0.0,0.0,0.0,26.0,9.0,-17.0,0.1,0.03,-0.07,50.0,191,141.0,0.3,0.02,-0.28,,0.0,,24.0,4.0,-20.0,0.01,0.0,-0.01,0.04,0.0,-0.04,0.1,,,0.1,0.0,-0.1,0.4,0.201,-0.199
13022,乳類,牛乳及び乳製品,＜牛乳及び乳製品＞　（クリーム類）　コーヒーホワイトナー　液状　植物性脂肪,170867,"Dessert topping, pressurized",Dairy and Egg Products,high,244.0,264,20.0,4.3,0.98,-3.32,24.6,22.3,-2.3,1.9,16.1,14.2,0.0,0.0,0.0,21.0,5.0,-16.0,0.1,0.02,-0.08,45.0,19.0,-26.0,0.3,0.01,-0.29,,0.0,,25.0,4.0,-21.0,0.0,0.0,0.0,0.03,0.0,-0.03,0.0,0.0,0.0,0.0,0.0,0.0,0.4,0.157,-0.243
13023,乳類,牛乳及び乳製品,＜牛乳及び乳製品＞　（クリーム類）　コーヒーホワイトナー　粉末状　乳脂肪,172214,"Cream substitute, flavored, powdered",Dairy and Egg Products,high,504.0,482,-22.0,7.6,0.68,-6.92,24.4,21.5,-2.9,60.6,75.4,14.8,0.0,1.2,1.2,87.0,5.0,-82.0,0.0,0.63,0.63,360.0,90.0,-270.0,0.4,0.23,-0.17,0.0,0.0,0.0,100.0,0.0,-100.0,0.02,0.004,-0.016,0.65,0.027,-0.623,0.2,0.0,-0.2,0.2,0.0,-0.2,0.9,0.312,-0.588
13024,乳類,牛乳及び乳製品,＜牛乳及び乳製品＞　（クリーム類）　コーヒーホワイトナー　粉末状　植物性脂肪,170865,"Dessert topping, powdered",Dairy and Egg Products,high,542.0,577,35.0,2.1,4.9,2.8,32.8,39.9,7.1,29.0,52.5,23.5,0.0,0.0,0.0,120.0,17.0,-103.0,0.1,0.03,-0.07,220.0,166,-54.0,0.2,0.08,-0.12,0.0,0.0,0.0,0.0,0.0,0.0,0.0,0.0,0.0,0.01,0.0,-0.01,0.0,0.0,0.0,0.0,0.0,0.0,1.8,0.31,-1.49
13026,乳類,牛乳及び乳製品,＜牛乳及び乳製品＞　（発酵乳・乳酸菌飲料）　ヨーグルト　脱脂加糖,172220,"Yogurt, vanilla or lemon flavor, nonfat milk, sweetened with low-calorie sweetener, fortified with vitamin D",Dairy and Egg Products,high,65.0,43.0,-22.0,4.3,3.86,-0.44,0.2,0.18,-0.02,11.7,7.5,-4.2,0.0,0.0,0.0,120.0,143,23.0,0.1,0.12,0.02,150.0,177,27.0,0.4,0.67,0.27,,1.1,,0.0,2.0,2.0,0.03,0.034,0.004,0.15,0.162,0.012,,1.2,,0.3,0.43,0.13,0.2,0.15,-0.05
13027,乳類,牛乳及び乳製品,＜牛乳及び乳製品＞　（発酵乳・乳酸菌飲料）　ヨーグルト　ドリンクタイプ　加糖,170881,"Milk, chocolate, lowfat, with added vitamin A and vitamin D",Dairy and Egg Products,high,64.0,64.0,0.0,2.9,3.46,0.56,0.5,1.11,0.61,10.5,10.2,-0.3,0.0,0.1,0.1,110.0,129,19.0,0.1,0.23,0.13,130.0,172,42.0,,0.43,,,0.4,,1.0,52.0,51.0,0.01,0.031,0.021,0.12,0.247,0.127,,1.1,,0.2,0.23,0.03,0.1,0.165,0.065
13029,乳類,牛乳及び乳製品,＜牛乳及び乳製品＞　（発酵乳・乳酸菌飲料）　乳酸菌飲料　殺菌乳製品,171301,"Kefir, lowfat, strawberry, LIFEWAY",Dairy and Egg Products,medium,217.0,261,44.0,1.5,3.39,1.89,0.1,0.9,0.8,,10.2,,0.0,0.0,0.0,55.0,119,64.0,0.1,0.04,-0.06,60.0,154,94.0,0.2,0.44,0.24,0.0,1.5,1.5,0.0,178,178.0,0.02,0.03,0.01,0.08,0.21,0.13,,1.1,,,0.31,,0.0,0.094,0.094
13031,乳類,牛乳及び乳製品,＜牛乳及び乳製品＞　（チーズ類）　ナチュラルチーズ　エダム,173419,"Cheese, edam",Dairy and Egg Products,high,321.0,357,36.0,28.9,25.0,-3.9,22.6,28.6,6.0,0.0,1.43,1.43,0.0,0.0,0.0,660.0,731,71.0,0.3,0.44,0.14,65.0,188,123.0,4.6,3.75,-0.85,0.0,0.0,0.0,150.0,243,93.0,0.04,0.037,-0.003,0.42,0.389,-0.031,0.2,0.5,0.3,2.8,1.54,-1.26,2.0,2.471,0.471
13032,乳類,牛乳及び乳製品,＜牛乳及び乳製品＞　（チーズ類）　ナチュラルチーズ　エメンタール,171242,"Cheese, gruyere",Dairy and Egg Products,high,398.0,413,15.0,27.3,29.8,2.5,29.5,32.3,2.8,0.0,0.36,0.36,0.0,0.0,0.0,1200.0,1010.0,-190.0,0.3,0.17,-0.13,110.0,81.0,-29.0,4.3,3.9,-0.4,0.0,0.0,0.0,180.0,271,91.0,0.02,0.06,0.04,0.48,0.279,-0.201,0.1,0.6,0.5,1.0,1.6,0.6,1.3,1.814,0.514
13033,乳類,牛乳及び乳製品,＜牛乳及び乳製品＞　（チーズ類）　ナチュラルチーズ　カテージ,172179,"Cheese, cottage, creamed, large or small curd",Dairy and Egg Products,high,99.0,98.0,-1.0,13.3,11.1,-2.2,4.1,4.3,0.2,0.5,3.38,2.88,0.0,0.0,0.0,55.0,83.0,28.0,0.1,0.07,-0.03,50.0,104,54.0,0.5,0.4,-0.1,0.0,0.0,0.0,20.0,37.0,17.0,0.02,0.027,0.007,0.15,0.163,0.013,0.0,0.1,0.1,1.0,0.43,-0.57,1.0,0.8,-0.2
13034,乳類,牛乳及び乳製品,＜牛乳及び乳製品＞　（チーズ類）　ナチュラルチーズ　カマンベール,172178,"Cheese, camembert",Dairy and Egg Products,high,291.0,300,9.0,19.1,19.8,0.7,22.5,24.3,1.8,0.0,0.46,0.46,0.0,0.0,0.0,460.0,388,-72.0,0.2,0.33,0.13,120.0,187,67.0,2.8,2.38,-0.42,0.0,0.0,0.0,140.0,241,101.0,0.03,0.028,-0.002,0.48,0.488,0.008,0.2,0.4,0.2,1.3,1.3,0.0,2.0,2.139,0.139
13035,乳類,牛乳及び乳製品,＜牛乳及び乳製品＞　（チーズ類）　ナチュラルチーズ　クリーム,173418,"Cheese, cream",Dairy and Egg Products,high,313.0,350,37.0,8.2,6.15,-2.05,30.1,34.4,4.3,2.5,5.52,3.02,0.0,0.0,0.0,70.0,97.0,27.0,0.1,0.11,0.01,70.0,132,62.0,0.7,0.5,-0.2,0.0,0.0,0.0,170.0,308,138.0,0.03,0.023,-0.007,0.22,0.23,0.01,0.2,0.0,-0.2,0.1,0.22,0.12,0.7,0.798,0.098
13037,乳類,牛乳及び乳製品,＜牛乳及び乳製品＞　（チーズ類）　ナチュラルチーズ　チェダー,170899,"Cheese, cheddar, sharp, sliced",Dairy and Egg Products,high,390.0,410,20.0,25.7,24.2,-1.5,32.1,33.8,1.7,0.4,2.13,1.73,0.0,0.0,0.0,740.0,711,-29.0,0.3,0.16,-0.14,85.0,76.0,-9.0,4.0,3.74,-0.26,0.0,0.0,0.0,210.0,263,53.0,0.04,0.027,-0.013,0.45,0.434,-0.016,0.0,1.0,1.0,1.9,0.88,-1.02,2.0,1.636,-0.364
13038,乳類,牛乳及び乳製品,＜牛乳及び乳製品＞　（チーズ類）　ナチュラルチーズ　パルメザン,173431,"Cheese, parmesan, shredded",Dairy and Egg Products,high,445.0,415,-30.0,44.0,37.9,-6.1,27.6,27.3,-0.3,0.0,3.41,3.41,0.0,0.0,0.0,1300.0,1250.0,-50.0,0.4,0.87,0.47,120.0,97.0,-23.0,7.3,3.19,-4.11,0.0,0.0,0.0,120.0,229,109.0,0.05,0.041,-0.009,0.68,0.352,-0.328,0.2,0.5,0.3,2.5,1.4,-1.1,3.8,4.318,0.518
13039,乳類,牛乳及び乳製品,＜牛乳及び乳製品＞　（チーズ類）　ナチュラルチーズ　ブルー,171250,"Cheese, roquefort",Dairy and Egg Products,high,326.0,369,43.0,18.8,21.5,2.7,26.1,30.6,4.5,0.0,2.0,2.0,0.0,0.0,0.0,590.0,662,72.0,0.3,0.56,0.26,120.0,91.0,-29.0,2.5,2.08,-0.42,0.0,0.0,0.0,170.0,294,124.0,0.03,0.04,0.01,0.42,0.586,0.166,0.3,,,1.1,0.64,-0.46,3.8,4.597,0.797
13040,乳類,牛乳及び乳製品,＜牛乳及び乳製品＞　（チーズ類）　プロセスチーズ,170855,"Cheese, pasteurized process, swiss",Dairy and Egg Products,high,313.0,334,21.0,22.7,24.7,2.0,24.7,25.0,0.3,0.1,2.1,2.0,0.0,0.0,0.0,630.0,772,142.0,0.3,0.61,0.31,60.0,216,156.0,3.2,3.61,0.41,0.0,0.0,0.0,230.0,198,-32.0,0.03,0.014,-0.016,0.38,0.276,-0.104,,0.5,,3.2,1.23,-1.97,2.8,3.48,0.68
13041,乳類,牛乳及び乳製品,＜牛乳及び乳製品＞　（チーズ類）　チーズスプレッド,171254,"Cheese spread, pasteurized process, American",Dairy and Egg Products,high,284.0,290,6.0,15.9,16.4,0.5,23.1,21.2,-1.9,,8.73,,0.0,0.0,0.0,460.0,562,102.0,0.2,0.33,0.13,50.0,242,192.0,1.6,2.59,0.99,0.0,0.0,0.0,150.0,173,23.0,0.02,0.048,0.028,0.35,0.431,0.081,0.3,0.4,0.1,0.5,0.4,-0.1,2.5,4.115,1.615
13043,乳類,牛乳及び乳製品,＜牛乳及び乳製品＞　（アイスクリーム類）　アイスクリーム　普通脂肪,170908,"Yogurt, frozen, flavors other than chocolate, lowfat",Dairy and Egg Products,high,178.0,139,-39.0,3.9,8.0,4.1,7.7,2.5,-5.2,18.0,21.0,3.0,0.1,0.0,-0.1,140.0,200,60.0,0.1,,,190.0,108,-82.0,0.4,0.19,-0.21,,0.0,,30.0,34.0,4.0,0.06,0.028,-0.032,0.2,0.125,-0.075,0.1,0.0,-0.1,0.2,0.05,-0.15,0.3,0.114,-0.186
13045,乳類,牛乳及び乳製品,＜牛乳及び乳製品＞　（アイスクリーム類）　ラクトアイス　普通脂肪,167687,"Whipped topping, frozen, low fat",Dairy and Egg Products,high,217.0,224,7.0,3.1,3.0,-0.1,14.1,13.1,-1.0,20.9,23.6,2.7,0.1,0.0,-0.1,95.0,71.0,-24.0,0.1,0.1,0.0,150.0,101,-49.0,0.4,0.1,-0.3,,0.0,,0.0,4.0,4.0,0.03,0.02,-0.01,0.15,0.09,-0.06,,0.0,,0.2,0.2,0.0,0.2,0.183,-0.017
13052,乳類,その他,＜その他＞　やぎ乳,171278,"Milk, goat, fluid, with added vitamin D",Dairy and Egg Products,high,57.0,69.0,12.0,3.1,3.56,0.46,3.2,4.14,0.94,4.8,4.45,-0.35,0.0,0.0,0.0,120.0,134,14.0,0.1,0.05,-0.05,220.0,204,-16.0,0.3,0.3,0.0,1.0,1.3,0.3,0.0,57.0,57.0,0.04,0.048,0.008,0.14,0.138,-0.002,0.0,1.3,1.3,0.0,0.07,0.07,0.1,0.127,0.027
13056,乳類,牛乳及び乳製品,＜牛乳及び乳製品＞　（チーズ類）　ナチュラルチーズ　モッツァレラ,170845,"Cheese, mozzarella, whole milk",Dairy and Egg Products,high,269.0,299,30.0,18.4,22.2,3.8,,22.1,,0.0,2.4,2.4,0.0,0.0,0.0,330.0,505,175.0,0.1,0.44,0.34,20.0,76.0,56.0,2.8,2.92,0.12,,0.0,,,179,,0.01,0.03,0.02,0.19,0.283,0.093,0.2,0.4,0.2,1.6,2.28,0.68,0.2,1.234,1.034
13058,乳類,牛乳及び乳製品,＜牛乳及び乳製品＞　（チーズ類）　ナチュラルチーズ　リコッタ,746766,"Cheese, ricotta, whole milk",Dairy and Egg Products,high,159.0,157,-2.0,7.1,7.81,0.71,,11.0,,,6.86,,0.0,,,340.0,224,-116.0,0.1,0.1,0.0,210.0,230,20.0,0.3,0.56,0.26,,,,,127,,0.04,0.043,0.003,0.21,0.327,0.117,0.0,,,0.2,0.78,0.58,0.4,0.267,-0.133
14005,油脂類,植物油脂類,（植物油脂類）　大豆油,172370,"Oil, vegetable, soybean, refined",Fats and Oils,high,885.0,884,-1.0,0.0,,,97.0,100,3.0,,,,0.0,0.0,0.0,0.0,,,0.0,0.02,0.02,,,,0.0,0.0,0.0,0.0,0.0,0.0,0.0,0.0,0.0,0.0,0.0,0.0,0.0,0.0,0.0,0.0,,,0.0,0.0,0.0,0.0,,
14007,油脂類,植物油脂類,（植物油脂類）　とうもろこし油,169867,"Oil, corn and canola",Fats and Oils,high,884.0,884,0.0,0.0,,,96.8,100,3.2,,,,0.0,0.0,0.0,,,,0.0,,,0.0,,,0.0,0.0,0.0,0.0,0.0,0.0,0.0,0.0,0.0,0.0,0.0,0.0,0.0,0.0,0.0,0.0,0.0,0.0,0.0,0.0,0.0,0.0,,
14008,油脂類,植物油脂類,（植物油脂類）　なたね油,172336,"Oil, canola",Fats and Oils,high,887.0,884,-3.0,0.0,,,97.5,100,2.5,,,,0.0,0.0,0.0,,,,0.0,,,,,,,0.0,,0.0,0.0,0.0,0.0,0.0,0.0,0.0,0.0,0.0,0.0,0.0,0.0,0.0,0.0,0.0,0.0,0.0,0.0,0.0,,
14011,油脂類,植物油脂類,（植物油脂類）　ひまわり油　ハイリノール,171025,"Oil, sunflower, linoleic, (approx. 65%)",Fats and Oils,high,899.0,884,-15.0,0.0,,,99.9,100,0.1,,,,0.0,0.0,0.0,0.0,,,0.0,,,0.0,,,0.0,0.0,0.0,0.0,0.0,0.0,0.0,0.0,0.0,0.0,0.0,0.0,0.0,0.0,0.0,0.0,0.0,0.0,0.0,0.0,0.0,0.0,,
14012,油脂類,植物油脂類,（植物油脂類）　綿実油,171441,"Oil, industrial, cottonseed, fully hydrogenated",Fats and Oils,high,883.0,884,1.0,0.0,,,96.6,100,3.4,,,,0.0,0.0,0.0,0.0,,,0.0,,,0.0,,,0.0,0.0,0.0,0.0,0.0,0.0,0.0,0.0,0.0,0.0,0.0,0.0,0.0,0.0,0.0,0.0,0.0,0.0,0.0,0.0,0.0,0.0,,
14013,油脂類,植物油脂類,（植物油脂類）　やし油,171412,"Oil, coconut",Fats and Oils,high,889.0,892,3.0,0.0,,,97.7,99.1,1.4,,,,0.0,0.0,0.0,,1.0,,0.0,0.05,0.05,0.0,,,,0.02,,0.0,0.0,0.0,0.0,0.0,0.0,0.0,0.0,0.0,0.0,0.0,0.0,0.0,0.0,0.0,0.0,0.0,0.0,0.0,,
14021,油脂類,マーガリン類,（マーガリン類）　ファットスプレッド,172371,"Margarine-like spread, SMART BALANCE Regular Buttery Spread with flax oil",Fats and Oils,high,579.0,583,4.0,0.2,0.14,-0.06,64.1,64.6,0.5,0.6,0.14,-0.46,0.0,0.0,0.0,8.0,,,,,,17.0,28.0,11.0,,,,0.0,,,380.0,,,0.02,,,0.02,,,1.1,,,0.0,,,1.1,1.641,0.541
14022,油脂類,その他,（その他）　ショートニング　家庭用,172332,Shortening household soybean (hydrogenated) and palm,Fats and Oils,high,889.0,884,-5.0,0.0,,,97.8,100,2.2,,,,0.0,0.0,0.0,0.0,,,0.0,,,0.0,,,0.0,0.0,0.0,0.0,0.0,0.0,0.0,0.0,0.0,0.0,0.0,0.0,0.0,0.0,0.0,0.1,,,0.0,0.0,0.0,0.0,,
14029,油脂類,マーガリン類,（マーガリン類）　マーガリン　業務用　有塩,172369,"Margarine, industrial, soy and partially hydrogenated soy oil, use for baking, sauces and candy",Fats and Oils,high,740.0,714,-26.0,0.3,0.18,-0.12,80.3,80.0,-0.3,,0.71,,0.0,0.0,0.0,14.0,3.0,-11.0,,0.12,,27.0,18.0,-9.0,0.1,0.11,0.01,0.0,,,290.0,,,0.01,0.012,0.002,0.03,0.0,-0.03,11.0,,,0.0,0.21,0.21,1.3,2.25,0.95
14030,油脂類,その他,（その他）　ショートニング　業務用　製菓,172334,"Shortening, confectionery, fractionated palm",Fats and Oils,high,881.0,884,3.0,0.0,,,96.3,100,3.7,,,,0.0,0.0,0.0,0.0,,,0.0,,,0.0,,,0.0,0.0,0.0,0.0,0.0,0.0,0.0,0.0,0.0,0.0,0.0,0.0,0.0,0.0,0.0,0.1,,,0.0,0.0,0.0,0.0,,
14031,油脂類,その他,（その他）　ショートニング　業務用　フライ,172331,"Shortening frying (heavy duty), palm (hydrogenated)",Fats and Oils,high,886.0,884,-2.0,0.0,,,97.3,100,2.7,,,,0.0,0.0,0.0,0.0,,,0.0,,,0.0,,,0.0,0.0,0.0,0.0,0.0,0.0,0.0,0.0,0.0,0.0,0.0,0.0,0.0,0.0,0.0,0.1,,,0.0,0.0,0.0,0.0,,
15006,菓子類,和生菓子・和半生菓子類,＜和生菓子・和半生菓子類＞　ういろう　白,167738,"Pie fillings, blueberry, canned",Sweets,medium,181.0,181,0.0,1.0,0.41,-0.59,0.1,0.2,0.1,46.8,44.4,-2.4,0.1,2.6,2.5,2.0,27.0,25.0,0.2,0.8,0.6,17.0,115,98.0,0.2,0.1,-0.1,0.0,0.7,0.7,0.0,1.0,1.0,0.02,0.023,0.003,,0.034,,0.0,0.0,0.0,0.0,0.0,0.0,0.0,0.03,0.03
15014,菓子類,和生菓子・和半生菓子類,＜和生菓子・和半生菓子類＞　きりざんしょ,169626,"Frostings, white, fluffy, dry mix, prepared with water",Sweets,high,245.0,244,-1.0,2.1,1.5,-0.6,0.3,,,62.6,62.6,0.0,0.2,0.0,-0.2,2.0,4.0,2.0,0.3,0.06,-0.24,31.0,77.0,46.0,0.3,0.02,-0.28,0.0,0.0,0.0,0.0,0.0,0.0,0.03,0.001,-0.029,0.01,0.026,0.016,0.0,,,0.0,0.01,0.01,0.2,0.396,0.196
15062,菓子類,和干菓子類,＜和干菓子類＞　ボーロ　そばボーロ,170251,"Snacks, rice cakes, brown rice, buckwheat, unsalted",Snacks,medium,398.0,380,-18.0,7.7,9.0,1.3,3.0,3.5,0.5,90.4,80.1,-10.3,1.5,,,21.0,11.0,-10.0,0.9,1.14,0.24,130.0,299,169.0,0.7,2.5,1.8,0.0,0.0,0.0,2.0,0.0,-2.0,0.12,0.056,-0.064,0.11,0.103,-0.007,0.9,,,0.3,0.0,-0.3,0.3,0.01,-0.29
15086,菓子類,デザート菓子類,＜デザート菓子類＞　カスタードプリン,168787,"Egg custards, dry mix, prepared with 2% milk",Sweets,high,116.0,112,-4.0,5.7,4.13,-1.57,4.5,2.83,-1.67,14.5,17.6,3.1,0.0,0.0,0.0,81.0,146,65.0,0.5,0.33,-0.17,130.0,214,84.0,0.6,0.61,0.01,1.0,0.2,-0.8,6.0,61.0,55.0,0.04,0.056,0.016,0.2,0.235,0.035,1.4,1.1,-0.3,0.5,0.58,0.08,0.2,0.221,0.021
15090,菓子類,デザート菓子類,＜デザート菓子類＞　ゼリー　ワイン,169596,"Gelatin desserts, dry mix, prepared with water",Sweets,high,65.0,60.0,-5.0,1.7,1.22,-0.48,,,,13.7,14.2,0.5,0.0,0.0,0.0,1.0,3.0,2.0,0.1,0.02,-0.08,11.0,1.0,-10.0,0.0,0.01,0.01,0.0,0.0,0.0,0.0,0.0,0.0,0.0,0.0,0.0,0.0,0.006,0.006,0.0,0.0,0.0,0.0,0.0,0.0,0.0,0.191,0.191
15091,菓子類,デザート菓子類,＜デザート菓子類＞　ババロア,168777,"Desserts, mousse, chocolate, prepared-from-recipe",Sweets,high,204.0,225,21.0,5.6,4.14,-1.46,11.7,16.0,4.3,20.8,16.1,-4.7,0.0,0.6,0.6,72.0,96.0,24.0,0.6,0.55,-0.05,90.0,143,53.0,0.6,0.64,0.04,,0.1,,24.0,140,116.0,0.04,0.045,0.005,0.13,0.205,0.075,1.6,,,0.6,0.47,-0.13,0.1,0.097,-0.003
15097,菓子類,ビスケット類,＜ビスケット類＞　ビスケット　ハードビスケット,174800,"Snacks, granola bar, QUAKER, chewy, 90 Calorie Bar",Snacks,high,422.0,408,-14.0,7.6,4.17,-3.43,8.9,8.33,-0.57,78.0,79.2,1.2,2.3,4.2,1.9,330.0,333,3.0,0.9,1.5,0.6,140.0,224,84.0,0.5,1.23,0.73,0.0,0.5,0.5,6.0,3.0,-3.0,0.13,0.189,0.059,0.22,0.076,-0.144,,0.0,,,0.03,,0.8,0.795,-0.005
15103,菓子類,スナック類,＜スナック類＞　ポテトチップス　ポテトチップス,170248,"Snacks, potato chips, plain, made with partially hydrogenated soybean oil, salted",Snacks,high,541.0,536,-5.0,4.7,7.0,2.3,34.2,34.6,0.4,,52.9,,4.2,4.8,0.6,17.0,24.0,7.0,1.7,1.63,-0.07,1200.0,1280.0,80.0,0.5,1.09,0.59,15.0,31.1,16.1,0.0,0.0,0.0,0.26,0.167,-0.093,0.06,0.197,0.137,,,,,,,1.0,1.509,0.509
15104,菓子類,スナック類,＜スナック類＞　ポテトチップス　成形ポテトチップス,167553,"Snacks, potato chips, made from dried potatoes, reduced fat",Snacks,high,515.0,502,-13.0,5.8,4.56,-1.24,28.8,26.1,-2.7,,64.8,,4.8,3.2,-1.6,49.0,29.0,-20.0,1.2,1.11,-0.09,900.0,760,-140.0,0.7,0.7,0.0,9.0,12.0,3.0,0.0,0.0,0.0,0.25,0.212,-0.038,0.05,0.015,-0.035,,0.0,,,0.0,,0.9,1.143,0.243
15105,菓子類,キャンデー類,＜キャンデー類＞　キャラメル,167578,"Candies, fudge, peanut butter, prepared-from-recipe",Sweets,medium,426.0,387,-39.0,4.0,3.78,-0.22,10.4,6.59,-3.81,,77.8,,0.0,0.7,0.7,190.0,42.0,-148.0,0.3,0.22,-0.08,180.0,119,-61.0,0.4,0.48,0.08,0.0,0.0,0.0,15.0,9.0,-6.0,0.09,0.022,-0.068,0.18,0.082,-0.098,3.0,,,,0.14,,0.3,0.3,0.0
15110,菓子類,キャンデー類,＜キャンデー類＞　ドロップ,167990,"Candies, hard",Sweets,high,389.0,394,5.0,0.0,,,,0.2,,103.8,98.0,-5.8,0.0,0.0,0.0,1.0,3.0,2.0,,0.3,,1.0,5.0,4.0,0.0,0.01,0.01,0.0,0.0,0.0,0.0,0.0,0.0,0.0,0.004,0.004,0.0,0.003,0.003,0.0,0.0,0.0,0.0,0.0,0.0,0.0,0.097,0.097
15111,菓子類,キャンデー類,＜キャンデー類＞　バタースコッチ,167972,"Candies, butterscotch",Sweets,high,414.0,391,-23.0,,0.03,,6.0,3.3,-2.7,95.9,90.4,-5.5,0.0,0.0,0.0,2.0,4.0,2.0,,0.01,,4.0,3.0,-1.0,0.0,0.09,0.09,0.0,0.0,0.0,15.0,28.0,13.0,0.0,0.012,0.012,,0.016,,0.1,0.0,-0.1,0.0,0.0,0.0,0.4,0.993,0.593
15112,菓子類,キャンデー類,＜キャンデー類＞　ブリットル,169624,"Candies, REESE'S NUTRAGEOUS Candy Bar",Sweets,high,506.0,517,11.0,12.6,11.3,-1.3,27.0,32.1,5.1,55.5,52.8,-2.7,3.6,3.9,0.3,26.0,68.0,42.0,0.9,1.23,0.33,380.0,364,-16.0,1.5,1.29,-0.21,0.0,0.5,0.5,3.0,,,0.12,0.18,0.06,0.07,0.1,0.03,0.0,,,0.0,,,0.2,0.358,0.158
15113,菓子類,キャンデー類,＜キャンデー類＞　マシュマロ,167995,"Candies, marshmallows",Sweets,high,324.0,318,-6.0,2.1,1.8,-0.3,,0.2,,84.1,81.3,-2.8,0.0,0.1,0.1,1.0,3.0,2.0,0.1,0.23,0.13,1.0,5.0,4.0,0.0,0.04,0.04,0.0,0.0,0.0,0.0,0.0,0.0,0.0,0.001,0.001,0.0,0.001,0.001,0.0,0.0,0.0,0.0,0.0,0.0,0.0,0.203,0.203
15114,菓子類,チョコレート類,＜チョコレート類＞　カバーリングチョコレート,169663,"Candies, MARS SNACKFOOD US, SNICKERS CRUNCHER",Sweets,high,488.0,488,0.0,7.1,6.86,-0.24,23.1,24.4,1.3,66.4,62.8,-3.6,3.2,1.9,-1.3,160.0,90.0,-70.0,1.6,0.68,-0.92,320.0,,,1.1,,,0.0,0.5,0.5,23.0,,,0.15,,,0.27,,,0.6,,,,,,0.3,0.48,0.18
15115,菓子類,チョコレート類,＜チョコレート類＞　ホワイトチョコレート,167571,"Candies, white chocolate",Sweets,high,588.0,539,-49.0,7.2,5.87,-1.33,37.8,32.1,-5.7,58.2,59.2,1.0,0.6,0.2,-0.4,250.0,199,-51.0,0.1,0.24,0.14,340.0,286,-54.0,0.8,0.74,-0.06,,0.5,,39.0,9.0,-30.0,0.08,0.063,-0.017,0.39,0.282,-0.108,,0.0,,,0.56,,0.2,0.229,0.029
15116,菓子類,チョコレート類,＜チョコレート類＞　ミルクチョコレート,168755,"Candies, milk chocolate, with rice cereal",Sweets,high,550.0,511,-39.0,6.9,7.64,0.74,32.8,29.4,-3.4,59.3,59.7,0.4,3.9,3.3,-0.6,240.0,187,-53.0,2.4,2.65,0.25,440.0,370,-70.0,1.6,2.29,0.69,0.0,0.6,0.6,37.0,65.0,28.0,0.19,0.131,-0.059,0.41,0.323,-0.087,1.0,0.0,-1.0,,0.8,,0.2,0.218,0.018
15137,菓子類,チョコレート類,＜チョコレート類＞　アーモンドチョコレート,167979,"Candies, HERSHEY'S GOLDEN ALMOND SOLITAIRES",Sweets,high,562.0,569,7.0,11.4,12.0,0.6,39.6,37.1,-2.5,40.1,46.8,6.7,6.1,4.4,-1.7,240.0,203,-37.0,2.8,2.5,-0.3,550.0,,,2.3,,,0.0,0.0,0.0,28.0,,,0.19,,,0.64,,,0.6,,,0.0,,,0.1,0.132,0.032
16006,し好飲料類,アルコール飲料類,＜アルコール飲料類＞　（醸造酒類）　ビール　淡色,168746,"Alcoholic beverage, beer, regular, all",Beverages,high,39.0,43.0,4.0,0.3,0.46,0.16,0.0,,,,3.55,,0.0,0.0,0.0,3.0,4.0,1.0,,0.02,,34.0,27.0,-7.0,,0.01,,0.0,0.0,0.0,0.0,0.0,0.0,0.0,0.005,0.005,0.02,0.025,0.005,0.0,0.0,0.0,0.1,0.02,-0.08,0.0,0.01,0.01
16009,し好飲料類,アルコール飲料類,＜アルコール飲料類＞　（醸造酒類）　発泡酒,174145,"Alcoholic beverage, beer, light, higher alcohol",Beverages,high,44.0,46.0,2.0,0.1,0.25,0.15,0.0,,,0.0,0.77,0.77,0.0,0.0,0.0,4.0,4.0,0.0,0.0,0.03,0.03,13.0,21.0,8.0,,0.01,,0.0,0.0,0.0,0.0,0.0,0.0,0.0,0.005,0.005,0.01,0.015,0.005,0.0,0.0,0.0,0.0,0.02,0.02,0.0,0.01,0.01
16010,し好飲料類,アルコール飲料類,＜アルコール飲料類＞　（醸造酒類）　ぶどう酒　白,174837,"Alcoholic beverage, wine, table, white",Beverages,high,75.0,82.0,7.0,0.1,0.07,-0.03,,,,2.5,2.6,0.1,,0.0,,8.0,9.0,1.0,0.3,0.27,-0.03,60.0,71.0,11.0,,0.12,,0.0,0.0,0.0,0.0,0.0,0.0,0.0,0.005,0.005,0.0,0.015,0.015,0.0,0.0,0.0,0.0,0.0,0.0,0.0,0.013,0.013
16011,し好飲料類,アルコール飲料類,＜アルコール飲料類＞　（醸造酒類）　ぶどう酒　赤,173190,"Alcoholic beverage, wine, table, red",Beverages,high,68.0,85.0,17.0,0.2,0.07,-0.13,,,,0.2,2.61,2.41,,0.0,,7.0,8.0,1.0,0.4,0.46,0.06,110.0,127,17.0,,0.14,,0.0,0.0,0.0,0.0,0.0,0.0,0.0,0.005,0.005,0.01,0.031,0.021,0.0,0.0,0.0,0.0,0.0,0.0,0.0,0.01,0.01
16012,し好飲料類,アルコール飲料類,＜アルコール飲料類＞　（醸造酒類）　ぶどう酒　ロゼ,171908,"Alcoholic beverages, wine, rose",Beverages,high,71.0,83.0,12.0,0.1,0.36,0.26,0.0,,,2.5,3.8,1.3,0.0,0.0,0.0,10.0,10.0,0.0,0.4,0.2,-0.2,60.0,59.0,-1.0,,0.11,,0.0,0.0,0.0,0.0,0.0,0.0,0.0,0.02,0.02,0.0,0.015,0.015,0.0,0.0,0.0,0.0,0.01,0.01,0.0,0.013,0.013
16016,し好飲料類,アルコール飲料類,＜アルコール飲料類＞　（蒸留酒類）　ウイスキー,174815,"Alcoholic beverage, distilled, all (gin, rum, vodka, whiskey) 80 proof",Beverages,high,234.0,231,-3.0,0.0,,,,,,,,,0.0,0.0,0.0,0.0,,,,0.04,,1.0,2.0,1.0,,0.04,,0.0,0.0,0.0,0.0,0.0,0.0,0.0,0.006,0.006,0.0,0.004,0.004,0.0,0.0,0.0,0.0,0.0,0.0,0.0,0.003,0.003
16019,し好飲料類,アルコール飲料類,＜アルコール飲料類＞　（蒸留酒類）　ジン,173663,"Alcoholic beverage, distilled, all (gin, rum, vodka, whiskey) 94 proof",Beverages,high,280.0,275,-5.0,0.0,,,,,,,,,0.0,0.0,0.0,0.0,,,0.0,0.04,0.04,,2.0,,,0.04,,0.0,0.0,0.0,0.0,0.0,0.0,0.0,0.006,0.006,0.0,0.004,0.004,0.0,,,0.0,0.0,0.0,0.0,0.003,0.003
16020,し好飲料類,アルコール飲料類,＜アルコール飲料類＞　（蒸留酒類）　ラム,174817,"Alcoholic beverage, distilled, rum, 80 proof",Beverages,high,237.0,231,-6.0,0.0,,,,,,,,,0.0,0.0,0.0,0.0,,,0.0,0.12,0.12,,2.0,,,0.07,,0.0,0.0,0.0,0.0,0.0,0.0,0.0,0.008,0.008,0.0,0.0,0.0,0.0,0.0,0.0,0.0,0.0,0.0,0.0,0.003,0.003
16027,し好飲料類,アルコール飲料類,＜アルコール飲料類＞　（混成酒類）　薬味酒,169574,"Alcoholic beverage, daiquiri, prepared-from-recipe",Beverages,medium,181.0,186,5.0,,0.06,,,0.06,,,6.94,,,0.1,,1.0,3.0,2.0,,0.09,,14.0,21.0,7.0,,0.04,,0.0,1.6,1.6,0.0,0.0,0.0,0.0,0.013,0.013,0.0,0.005,0.005,,,,0.0,0.0,0.0,0.0,0.013,0.013
16028,し好飲料類,アルコール飲料類,＜アルコール飲料類＞　（混成酒類）　キュラソー,173665,"Alcoholic beverage, liqueur, coffee, 63 proof",Beverages,high,319.0,308,-11.0,,0.1,,,0.3,,,32.2,,,0.0,,,1.0,,0.0,0.06,0.06,,30.0,,,0.03,,0.0,0.0,0.0,0.0,0.0,0.0,0.0,0.004,0.004,0.0,0.012,0.012,,,,0.0,0.0,0.0,0.0,0.02,0.02
16029,し好飲料類,アルコール飲料類,＜アルコール飲料類＞　（混成酒類）　スイートワイン,173176,"Alcoholic beverage, wine, dessert, sweet",Beverages,high,125.0,160,35.0,0.1,0.2,0.1,,,,12.2,13.7,1.5,,0.0,,5.0,8.0,3.0,0.3,0.24,-0.06,70.0,92.0,22.0,,0.07,,0.0,0.0,0.0,0.0,0.0,0.0,0.0,0.018,0.018,,0.018,,,0.0,,0.0,0.0,0.0,0.0,0.023,0.023
16030,し好飲料類,アルコール飲料類,＜アルコール飲料類＞　（混成酒類）　ペパーミント,173168,"Alcoholic beverage, creme de menthe, 72 proof",Beverages,high,300.0,371,71.0,0.0,,,,0.3,,,41.6,,,0.0,,,,,0.0,0.07,0.07,1.0,,,,0.04,,0.0,0.0,0.0,0.0,0.0,0.0,0.0,0.0,0.0,0.0,0.0,0.0,,0.0,,0.0,0.0,0.0,0.0,0.013,0.013
16037,し好飲料類,茶類,＜茶類＞　（緑茶類）　せん茶　浸出液,171917,"Beverages, tea, green, brewed, regular",Beverages,high,2.0,4.0,2.0,0.2,0.22,0.02,,,,,,,,0.0,,3.0,,,0.2,0.02,-0.18,27.0,8.0,-19.0,,0.01,,6.0,0.0,-6.0,0.0,0.0,0.0,0.0,0.007,0.007,0.05,0.058,0.008,0.0,0.0,0.0,0.0,0.0,0.0,0.0,0.003,0.003
16042,し好飲料類,茶類,＜茶類＞　（発酵茶類）　ウーロン茶　浸出液,174120,"Beverages, tea, Oolong, brewed",Beverages,high,0.0,1.0,1.0,,,,,,,,0.15,,,0.0,,2.0,1.0,-1.0,,,,13.0,12.0,-1.0,,0.01,,0.0,0.0,0.0,0.0,0.0,0.0,0.0,0.0,0.0,0.03,0.0,-0.03,0.0,0.0,0.0,0.0,0.0,0.0,0.0,0.008,0.008
16044,し好飲料類,茶類,＜茶類＞　（発酵茶類）　紅茶　浸出液,174155,"Beverages, tea, black, brewed, prepared with distilled water",Beverages,high,1.0,1.0,0.0,0.1,,,,,,,0.3,,,0.0,,1.0,,,0.0,0.01,0.01,8.0,21.0,13.0,,0.01,,0.0,0.0,0.0,0.0,,,0.0,0.0,0.0,0.01,0.014,0.004,0.0,,,0.0,0.0,0.0,0.0,,
16045,し好飲料類,コーヒー・ココア類,＜コーヒー・ココア類＞　コーヒー　浸出液,171889,"Beverages, coffee, brewed, prepared with tap water, decaffeinated",Beverages,high,4.0,1.0,-3.0,0.2,0.1,-0.1,,,,0.0,,,,0.0,,2.0,2.0,0.0,,0.05,,65.0,54.0,-11.0,,0.02,,0.0,0.0,0.0,0.0,0.0,0.0,0.0,0.0,0.0,0.01,0.0,-0.01,0.0,0.0,0.0,0.0,0.0,0.0,0.0,0.005,0.005
16046,し好飲料類,コーヒー・ココア類,＜コーヒー・ココア類＞　コーヒー　インスタントコーヒー,174126,"Beverages, coffee, instant, regular, half the caffeine",Beverages,high,287.0,352,65.0,14.7,14.4,-0.3,0.2,0.5,0.3,,73.2,,,0.0,,140.0,141,1.0,3.0,4.41,1.41,3600.0,3540.0,-60.0,0.4,0.35,-0.05,0.0,0.0,0.0,0.0,0.0,0.0,0.02,0.008,-0.012,0.14,0.074,-0.066,0.0,0.0,0.0,0.1,0.0,-0.1,0.1,0.094,-0.006
16049,し好飲料類,コーヒー・ココア類,＜コーヒー・ココア類＞　ココア　ミルクココア,174122,"Beverages, Cocoa mix, powder",Beverages,high,400.0,398,-2.0,7.4,6.67,-0.73,6.6,4.0,-2.6,,83.7,,5.5,3.7,-1.8,180.0,133,-47.0,2.9,1.19,-1.71,730.0,712,-18.0,2.1,1.46,-0.64,0.0,0.2,0.2,,1.0,,0.07,0.096,0.026,0.42,0.565,0.145,,0.0,,,0.35,,0.7,1.28,0.58
16052,し好飲料類,その他,＜その他＞　（炭酸飲料類）　果実色飲料,173199,"Carbonated beverage, cream soda",Beverages,high,51.0,51.0,0.0,,,,,,,,13.3,,,0.0,,3.0,5.0,2.0,,0.05,,1.0,1.0,0.0,0.0,0.07,0.07,0.0,0.0,0.0,0.0,0.0,0.0,0.0,0.0,0.0,0.0,0.0,0.0,0.0,0.0,0.0,,0.0,,0.0,0.03,0.03
16053,し好飲料類,その他,＜その他＞　（炭酸飲料類）　コーラ,175093,"Beverages, carbonated, cola, fast-food cola",Beverages,high,46.0,37.0,-9.0,0.1,0.07,-0.03,,0.02,,12.2,9.56,-2.64,,0.0,,2.0,2.0,0.0,,0.11,,,2.0,,,0.02,,0.0,0.0,0.0,0.0,0.0,0.0,0.0,0.0,0.0,0.0,0.0,0.0,0.0,0.0,0.0,,0.0,,0.0,0.01,0.01
16054,し好飲料類,その他,＜その他＞　（炭酸飲料類）　サイダー,173206,"Beverages, carbonated, SPRITE, lemon-lime, without caffeine",Beverages,high,41.0,40.0,-1.0,,0.05,,,0.02,,9.0,10.1,1.1,,0.0,,1.0,2.0,1.0,,0.11,,,1.0,,0.1,0.04,-0.06,0.0,0.0,0.0,0.0,0.0,0.0,0.0,0.0,0.0,0.0,0.0,0.0,0.0,0.0,0.0,,0.0,,0.0,0.023,0.023
16057,し好飲料類,その他,＜その他＞　スポーツドリンク,173660,"Beverages, PEPSICO QUAKER, Gatorade, G performance O 2, ready-to-drink.",Beverages,high,21.0,26.0,5.0,0.0,,,,,,,6.43,,,0.0,,8.0,1.0,-7.0,,0.05,,26.0,15.0,-11.0,0.0,0.01,0.01,,0.4,,0.0,0.0,0.0,0.0,0.011,0.011,0.0,0.0,0.0,0.0,0.0,0.0,0.0,0.0,0.0,0.1,0.099,-0.001
16058,し好飲料類,その他,＜その他＞　（炭酸飲料類）　ビール風味炭酸飲料,174850,"Beverages, carbonated, low calorie, cola or pepper-type, with aspartame, without caffeine",Beverages,high,5.0,4.0,-1.0,0.1,0.12,0.02,,,,,0.12,,,0.0,,2.0,3.0,1.0,0.0,0.02,0.02,9.0,7.0,-2.0,0.0,0.01,0.01,8.0,0.0,-8.0,0.0,0.0,0.0,0.0,0.005,0.005,0.0,0.023,0.023,0.0,0.0,0.0,0.0,0.0,0.0,0.0,0.01,0.01
17017,調味料・香辛料類,調味料類,＜調味料類＞　（食酢類）　果実酢　ぶどう酢,172237,"Vinegar, distilled",Spices and Herbs,high,22.0,18.0,-4.0,0.1,,,,,,,0.04,,0.0,0.0,0.0,3.0,6.0,3.0,0.2,0.03,-0.17,22.0,2.0,-20.0,,0.01,,,0.0,,,0.0,,,0.0,,,0.0,,,0.0,,0.1,0.0,-0.1,0.0,0.005,0.005
17018,調味料・香辛料類,調味料類,＜調味料類＞　（食酢類）　果実酢　りんご酢,173469,"Vinegar, cider",Spices and Herbs,high,26.0,90.0,64.0,0.1,,,,,,0.5,0.93,0.43,0.0,0.0,0.0,4.0,7.0,3.0,0.2,0.2,0.0,59.0,73.0,14.0,0.1,0.04,-0.06,0.0,0.0,0.0,0.0,0.0,0.0,0.0,0.0,0.0,0.01,0.0,-0.01,,0.0,,0.3,0.0,-0.3,0.0,0.013,0.013
17025,調味料・香辛料類,調味料類,＜調味料類＞　（だし類）　中華だし,172922,"Soup, beef broth or bouillon, powder, prepared with water","Soups, Sauces, and Gravies",high,3.0,3.0,0.0,0.8,0.21,-0.59,,0.08,,,0.25,,,0.0,,3.0,4.0,1.0,,0.02,,90.0,6.0,-84.0,,0.01,,0.0,0.0,0.0,0.0,0.0,0.0,0.15,0.002,-0.148,0.03,0.003,-0.027,,0.0,,0.0,0.01,0.01,0.1,0.97,0.87
17026,調味料・香辛料類,調味料類,＜調味料類＞　（だし類）　洋風だし,171179,"Soup, SWANSON, beef broth, lower sodium","Soups, Sauces, and Gravies",high,6.0,6.0,0.0,1.3,1.2,-0.1,,0.08,,,0.21,,,,,5.0,2.0,-3.0,0.1,0.04,-0.06,110.0,23.0,-87.0,0.1,0.32,0.22,0.0,,,0.0,0.0,0.0,0.02,0.02,0.0,0.05,0.085,0.035,,,,0.2,0.0,-0.2,0.5,0.457,-0.043
17037,調味料・香辛料類,調味料類,＜調味料類＞　（トマト加工品類）　トマトソース,172880,"Sauce, pizza, canned, ready-to-serve","Soups, Sauces, and Gravies",medium,41.0,54.0,13.0,2.0,2.18,0.18,0.1,1.15,1.05,5.3,8.66,3.36,1.1,2.0,0.9,18.0,54.0,36.0,0.9,0.9,0.0,340.0,354,14.0,0.2,0.25,0.05,,11.3,,480.0,,,0.09,0.061,-0.029,0.08,0.053,-0.027,0.0,,,,0.02,,0.6,0.884,0.284
17051,調味料・香辛料類,調味料類,＜調味料類＞　（ルウ類）　カレールウ,171567,"Gravy, chicken, dry","Soups, Sauces, and Gravies",high,474.0,381,-93.0,6.5,11.3,4.8,32.8,9.73,-23.07,38.1,62.1,24.0,6.4,,,90.0,146,56.0,3.5,1.33,-2.17,320.0,404,84.0,0.5,1.39,0.89,0.0,0.6,0.6,69.0,38.0,-31.0,0.09,0.249,0.159,0.06,0.634,0.574,0.0,,,,0.48,,10.6,10.541,-0.059
17057,調味料・香辛料類,香辛料類,＜香辛料類＞　からし　粉,170929,"Spices, mustard seed, ground",Spices and Herbs,high,435.0,508,73.0,33.0,26.1,-6.9,14.2,36.2,22.0,,28.1,,,12.2,,250.0,266,16.0,11.0,9.21,-1.79,890.0,738,-152.0,6.6,6.08,-0.52,0.0,7.1,7.1,38.0,2.0,-36.0,0.73,0.805,0.075,0.26,0.261,0.001,0.0,0.0,0.0,0.0,0.0,0.0,0.1,0.033,-0.067
17068,調味料・香辛料類,香辛料類,＜香辛料類＞　しょうが　粉,170926,"Spices, ginger, ground",Spices and Herbs,high,365.0,335,-30.0,7.8,8.98,1.18,,4.24,,59.2,71.6,12.4,,14.1,,110.0,114,4.0,14.0,19.8,5.8,1400.0,1320.0,-80.0,1.7,3.64,1.94,0.0,0.7,0.7,16.0,2.0,-14.0,0.04,0.046,0.006,0.17,0.17,0.0,0.0,0.0,0.0,0.0,0.0,0.0,0.1,0.069,-0.031
17094,調味料・香辛料類,調味料類,＜調味料類＞　（調味ソース類）　甘酢,174066,"Sauce, sweet and sour, ready-to-serve","Soups, Sauces, and Gravies",high,116.0,154,38.0,0.1,0.27,0.17,,0.02,,27.9,38.2,10.3,0.0,0.1,0.1,2.0,10.0,8.0,0.0,0.21,0.21,5.0,99.0,94.0,0.1,0.09,-0.01,0.0,8.7,8.7,0.0,1.0,1.0,0.01,0.048,0.038,0.01,0.019,0.009,0.0,0.0,0.0,0.1,0.0,-0.1,1.2,1.369,0.169
17107,調味料・香辛料類,調味料類,＜調味料類＞　（調味ソース類）　魚醤油　ナンプラー,174531,"Sauce, fish, ready-to-serve","Soups, Sauces, and Gravies",high,47.0,146,99.0,9.1,5.06,-4.04,0.0,0.01,0.01,,3.64,,0.0,0.0,0.0,20.0,43.0,23.0,1.2,0.78,-0.42,230.0,288,58.0,0.7,0.2,-0.5,0.0,0.5,0.5,0.0,4.0,4.0,0.01,0.012,0.002,0.1,0.057,-0.043,0.0,0.0,0.0,1.6,0.48,-1.12,22.9,19.939,-2.961
17109,調味料・香辛料類,調味料類,＜調味料類＞　（調味ソース類）　ホワイトソース,172901,"CAMPBELL'S, Cream of Mushroom Soup, condensed","Soups, Sauces, and Gravies",high,99.0,81.0,-18.0,1.8,1.29,-0.51,6.2,5.5,-0.7,5.6,6.59,0.99,0.4,0.6,0.2,34.0,8.0,-26.0,0.1,0.16,0.06,62.0,67.0,5.0,0.2,0.11,-0.09,0.0,0.5,0.5,,,,0.01,0.01,0.0,0.05,0.017,-0.033,,0.2,,0.0,,,1.0,1.77,0.77
17113,調味料・香辛料類,調味料類,＜調味料類＞　（調味ソース類）　焼き肉のたれ,171167,"Sauce, teriyaki, ready-to-serve","Soups, Sauces, and Gravies",high,164.0,371,207.0,4.3,5.93,1.63,2.1,0.02,-2.08,28.4,15.6,-12.8,0.4,0.1,-0.3,23.0,25.0,2.0,0.9,1.7,0.8,230.0,225,-5.0,0.5,0.1,-0.4,1.0,0.0,-1.0,4.0,0.0,-4.0,0.03,0.03,0.0,0.09,0.07,-0.02,,0.0,,0.1,0.0,-0.1,8.3,9.728,1.428
18002,調理加工食品類,,中国料理　点心類　ぎょうざ,172038,"Fast foods, burrito, with beans",Fast Foods,medium,209.0,206,-3.0,6.9,6.48,-0.42,10.0,6.22,-3.78,22.6,32.9,10.3,1.5,,,22.0,52.0,30.0,0.6,2.08,1.48,170.0,301,131.0,0.6,0.7,0.1,4.0,0.9,-3.1,77.0,,,0.14,0.29,0.15,0.07,0.28,0.21,0.1,,,0.1,0.5,0.4,1.2,1.153,-0.047
18012,調理加工食品類,,中国料理　点心類　しゅうまい,173277,"Fast foods, burrito, with beans and beef",Fast Foods,medium,191.0,191,0.0,9.1,11.5,2.4,8.7,7.47,-1.23,19.7,19.5,-0.2,1.7,3.0,1.3,26.0,90.0,64.0,0.9,1.91,1.01,260.0,269,9.0,0.8,1.99,1.19,1.0,1.9,0.9,1.0,17.0,16.0,0.16,0.173,0.013,0.1,0.115,0.015,0.1,0.1,0.0,0.2,0.68,0.48,1.3,1.448,0.148
18018,調理加工食品類,,洋風料理　コロッケ類　ポテトコロッケ,170337,"TACO BELL, Nachos Supreme",Fast Foods,medium,226.0,223,-3.0,5.3,6.21,0.91,12.1,12.5,0.4,25.4,21.4,-4.0,2.0,3.7,1.7,15.0,47.0,32.0,0.8,1.01,0.21,250.0,298,48.0,0.5,1.05,0.55,10.0,0.0,-10.0,67.0,42.0,-25.0,0.11,0.073,-0.037,0.05,0.137,0.087,0.1,,,0.1,0.31,0.21,0.7,0.884,0.184
18019,調理加工食品類,,洋風料理　フライ類　いかフライ,170756,"Fast Foods, Fried Chicken, Breast, meat and skin and breading",Fast Foods,high,227.0,230,3.0,13.3,23.5,10.2,10.4,12.4,2.0,21.1,6.03,-15.07,0.9,0.1,-0.8,16.0,45.0,29.0,0.4,0.72,0.32,140.0,282,142.0,0.9,0.92,0.02,1.0,0.0,-1.0,1.0,10.0,9.0,0.04,0.104,0.064,0.03,0.228,0.198,0.1,0.1,0.0,0.8,0.31,-0.49,0.5,1.669,1.169
18020,調理加工食品類,,洋風料理　フライ類　えびフライ,172067,"McDONALD'S, BIG MAC (without Big Mac Sauce)",Fast Foods,medium,236.0,234,-2.0,15.9,12.8,-3.1,11.0,11.6,0.6,22.1,21.0,-1.1,1.0,1.7,0.7,69.0,124,55.0,0.6,2.14,1.54,200.0,192,-8.0,1.3,2.07,0.77,0.0,0.4,0.4,1.0,,,0.08,0.19,0.11,0.05,0.223,0.173,0.2,,,0.6,0.94,0.34,0.9,1.153,0.253
18022,調理加工食品類,,洋風料理　フライ類　メンチカツ,170349,"KFC, Fried Chicken, EXTRA CRISPY, Drumstick, meat and skin with breading",Fast Foods,high,273.0,274,1.0,10.7,20.6,9.9,17.7,17.7,0.0,19.3,7.96,-11.34,1.7,,,24.0,25.0,1.0,1.2,0.91,-0.29,240.0,237,-3.0,1.6,1.84,0.24,1.0,,,55.0,,,0.14,0.037,-0.103,0.09,0.195,0.105,0.1,,,0.3,0.54,0.24,0.9,1.605,0.705
18045,調理加工食品類,,洋風料理　シチュー類　チキンシチュー,172072,McDONALD'S Bacon Ranch Salad with Crispy Chicken,Fast Foods,medium,124.0,122,-2.0,6.2,8.82,2.62,7.6,6.3,-1.3,6.0,6.08,0.08,1.2,1.0,-0.2,38.0,46.0,8.0,0.4,0.61,0.21,160.0,,,0.6,,,7.0,9.7,2.7,430.0,,,0.04,0.06,0.02,0.1,0.071,-0.029,0.1,,,0.1,,,0.7,0.693,-0.007
18051,調理加工食品類,,洋風料理　ハンバーグステーキ類　チキンハンバーグ,170724,"WENDY'S, Ultimate Chicken Grill Sandwich",Fast Foods,medium,171.0,179,8.0,12.6,14.7,2.1,9.6,5.0,-4.6,7.5,18.9,11.4,1.0,1.1,0.1,22.0,25.0,3.0,0.7,1.55,0.85,240.0,221,-19.0,0.8,0.57,-0.23,2.0,1.1,-0.9,130.0,,,0.09,0.392,0.302,0.11,0.26,0.15,0.1,,,0.2,0.33,0.13,1.2,1.085,-0.115
