category,confidence,food_id,food_name_jp,matched,no_match,reason
穀類,high,01002,あわ　精白粒,False,True,"Awa (foxtail millet) is a traditional Japanese grain with no direct equivalent in USDA database; while nutritionally similar to wheat/rice, it's a distinct grain species not commonly found in US food supply"
穀類,high,01167,キヌア　玄穀,False,True,"Quinoa (キヌア) is a pseudocereal with distinctive nutrient profile (complete protein, high fiber, mineral-rich) that does not match any USDA grain candidate; closest candidates are wheat/triticale but differ significantly in carbohydrate content (60.7g vs 71-72g) and nutritional composition, warranting NO_MATCH as quinoa is not a traditional US staple grain"
穀類,high,01171,こむぎ　［小麦粉］　プレミックス粉　天ぷら用　バッター,False,True,"Tempura batter premix is a specialized Japanese food product with unique formulation (lower protein, specific additives for texture) not directly represented in USDA database; closest cooked grain/pasta matches differ significantly in preparation state and composition from dry premix flour"
穀類,high,01172,こむぎ　［小麦粉］　プレミックス粉　天ぷら用　バッター　揚げ,False,True,"Premixed tempura batter (天ぷら用バッター) is a specialized Japanese ingredient with no direct USDA equivalent; while some candidates are flour-based or baked products, none match the specific concept of a dry tempura batter mix designed for deep-frying applications"
穀類,high,01202,こむぎ　［即席めん類］　中華スタイル即席カップめん　油揚げ　焼きそば　調理後全体　（添付調味料等を含むもの）,False,True,"Instant cup yakisoba (fried noodles) with oil-fried preparation and seasoning packet is a Japan-specific processed food product with no direct USDA equivalent; while instant noodles exist globally, this specific formulation with its characteristic high fat content (10.6g), salt level (2.3g), and fiber profile from the fried noodle base and seasoning does not match any available USDA candidate entries which are primarily unfried pasta, baked goods, or breakfast cereals"
穀類,high,01149,こむぎ　［マカロニ・スパゲッティ類］　生パスタ　生,False,True,"Fresh pasta (生パスタ) has no direct USDA match; candidates are baked products or cooked pasta, not raw/fresh wheat pasta dough"
穀類,high,01068,こむぎ　［ふ類］　焼きふ　車ふ,False,True,焼きふ (baked wheat gluten/fu) is a traditional Japanese protein-rich product with 30.2g protein per 100g; no USDA entry matches this unique gluten-based food with such high protein content and low carbohydrates
穀類,high,01177,こむぎ　［ふ類］　油ふ,False,True,油ふ (aburage/fried wheat gluten) is a uniquely Japanese processed wheat product with very high protein (22.7g) and moderate energy density (547kcal) from deep frying; no USDA candidate matches both the food concept and nutritional profile of this traditional Japanese ingredient
穀類,high,01179,こむぎ　［その他］　春巻きの皮　生,False,True,"春巻きの皮 (spring roll wrapper) is a specialized Asian food product with unique characteristics (thin wheat wrapper, raw/uncooked state) that has no direct equivalent in the USDA database; candidates are either finished baked goods, rice products, or significantly different food items"
穀類,high,01180,こむぎ　［その他］　春巻きの皮　揚げ,False,True,"Fried spring roll wrappers (揚げ春巻きの皮) are a specialized Asian food product with no direct USDA equivalent; candidates are either sweet baked goods/cookies or unfried grain products, none matching the fried wheat wrapper concept"
穀類,high,01069,こむぎ　［その他］　ちくわぶ,False,True,"Chikuwabu is a Japan-specific wheat gluten product (fu) with no direct US equivalent; closest candidates (pasta/noodles) have significantly different protein content (7.1g vs 2-5g) and carbohydrate profiles, making them poor matches for this traditional Japanese ingredient"
穀類,high,01077,こむぎ　［その他］　パン粉　生,False,True,Panko (生パン粉/fresh breadcrumbs) is a Japanese-specific bread product with distinct processing and texture characteristics that don't match standard USDA baked goods entries; no direct US equivalent exists in the provided candidates
穀類,high,01116,こめ　［うるち米製品］　米こうじ,False,True,"Rice koji (こめこうじ) is a fermented rice product with enzymatic properties specific to Japanese food production; no direct USDA equivalent exists as it's a specialized fermentation ingredient, not a baked good or standard grain product"
穀類,high,01117,こめ　［もち米製品］　もち,False,True,"Mochi (もち) is a traditional Japanese glutinous rice cake with no direct US equivalent; while candidates exist for rice and baked products, none accurately represent mochi's unique composition, preparation method, or food category as a standalone glutinous rice product"
穀類,high,01127,そば　そば　生,False,True,"Soba (buckwheat noodles) is a raw, uncooked Japanese pasta product with no direct USDA equivalent; all candidates are baked bread products with different processing, texture, and culinary applications than fresh soba noodles"
穀類,high,01136,とうもろこし　ポップコーン,False,True,"Popcorn is a basic grain product that should exist in USDA database, but no popcorn entry appears in candidates; all options are baked products/cookies/crackers with significantly different nutrient profiles (lower protein, higher carbs/fats than popcorn)"
いも・でん粉類,high,02002,＜いも類＞　こんにゃく　精粉,False,True,"Konnyaku (精粉/refined powder) is a Japan-specific food made from konjac root with unique composition (79.9g fiber, 3000mg K per 100g) with no US food equivalent; USDA candidates lack the characteristic extreme fiber and mineral profile of konnyaku products"
いも・でん粉類,high,02003,＜いも類＞　こんにゃく　板こんにゃく　精粉こんにゃく,False,True,Konnyaku is a Japan-specific food product made from konjac plant with unique gel texture and composition; no true US USDA equivalent exists - it's a traditional Japanese ingredient with no comparable product in the US food supply
いも・でん粉類,high,02004,＜いも類＞　こんにゃく　板こんにゃく　生いもこんにゃく,False,True,Konnyaku is a Japan-specific food product made from konjac plant with unique gelatinous texture and composition; no nutritionally or conceptually equivalent product exists in USDA database
いも・でん粉類,high,02042,＜いも類＞　こんにゃく　赤こんにゃく,False,True,"Konnyaku is a Japan-specific gelled product made from konjac (Amorphophallus konjac) with no direct US food equivalent; while seaweed gels exist, konnyaku's unique manufacturing process and cultural significance place it outside standard USDA food categories"
いも・でん粉類,high,02043,＜いも類＞　こんにゃく　凍みこんにゃく　乾,False,True,"Konnyaku (こんにゃく) is a Japan-specific food made from konjac plant with no direct US equivalent; dried frozen konnyaku has distinctive nutritional profile (71.3g fiber, 1600mg Ca) and processing method unique to Japanese cuisine"
いも・でん粉類,high,02044,＜いも類＞　こんにゃく　凍みこんにゃく　ゆで,False,True,"Konnyaku (konjac/devil's tongue jelly) is a Japan-specific food product with no true US equivalent; while nutritionally similar to some vegetables, it's a processed gel made from konjac plant with unique texture and properties not represented in USDA database candidates"
いも・でん粉類,high,02005,＜いも類＞　こんにゃく　しらたき,False,True,Shirataki (konnyaku noodles) is a Japan-specific food product made from konjac/devil's tongue plant with unique gelatinous texture; no direct USDA equivalent exists - it's a traditional Japanese ingredient with distinctive properties not represented in the provided vegetable options
いも・でん粉類,high,02009,＜いも類＞　（さつまいも類）　さつまいも　蒸し切干,False,True,"Steamed dried sweet potato (蒸し切干) is a specific Japanese processed product with concentrated nutrients (277 kcal, 66.5g carbs, 5.9g fiber, 980mg potassium) that has no direct USDA equivalent; raw/cooked yam and potato products in the database are either fresh (lower energy) or fried (higher fat), not matching this dried, steamed preparation"
いも・でん粉類,high,02011,＜いも類＞　（さといも類）　さといも　球茎　水煮,False,True,"Taro corm (さといも) is a starchy tuber with specific nutritional profile (52kcal, high K/fiber); no USDA candidate adequately matches - mountain yam is closest conceptually but significantly higher in energy (67-82kcal) and carbs (16.3-20g), and taro is a distinct Asian root vegetable not well-represented in USDA database"
いも・でん粉類,high,02063,＜いも類＞　じゃがいも　塊茎　皮つき　生,False,True,Japanese potato with skin (生/raw) - USDA candidates lack raw potato with skin; candidate #1 is prepared/cooked O'Brien style; raw potato with skin is a basic global ingredient but no exact match exists in provided database
いも・でん粉類,high,02017,＜いも類＞　じゃがいも　塊茎　皮なし　生,False,True,"Japanese raw potato (peeled tuber) is a basic global ingredient that should have a USDA match, but none of the candidates are raw potatoes; candidate 1 is O'Brien (cooked/prepared), and others are completely different vegetables (beans, yams, taro), making this a data gap rather than a true NO_MATCH situation, but no suitable alternative exists in the provided list"
いも・でん粉類,high,02054,＜いも類＞　ヤーコン　塊根　生,False,True,"Yacon is a tuber crop native to South America with unique FOS (fructooligosaccharide) composition; no USDA entry exists for raw yacon, and provided vegetable candidates (squash, cucumber, celery) are nutritionally and botanically distinct from this specialized root vegetable"
いも・でん粉類,high,02055,＜いも類＞　ヤーコン　塊根　水煮,False,True,Yacon is a South American tuber crop not commonly found in US food supply; no nutritionally or conceptually similar USDA entry exists among the vegetable candidates provided
いも・でん粉類,high,02070,＜でん粉・でん粉製品＞　（でん粉類）　おおうばゆりでん粉,False,True,"Ōba lily starch (大烏芋でん粉) is a specialized starch product from a specific Japanese tuber with no direct USDA equivalent; while cassava starch exists, the source plant and product specifications differ fundamentally from available US food database entries"
いも・でん粉類,high,02028,＜でん粉・でん粉製品＞　（でん粉類）　キャッサバでん粉,False,True,"Cassava starch is a purified starch product with ~354 kcal/100g and 93.8g carbs; USDA candidate 4 (Cassava, raw) at 160 kcal represents raw cassava root, not the processed starch product. No USDA entry exists for cassava starch specifically."
いも・でん粉類,high,02029,＜でん粉・でん粉製品＞　（でん粉類）　くずでん粉,False,True,"Kuzu starch (くずでん粉) is a pure starch product extracted from kudzu root, a traditional Japanese ingredient with no direct US food database equivalent; while candidates like potato starch products exist, they don't represent the same botanical source or traditional product category"
いも・でん粉類,high,02030,＜でん粉・でん粉製品＞　（でん粉類）　米でん粉,False,True,"Rice starch (米でん粉) is a pure starch product with extremely high carbohydrate (98.2g) and minimal protein (0.2g); no USDA candidates match this pure starch ingredient profile - all candidates are prepared potato dishes or vegetables with added fats, proteins, or sodium"
いも・でん粉類,high,02031,＜でん粉・でん粉製品＞　（でん粉類）　小麦でん粉,False,True,小麦でん粉 (wheat starch) is a pure starch product with minimal protein/fat and ~360kcal per 100g; no USDA candidate matches this pure starch concept - all candidates are prepared potato/vegetable dishes with added ingredients or significantly different nutritional profiles
いも・でん粉類,high,02032,＜でん粉・でん粉製品＞　（でん粉類）　サゴでん粉,False,True,"Sago starch is a highly processed, purified starch product from sago palm with no direct US food database equivalent; closest candidates (potato starches, cassava) are different botanical sources and processed differently"
いも・でん粉類,high,02033,＜でん粉・でん粉製品＞　（でん粉類）　さつまいもでん粉,False,True,Sweet potato starch is a pure starch product with minimal protein/fat and ~90% carbohydrates; no USDA candidate matches this refined starch ingredient profile - all candidates are either prepared potato dishes with added fats/proteins or other vegetable products
いも・でん粉類,high,02034,＜でん粉・でん粉製品＞　（でん粉類）　じゃがいもでん粉,False,True,Potato starch is a purified starch product with ~90% carbohydrates and minimal protein/fat; no USDA candidates match this specific ingredient profile - all candidates are prepared potato dishes or processed foods with added ingredients
いも・でん粉類,high,02035,＜でん粉・でん粉製品＞　（でん粉類）　とうもろこしでん粉,False,True,"Cornstarch is a pure refined starch product; USDA database lacks a direct equivalent entry for isolated starches/starch products, only processed potato/vegetable dishes with added ingredients"
いも・でん粉類,high,02036,＜でん粉・でん粉製品＞　（でん粉製品）　くずきり　乾,False,True,Kuzu-kiri is a traditional Japanese starch noodle product (kudzu starch) with no direct US equivalent; closest candidates are potato-based products but kuzu-kiri is fundamentally a specialized Japanese starch noodle with distinct composition and preparation
いも・でん粉類,high,02056,＜でん粉・でん粉製品＞　（でん粉製品）　ごま豆腐,False,True,"Goma dofu is a traditional Japanese starch-based product (sesame tofu) with no direct US USDA equivalent; all candidates are vegetables/legumes, not starch-based prepared foods like goma dofu"
いも・でん粉類,high,02038,＜でん粉・でん粉製品＞　（でん粉製品）　タピオカパール　乾,False,True,Tapioca pearls (dried) are a specialized starch product; USDA database lacks direct equivalent - candidates are primarily vegetables/corn products with different nutritional profiles and food concepts
いも・でん粉類,high,02057,＜でん粉・でん粉製品＞　（でん粉製品）　タピオカパール　ゆで,False,True,Tapioca pearls (boiled) are a specialized starch product not represented in USDA vegetable database; closest matches are vegetables/pickles which are fundamentally different food categories despite some energy overlap
いも・でん粉類,high,02058,＜でん粉・でん粉製品＞　（でん粉製品）　でん粉めん　生,False,True,"Starch noodles (でん粉めん) are a Japanese starch product with no direct USDA equivalent; all candidates are vegetables/pickles, not starch-based noodle products"
いも・でん粉類,high,02059,＜でん粉・でん粉製品＞　（でん粉製品）　でん粉めん　乾,False,True,でん粉めん (starch noodles) is a Japan-specific product made from pure starch with minimal protein/fat; no US USDA entry matches this specialized starch-based noodle product - candidates are all vegetables/corn products with substantially higher protein content
いも・でん粉類,high,02060,＜でん粉・でん粉製品＞　（でん粉製品）　でん粉めん　乾　ゆで,False,True,Starch noodles (でん粉めん) are a Japan-specific starch product with no direct US USDA equivalent; candidates are all vegetables which are nutritionally and conceptually distinct from a starch-based noodle product.
いも・でん粉類,high,02039,＜でん粉・でん粉製品＞　（でん粉製品）　はるさめ　緑豆はるさめ　乾,False,True,"Mung bean glass noodles (harusame) are a Japan-specific starch product with no direct USDA equivalent; while nutritionally similar to starches, no candidate represents this specific Asian noodle product made from mung bean starch"
いも・でん粉類,high,02061,＜でん粉・でん粉製品＞　（でん粉製品）　はるさめ　緑豆はるさめ　ゆで,False,True,"Harusame (mung bean vermicelli) is a Japanese starch noodle product with no direct USDA equivalent; candidates are all vegetable products (corn, beets, potatoes) with fundamentally different food concepts and compositions"
いも・でん粉類,high,02040,＜でん粉・でん粉製品＞　（でん粉製品）　はるさめ　普通はるさめ　乾,False,True,"Harusame (dried glass noodles) is a Japanese starch product with no direct US USDA equivalent; while nutritionally similar to some starch products, it is a specific processed noodle product not represented in the provided candidates which are mostly potato-based or vegetable products."
いも・でん粉類,high,02062,＜でん粉・でん粉製品＞　（でん粉製品）　はるさめ　普通はるさめ　ゆで,False,True,"Harusame (春雨) is a Japanese glass noodle made from starch (typically potato or sweet potato starch), a traditional product with no direct US USDA equivalent; the candidates are all vegetables/potato products, not starch-based noodles"
豆類,high,04021,そらまめ　おたふく豆,False,True,"そらまめ (broad beans/fava beans) in dried mature form are not represented in the USDA candidates; all matches are either cooked legumes with ~50% water content or processed products, while the Japanese item appears to be dry mature beans with 237kcal/100g energy density"
豆類,high,04040,だいず　［豆腐・油揚げ類］　油揚げ　生,False,True,"油揚げ (aburage/fried tofu skin) is a unique Japanese deep-fried tofu product with distinctly high fat (31.2g) and protein (23.4g) per 100g that doesn't match any USDA tofu entries, which are all either softer preparations or significantly lower in fat content; no US equivalent exists in the database"
豆類,high,04084,だいず　［豆腐・油揚げ類］　油揚げ　油抜き　生,False,True,油揚げ (aburaage/fried tofu) is a deep-fried tofu product with ~266kcal/100g and high fat content; no USDA candidate matches this fried preparation - all candidates are unfried tofu or tofu products with 76-480kcal/100g and different fat/protein ratios reflecting the absence of deep-frying in US food supply
豆類,high,04086,だいず　［豆腐・油揚げ類］　油揚げ　油抜き　ゆで,False,True,油揚げ (aburage/fried tofu) is a deep-fried tofu product with ~164 kcal/100g and 12.5g fat that doesn't match any USDA tofu entries (all candidates are 38-367 kcal with much lower fat content); this is a distinct Japanese-specific processed form with no direct US equivalent
豆類,high,04085,だいず　［豆腐・油揚げ類］　油揚げ　油抜き　焼き,False,True,"油揚げ (aburage) is a unique Japanese deep-fried tofu product with characteristic high fat content (28.8g) and high calories (361kcal) per 100g that doesn't match any USDA tofu entries, which are all significantly lower in fat and calories due to different preparation methods and water content"
豆類,high,04043,だいず　［豆腐・油揚げ類］　豆腐よう,False,True,"豆腐よう (fermented tofu/tofu cheese) is a uniquely Japanese fermented product with no US USDA equivalent; while regular tofu exists in US supply, the fermented, salted, aged nature of 豆腐よう (evidenced by 1.9g salt per 100g vs <0.1g in all tofu candidates) makes it a distinct product category not represented in the USDA database"
豆類,high,04046,だいず　［納豆類］　糸引き納豆,False,True,"Nattō (糸引き納豆) is a fermented soybean product unique to Japanese cuisine with no direct USDA equivalent; tempeh (candidates 1-2) is a different fermented soybean product with distinct processing, texture, and nutritional profile"
豆類,high,04048,だいず　［納豆類］　五斗納豆,False,True,"五斗納豆 (godo natto) is a traditional fermented soybean product specific to Japan; while tempeh and miso are fermented legumes, natto's unique production process, texture, and high salt content (5.8g) make it fundamentally different from all USDA candidates, warranting NO_MATCH"
豆類,high,04049,だいず　［納豆類］　寺納豆,False,True,"寺納豆 (tera-natto) is a traditional Japanese fermented soybean product with extremely high salt content (14.2g/100g) and specific fermentation characteristics that have no direct USDA equivalent; while candidate 4 (tamari) matches salt levels, it is a liquid condiment, not a fermented whole soybean product like natto"
豆類,high,04059,だいず　［その他］　湯葉　生,False,True,"Yuba (湯葉) is a traditional Japanese soy product made from soy milk skin with unique nutrient profile (high protein 21.8g, fat 12.3g, low carbs 1.1g) that doesn't match any USDA tofu or tempeh entries which are all significantly lower in energy/fat or higher in carbs; yuba is a Japan-specific food with no direct US equivalent"
豆類,high,04061,だいず　［その他］　金山寺みそ,False,True,"金山寺みそ is a traditional Japanese fermented soybean miso product with no direct US equivalent; while it contains soybeans, it is a fermented condiment/paste distinctly different from all USDA legume product categories offered (tofu, canned beans, hummus, etc.)"
豆類,high,04062,だいず　［その他］　ひしおみそ,False,True,"Hishio miso is a fermented soybean paste product specific to Japanese cuisine with no direct USDA equivalent; while candidate 1 (fuyu tofu) is fermented soy, it differs significantly in processing, form, and nutrient profile from this miso-type product"
豆類,high,04067,ひよこまめ　全粒　フライ　味付け,False,True,Fried seasoned whole chickpeas (ひよこまめフライ味付け) is a specific Japanese prepared/fried legume product with high fat (8.1g) and salt (1.8g) content from frying and seasoning that doesn't match any raw or boiled bean entries in the USDA database; closest conceptual match would be falafel but nutritional profile differs significantly in protein and carbohydrates
種実類,high,05047,（ひし類）　とうびし　生,False,True,"Toubishi (水菱, Trapa japonica) is a Japanese aquatic plant seed with unique nutritional profile (low fat 0.2g, high fiber 8.2g) that does not match any USDA database entries; closest candidates (chestnuts, ginkgo nuts, lotus seeds) all have significantly different macronutrient compositions and represent different plant species with no US commercial equivalent"
種実類,high,05028,ブラジルナッツ　フライ　味付け,False,True,"Brazil nuts (ブラジルナッツ) are not represented in the USDA database candidates; the closest matches (pilinuts, macadamia, pecans) differ significantly in protein content and overall nutritional profile, and no USDA entry specifically covers seasoned/flavored Brazil nuts."
種実類,high,05044,らっかせい　小粒種　乾,False,True,"らっかせい (peanuts) should match peanut entries, but all candidates are either mixed nuts or other seeds without pure peanut option; the Japanese item shows peanut-specific nutrient profile (high protein 25.4g, moderate carbs 10.7g) distinct from mixed nut blends"
種実類,high,05045,らっかせい　小粒種　いり,False,True,"らっかせい (peanut) is a common legume available globally, but no USDA entry exists for plain roasted small peanuts alone - all candidates are either mixed nuts or non-peanut products; the Japanese item's high protein (26.5g) and specific nutrient profile match roasted peanuts specifically, not the mixed nut or other nut alternatives provided"
種実類,high,05037,らっかせい　ピーナッツバター,False,True,"Japanese peanut butter (らっかせい ピーナッツバター) is a specific peanut butter product, but USDA database lacks pure peanut butter entries; all candidates are either mixed nuts, seed butters, or other nut products, making NO_MATCH most appropriate despite peanut butter being available in US supply"
野菜類,high,06328,アロエ　葉　生,False,True,"Aloe leaf (アロエ葉) is a specialized plant product not commonly found in the USDA food database; while nutritionally similar to some broths, it is botanically and functionally distinct from all vegetable candidates offered, making it Japan-specific with no true US equivalent"
野菜類,high,06040,かぶ　漬物　塩漬　葉,False,True,"Kabu (turnip) pickled leaves are a traditional Japanese preserved vegetable product with no direct USDA equivalent; the high sodium content (2.3g salt) and nutrient profile are characteristic of Japanese salt-pickled vegetables, not found in standard US food database entries"
野菜類,high,06043,かぶ　漬物　ぬかみそ漬　葉,False,True,"かぶ葉のぬかみそ漬 (turnip greens pickled in rice bran miso) is a traditional Japanese fermented pickle with no direct US equivalent; the high salt content (3.8g), specific fermentation process, and traditional pickling method make it distinctly different from any standard USDA vegetable entry"
野菜類,high,06045,かぶ　漬物　ぬかみそ漬　根　皮なし,False,True,"Turnip pickle (かぶ漬物) is a traditional Japanese fermented vegetable product with nuka miso (rice bran miso) that has no direct US equivalent; candidates are mostly sauces/soups unrelated to pickled vegetables, and no pickled turnip or comparable fermented vegetable entry exists in the provided USDA options"
野菜類,high,06048,（かぼちゃ類）　西洋かぼちゃ　果実　生,False,True,"Western pumpkin (kabocha squash) raw is a specific Japanese vegetable variety not well-represented in USDA database; closest candidates (sweet potato, mountain yam) differ significantly in nutrient profile, especially vitamin A content and carbohydrate composition"
野菜類,high,06050,（かぼちゃ類）　西洋かぼちゃ　果実　冷凍,False,True,"Frozen winter squash/kabocha is a common global vegetable, but no USDA entry for frozen pumpkin/squash exists in candidates; closest match would be sweet potato but differs significantly in vitamin A (3800 vs typical 900μg), fiber (4.2g), and overall nutrient profile specific to kabocha"
野菜類,high,06053,からしな　塩漬,False,True,からしな塩漬 is a traditional Japanese pickled mustard green with high salt content (2.5g/100g); no USDA candidate matches both the specific pickled mustard vegetable concept and the high sodium profile characteristic of traditional Japanese salt-pickled vegetables
野菜類,high,06056,かんぴょう　乾,False,True,"かんぴょう (kanpyo) is a dried gourd strip (bottlegourd/calabash) - a traditional Japanese preserved vegetable with no direct US USDA equivalent; candidates are primarily tubers, legumes, and leafy greens with nutritionally incompatible profiles"
野菜類,high,06057,かんぴょう　ゆで,False,True,"Kanpyō (bottle gourd strips) is a Japan-specific dried vegetable product with no direct US USDA equivalent; while nutritionally similar to some cooked vegetables, the unique processing method and ingredient specificity warrant NO_MATCH classification"
野菜類,high,06364,かんぴょう　甘煮,False,True,"Kanpyō (bottle gourd strips) sweetly simmered is a Japan-specific prepared vegetable product with no direct US equivalent; closest candidates (taro, mountain yam) differ significantly in food source and preparation method"
野菜類,high,06060,きく　菊のり,False,True,"きく菊のり is a dried seaweed/nori product (edible chrysanthemum seaweed), a Japan-specific seaweed preparation with no direct US equivalent in the USDA database; candidates show vegetable/legume profiles that don't match the marine algae composition and nutrient signature"
野菜類,high,06066,きゅうり　漬物　塩漬,False,True,"きゅうり塩漬 (salt-pickled cucumber) is a traditional Japanese pickle with high salt content (2.5g/100g) and specific nutrient profile; no USDA entry exists for cucumber pickles or traditional Japanese-style salt pickles, making this a Japan-specific preserved food product without US equivalent"
野菜類,high,06067,きゅうり　漬物　しょうゆ漬,False,True,"Soy-pickled cucumber (しょうゆ漬) is a traditional Japanese fermented pickle product with no direct USDA equivalent; while raw cucumber exists in US supply, the fermented, soy-brined preparation and resulting nutrient profile (high salt 4.1g, elevated protein 3.2g, fiber 3.4g) are characteristic of Japanese tsukemono pickles not represented in the USDA database"
野菜類,high,06068,きゅうり　漬物　ぬかみそ漬,False,True,"ぬかみそ漬 (nuka-miso pickle) is a traditional Japanese fermented vegetable pickle with bran-miso paste base; no USDA candidates represent this specific fermentation method or traditional Japanese pickling process, and canned/bottled American pickled vegetables lack the characteristic fermentation profile and ingredient base"
野菜類,high,06079,くわい　塊茎　ゆで,False,True,"Kuwai (arrowhead bulb) is a Japanese-specific tuber vegetable with no direct USDA equivalent; while nutritionally similar to some root vegetables, kuwai's unique botanical classification and traditional Japanese culinary use make it unsuitable for matching to common US vegetables like potatoes or yams."
野菜類,high,06084,ごぼう　根　生,False,True,"Gobo (burdock root) is a Japanese root vegetable with distinctive nutrient profile (high fiber 5.7g, low energy 58kcal, moderate potassium 320mg) that does not match any US USDA candidates; no nutritionally or conceptually equivalent vegetable exists in the provided list"
野菜類,high,06385,コリアンダー　葉　生,False,True,"コリアンダー葉 (cilantro/coriander leaves) is a fresh herb with distinctive nutrient profile (high Vit A at 1700μg, moderate fiber at 4.2g, low energy at 18kcal) that does not match any provided USDA candidate; while cilantro exists in US supply, no candidate entry represents raw fresh cilantro leaves"
野菜類,high,06088,ザーサイ　漬物,False,True,ザーサイ is a traditional Chinese-style pickled mustard vegetable with extremely high sodium (13.7g salt/100g) and specific nutrient profile not represented in USDA database; no US vegetable pickle matches both the food concept and nutritional characteristics
野菜類,high,06094,ししとう　果実　油いため,False,True,Shishito peppers (ししとう) are a specific Japanese pepper variety; no direct USDA match exists for this particular pepper type or its oil-fried preparation in the provided candidates
野菜類,high,06095,しそ　葉　生,False,True,"Shiso (perilla) is a distinctly Japanese herb with unique flavor profile and nutritional characteristics (very high vitamin A at 11000μg, high fiber at 7.3g, high calcium at 230mg) that don't match any common US vegetable in the candidates; no US culinary equivalent exists in the USDA database"
野菜類,high,06099,しゅんぎく　葉　生,False,True,"Shungiku (garland chrysanthemum) is a Japan-specific leafy vegetable with distinctive flavor profile; no USDA entry matches its unique botanical identity and nutrient composition, and it is not commonly available in US food supply"
野菜類,high,06102,（しょうが類）　葉しょうが　根茎　生,False,True,"Leaf ginger (young ginger rhizome) is a fresh rhizomatous vegetable with tender, mild flavor profile not represented in USDA database; closest candidates (cardoon, celeriac, gourd) differ significantly in botanical classification and nutritional composition"
野菜類,high,06103,（しょうが類）　しょうが　根茎　皮なし　生,False,True,"Fresh ginger (peeled rhizome) has no direct USDA match; while celeriac (entry 21) is closest nutritionally (E=27kcal, similar macros), ginger is a distinct rhizome with unique flavor profile and phytochemical composition not adequately represented by any root vegetable candidate in the database"
野菜類,high,06365,（しょうが類）　しょうが　根茎　皮なし　生　おろし,False,True,"Ginger (raw, grated, peeled) is a common global ingredient available in US markets, but USDA database lacks a direct ginger entry; all candidates are substantially different vegetables with mismatched nutrient profiles and food concepts."
野菜類,high,06366,（しょうが類）　しょうが　根茎　皮なし　生　おろし汁,False,True,Ginger juice (おろし汁) is a processed ginger product without a direct USDA equivalent; raw ginger exists in US supply but ginger juice/grated juice is a Japan-specific preparation not represented in the provided candidates
野菜類,high,06105,（しょうが類）　しょうが　漬物　甘酢漬,False,True,Sweetened vinegar-pickled ginger (甘酢漬) is a traditional Japanese pickle with specific fermentation/pickling process and flavor profile not represented in USDA database; closest candidates are soups/sauces but lack ginger identity and have incompatible nutrient/ingredient profiles
野菜類,high,06386,（しょうが類）　新しょうが　根茎　生,False,True,"Fresh ginger rhizome (新しょうが) is a distinctly Japanese preparation of young ginger with unique characteristics; no USDA candidates match ginger specifically, and the nutrient profile (10 kcal, 350mg K, 1.9g fiber) does not align with the offered vegetables which are all substantially different botanical items"
野菜類,high,06387,すいぜんじな　葉　生,False,True,"Suizenji-na is a Japanese leafy green vegetable (Alternanthera sessilis) with no direct USDA equivalent; while nutrient profile suggests a leafy green, no candidate vegetables match the specific plant species or its nutritional characteristics closely enough for confident matching"
野菜類,high,06115,すぐきな　すぐき漬,False,True,Suguki is a traditional Japanese pickle made from Brassica rapa subspecies with fermentation; no USDA equivalent exists for this Japan-specific fermented vegetable product
野菜類,high,06123,ぜんまい　干しぜんまい　干し若芽　ゆで,False,True,"Zenmai (Japanese bracken fern) is a specific wild vegetable with no direct USDA equivalent; closest candidates (butterbur, mushrooms) differ significantly in botanical origin and traditional preparation methods unique to Japanese cuisine"
野菜類,high,06131,（だいこん類）　だいこん　葉　ゆで,False,True,"Daikon leaves (boiled) are a Japanese leafy green vegetable with no direct USDA equivalent; while spinach candidates exist, daikon leaves have distinctly different nutritional profiles (higher Ca, Fe, VitA) and are not commonly available in the US food supply"
野菜類,high,06367,（だいこん類）　だいこん　根　皮なし　生　おろし,False,True,"Daikon radish grated/shredded (おろし) is a raw, fresh vegetable preparation not represented in USDA database; closest candidates are cooked vegetables (celeriac, yambean) which differ significantly in preparation method and nutrient profile, making NO_MATCH the most appropriate choice"
野菜類,high,06369,（だいこん類）　だいこん　根　皮なし　生　おろし水洗い,False,True,"Japanese daikon radish (grated, rinsed) has no direct USDA equivalent; candidates are either cooked vegetables, legumes, or botanically different roots with mismatched nutrient profiles and preparation methods"
野菜類,high,06335,（だいこん類）　切干しだいこん　油いため,False,True,"Kiriboshi daikon (dried radish) stir-fried is a processed Japanese vegetable product with no direct USDA equivalent; candidates are fresh/canned vegetables with different processing, texture, and nutrient profiles than rehydrated dried radish"
野菜類,high,06388,（だいこん類）　漬物　いぶりがっこ,False,True,"Iburi-gakko is a traditional Japanese smoked daikon pickle with distinctive smoking process and high salt content (3.5g/100g); no USDA entry matches this specific traditional Japanese pickle preparation - candidates are either wrong vegetable type, wrong processing method, or significantly different nutrient profiles"
野菜類,high,06137,（だいこん類）　漬物　ぬかみそ漬,False,True,"Nukazuke (Japanese radish pickle fermented in rice bran miso) is a traditional Japanese fermented pickle with no direct US equivalent in the USDA database; candidates are sauces/soups rather than pickled vegetables, and the fermentation process and ingredient base are distinctly Japanese."
野菜類,high,06138,（だいこん類）　漬物　たくあん漬　塩押しだいこん漬,False,True,"Takuan is a traditional Japanese daikon pickle with unique fermentation/salt-curing process; no direct USDA equivalent exists - closest candidates (sauerkraut, pickled peppers) are different vegetables with different preservation methods and nutritional profiles"
野菜類,high,06139,（だいこん類）　漬物　たくあん漬　干しだいこん漬,False,True,"Takuan (干しだいこん漬) is a traditional Japanese pickled dried daikon radish with distinctive preparation, high salt content (2.5g/100g), and specific nutrient profile that has no direct equivalent in USDA database; closest candidates (leafy vegetables, root vegetables) differ significantly in food category, processing method, and nutrient composition"
野菜類,high,06142,（だいこん類）　漬物　みそ漬,False,True,Miso-pickled daikon (味噌漬) is a traditional Japanese fermented pickle with miso paste; no USDA database entry exists for this specific fermented vegetable product category or preparation method
野菜類,high,06148,たかな　たかな漬,False,True,"Takana (high mustard greens) pickled is a traditional Japanese pickled vegetable with no direct USDA equivalent; while candidates like broccoli leaves or spinach show similar energy/protein, the pickled preparation method and cultural specificity make this distinctly Japanese"
野菜類,high,06389,（たまねぎ類）　たまねぎ　りん茎　油いため　（あめ色たまねぎ）,False,True,"Caramelized onions (oil-fried) are a basic global vegetable preparation, but no USDA candidate matches the food concept (all candidates are potatoes, soups, or other vegetables) or nutrient profile (high K at 490mg, low carbs, specific to slowly caramelized onions)"
野菜類,high,06159,チコリ　若芽　生,False,True,"チコリ (chicory) young shoots/sprouts raw are a specific Japanese vegetable product; no USDA candidates match both the food concept (chicory sprouts) and nutrient profile, with closest being generic leafy vegetables that differ significantly in composition"
野菜類,high,06390,つるにんじん　根　生,False,True,"つるにんじん (Tsuru-ninjin/Apodanthera aspera) is a Japanese vine plant with tuberous root; exceptionally high fiber (17.1g) and iron (5.9mg) profile matches no common USDA vegetable, and this specialty root vegetable has no direct US equivalent in the database."
野菜類,high,06169,とうがらし　葉･果実　生,False,True,"とうがらし葉･果実生 (fresh chili pepper leaves and fruit) has no direct USDA equivalent; chili peppers are not commonly sold fresh as leaf vegetables in the US food supply, and no candidate matches the specific nutrient profile or food concept of this Japanese fresh chili product"
野菜類,high,06170,とうがらし　葉･果実　油いため,False,True,とうがらし (chili pepper) leaves and fruit stir-fried in oil is a Japan-specific prepared vegetable dish with no direct USDA equivalent; no candidates match both the raw ingredient (pepper leaves/fruits) and oil-stir-fried preparation method
野菜類,high,06171,とうがらし　果実　生,False,True,"Tōgarashi (Japanese chili pepper, fresh fruit) has no direct USDA match; closest candidates (tomatoes, beans) differ significantly in nutrients (especially fiber 10.3g, vitamin A 7700μg, vitamin C 120mg profile characteristic of fresh hot peppers), and no raw chili pepper entry exists in provided database"
野菜類,high,06172,とうがらし　果実　乾,False,True,"Dried red chili peppers (とうがらし) are a globally common ingredient, but no USDA candidate matches the dried whole fruit profile - candidates are processed products (ketchup, soups, gravies) or fresh vegetables with dramatically different nutrient profiles; dried chili peppers should exist in USDA database but are not represented in this candidate list"
野菜類,high,06178,（とうもろこし類）　スイートコーン　未熟種子　カーネル　冷凍,False,True,"Japanese item is frozen sweet corn kernels (未熟種子 = immature seeds); no USDA candidate matches frozen corn alone - candidates are either mixed vegetables (succotash with limas, corn with peppers) or other vegetables entirely, making a pure corn product unavailable in the provided USDA database"
野菜類,high,06182,（トマト類）　赤色トマト　果実　生,False,True,"Fresh raw tomatoes are not adequately represented in the USDA candidates; available options are canned/processed tomatoes or unrelated vegetables, making this a case where the Japanese item lacks a suitable US equivalent in the provided database"
野菜類,high,06370,（トマト類）　ドライトマト,False,True,"Dry tomato (ドライトマト) is a dehydrated tomato product with distinctive nutrient profile (high fiber 21.7g, high potassium 3200mg, moderate protein 14.2g) that does not match any USDA candidate; canned tomatoes (option 6) are too low in energy and nutrients due to water content, and no USDA dehydrated tomato entry exists in the candidates"
野菜類,high,06185,（トマト類）　加工品　トマトジュース　食塩添加,False,True,Tomato juice with added salt is a processed beverage product not represented in the USDA candidates; the closest tomato entry (canned diced tomatoes) has 5x higher energy and different nutrient profile unsuitable for juice matching
野菜類,high,06340,（トマト類）　加工品　トマトジュース　食塩無添加,False,True,"Tomato juice (no salt added) is not present in USDA candidates; closest option (canned diced tomatoes #8) has 4x higher energy, different processing, and added salt, making it unsuitable for matching a processed juice product"
野菜類,high,06188,とんぶり　ゆで,False,True,"Tonburi (Bassia scoparia seeds) is a Japan-specific vegetable product with no direct US equivalent; candidates are either nutritionally dissimilar (beans, peas, carrots) or incorrectly categorized (soups/gravies)"
野菜類,high,06191,（なす類）　なす　果実　生,False,True,"Eggplant (なす) is not adequately represented in the USDA candidates; all options are either other vegetable types (squash, cabbage, turnips, etc.) or processed products with significantly different nutritional profiles and no conceptual match to eggplant/aubergine."
野菜類,high,06342,（なす類）　なす　果実　油いため,False,True,"Oil-fried eggplant (なす油いため) is a prepared vegetable dish with high fat content (5.5g/100g) from cooking oil; no USDA candidate matches eggplant, and all vegetable options are either different vegetables or have incompatible nutrient profiles (too low in fat or wrong vegetable type)"
野菜類,high,06343,（なす類）　なす　果実　天ぷら,False,True,"Eggplant (nasu) tempura is a Japanese deep-fried vegetable dish with no direct USDA equivalent; candidates are onions, potatoes, and soups/gravies which are fundamentally different foods, not suitable substitutes"
野菜類,high,06194,（なす類）　べいなす　果実　素揚げ,False,True,"Beieggplant (bell eggplant) deep-fried is a specific Japanese vegetable preparation with high fat content (16.5g) from oil absorption; no USDA candidate matches this specific item - candidates are either wrong vegetable types, soups, or sauces rather than prepared eggplant."
野菜類,high,06196,（なす類）　漬物　ぬかみそ漬,False,True,"Eggplant pickled in nuka-miso is a traditional Japanese fermented vegetable product with no direct USDA equivalent; while candidates exist for pickled vegetables and sauces, none match the specific fermentation process (nuka-miso) or the core food concept of traditional Japanese pickles"
野菜類,high,06198,（なす類）　漬物　からし漬,False,True,Mustard-pickled eggplant (からし漬) is a traditional Japanese fermented vegetable pickle with no direct US equivalent; the high salt content (4.8g) and specific pickling/fermentation process distinguish it from available USDA vegetables and sauces.
野菜類,high,06199,（なす類）　漬物　しば漬,False,True,Shiba-zuke is a traditional Japanese eggplant pickle with high salt content (4.1g) and specific fermentation characteristics; no USDA entry adequately represents this traditional Japanese pickled vegetable product
野菜類,high,06212,（にんじん類）　にんじん　根　皮つき　生,False,True,"Japanese carrot (にんじん) raw with skin is a basic vegetable that should have a USDA equivalent, but none of the candidates are raw carrots - candidate 21 is frozen carrots (153kcal vs 35kcal expected), and all others are processed soups or unrelated vegetables; no suitable match exists in the provided list"
野菜類,high,06213,（にんじん類）　にんじん　根　皮つき　ゆで,False,True,"Japanese item is boiled carrot with skin; USDA has frozen unprepared carrots (17) but no boiled carrot entry. Candidate 8 (carrot soup) is processed/mixed product, not plain boiled carrot. No direct USDA equivalent for plain boiled carrot exists in candidates."
野菜類,high,06214,（にんじん類）　にんじん　根　皮なし　生,False,True,"Japanese carrot (peeled root, raw) has no direct USDA equivalent; all candidates are either processed soups/sauces, different vegetables, or cooked preparations, making a meaningful match impossible."
野菜類,high,06215,（にんじん類）　にんじん　根　皮なし　ゆで,False,True,"Japanese item is boiled carrot (peeled, root only) with very high vitamin A (8700μg) and specific nutrient profile; USDA candidate #19 is frozen unprepared carrots (153kcal vs 28kcal) and soup candidates are mixed dishes, none match boiled carrot preparation or nutrient density"
野菜類,high,06346,（にんじん類）　にんじん　根　皮なし　素揚げ,False,True,"Deep-fried carrot (素揚げ) is a prepared vegetable dish not found in USDA database; candidates are soups, sauces, or raw vegetables with poor nutrient matches, particularly low fat content compared to the 3.3g fat from frying"
野菜類,high,06217,（にんじん類）　にんじん　ジュース　缶詰,False,True,"Carrot juice in canned form is a common vegetable juice product globally available in US markets, but no USDA entry for carrot juice specifically exists in the provided candidates; all options are either soups/sauces or other vegetables, making this a clear NO_MATCH situation"
野菜類,high,06218,（にんじん類）　きんとき　根　皮つき　生,False,True,"Kintoki carrot is a Japanese heirloom carrot variety with distinctive red/purple flesh; no exact US USDA match exists for this specific variety, and all candidates are either soups, processed items, or nutritionally dissimilar vegetables"
野菜類,high,06220,（にんじん類）　きんとき　根　皮なし　生,False,True,"Kintoki carrot is a specific Japanese carrot variety; no USDA database entry exists for raw carrots with comparable nutrient profile (closest option #21 is frozen/processed, not raw). Standard carrot entries unavailable in provided candidates."
野菜類,high,06221,（にんじん類）　きんとき　根　皮なし　ゆで,False,True,"Kintoki carrot (golden carrot variety) boiled without skin is a specific Japanese cultivar; closest USDA carrot entries (frozen unprepared #20) differ significantly in preparation and nutrient profile; no boiled carrot entry exists in candidates to match the cooked state and nutrient values (40kcal, 4.1g fiber, 4800μg VitA)"
野菜類,high,06222,（にんじん類）　ミニキャロット　根　生,False,True,"Mini carrots (raw) are a common vegetable available in US markets; however, no USDA entry for raw carrots with comparable nutrient profile exists in candidates (entry 21 is frozen carrots with 153kcal, far exceeding the 26kcal of raw mini carrots), making NO_MATCH the most appropriate choice given the instruction to match common vegetables even with preparation differences - but no suitable raw carrot entry is present"
野菜類,high,06223,（にんにく類）　にんにく　りん茎　生,False,True,"Japanese item is raw garlic bulb (にんにく りん茎 生) with 129 kcal/100g and high nutrient density; all USDA candidates are beans, leafy vegetables, or other items with 11-209 kcal/100g - no garlic entry exists in provided database"
野菜類,high,06349,（にんにく類）　にんにく　りん茎　油いため,False,True,"Oil-fried garlic bulbs (油いため) is a Japanese-specific prepared garlic product; USDA database lacks garlic-based entries and candidates are fundamentally different vegetables (beans, artichokes, leafy greens) with mismatched nutrient profiles and food categories"
野菜類,high,06230,のざわな　漬物　塩漬,False,True,"Nozawana is a traditional Japanese pickled vegetable (salted pickle) with no direct USDA equivalent; while candidates 1, 7, 9, 18, 23 match some nutrients, they are fresh or boiled vegetables without the fermentation/pickling process that defines this traditional Japanese food product"
野菜類,high,06231,のざわな　漬物　調味漬,False,True,"Nozawana pickle is a traditional Japanese vegetable pickle with no direct US equivalent; while nutrient profiles might match some vegetables, the fermented/pickled preparation and cultural specificity classify it as a Japan-specific food product"
野菜類,high,06238,バジル　葉　生,False,True,"Basil (バジル) is a common culinary herb globally available in the US; however, none of the USDA candidates are basil or herb entries - all candidates are vegetables, soups, or sauces with significantly different nutrient profiles (basil's unique high vitamin A at 6300μg and specific mineral composition are not represented in any option)"
野菜類,high,06239,パセリ　葉　生,False,True,"Parsley (パセリ) is a common herb available in US food supply but USDA database lacks a direct parsley entry; candidates are either non-vegetable products (soups/gravies) or botanically distinct vegetables (mushrooms, broccoli, onions) with significantly different nutrient profiles"
野菜類,high,06251,（ピーマン類）　トマピー　果実　生,False,True,"トマピー (Tomapie) is a hybrid tomato-pepper variety not found in US food supply; closest candidates (peppers, tomatoes) have significantly different nutrient profiles, particularly VitC (200mg vs 15-113mg) and VitA (1900μg vs 0-426μg)"
野菜類,high,06253,ひのな　根・茎葉　甘酢漬,False,True,"ひのな (hinona/Japanese mustard greens) pickled in sweet vinegar is a traditional Japanese pickle with no direct USDA equivalent; candidates are either soups/sauces, different vegetable types, or cooked preparations, none matching the raw/pickled vegetable concept and nutrient profile"
野菜類,high,06261,ふだんそう　葉　生,False,True,ふだんそう (Toona sinensis/Chinese mahogany leaves) is a Japanese/Asian leafy vegetable with no direct USDA equivalent; candidates are soups and processed items that don't match the raw leaf vegetable category or nutrient profile
野菜類,high,06359,ほうれんそう　葉　通年平均　油いため,False,True,"Japanese spinach leaves stir-fried in oil has no direct USDA equivalent; cooked spinach entries absent from candidates, and nutritional profile (91 kcal, 7.6g fat, 7600μg VitA) suggests prepared spinach which isn't represented in the provided list"
野菜類,high,06270,ホースラディシュ　根茎　生,False,True,"Horseradish root (ホースラディシュ根茎) is not represented in the USDA candidates; the nutrient profile (69 kcal, 8.2g fiber, 110mg Ca, 510mg K, 73mg VitC) does not match any available options, and horseradish is a common cruciferous root vegetable available in US markets but absent from these candidates."
野菜類,high,06074,みずな　塩漬,False,True,"Mizuna (Japanese mustard greens) salted pickle is a traditional Japanese preserved vegetable with no direct USDA equivalent; while raw greens exist in USDA database, the salted/pickled preparation and specific vegetable type make this a Japan-specific food product"
野菜類,high,06280,（みょうが類）　みょうが　花穂　生,False,True,"Myōga (Japanese ginger bud/flower shoots) is a unique Japanese vegetable with no direct US equivalent; closest candidates (celery, summer squash) differ significantly in plant family, flavor profile, and culinary use"
野菜類,high,06283,めキャベツ　結球葉　生,False,True,"メキャベツ (me-cabbage/Brussels sprouts) is a Japanese cruciferous vegetable with distinctive nutritional profile (high protein 5.7g, high fiber 5.5g, very high vitamin C 160mg, high vitamin A 710μg) that doesn't match any USDA candidate; closest vegetables (broccoli, kale) have significantly lower protein and vitamin content, and no USDA entry for Brussels sprouts or me-cabbage exists in provided candidates"
野菜類,high,06284,めキャベツ　結球葉　ゆで,False,True,"めキャベツ (Brussels sprouts, boiled) is a specific cruciferous vegetable not well-represented in provided USDA candidates; no Brussels sprouts entry exists in the list, and nutrient profile (high protein 5.3g, high fiber 5.2g, high vitamin C 110mg, vitamin A 690μg) doesn't match the available options sufficiently for reliable matching."
野菜類,high,06295,やまごぼう　みそ漬,False,True,やまごぼう (Japanese salsify/black salsify) miso pickle is a Japan-specific fermented vegetable pickle with no direct USDA equivalent; candidates lack the characteristic root vegetable base and fermented miso preparation profile
野菜類,high,06301,よもぎ　葉　生,False,True,"よもぎ (mugwort) is a Japan-specific wild herb with distinctive nutritional profile (high fiber 7.8g, very high Vitamin A 5300μg, high iron 4.3mg) that has no direct US USDA equivalent; candidates are either processed foods, soups, or vegetables with substantially different nutrient compositions"
野菜類,high,06305,（らっきょう類）　らっきょう　りん茎　生,False,True,"Rakkyou (Allium chinense bulbs) is a Japanese-specific pickled vegetable with unique characteristics (high fiber 20.7g, low energy 83kcal, raw bulb form) that has no direct USDA equivalent; candidates are either wrong food types, cooked preparations, or nutritionally mismatched"
野菜類,high,06306,（らっきょう類）　らっきょう　甘酢漬,False,True,"Rakkyō is a traditional Japanese pickle (Amchur plant) with sweet vinegar preparation; no USDA equivalent exists - closest candidates (cabbage pickles, canned vegetables) differ fundamentally in base ingredient, preparation method, and nutrient profile"
野菜類,high,06307,（らっきょう類）　エシャレット　りん茎　生,False,True,"Echalion (エシャレット) is a Japanese scallion variety with very high fiber (11.4g) and low energy (59kcal) profile that doesn't match any USDA vegetable entries; closest candidates (yardlong beans, cowpeas) have insufficient fiber and different botanical characteristics"
野菜類,high,06310,ルバーブ　葉柄　生,False,True,"Rhubarb (ルバーブ) is not sufficiently represented in the USDA candidates; the closest options (purslane, cardoon, butterbur) have significantly different nutrient profiles, particularly energy (18-22 kcal vs 23 kcal), carbohydrates (3.55-5.33g vs 1.9g), and lack rhubarb's characteristic high fiber (2.5g) relative to carbs. Rhubarb is a common global vegetable but no adequate match exists in this candidate set."
野菜類,high,06322,わさび　根茎　生,False,True,"Wasabi rhizome is a Japan-specific ingredient with unique pungent properties and nutrient profile (89kcal, 5.6g protein, 75mg VitC) that doesn't match any common US vegetable in the USDA database; no adequate equivalent exists"
野菜類,high,06323,わさび　わさび漬,False,True,"わさび漬 (wasabi pickles) is a Japan-specific pickled vegetable product with no direct US equivalent; while pickled vegetables exist in US markets, wasabi-based pickles are a traditional Japanese preparation without comparable USDA entry"
野菜類,high,06324,わらび　生わらび　生,False,True,Warabi (bracken fern) is a Japan-specific foraged vegetable with no direct USDA equivalent; all candidates are either soups/sauces or processed vegetables fundamentally different in food category and culinary use
野菜類,high,06326,わらび　干しわらび　乾,False,True,"Warabi (bracken fern) is a Japanese mountain vegetable with no direct USDA equivalent; dried warabi has exceptionally high fiber (58g/100g) and protein (20g/100g) unlike any listed vegetables, making it a Japan-specific food product without US counterpart"
果実類,high,07181,アサイー　冷凍　無糖,False,True,"Acai (açaí) is a South American berry not commonly found in USDA database as frozen unsweetened product; the Japanese item's low carbs (0.2g) and high fiber (4.7g) with moderate energy (62 kcal) don't match any candidate sufficiently, and acai is not a traditional Japanese food requiring NO_MATCH"
果実類,high,07159,アセロラ　甘味種　生,False,True,Acerola (West Indian cherry) is a tropical fruit not commonly found in US food supply; no nutritionally comparable USDA entry exists for this high-vitamin C fruit (800mg/100g is exceptionally high)
果実類,high,07015,いちじく　生,False,True,"いちじく (fig) is not represented in the provided USDA database candidates; figs have distinctive nutrient profiles and botanical characteristics distinct from the stone fruits, apples, cherries, and pears listed"
果実類,high,07020,うめ　梅漬　塩漬,False,True,"Umeboshi (salt-pickled plums) is a traditional Japanese fermented pickle with 19.3g salt per 100g - a uniquely Japanese preserved food product with no direct USDA equivalent; raw plums (candidate 11) are fundamentally different in processing, preservation method, and salt content"
果実類,high,07021,うめ　梅漬　調味漬,False,True,"うめ梅漬調味漬 is a traditional Japanese pickled plum (umeboshi variant) with high salt content (6.9g/100g) characteristic of Japanese salt-preserved pickles; no USDA entry captures this specific preservation method and sodium profile, as USDA candidates lack comparable salt levels and represent fresh fruits rather than salt-cured pickled products"
果実類,high,07022,うめ　梅干し　塩漬,False,True,Umeboshi (salt-pickled plum) is a traditional Japanese fermented condiment with 18.2g salt per 100g - a processing/preservation method fundamentally different from any raw fruit in USDA database; no nutritionally or conceptually equivalent US product exists
果実類,high,07039,オリーブ　塩漬　スタッフドオリーブ,False,True,Stuffed olives (salt-cured) are a processed olive product with high salt content (5.1g/100g) that does not match any USDA fruit category entries; no equivalent processed olive product exists in the provided USDA database
果実類,high,07053,かりん　生,False,True,"かりん (Quince) is a specific Asian fruit with distinctive high fiber (8.9g), low energy (58kcal), and moderate potassium profile that does not match any of the provided USDA candidates; quince is not commonly found in the US food supply database"
果実類,high,07046,（かんきつ類）　オレンジ　バレンシア　マーマレード　高糖度,False,True,"Valencia orange marmalade is a specific preserve product not adequately represented in USDA database; closest candidates are fruit preserves/jams but no direct orange marmalade entry exists, and nutrient profile (233 kcal, 61.3g carbs) significantly exceeds all canned fruit options which are mostly under 180 kcal"
果実類,high,07047,（かんきつ類）　オレンジ　バレンシア　マーマレード　低糖度,False,True,Low-sugar orange marmalade is a processed citrus preserve product not represented in the USDA candidates; no marmalade or orange preserve entries available in the provided list
果実類,high,07056,（かんきつ類）　きんかん　全果　生,False,True,"Kinkan (kumquat) whole fruit raw has no direct USDA match; closest citrus candidates (grapefruits, oranges, lemons) are significantly lower in energy (29-63 kcal vs 67 kcal) and fiber (0.1-0.3g vs 4.6g), reflecting kinkan's unique nutritional profile of eating the whole fruit including peel"
果実類,high,07157,ココナッツ　ココナッツウォーター,False,True,"Coconut water is a specific tropical beverage not adequately represented in USDA candidates; closest matches are canned fruit juices/nectars which differ significantly in sodium content, processing, and nutritional profile (candidates average 40-60kcal vs 22kcal, and higher carbs)"
果実類,high,07158,ココナッツ　ココナッツミルク,False,True,"Coconut milk is a processed coconut product not found in USDA Fruits and Fruit Juices category; all candidates are juices, smoothies, or whole fruits with fundamentally different nutrient profiles (low fat, high carbs) versus coconut milk (high fat at 14.9g, low carbs)"
果実類,high,07170,ココナッツ　ナタデココ,False,True,Nata de coco is a uniquely processed coconut product (bacterial cellulose fermentation) with no direct US food equivalent; closest USDA items are fruit nectars/juices but nata de coco is a distinct gel product not represented in the database
果実類,high,07073,ざくろ　生,False,True,"Pomegranate (ざくろ) is a distinct fruit not well-represented in USDA database candidates; closest nutrient match (E=63kcal) is a processed smoothie, not a raw pomegranate equivalent"
果実類,high,07087,ドリアン　生,False,True,"ドリアン (durian) is a tropical fruit not commonly found in USDA database; while nutritionally similar to custard-apple or cherimoya, durian's distinctive characteristics, high potassium (510mg), and specific nutrient profile don't match any single USDA entry sufficiently, and it's not a staple in US food supply"
果実類,high,07104,ハスカップ　生,False,True,"Haskap (ハスカップ) is a Japanese honeysuckle berry with distinct nutrient profile (55kcal, high fiber 2.1g, high vitamin C 44mg, vitamin A 130μg) that doesn't match any USDA candidates; closest candidates (strawberries, mulberries) are significantly lower in energy and vitamin A, and haskap is not commercially available in US food supply"
果実類,high,07106,パッションフルーツ　果汁　生,False,True,"Passion fruit juice (生 raw/fresh) has no direct USDA match; candidates are either concentrated juices, processed nectars, or whole fruits with different nutrient profiles, making accurate matching impossible"
果実類,high,07178,ぶどう　皮つき　生,False,True,"Japanese item is raw grapes with skin (ぶどう 皮つき 生); all USDA candidates are canned/processed fruits or juices, not raw grapes. Raw grapes should exist in USDA database but are not represented in this candidate list."
果実類,high,07132,マンゴー　生,False,True,"Mango (raw/fresh) is a common tropical fruit available globally, but no USDA candidate matches fresh mango; all candidates are processed products (juices, smoothies, canned items) or completely different fruits, making none suitable for matching fresh mango."
果実類,high,07144,ライチー　生,False,True,"Lychee (ライチー) is a specific tropical fruit not well-represented in the USDA candidates; candidate #2 (Carissa) is closest nutritionally but conceptually different, and no true lychee entry exists in the provided USDA database"
きのこ類,high,08001,えのきたけ　生,False,True,"Enoki mushrooms (raw) are a specific edible fungus with unique characteristics; while candidate 18 (Jew's ear mushroom) is the closest mushroom match, it differs significantly in nutrients and is not a true equivalent - enoki is not sufficiently represented in the USDA database candidates"
きのこ類,high,08002,えのきたけ　ゆで,False,True,"Enoki mushroom (boiled) is a specific mushroom variety not represented in USDA database; candidates are all vegetables/legumes, not mushrooms, making NO_MATCH the appropriate choice"
きのこ類,high,08003,えのきたけ　味付け瓶詰,False,True,"Enoki mushrooms in seasoned bottle/jar form are a Japanese-specific preserved mushroom product with high salt content (4.3g) typical of Japanese tsukudani-style preparation; no USDA database entry exists for mushroom products, only vegetable products listed"
きのこ類,high,08006,（きくらげ類）　きくらげ　乾,False,True,"Kikurage is a dried wood ear mushroom with unique nutritional profile (extremely high fiber 57.4g, high iron 35mg, vitamin D 85μg) not present in USDA candidates; no mushroom entry matches dried kikurage specifications"
きのこ類,high,08008,（きくらげ類）　しろきくらげ　乾,False,True,White wood ear mushroom (dried) is a specialty fungal product without a USDA equivalent; all candidates are vegetables/legumes with vastly different nutrient profiles and food category
きのこ類,high,08040,しいたけ　生しいたけ　菌床栽培　ゆで,False,True,"Boiled shiitake mushrooms are a common global food, but no USDA candidate represents mushrooms - all candidates are beans, vegetables, or other produce with significantly different nutrient profiles (especially fiber content and mineral composition); the mushroom category is absent from the USDA options provided"
きのこ類,high,08044,しいたけ　生しいたけ　原木栽培　油いため,False,True,"Shiitake mushrooms are a Japanese fungal food category not adequately represented in USDA database; all candidates are vegetables/legumes/leafy greens, not mushrooms"
きのこ類,high,08013,しいたけ　乾しいたけ　乾,False,True,"Dried shiitake mushroom is a processed mushroom product with no direct USDA equivalent; all candidates are vegetables/legumes with vastly different nutrient profiles (much lower protein, energy, and potassium than dried shiitake)"
きのこ類,high,08014,しいたけ　乾しいたけ　ゆで,False,True,"Dried shiitake mushroom (boiled) is a specific Japanese mushroom preparation with unique nutritional profile (high fiber 6.7g, low energy 40kcal, vitamin D 1.4μg); USDA database lacks mushroom entries and candidates are all vegetables/beans with incompatible nutrient profiles and food categories"
きのこ類,high,08053,しいたけ　乾しいたけ　甘煮,False,True,"Dried shiitake mushrooms in sweet braise (甘煮) is a Japan-specific prepared mushroom product with added sugar and salt; no USDA vegetable entry matches dried mushrooms or mushroom-based prepared dishes, and all candidates are fresh/canned vegetables with different nutritional profiles"
きのこ類,high,08017,（しめじ類）　ぶなしめじ　ゆで,False,True,"Boiled bunashimeji mushroom has no USDA equivalent; all candidates are vegetables/beans, not mushrooms, and the USDA database lacks cooked mushroom entries matching this specific type"
きのこ類,high,08058,なめこ　カットなめこ　生,False,True,"Nameko mushrooms are a specific Japanese cultivated mushroom species with unique nutritional profile; no USDA vegetable candidates match the mushroom category, and nutrient profile differs significantly from all options (lower energy, protein, and carbs than candidates)"
きのこ類,high,08030,まいたけ　乾,False,True,"Maitake (Grifola frondosa) is a Japanese mushroom species with distinctive nutritional profile (high protein 21.9g, extremely high fiber 40.9g, high potassium 2500mg, vitamin D 20μg) that does not match any USDA vegetable entry; no dried mushroom product in candidates matches these characteristics, and maitake is a Japan-specific cultivated mushroom without direct US equivalent in the database"
きのこ類,high,08034,まつたけ　生,False,True,"Matsutake is a Japan-specific mushroom variety with unique culinary properties; USDA database lacks dedicated mushroom entries that match this food category, and all candidates are vegetables/legumes, not mushrooms"
藻類,high,09001,あおさ　素干し,False,True,Aosa (青さ) is a dried seaweed product with no equivalent in the USDA database; seaweed products are Japan-specific foods not commonly in the US food supply
藻類,high,09002,あおのり　素干し,False,True,"Aonori (green seaweed powder) is a Japan-specific dried seaweed product with no direct equivalent in the USDA database; while parsley freeze-dried (candidate 2) has similar protein content, the nutrient profile (especially fiber 35.2g, iron 77mg, vitamin A 21000μg, B12 32μg) is distinctly characteristic of dried seaweed and fundamentally different from any candidate offered"
藻類,high,09003,あまのり　ほしのり,False,True,"Amanori (甘のり) is a dried edible seaweed product specific to Japanese cuisine with no direct equivalent in the provided USDA database; all candidates are either animal proteins or common vegetables/potatoes, none match the algae/seaweed category or nutrient profile of this marine product."
藻類,high,09004,あまのり　焼きのり,False,True,"Amanori焼きのり (roasted edible seaweed/nori) is a Japan-specific algae product with no direct USDA equivalent; all candidates are terrestrial vegetables, proteins, or processed potato products fundamentally different in food category and source material."
藻類,high,09005,あまのり　味付けのり,False,True,"あまのり味付けのり is a seasoned nori seaweed product with distinctive Japanese preparation and nutrient profile (high protein 40g, very high vitamin A 32000μg, high salt 4.3g) that has no equivalent in the provided USDA finfish/shellfish and vegetable product categories; seaweed products are Japan-specific foods not commonly found in standard US food supply"
藻類,high,09006,あらめ　蒸し干し,False,True,"Arame is a specific Japanese seaweed product with unique nutritional profile (high fiber 48g, high minerals, high salt 5.8g) with no equivalent in USDA database; all candidates are either land vegetables, fish, or shellfish with fundamentally different nutrient compositions and food categories"
藻類,high,09007,いわのり　素干し,False,True,"いわのり (rock nori seaweed) is a Japan-specific dried seaweed product with no nutritional or categorical equivalent in the provided USDA database; all candidates are either vegetables, potatoes, or seafood, not algae/seaweed products"
藻類,high,09012,うみぶどう　生,False,True,"Umibudo (sea grapes) is a Japan-specific edible seaweed with unique nutritional profile (very low calories, high fiber, mineral content) that has no direct equivalent in USDA vegetable database; all candidates are terrestrial vegetables with substantially different nutrient compositions and food category classification"
藻類,high,09008,えごのり　素干し,False,True,"Egonori (素干し seaweed) is a Japan-specific dried algae product with no direct USDA equivalent; all candidates are vegetables, fish, or shellfish with fundamentally different nutrient profiles (low fiber, different mineral compositions) unsuitable for matching a seaweed product"
藻類,high,09009,えごのり　おきうと,False,True,"えごのり おきうと is a processed seaweed product (Egonori jelly/agar) with no direct USDA equivalent; all candidates are vegetables/legumes, not seaweed products"
藻類,high,09010,おごのり　塩蔵　塩抜き,False,True,"Ogonori (salt-preserved seaweed) is a Japan-specific algae product with no equivalent in USDA vegetables database; all candidates are terrestrial vegetables, not seaweeds or marine algae products"
藻類,high,09011,かわのり　素干し,False,True,"Kawanori (edible seaweed/nori) is a Japan-specific dried seaweed product with no direct USDA equivalent; the nutrient profile (extremely high protein 38.1%, fiber 41.7%, iron 61mg, vitamin A 6900μg) is characteristic of dried seaweed and does not match any candidate categories (vegetables, fish, or shellfish)."
藻類,high,09013,（こんぶ類）　えながおにこんぶ　素干し,False,True,"Enanago kombu (elongated kelp, sun-dried) is a seaweed product with no equivalent in the USDA database; all candidates are vegetables, fish, or shellfish, not algae/seaweed products"
藻類,high,09014,（こんぶ類）　がごめこんぶ　素干し,False,True,"Gagome kombu is a Japan-specific edible kelp/seaweed product with no USDA equivalent; all candidates are vegetables, fish, or shellfish, not seaweed products"
藻類,high,09015,（こんぶ類）　ながこんぶ　素干し,False,True,"ながこんぶ (long kombu) is a dried seaweed/kelp product specific to Japanese cuisine with no equivalent in the USDA vegetable products database; all candidates are terrestrial vegetables or fish, not seaweed"
藻類,high,09016,（こんぶ類）　ほそめこんぶ　素干し,False,True,"Hosomekonbu is a dried kelp seaweed product with no direct USDA equivalent; while some candidates show similar energy/protein profiles, they are fundamentally different food categories (vegetables, fish) and lack the characteristic high fiber (32.9g), high sodium (6.1g salt), and mineral profile unique to kombu seaweed products"
藻類,high,09017,（こんぶ類）　まこんぶ　素干し　乾,False,True,"Makonbu (true kelp) is a Japan-specific seaweed product with no USDA equivalent; all candidates are vegetables, fish, or shellfish with fundamentally different nutrient profiles and food categories"
藻類,high,09056,（こんぶ類）　まこんぶ　素干し　水煮,False,True,Kombu (kelp) is a seaweed product with no equivalent in USDA vegetable database; all candidates are terrestrial vegetables with fundamentally different nutrient profiles and food categories
藻類,high,09018,（こんぶ類）　みついしこんぶ　素干し,False,True,Mitsuishi kombu is a Japan-specific dried kelp/seaweed product with no direct USDA equivalent; seaweed products are classified as NO_MATCH per guidelines
藻類,high,09019,（こんぶ類）　りしりこんぶ　素干し,False,True,"Rishiri kombu is a dried edible seaweed (kelp) product with no direct equivalent in the USDA database; all candidates are vegetables, fish, or shellfish, not seaweed/algae products"
藻類,high,09020,（こんぶ類）　刻み昆布,False,True,"刻み昆布 (kiizami kombu) is a dried, shredded kelp/kombu seaweed product with no nutritionally or conceptually equivalent entry in the USDA vegetable database; seaweed products are Japan-specific foods not represented in the provided US food supply candidates"
藻類,high,09021,（こんぶ類）　削り昆布,False,True,削り昆布 (shaved kombu) is a dried seaweed product with no equivalent in the provided USDA vegetable database; seaweed products are Japan-specific foods not found in typical US food supply
藻類,high,09022,（こんぶ類）　塩昆布,False,True,塩昆布 is a salted kelp/kombu seaweed product with extremely high salt content (18.0g/100g) and specific nutrient profile unique to edible seaweed; no USDA vegetable or food product candidate matches both the food category (marine algae) and nutrient characteristics
藻類,high,09023,（こんぶ類）　つくだ煮,False,True,Tsukudani is a traditional Japanese seaweed (kombu) preservation preparation with no direct USDA equivalent; it is a Japan-specific processed seaweed product fundamentally different from the vegetable products in the USDA database
藻類,high,09024,すいぜんじのり　素干し　水戻し,False,True,"Suizenji nori is a Japan-specific edible seaweed product with no direct USDA equivalent; all candidates are vegetables/vegetable products, not algae/seaweed"
藻類,high,09025,てんぐさ　素干し,False,True,"Tengusa (Gelidiella acerosa) is a dried red seaweed with unique nutrient profile (high fiber 47.3g, high potassium 3100mg, high protein 16.1g) characteristic of Japanese seaweed products; no USDA vegetables or other candidates match this food category or nutritional composition"
藻類,high,09026,てんぐさ　ところてん,False,True,"Tengusa/Tokoroten is a seaweed-derived gelatin product (agar), a Japan-specific food with no direct US vegetable equivalent; USDA candidates are all terrestrial vegetables, not seaweed products"
藻類,high,09027,てんぐさ　角寒天,False,True,Tengusa kanten (角寒天) is a Japan-specific processed seaweed product (agar/agarose gel from red algae) with no direct US food database equivalent; USDA database lacks seaweed-derived gelatin products and categorizes only vegetable products in candidates
藻類,high,09028,てんぐさ　寒天,False,True,Tengusa (Gelidium) agar is a Japan-specific seaweed product with unique properties (food gelling agent); all USDA candidates are vegetables/legumes with fundamentally different compositions and uses - no equivalent exists in US food supply
藻類,high,09049,てんぐさ　粉寒天,False,True,"Tengusa powder agar (寒天) is a Japan-specific seaweed-derived gelling agent with no direct US vegetable equivalent; USDA candidates are all vegetables/beans, not seaweed products or agar substitutes"
藻類,high,09029,とさかのり　赤とさか　塩蔵　塩抜き,False,True,"Tosaka nori is a specialized Japanese seaweed product; USDA database lacks seaweed/algae entries, and vegetable candidates are nutritionally and conceptually incompatible with marine algae"
藻類,high,09030,とさかのり　青とさか　塩蔵　塩抜き,False,True,Tosaka nori is a specialized Japanese seaweed product with no equivalent in USDA vegetable database; all candidates are land vegetables with different nutritional profiles and food categories
藻類,high,09050,ひじき　ほしひじき　ステンレス釜　乾,False,True,"Hijiki is a dried seaweed product with unique nutritional profile (high fiber 51.8g, high minerals, high salt 4.7g) not present in USDA database; seaweed products are Japan-specific foods with no US equivalent"
藻類,high,09051,ひじき　ほしひじき　ステンレス釜　ゆで,False,True,Hijiki is a Japan-specific seaweed/algae product with no USDA vegetable equivalent; all candidates are terrestrial vegetables with fundamentally different nutrient profiles and food categories
藻類,high,09052,ひじき　ほしひじき　ステンレス釜　油いため,False,True,"Hijiki is a dried seaweed product with oil-frying preparation; all USDA candidates are terrestrial vegetables with fundamentally different nutrient profiles (especially carbohydrate content and mineral composition), making this a Japan-specific seaweed product with no US equivalent in the database"
藻類,high,09054,ひじき　ほしひじき　鉄釜　ゆで,False,True,"Hijiki (hoshi hijiki) is a dried seaweed product with unique nutritional profile (high iron, calcium, fiber) and preparation method; all USDA candidates are terrestrial vegetables with fundamentally different nutrient compositions and food categories, making this a Japan-specific seaweed product with no US equivalent"
藻類,high,09055,ひじき　ほしひじき　鉄釜　油いため,False,True,"Hijiki is a Japanese seaweed product with unique nutritional profile (high iron, calcium, fiber) and preparation method (oil-fried dried seaweed); no USDA vegetable entry matches this algae category or nutrient composition, and seaweed products are Japan-specific foods explicitly listed as NO_MATCH candidates"
藻類,high,09032,ひとえぐさ　素干し,False,True,"ひとえぐさ (Hitoegusa) is a dried seaweed product with distinctive nutrient profile (high fiber 44.2g, high salt 11.4g, high vitamin A 8600μg, high calcium 920mg) that has no equivalent in the provided USDA database which lacks seaweed/algae entries"
藻類,high,09033,ひとえぐさ　つくだ煮,False,True,"Hitoe-gusa tsukudani is a Japan-specific seaweed (algae) tsukudani preparation with no direct US USDA equivalent; tsukudani is a traditional Japanese cooking/preservation method, and the candidates are all finfish, shellfish, or legume-based vegetables, not seaweed products."
藻類,high,09034,ふのり　素干し,False,True,"ふのり (Funori) is a dried seaweed product with no equivalent in the provided USDA database; all candidates are fish/shellfish or common vegetables, not seaweed/algae products"
藻類,high,09035,まつも　素干し,False,True,"Matsmo (dried seaweed) is a Japan-specific algae product with no USDA equivalent; all candidates are finfish/shellfish or common vegetables, none match the seaweed category or nutritional profile of dried algae"
藻類,high,09036,むかでのり　塩蔵　塩抜き,False,True,"むかでのり is a salt-preserved edible seaweed (Undaria pinnatifida variety) with no direct USDA equivalent; while candidates 3 and 6 are fungi/vegetables, they lack the characteristic seaweed nutrient profile and salted preparation specific to Japanese nori products"
藻類,high,09037,（もずく類）　おきなわもずく　塩蔵　塩抜き,False,True,Okinawa mozuku is a specialized Japanese seaweed product with no USDA vegetable equivalent; all candidates are terrestrial vegetables with fundamentally different nutritional profiles and food categories
藻類,high,09038,（もずく類）　もずく　塩蔵　塩抜き,False,True,"Mozuku is a Japan-specific edible seaweed/algae product with no nutritional or conceptual equivalent in the provided USDA vegetable database; all candidates are land vegetables, not marine algae"
藻類,high,09039,わかめ　原藻　生,False,True,Wakame is a seaweed/algae product with no equivalent in the USDA vegetable database; all candidates are land vegetables with fundamentally different nutrient profiles and food categories
藻類,high,09040,わかめ　乾燥わかめ　素干し,False,True,"Wakame is a dried seaweed product with unique nutritional profile (high fiber 32.7g, very high sodium 16.8g, high potassium 5200mg, high calcium 780mg) that does not match any USDA finfish, shellfish, or vegetable entries; seaweed products are Japan-specific foods without US equivalents in the database"
藻類,high,09041,わかめ　乾燥わかめ　素干し　水戻し,False,True,Wakame (rehydrated dried seaweed) is a Japan-specific algae product with no USDA vegetable equivalent; all candidates are terrestrial vegetables with fundamentally different nutrient profiles and food category classification
藻類,high,09042,わかめ　乾燥わかめ　板わかめ,False,True,"Wakame is a seaweed-specific food product with unique nutrient profile (high fiber, minerals, vitamins) not represented in USDA candidates; no seaweed entries available in provided database"
藻類,high,09043,わかめ　乾燥わかめ　灰干し　水戻し,False,True,"Rehydrated wakame is a Japan-specific seaweed product with unique nutritional profile (high calcium, iodine, minerals); no suitable US vegetable equivalent exists in USDA database as seaweeds are not commonly categorized in the provided vegetable products list"
藻類,high,09044,わかめ　カットわかめ　乾,False,True,"Wakame is a dried seaweed product with no equivalent in the provided USDA database; all candidates are either fish/shellfish or land vegetables, lacking the unique nutrient profile and food category of marine algae."
藻類,high,09058,わかめ　カットわかめ　水煮　（沸騰水で短時間加熱したもの）,False,True,"Wakame (cut, boiled seaweed) is a Japan-specific algae product with no direct USDA vegetable equivalent; all candidates are land vegetables with substantially different nutrient profiles, particularly lacking the characteristic mineral and vitamin composition of seaweed."
藻類,high,09059,わかめ　カットわかめ　水煮の汁,False,True,"わかめ水煮の汁 is seaweed broth (a Japan-specific algae product); no USDA candidates are seaweed-based products, and all candidates are vegetables/legumes with significantly different nutrient profiles and food categories"
藻類,high,09045,わかめ　湯通し塩蔵わかめ　塩抜き　生,False,True,Wakame (海藻/seaweed) is a Japan-specific algae product with no USDA vegetable equivalent; all candidates are terrestrial vegetables with incompatible nutrient profiles and food category
藻類,high,09057,わかめ　湯通し塩蔵わかめ　塩抜き　ゆで,False,True,Wakame is a Japanese seaweed product with no USDA vegetable equivalent; all candidates are land vegetables with fundamentally different nutrient profiles and food categories
藻類,high,09046,わかめ　くきわかめ　湯通し塩蔵　塩抜き,False,True,"わかめ is a seaweed (wakame) with unique nutritional profile and processing; no USDA vegetable candidates match the algae category, extremely high salt content (7.9g), or low calorie/protein profile characteristic of salt-preserved seaweed products"
藻類,high,09047,わかめ　めかぶわかめ　生,False,True,"Wakame mekabu is a raw seaweed product with distinctive umami compounds and mineral profile (high iodine, sodium alginate) with no nutritional or conceptual equivalent in USDA vegetable database; all candidates are terrestrial vegetables with fundamentally different nutrient compositions and food categories"
魚介類,high,10023,＜魚類＞　あゆ　天然　内臓　生,False,True,"Ayu (sweetfish) internal organs raw is a specific Japanese fish product; USDA candidates are soups/sauces or whole fish species (pollock, shrimp) with fundamentally different nutrient profiles and preparation forms - no suitable match exists"
魚介類,high,10024,＜魚類＞　あゆ　天然　内臓　焼き,False,True,"Ayu (sweetfish) viscera, grilled - a small Japanese freshwater fish with organ meat preparation - has no direct USDA equivalent; closest finfish candidates (pollock, cod) are fundamentally different species with different nutrient profiles, and no USDA database entry exists for this specific fish type or organ meat preparation"
魚介類,high,10028,＜魚類＞　あゆ　養殖　内臓　焼き,False,True,"Ayú (sweetfish) viscera roasted is a Japan-specific food item with no direct US USDA equivalent; while some fish organ products exist in candidates, none match the specific preparation of roasted sweetfish organs"
魚介類,high,10029,＜魚類＞　あゆ　うるか,False,True,"うるか (uruka) is a fish paste/sauce made from sweetfish entrails, a Japan-specific fermented fish product with no direct US equivalent in the USDA database; candidates are soups/sauces but lack the fermented fish paste concept and nutritional profile (particularly the 13g salt content indicating a preserved product)"
魚介類,high,10032,＜魚類＞　あんこう　きも　生,False,True,"Ankou kimo (monkfish liver) is a specialized fish organ product with extremely high fat (36.9g) and vitamin D (110μg) content; no US USDA database entry matches this specific organ meat, and the nutrient profile differs significantly from all candidates provided."
魚介類,high,10034,＜魚類＞　いかなご　煮干し,False,True,"Ikanago niboshi (anchovy/sand eel dried fish) is a traditional Japanese dried fish product with no direct USDA equivalent; the high salt content (7.1g/100g) and nutrient profile reflect a dried/preserved product, not fresh cooked fish, making all candidates inappropriate matches"
魚介類,high,10035,＜魚類＞　いかなご　つくだ煮,False,True,Tsukudani (佃煮) is a traditional Japanese preservation technique involving simmering small fish in soy sauce and sugar; no direct USDA equivalent exists as this is a Japan-specific prepared food product with characteristic high salt (5.6g) and specific nutrient profile from the tsukudani preparation method.
魚介類,high,10036,＜魚類＞　いかなご　あめ煮,False,True,Ikanaago (juvenile anchovies) prepared as ameni (candy/syrup-simmered) is a Japanese-specific preserved fish product with no direct US equivalent; the high salt content (4.3g) and specific preparation method are characteristic of traditional Japanese tsukudani-style foods
魚介類,high,10045,＜魚類＞　（いわし類）　かたくちいわし　煮干し,False,True,"Katakuchi iwashi niboshi (dried anchovies) is a Japan-specific fish product used primarily as a flavoring ingredient and soup stock base; no equivalent processed dried small fish product exists in USDA database, and all candidates are either soups, sauces, or fresh/cooked seafood rather than dried fish products"
魚介類,high,10046,＜魚類＞　（いわし類）　かたくちいわし　田作り,False,True,"Katakuchiiwashi Tazukuri is a traditional Japanese tsukudani (small fish preserve) with no US equivalent in the USDA database; all candidates are soups, sauces, or cooked seafood rather than dried/preserved fish products"
魚介類,high,10052,＜魚類＞　（いわし類）　まいわし　丸干し,False,True,"Maiwashi (round herring) dried whole is a specific Japanese dried fish product with very high protein (32.8g), moderate calories (177kcal), and high salt (3.8g) from drying; no USDA finfish entry matches this whole dried small fish category, and soup/sauce candidates are completely misaligned"
魚介類,high,10057,＜魚類＞　（いわし類）　たたみいわし,False,True,Tatami iwashi is a dried whole sardine product with extremely high protein (75.1g) and calcium (970mg) - a Japan-specific processed fish product with no direct USDA equivalent; all candidates are either cooked fresh fish or crustaceans with vastly different nutrient profiles
魚介類,high,10058,＜魚類＞　（いわし類）　みりん干し　かたくちいわし,False,True,"Katakuchi iwashi mirin-boshi is a Japan-specific dried and sweetened small fish product with no direct USDA equivalent; while herring and mackerel candidates are nutritionally closer, they represent fresh/cooked preparations rather than the traditional mirin-dried Japanese processing method that creates the distinctive high protein, low fat, and high mineral profile of this tsukudani-type product."
魚介類,high,10070,＜魚類＞　うなぎ　かば焼,False,True,"Unagi kabayaki is a uniquely Japanese prepared dish (grilled eel with sweet soy glaze); no USDA entry exists for eel/unagi, and all candidates are either different fish species, shellfish, or prepared soups/sauces that don't match the food category or nutrient profile of this glazed freshwater eel dish."
魚介類,high,10082,＜魚類＞　かじか　つくだ煮,False,True,"Tsukudani is a traditional Japanese preservation technique (simmered in soy sauce and sugar) with no direct US equivalent; closest candidates are fish products but lack the characteristic high salt (4.3g), high calcium (880mg), and specific nutrient profile of this prepared preserve"
魚介類,high,10092,＜魚類＞　（かつお類）　加工品　削り節,False,True,"削り節 (bonito flakes/katsuobushi) is a uniquely processed Japanese fish product with extremely high protein (75.7g) and low fat (1.9g); no USDA candidate matches this specific processing method or nutrient profile - closest candidates are raw/cooked fish or fish roe, but none represent the dehydrated shaved fish product category"
魚介類,high,10093,＜魚類＞　（かつお類）　加工品　削り節つくだ煮,False,True,削り節つくだ煮 (bonito flake tsukudani) is a traditional Japanese preserved fish product with distinctive high salt (7.9g/100g) and specific umami flavor profile; no direct US equivalent exists as tsukudani is a Japan-specific preparation method combining dried fish shavings with soy-based sweetened sauce
魚介類,high,10095,＜魚類＞　（かつお類）　加工品　塩辛,False,True,"塩辛 is a Japan-specific fermented/salted fish product (likely salted squid or fish intestines) with no direct US USDA equivalent; candidates are soups, gravies, and non-fish products that don't match the concentrated fish paste/preserved fish concept"
魚介類,high,10140,＜魚類＞　（さけ・ます類）　しろさけ　イクラ,False,True,"Ikura (salmon roe) is a Japan-specific fish product with unique nutrient profile (high protein 32.6g, moderate fat 11.7g, very high vitamin D 44μg and B12 47μg) that doesn't match any USDA candidate; candidates are either crustaceans, lean white fish, or soup/sauce products with fundamentally different compositions"
魚介類,high,10141,＜魚類＞　（さけ・ます類）　しろさけ　すじこ,False,True,"Shiro-sake sujiko (chum salmon roe/ikura) is a specific Japanese fish roe product with no direct USDA equivalent; candidates are either crustaceans, lean white fish, or soups/sauces - none match the high protein (30.5g), moderate fat (13.5g), high salt (4.8g), and extremely high B12 (54μg) profile characteristic of cured/salted fish roe"
魚介類,high,10447,＜魚類＞　（さけ・ます類）　しろさけ　サケ節　削り節,False,True,"Sake-kushi (salmon flake/shaving) is a highly processed Japanese fish product with unique nutrient concentration (77.4g protein, 346 kcal per 100g) that doesn't match any USDA finfish category; closest candidates (mackerel, tuna) are significantly lower in protein and higher in fat, making this a Japan-specific processed fish product without US equivalent"
魚介類,high,10169,＜魚類＞　（さめ類）　ふかひれ,False,True,Shark fin (ふかひれ) is a specialized seafood product with extremely high protein (83.9g/100g) and low fat (0.5g/100g) that doesn't match any standard cooked fish in USDA database; it's a processed/dried product unique to Asian cuisine with no direct US equivalent
魚介類,high,10203,＜魚類＞　（たら類）　すけとうだら　たらこ　焼き,False,True,"焼きたらこ (grilled pollock roe) is a processed fish roe product specific to Japanese cuisine with no direct USDA equivalent; while pollock candidates exist, they are whole fish not roe, and the high protein (28.3g), salt (5.3g), and micronutrient profile (B12, D, Zn) are characteristic of concentrated fish roe rather than whole fish flesh"
魚介類,high,10210,＜魚類＞　（たら類）　加工品　でんぶ,False,True,"Denbu is a Japanese fish floss product (shredded, dried cod/pollock) with no direct USDA equivalent; while nutritionally similar to dried fish products, the specific processing and form (fine floss texture) makes it a Japan-specific processed seafood product without a US counterpart"
魚介類,high,10448,＜魚類＞　（たら類）　加工品　桜でんぶ,False,True,"Sakura denbu is a highly processed fish product (shredded, sweetened cod/pollock with sugar and food coloring) with 83.1g carbs per 100g - a unique Japanese confectionery-style fish product with no direct US USDA equivalent; all candidates are raw or minimally processed fish with negligible carbohydrates"
魚介類,high,10223,＜魚類＞　にしん　かずのこ　乾,False,True,"Kazunoko (herring roe, dried) is a Japan-specific processed seafood product with extremely high protein (65.2g) and zinc (5.4mg) content typical of dried/concentrated roe; no USDA entry matches this specialized dried roe product, and all candidates are cooked fish/shellfish with 2-3x lower protein and different nutritional profiles"
魚介類,high,10226,＜魚類＞　はぜ　つくだ煮,False,True,"Tsukudani is a traditional Japanese preservation technique (small fish simmered in soy sauce and sugar) with no direct USDA equivalent; while canned fish candidates exist, they lack the characteristic tsukudani preparation and the extremely high salt content (5.6g) and calcium (1200mg from whole small fish bones) are specific to this traditional product"
魚介類,high,10250,＜魚類＞　ぼら　からすみ,False,True,"Karasumi (bottarga/fish roe) is a cured fish roe product with no direct USDA equivalent; all candidates are either cooked finfish, shellfish, or soup/sauce products that don't match the cured roe category or nutrient profile (especially the high protein 40.4g, fat 14.9g, and salt 3.6g per 100g)"
魚介類,high,10254,＜魚類＞　（まぐろ類）　くろまぐろ　天然　脂身　生,False,True,"Raw fatty bluefin tuna (wild) has no direct USDA equivalent; all candidates are either cooked fish, canned products, or different species with incompatible nutrient profiles (308kcal, 23.5g fat raw tuna vs. typical cooked/processed entries)"
魚介類,high,10257,＜魚類＞　（まぐろ類）　みなみまぐろ　脂身　生,False,True,"Southern bluefin tuna fatty raw fish has no close USDA match; raw fatty tuna (322 kcal, 25.4g fat) exceeds all available tuna entries which are either cooked, canned, or lean preparations with much lower fat content"
魚介類,high,10273,＜魚類＞　やつめうなぎ　生,False,True,"Lamprey (やつめうなぎ) is a specialized Japanese food item with unique nutritional profile (high fat at 18.8g, moderate protein at 15.8g, very low carbs) that doesn't match any common US finfish or shellfish products in the USDA database; while lampreys exist in some US waters, they are not commercially available in mainstream US food supply"
魚介類,high,10274,＜魚類＞　やつめうなぎ　干しやつめ,False,True,Yatsume (lamprey) dried product is a Japan-specific seafood with no direct US USDA equivalent; candidates are either soups/sauces or cooked finfish that don't match the dried lamprey profile
魚介類,high,10277,＜魚類＞　わかさぎ　つくだ煮,False,True,"Tsukudani is a traditional Japanese preservation technique (small fish simmered in soy sauce and sugar) with no direct USDA equivalent; while canned fish candidates exist, tsukudani's unique sweet-savory glaze and preparation method make it a Japan-specific food product not represented in US food database"
魚介類,high,10278,＜魚類＞　わかさぎ　あめ煮,False,True,"Wakasagi (capelin) candy-simmered in sweet sauce is a Japan-specific prepared fish dish; no USDA entry matches both the specific fish species and the characteristic ameni preparation method, and candidates are either wrong fish types or lack the sweet reduction cooking style"
魚介類,high,10279,＜貝類＞　あかがい　生,False,True,"Akagai (red clam) is a raw shellfish with distinctive nutrient profile (high B12, moderate protein, low fat); USDA candidates are primarily soups/sauces or cooked finfish, with no raw shellfish/clam entries available to match the Japanese food item"
魚介類,high,10280,＜貝類＞　あげまき　生,False,True,"Agemaki is a raw ark clam (貝類/shellfish) with distinctive nutrient profile (high B12, Fe, Zn); no USDA candidate matches the shellfish category or nutrient profile - soup entries are inappropriate food category matches, finfish candidates lack shellfish composition"
魚介類,high,10281,＜貝類＞　あさり　生,False,True,"Asari (short-neck clams) raw is a specific shellfish product; while USDA has clam chowder (option 8), it contains soup ingredients that drastically alter the nutritional profile. Raw clams as a standalone product do not exist in the provided USDA candidates, making this a Japan-specific food item without a direct US equivalent in this database."
魚介類,high,10282,＜貝類＞　あさり　つくだ煮,False,True,"Tsukudani (つくだ煮) is a uniquely Japanese preservation method involving slow simmering in soy sauce and sugar; no direct US equivalent exists in USDA database, and clam products listed are raw/canned without the characteristic tsukudani preparation"
魚介類,high,10286,＜貝類＞　あわび　干し,False,True,"Dried abalone (awabi) is a Japanese shellfish delicacy with no direct USDA equivalent; all candidates are finfish species, not bivalve mollusks, and the high protein (38g), carbohydrates (23.8g from glycogen), and salt (7.4g) profile is characteristic of dried shellfish that does not match available US fish products."
魚介類,high,10294,＜貝類＞　かき　くん製油漬缶詰,False,True,Smoked oyster oil-packed canned product has no direct USDA equivalent; candidates are either soups/sauces or unsmoked/unpreserved mollusk preparations that don't match the specific product form
魚介類,high,10297,＜貝類＞　しじみ　生,False,True,"Shijimi (freshwater clams) is a specific shellfish with distinctive nutrient profile (high Fe, Zn, B12, Ca) that doesn't match any USDA candidate; soup entries are inappropriate for raw shellfish, and finfish candidates lack the mineral/vitamin signature of bivalves"
魚介類,high,10305,＜貝類＞　ばかがい　生,False,True,"Bakagai (surf clam) is a raw shellfish product with no suitable USDA match; candidates are either soups/prepared dishes or different shellfish types (crab, shrimp) with incompatible nutrient profiles and preparation methods"
魚介類,high,10306,＜貝類＞　（はまぐり類）　はまぐり　生,False,True,"Hamaguri (hard clam) is a raw shellfish with no suitable match in the provided USDA database; candidates are all soups/sauces or cooked fish, lacking the raw shellfish category and specific nutrient profile (high B12, Zn, low calories, high protein density)"
魚介類,high,10309,＜貝類＞　（はまぐり類）　はまぐり　つくだ煮,False,True,"Tsukudani (つくだ煮) is a traditional Japanese preservation technique of simmering shellfish in soy sauce and sugar; no direct US USDA equivalent exists as this is a Japan-specific prepared dish, and candidates are either unrelated soups/sauces or raw/cooked fish products without the characteristic tsukudani preparation"
魚介類,high,10310,＜貝類＞　（はまぐり類）　ちょうせんはまぐり　生,False,True,"Japanese clam (chosenhamaguri) is a specific shellfish with no direct USDA equivalent; while clam chowder exists in USDA database, it contains added ingredients (cream, vegetables) that substantially alter the nutrient profile compared to raw clam meat, making it unsuitable as a match for the raw shellfish item"
魚介類,high,10317,＜貝類＞　みるがい　水管　生,False,True,"Mirgai (geoduck) siphon is a specialized Japanese bivalve mollusk product with no nutritionally or conceptually equivalent entry in the provided USDA database; while mollusks are represented, geoduck siphon tissue is a Japan-specific preparation not found in US food supply."
魚介類,high,10331,＜えび・かに類＞　（えび類）　加工品　つくだ煮,False,True,"Tsukudani is a traditional Japanese preservation technique (simmered in soy sauce and sugar) specific to Japanese cuisine with no direct US equivalent; while shrimp/crustacean products exist in USDA database, none match the characteristic high salt (4.8g), high calcium (1800mg from bone consumption), and specific nutrient profile of shrimp tsukudani which relies on whole-animal consumption and traditional soy-based reduction."
魚介類,high,10342,＜いか・たこ類＞　（いか類）　あかいか　生,False,True,"Squid (あかいか/red squid) is a mollusk cephalopod with distinctive nutritional profile (high protein ~18g, very low fat ~0.8g, specific micronutrients like Zn=1.2mg, B12=2.3μg) that doesn't match any finfish or crustacean candidates in the USDA database; no cephalopod entries provided"
魚介類,high,10343,＜いか・たこ類＞　（いか類）　けんさきいか　生,False,True,"けんさきいか (Japanese squid) is a cephalopod mollusk, but USDA database lacks dedicated squid entries; all candidates are finfish or crustaceans, making them conceptually incompatible despite some nutrient overlap"
魚介類,high,10344,＜いか・たこ類＞　（いか類）　こういか　生,False,True,"Koui-ika (cuttlefish) is a cephalopod mollusk with distinct nutritional profile (64 kcal, 14.9g protein, very low fat 0.6g) that doesn't match available USDA entries; all candidates are either finfish or crustaceans with higher energy/fat or different nutrient ratios, and no USDA cephalopod entries are provided"
魚介類,high,10350,＜いか・たこ類＞　（いか類）　ほたるいか　くん製,False,True,"Hotaru-ika (firefly squid) smoked is a Japan-specific processed cephalopod product; no USDA database entry exists for smoked squid or firefly squid specifically, and the available mollusk options (mussel, whelk, octopus) have significantly lower protein and different nutrient profiles than this smoked product."
魚介類,high,10351,＜いか・たこ類＞　（いか類）　ほたるいか　つくだ煮,False,True,Hotaru-ika tsukudani is a Japan-specific tsukudani (佃煮) preparation - a traditional sweet-salty simmered condiment unique to Japanese cuisine with no direct US equivalent; no USDA candidate matches both the specific food category (tsukudani) and preparation method
魚介類,high,10352,＜いか・たこ類＞　（いか類）　やりいか　生,False,True,"Yariika (spear squid) is a cephalopod mollusk; USDA candidates are predominantly finfish and crustaceans with no squid/cephalopod options, making true category matching impossible despite some nutrient overlap"
魚介類,high,10354,＜いか・たこ類＞　（いか類）　加工品　さきいか,False,True,"Saki-ika (dried squid shreds) is a processed cephalopod product with no direct USDA equivalent; while mollusks like conch and whelk exist in the database, none match the dried/processed squid product category, extremely high protein (45.5g), low fat (0.8g), and high salt (6.9g) profile characteristic of Japanese dried squid snacks"
魚介類,high,10356,＜いか・たこ類＞　（いか類）　加工品　切りいかあめ煮,False,True,"Kiried-ika ameni (cut squid in sweet soy glaze) is a traditional Japanese processed squid product with no direct USDA equivalent; USDA database lacks squid/cephalopod entries, and the high energy density (310kcal) and salt content (2.8g) reflect Japanese candy-glazed preparation not found in US products"
魚介類,high,10357,＜いか・たこ類＞　（いか類）　加工品　いかあられ,False,True,"いかあられ is a processed squid snack (arare = crispy rice cracker style snack), a Japan-specific processed seafood product with no direct USDA equivalent; all candidates are raw/cooked whole fish or basic seafood without the crispy processed snack preparation"
魚介類,high,10358,＜いか・たこ類＞　（いか類）　加工品　塩辛,False,True,塩辛 is a Japan-specific fermented/salted squid product with no direct US equivalent; closest candidates (finfish) don't match the squid/cephalopod base or the traditional fermented salt-cured processing method
魚介類,high,10359,＜いか・たこ類＞　（いか類）　加工品　味付け缶詰,False,True,"Canned flavored squid (いか缶詰) is a processed cephalopod product with no direct US USDA equivalent; while finfish and crustaceans are listed, squid/cuttlefish canned products are not represented in the provided candidates, making this a Japan-specific processed seafood item"
魚介類,high,10362,＜いか・たこ類＞　（たこ類）　まだこ　ゆで,False,True,"Boiled octopus (まだこ ゆで) is a mollusk cephalopod with no nutritionally equivalent USDA entry; available candidates are finfish and crustaceans with distinctly different protein and nutrient profiles, making a proper match impossible."
魚介類,high,10363,＜その他＞　あみ　つくだ煮,False,True,"Tsukudani is a Japan-specific preserved seafood preparation (small fish/shrimp simmered in soy sauce) with no direct US food equivalent; while canned fish products exist, tsukudani's unique cooking method and cultural specificity make it distinctly Japanese"
魚介類,high,10365,＜その他＞　うに　生うに,False,True,"Uni (sea urchin roe) is a specialized Japanese delicacy with unique nutritional profile (high protein 16g, moderate energy 109kcal, distinctive micronutrients like VitA 700μg) that has no direct USDA equivalent; closest candidates are generic fish/shellfish but uni's gonads have fundamentally different composition from muscle tissue of pollock, cod, or shrimp"
魚介類,high,10366,＜その他＞　うに　粒うに,False,True,"Uni (sea urchin roe) is a Japan-specific delicacy with no direct USDA equivalent; the nutrient profile (high protein 17.2g, high salt 8.4g, high vitamin A 1000μg) and unique composition don't match any available USDA candidates"
魚介類,high,10367,＜その他＞　うに　練りうに,False,True,"練りうに (neri-uni, processed sea urchin paste) is a Japan-specific seafood product with no direct US equivalent; while candidates 1,5,7,9,10,14,18 are finfish/shellfish, none represent processed sea urchin paste products available in USDA database"
魚介類,high,10370,＜その他＞　くらげ　塩蔵　塩抜き,False,True,"Salted jellyfish (kurage) is a Japan-specific seafood product with no USDA equivalent; all candidates are soups/broths/gravies, not a prepared jellyfish item"
魚介類,high,10372,＜その他＞　なまこ　生,False,True,Namako (sea cucumber) is a specialized Japanese seafood with no direct equivalent in USDA database; candidates are soups/sauces or processed shellfish products that don't match the raw sea cucumber product concept or nutrient profile
魚介類,high,10373,＜その他＞　なまこ　このわた,False,True,"Konowata (sea cucumber intestines) is a Japan-specific fermented seafood product with no direct US equivalent; while nutritionally similar to some shellfish, the fermented preparation and cultural specificity make it unique to Japanese cuisine"
魚介類,high,10374,＜その他＞　ほや　生,False,True,"Hoya (sea squirt) is a unique Japanese tunicate with no direct USDA equivalent; candidates are soups/prepared foods rather than raw seafood, and hoya's distinctive nutrient profile (high K, Zn, B12, high salt content from marine source) doesn't match any available option"
魚介類,high,10375,＜その他＞　ほや　塩辛,False,True,"Hoya (sea squirt) salted/fermented product is a Japan-specific seafood delicacy with no direct US equivalent; while candidate 21 (cooked shrimp) has similar protein, the high salt content (3.6g) and unique fermented preparation make this a Japan-specific food product without suitable US match"
魚介類,high,10423,＜水産練り製品＞　黒はんぺん,False,True,"黒はんぺん is a Japanese fish cake product (surimi-based processed seafood) with no direct US USDA equivalent; while some candidates are fish-based, none match the specific category of processed fish cake/hanpen products"
魚介類,high,10377,＜水産練り製品＞　昆布巻きかまぼこ,False,True,"Kombu-maki kamaboko is a Japanese fish cake (surimi) product wrapped with kelp; it's a fish paste product specific to Japanese cuisine with no US USDA equivalent among the provided soup and sauce options, which are fundamentally different food categories."
魚介類,high,10384,＜水産練り製品＞　なると,False,True,"Naruto is a fish cake product (surimono) made from surimi paste with distinctive spiral coloring; it's a processed fish product with no direct US equivalent in the USDA database, falling under Japan-specific fish paste products"
魚介類,high,10386,＜水産練り製品＞　さつま揚げ,False,True,"さつま揚げ is a Japan-specific fish cake product (surimi-based fried cake) with no direct US equivalent; while surimi exists in USDA database, さつま揚げ is a distinctive traditional Japanese processed fish product that doesn't match any candidate's food concept or processing method"
魚介類,high,10387,＜水産練り製品＞　魚肉ハム,False,True,"魚肉ハム (fish meat ham) is a processed surimi-based product specific to Japanese food manufacturing with no direct USDA equivalent; while candidates exist for raw/cooked fish, none match the processed, emulsified, cured ham-like product category"
魚介類,high,10388,＜水産練り製品＞　魚肉ソーセージ,False,True,"Gyoniku sausage is a fish paste product (surimi-based processed seafood), which is a Japan-specific food category with no direct USDA equivalent; while some fish products exist in candidates, none match the processed fish cake/sausage concept"
肉類,high,11092,＜畜肉類＞　うし　［副生物］　肝臓　生,False,True,"Japanese item is raw beef liver (肝臓), which requires a beef/cattle liver entry; USDA candidates contain only muscle cuts, veal, game, poultry, and pork products with no beef liver option available"
肉類,high,11093,＜畜肉類＞　うし　［副生物］　じん臓　生,False,True,"Beef kidney (じん臓) is an organ meat with distinct nutritional profile (high B12, specific mineral content) not adequately represented in USDA candidates which are primarily muscle cuts; organ meats require specialized database entries"
肉類,high,11094,＜畜肉類＞　うし　［副生物］　第一胃　ゆで,False,True,"Boiled beef tripe (first stomach) is an organ meat with specific nutrient profile (166 kcal, 24.5g protein, 6.9g fat, high iron at 0.7mg, zinc 4.2mg) not well-represented in USDA candidates which are primarily muscle cuts with different mineral profiles; no suitable match exists in provided database"
肉類,high,11098,＜畜肉類＞　うし　［副生物］　小腸　生,False,True,"Beef small intestine (raw) is a variety meat/offal with unique nutritional profile (high fat 24.7g, low protein 9.9g, high B12 21.0μg) that doesn't match any USDA beef or veal variety meat candidates available; closest veal brain candidate (#23) has different macronutrient ratios and cooked preparation"
肉類,high,11111,＜畜肉類＞　くじら　うねす　生,False,True,くじら (kujira/whale) is a marine mammal meat with no equivalent in the USDA food database; whale meat is not part of the US commercial food supply and has no USDA entry
肉類,high,11112,＜畜肉類＞　くじら　本皮　生,False,True,Whale meat (くじら) is not commercially available in the US food supply and has no USDA database equivalent; it is a Japan-specific food product with no viable match among candidates
肉類,high,11113,＜畜肉類＞　くじら　さらしくじら,False,True,"Sarashi kujira (leached whale meat) is a Japan-specific processed whale product with no direct USDA equivalent; whale is not part of the standard US food supply and all candidates are beef/meat mixed dishes with significantly higher energy, fat, and carbohydrate content"
肉類,high,11167,＜畜肉類＞　ぶた　［副生物］　じん臓　生,False,True,"Pork kidney (raw) is not represented in the USDA database; all candidates are muscle meats, processed products, or non-pork organ meats, lacking the specific nutritional profile of raw pork offal/organ meat"
肉類,high,11171,＜畜肉類＞　ぶた　［副生物］　子宮　生,False,True,"Pork uterus (子宮) is a specific organ/variety meat with no direct USDA database equivalent; while veal lungs (entry 23) is closest conceptually as variety meat, the nutritional profile and specific organ type differ significantly, making NO_MATCH most appropriate"
肉類,high,11192,＜畜肉類＞　ぶた　［ソーセージ類］　レバーソーセージ,False,True,"Lever sausage is a processed pork sausage with liver (organ meat), which requires a USDA entry for pork liver sausage; available candidates are either beef/veal cuts, poultry, or non-liver processed meats, none matching this specific processed pork organ meat product"
肉類,high,11197,＜畜肉類＞　ぶた　［その他］　スモークレバー,False,True,"Smoked pork liver (豚スモークレバー) is a specific processed meat product not represented in the USDA database; candidates are poultry, beef, veal, and game meats without liver options, making this a Japan-specific processed meat item without a suitable US equivalent"
肉類,high,11198,＜畜肉類＞　ぶた　［その他］　ゼラチン,False,True,"Gelatin (ゼラチン) is a processed collagen product from animal bones/connective tissue, not muscle meat; all USDA candidates are cooked muscle meat with vastly different protein composition and nutrient profiles incompatible with pure gelatin"
肉類,high,11231,＜鳥肉類＞　にわとり　［副品目］　心臓　生,False,True,"Chicken heart (raw) is a poultry organ meat not represented in USDA database candidates; all offered matches are beef, veal, lamb, pork, or duck muscle cuts/products, none matching the specific organ meat category"
肉類,high,11232,＜鳥肉類＞　にわとり　［副品目］　肝臓　生,False,True,"Chicken liver (生/raw) is a specific organ meat with distinctive nutrient profile (high iron 9.0mg, B12 44.0μg, vitamin A 30μg) not adequately represented in USDA candidates which focus on muscle cuts and processed meats; no poultry liver entry available in provided options"
肉類,high,11241,＜その他＞　いなご　つくだ煮,False,True,Inago tsukudani is a Japan-specific preserved insect delicacy (grasshoppers in soy-based glaze); no US USDA database equivalent exists as insects are not part of standard US food supply
肉類,high,11242,＜その他＞　かえる　肉　生,False,True,"Frog meat (kaeru) is not commonly available in the US food supply and has no established USDA database entry; while nutritionally similar to poultry, frog meat is not a standard US food commodity"
肉類,high,11244,＜その他＞　はち　はちの子缶詰,False,True,"Hachi (bee) larvae/pupae canned product is a Japan-specific insect-based food with no direct USDA equivalent; while nutrient profile shows some similarity to poultry/meat products, the food concept itself (edible insects) is not represented in standard US food supply database"
卵類,high,12008,鶏卵　全卵　加糖全卵,False,True,"加糖全卵 (sweetened whole egg powder) is a specialized Japanese egg product with added sugar for confectionery/culinary use; no direct USDA equivalent exists as US candidates are yogurts, desserts, and dairy products, not egg-based items"
卵類,high,12017,鶏卵　たまご豆腐,False,True,"Tamago tofu is a Japanese egg custard dessert with no direct USDA equivalent; closest candidates are dairy/egg products but none match the specific egg-based custard preparation, and the nutrient profile (low carb, moderate protein/fat) doesn't align well with available USDA entries which are primarily milk-based or cottage cheese products."
乳類,high,13044,＜牛乳及び乳製品＞　（アイスクリーム類）　アイスミルク,False,True,"アイスミルク (ice milk) is a specific Japanese frozen dairy dessert category with defined fat content (3-10%) that differs from standard US ice cream; no USDA candidate matches both the food concept and nutrient profile (167 kcal, 6.5g fat per 100g)"
乳類,high,13048,＜牛乳及び乳製品＞　（その他）　カゼイン,False,True,Casein is a milk protein isolate/concentrate with ~86% protein and minimal fat/carbs; no USDA entry matches this specific dairy protein product - candidates are either whole egg products or cheese with different nutrient profiles and food concepts
乳類,high,13049,＜牛乳及び乳製品＞　（その他）　シャーベット,False,True,"Sherbet is a frozen dessert product not well-represented in USDA dairy database; closest candidates (yogurt, milk shakes) have significantly higher protein/carbs and different food composition; no nutritionally or conceptually equivalent match exists in provided options"
乳類,high,13051,＜その他＞　人乳,False,True,"Human breast milk (人乳) is a biologically unique secretion specific to lactating humans with distinctive nutrient composition (low protein 1.1g, moderate fat 3.6g, high lactose 6.7g, low minerals); no USDA database entry exists for human milk as it is not a commercial food product in the US food supply"
油脂類,high,14024,（植物油脂類）　えごま油,False,True,Egoma oil (perilla seed oil) is a Japan-specific oil with unique fatty acid profile (high alpha-linolenic acid) not represented by any standard USDA vegetable oil entry; closest candidates are general vegetable oils but lack the distinctive nutritional characteristics of perilla seed oil
油脂類,high,14004,（植物油脂類）　サフラワー油　ハイオレイック,False,True,"High oleic safflower oil is a specific cultivar not commonly found in USDA database; while canola high oleic options exist (candidate 6), safflower oil has distinctly different fatty acid profiles and is not represented as a standalone entry in the provided USDA candidates"
油脂類,high,14015,（動物油脂類）　牛脂,False,True,"牛脂 (beef tallow) is a rendered animal fat with distinct properties from plant oils and shortenings; no USDA entry specifically matches rendered beef fat, only plant-based oils and hydrogenated shortenings are available"
油脂類,high,14032,（動物油脂類）　たらのあぶら,False,True,"Cod liver oil (たらのあぶら) is a specific fish oil with characteristic high vitamin D content (8.7μg/100g) and low energy relative to pure oils; no USDA candidates represent fish oils, only vegetable oils and animal fats from land animals"
油脂類,high,14016,（動物油脂類）　ラード,False,True,"Lard (ラード) is rendered pork fat, a specific animal fat product not represented in the provided USDA candidates which are all vegetable oils or hydrogenated shortenings; true lard equivalent missing from list"
油脂類,high,14017,（バター類）　無発酵バター　有塩バター,False,True,"Japanese salted butter (有塩バター) has no equivalent in the provided USDA database; all candidates are oils, margarines, shortenings, or mayonnaise-based products, not dairy butter"
油脂類,high,14018,（バター類）　無発酵バター　食塩不使用バター,False,True,"Japanese unsalted butter (無発酵バター) has no exact USDA match; all candidates are oils, shortenings, or margarines rather than dairy butter, and none match the characteristic nutrient profile (77g fat, 0.5g protein, 190μg VitA, 0.7μg VitD, 0.1μg B12) of actual butter"
菓子類,high,15001,＜和生菓子・和半生菓子類＞　甘納豆　あずき,False,True,甘納豆 (sweetened azuki beans) is a traditional Japanese confectionery with no direct US equivalent; closest candidates are baked goods/snacks but none match the concept of candied whole beans in sugar syrup
菓子類,high,15002,＜和生菓子・和半生菓子類＞　甘納豆　いんげんまめ,False,True,"甘納豆 (ama-natto/candied beans) is a traditional Japanese confectionery made from cooked beans coated in sugar syrup - a uniquely Japanese preparation with no direct USDA equivalent; all candidates are baked goods, snacks, or Western confections that do not match this specific food concept"
菓子類,high,15003,＜和生菓子・和半生菓子類＞　甘納豆　えんどう,False,True,"甘納豆 (amanattou - candied beans, specifically peas) is a traditional Japanese confectionery made by cooking legumes and coating with sugar; no nutritionally or conceptually equivalent product exists in USDA database as US confectionery culture does not produce this specific sweetened whole legume product."
菓子類,high,15005,＜和生菓子・和半生菓子類＞　今川焼　こしあん入り,False,True,"Imagawayaki (imoyaki) is a traditional Japanese confectionery with sweet bean paste filling - a distinctly Japanese food product with no direct USDA equivalent; closest candidates (pies, cakes) differ significantly in preparation method, ingredient composition, and cultural context"
菓子類,high,15145,＜和生菓子・和半生菓子類＞　今川焼　つぶしあん入り,False,True,"Imagawayaki is a traditional Japanese filled pancake confection with no direct US equivalent; candidates are either insufficient matches (pies/cakes with different structures) or nutritionally misaligned, and the food is fundamentally Japan-specific"
菓子類,high,15146,＜和生菓子・和半生菓子類＞　今川焼　カスタードクリーム入り,False,True,"Imagawayaki with custard cream is a traditional Japanese confectionery (wagashi) with no direct US equivalent; closest candidates (pies, cakes) differ significantly in preparation method, texture, and cultural context"
菓子類,high,15147,＜和生菓子・和半生菓子類＞　ういろう　黒,False,True,Uiro (ういろう) is a traditional Japanese steamed cake made from rice flour and sugar with a unique gelatinous texture; no USDA equivalent exists as it represents a distinctly Japanese confectionery product with specific preparation methods and ingredients not found in US food supply
菓子類,high,15007,＜和生菓子・和半生菓子類＞　うぐいすもち　こしあん入り,False,True,Uguisu mochi is a traditional Japanese confectionery (mochi with powdered soybean coating and red bean filling) with no direct US equivalent; closest candidates are generic syrups/toppings/jams which lack the mochi structure and cultural specificity of this traditional wagashi
菓子類,high,15148,＜和生菓子・和半生菓子類＞　うぐいすもち　つぶしあん入り,False,True,"Uguisu mochi (nightingale mochi) is a traditional Japanese confectionery with specific cultural and textural characteristics (mochi wrapper with azuki bean paste filling) that has no direct equivalent in the USDA database; candidates are either syrups, frostings, or Western baked goods, none of which match the fundamental nature of this Japanese wagashi"
菓子類,high,15008,＜和生菓子・和半生菓子類＞　かしわもち　こしあん入り,False,True,"Kashiwa mochi is a traditional Japanese confectionery (mochi with azuki bean paste wrapped in oak leaf) with no direct US food equivalent; closest candidates (English muffins, bagels, pies) are structurally and culturally distinct baked products, not confectionery matches"
菓子類,high,15149,＜和生菓子・和半生菓子類＞　かしわもち　つぶしあん入り,False,True,"Kashiwa mochi (oak leaf wrapped mochi with bean paste filling) is a traditional Japanese confectionery with no direct US equivalent; candidates are mostly Western baked goods and pie fillings that don't match the mochi-based confectionery concept or nutrient profile (low fat, high carb from glutinous rice flour)"
菓子類,high,15010,＜和生菓子・和半生菓子類＞　かのこ,False,True,"かのこ (kanoko) is a traditional Japanese confectionery made with azuki beans and mochi/glutinous rice, with no direct US equivalent in the USDA database; while some candidates match energy/carbs, none represent the traditional Japanese bean-based mochi confectionery concept"
菓子類,high,15011,＜和生菓子・和半生菓子類＞　かるかん,False,True,"Karukan is a traditional Japanese steamed sponge cake made with yam flour and sugar; while nutritionally similar to some baked products, it's a Japan-specific confectionery preparation with no direct US equivalent in the USDA database"
菓子類,high,15012,＜和生菓子・和半生菓子類＞　きび団子,False,True,きび団子 is a traditional Japanese mochi-based confectionery with millet/kibi that has no direct US equivalent; USDA candidates are mostly syrups and modern candies lacking the chewy mochi texture and traditional preparation of this Japanese wagashi
菓子類,high,15013,＜和生菓子・和半生菓子類＞　ぎゅうひ,False,True,ぎゅうひ (gyuuhi) is a traditional Japanese mochi-based confection with glutinous rice flour and sugar filling - a Japan-specific preparation with no direct US food equivalent in the database
菓子類,high,15015,＜和生菓子・和半生菓子類＞　きんぎょく糖,False,True,"きんぎょく糖 is a traditional Japanese hard candy (金玉糖/kinggyoku-tō) with minimal ingredients and no fat, representing a Japan-specific confectionery type with no direct US equivalent among the candidates provided"
菓子類,high,15016,＜和生菓子・和半生菓子類＞　きんつば,False,True,Kintsuba is a traditional Japanese confection (azuki bean paste wrapped in a thin cake layer) with no direct US equivalent; closest candidates are generic baked goods that lack the specific cultural/structural identity and nutritional profile of this traditional wagashi
菓子類,high,15017,＜和生菓子・和半生菓子類＞　草もち　こしあん入り,False,True,"Kusa mochi (草もち) is a traditional Japanese fresh confectionery with specific cultural preparation and ingredients (mugwort-infused mochi with red bean paste) that has no direct US food equivalent in the USDA database; while some candidates match energy/carbs, none represent the same food category or concept."
菓子類,high,15150,＜和生菓子・和半生菓子類＞　草もち　つぶしあん入り,False,True,"Kusa mochi (草もち) with tsubushian is a traditional Japanese wagashi (confectionery) made with mugwort-infused mochi and sweet red bean paste, with no direct US equivalent in the provided candidates; nutritionally close options exist but the food itself is Japan-specific traditional confectionery"
菓子類,high,15018,＜和生菓子・和半生菓子類＞　くし団子　あん　こしあん入り,False,True,"Kushi dango (skewered dumplings) with anko (red bean paste) is a traditional Japanese confectionery with no direct US equivalent; closest candidates are pies/baked goods which have fundamentally different structure, preparation, and ingredient composition (added fats, different starches, pie crusts)"
菓子類,high,15151,＜和生菓子・和半生菓子類＞　くし団子　あん　つぶしあん入り,False,True,"Kushi dango with tsubuan (skewered mochi dumplings with red bean paste) is a traditional Japanese confectionery with no direct USDA equivalent; closest candidates (pie fillings, jams) are fundamentally different products lacking the mochi/dumpling structure and cultural identity of this Japanese sweet."
菓子類,high,15019,＜和生菓子・和半生菓子類＞　くし団子　みたらし,False,True,Mitarashi dango is a traditional Japanese skewered dumpling with sweet glaze - a culturally specific confectionery with no direct US equivalent; closest candidates are pie fillings/toppings but these are fundamentally different products
菓子類,high,15121,＜和生菓子・和半生菓子類＞　くずもち　関西風　くずでん粉製品,False,True,Kuzu mochi (Kansai-style arrowroot starch confection) is a traditional Japanese confectionery with unique texture and preparation methods; no USDA equivalent exists as it's a Japan-specific wagashi product without direct US counterpart in available database
菓子類,high,15020,＜和生菓子・和半生菓子類＞　げっぺい,False,True,"げっぺい is a traditional Japanese wagashi (Japanese confectionery) with no direct US equivalent; while nutrient profile resembles some candidates, the item is a Japan-specific traditional sweet with unique preparation and cultural context not represented in USDA database"
菓子類,high,15123,＜和生菓子・和半生菓子類＞　五平もち,False,True,"Gohei mochi is a traditional Japanese confectionery (grilled mochi with miso-based sauce) with no direct US equivalent; closest candidates (pies, waffles, pancakes) are fundamentally different foods with incompatible nutrient profiles and preparation methods"
菓子類,high,15022,＜和生菓子・和半生菓子類＞　桜もち　関西風　こしあん入り,False,True,"Sakura mochi (Kansai-style with red bean filling) is a traditional Japanese confectionery with no direct US equivalent; it consists of a mochi cake wrapped in pickled cherry leaf with azuki bean paste, which is fundamentally different from all available USDA categories and candidates."
菓子類,high,15153,＜和生菓子・和半生菓子類＞　桜もち　関西風　つぶしあん入り,False,True,"Sakuramochi (Kansai-style with crushed red bean paste) is a traditional Japanese wagashi confectionery with no direct US equivalent; closest USDA matches (pie fillings, jams) lack the mochi/glutinous rice flour structure and cherry leaf wrapper that define this product"
菓子類,high,15021,＜和生菓子・和半生菓子類＞　桜もち　関東風　こしあん入り,False,True,"Sakura mochi is a traditional Japanese confection made with mochi and red bean paste, wrapped in a pickled cherry leaf; no direct US food equivalent exists in the USDA database, and candidates offered are either savory breads, filled cakes, or unrelated sweets with significantly different composition and cultural context"
菓子類,high,15152,＜和生菓子・和半生菓子類＞　桜もち　関東風　つぶしあん入り,False,True,Sakuramochi is a traditional Japanese wagashi (confectionery) with sakura leaf wrapper and glutinous rice cake with red bean paste filling - no direct US equivalent exists in the USDA database; closest candidates are generic baked goods or toppings that don't represent the food concept
菓子類,high,15124,＜和生菓子・和半生菓子類＞　笹だんご　こしあん入り,False,True,"Sasadango is a traditional Japanese mochi-based confection with azuki bean paste filling wrapped in bamboo leaves; no direct US equivalent exists in the USDA database, and all candidates are fundamentally different food categories (gluten-free breads, frozen novelties, cakes) with incompatible preparation methods and cultural context."
菓子類,high,15154,＜和生菓子・和半生菓子類＞　笹だんご　つぶしあん入り,False,True,"Sasadango is a traditional Japanese confectionery (mochi-based dumpling wrapped in bamboo leaf with red bean filling) with no direct US food equivalent; closest USDA items are generic baked goods/sweets that lack the specific cultural preparation, ingredient profile, and texture characteristics of this traditional Japanese sweet."
菓子類,high,15143,＜和生菓子・和半生菓子類＞　ずんだあん,False,True,"Zunda-an is a traditional Japanese sweet bean paste made from edamame with unique characteristics (high protein 6.3g, moderate carbs 35.8g, low fat 3.2g, high vitamin A 160μg) that doesn't match any US confectionery; no nutritionally or conceptually equivalent US product exists in the database"
菓子類,high,15144,＜和生菓子・和半生菓子類＞　ずんだもち,False,True,"Zundamochi is a traditional Japanese confection (mochi filled with edamame paste) with no direct US food equivalent; while nutrient profiles could match some baked goods, the fundamental food concept is Japan-specific and culturally distinct"
菓子類,high,15023,＜和生菓子・和半生菓子類＞　大福もち　こしあん入り,False,True,"Daifuku mochi is a traditional Japanese confectionery (mochi wrapper with sweet bean filling) with no direct US equivalent; closest candidates (bagels, English muffins, baked goods) are fundamentally different food products despite similar carbohydrate profiles"
菓子類,high,15155,＜和生菓子・和半生菓子類＞　大福もち　つぶしあん入り,False,True,Daifuku mochi (大福もち) is a traditional Japanese confectionery with mochi (glutinous rice cake) exterior and bean paste filling - a Japan-specific food with no direct US equivalent in the provided candidates or typical US food supply
菓子類,high,15025,＜和生菓子・和半生菓子類＞　ちまき,False,True,"Chimaki is a traditional Japanese steamed glutinous rice dumpling wrapped in bamboo leaves with no direct US food equivalent; closest candidates (pies, puddings, ice creams) are conceptually and nutritionally mismatched as they are fundamentally different food categories and preparation methods."
菓子類,high,15026,＜和生菓子・和半生菓子類＞　ちゃつう,False,True,"ちゃつう (cha-tsuu) is a traditional Japanese wagashi (Japanese confectionery) with specific preparation methods and cultural significance that has no direct US food equivalent; while nutrient profile could match some baked goods, the fundamental food category and preparation method are distinctly Japanese"
菓子類,high,15157,＜和生菓子・和半生菓子類＞　生八つ橋　あん入り　こしあん入り,False,True,"生八つ橋 is a traditional Japanese fresh mochi confection filled with anko (red bean paste), with no direct US equivalent in the USDA database; closest candidates are syrups and sauces which lack the mochi structure and authentic composition of this traditional Japanese sweet"
菓子類,high,15004,＜和生菓子・和半生菓子類＞　生八つ橋　あん入り　こしあん・つぶしあん混合,False,True,Nama-yatsuhashi is a traditional Japanese fresh mochi-based confection with red bean paste filling; no USDA equivalent exists as it is a Japan-specific confectionery product with unique texture and preparation methods not represented in US food database.
菓子類,high,15028,＜和生菓子・和半生菓子類＞　ねりきり,False,True,Nerikiri is a traditional Japanese hand-molded confection made from bean paste with unique texture and preparation methods; no USDA equivalent exists as it's a Japan-specific confectionery product fundamentally different from Western baked goods and sweets in composition and manufacturing process
菓子類,high,15160,＜和生菓子・和半生菓子類＞　まんじゅう　かるかんまんじゅう　こしあん入り,False,True,"Karukan manju is a traditional Japanese steamed cake-like confection with red bean filling, distinctly different from all USDA candidates which are either fruit toppings, syrups, or Western baked goods; no nutritionally or conceptually equivalent US food exists in the database"
菓子類,high,15161,＜和生菓子・和半生菓子類＞　まんじゅう　かるかんまんじゅう　つぶしあん入り,False,True,"Karukan manju is a traditional Japanese steamed cake confection with azuki bean paste filling; no direct US equivalent exists in the USDA database as it represents a Japan-specific traditional confectionery category distinct from Western cakes, breads, and sweet toppings"
菓子類,high,15030,＜和生菓子・和半生菓子類＞　まんじゅう　くずまんじゅう　こしあん入り,False,True,"Kuzu manju (kudzu starch manju with red bean filling) is a traditional Japanese confectionery with no direct USDA equivalent; closest candidates (toppings, jams, baked goods) lack the specific steamed mochi-like texture and traditional preparation method characteristic of this Japanese wagashi"
菓子類,high,15162,＜和生菓子・和半生菓子類＞　まんじゅう　くずまんじゅう　つぶしあん入り,False,True,"Kuzu manju (kudzu starch jelly filled with azuki bean paste) is a traditional Japanese confectionery with no direct US equivalent; USDA candidates are syrups, frostings, and pie fillings that do not match the concept of a steamed/set jelly dumpling with bean filling"
菓子類,high,15031,＜和生菓子・和半生菓子類＞　まんじゅう　くりまんじゅう　こしあん入り,False,True,"Kuri manjuu (chestnut-filled steamed bun with red bean paste) is a traditional Japanese confectionery with no direct US equivalent; closest candidates (cakes, cookies, baked goods) are fundamentally different in preparation, texture, and cultural context"
菓子類,high,15163,＜和生菓子・和半生菓子類＞　まんじゅう　くりまんじゅう　つぶしあん入り,False,True,"Kuri manjyu (chestnut-filled steamed bun with azuki bean paste) is a traditional Japanese confectionery with no direct USDA equivalent; while some baked goods share similar nutrients, the specific preparation method, ingredients (mochiko flour, azuki paste, chestnuts), and cultural classification as wagashi make it distinctly Japanese with no appropriate US match."
菓子類,high,15032,＜和生菓子・和半生菓子類＞　まんじゅう　とうまんじゅう　こしあん入り,False,True,"Tōmanjū (touマンジュウ) is a traditional Japanese steamed bun with azuki bean paste filling - a distinctly Japanese confectionery with no direct US equivalent in the USDA database; closest candidates (cakes, syrups) are fundamentally different food products"
菓子類,high,15033,＜和生菓子・和半生菓子類＞　まんじゅう　蒸しまんじゅう　こしあん入り,False,True,"Steamed manju with red bean paste is a traditional Japanese confection with no direct USDA equivalent; while nutrient profiles show some similarity to cakes and sweets, the fundamental food product is distinctly Japanese with specific preparation methods and ingredients not represented in US food categories."
菓子類,high,15165,＜和生菓子・和半生菓子類＞　まんじゅう　蒸しまんじゅう　つぶしあん入り,False,True,"Steamed manju with azuki bean paste is a traditional Japanese confectionery with no direct US equivalent; while nutrient profiles could match some baked goods, the food concept is distinctly Japan-specific and culturally defined."
菓子類,high,15034,＜和生菓子・和半生菓子類＞　まんじゅう　中華まんじゅう　あんまん　こしあん入り,False,True,"Anman (あんまん) is a traditional Japanese steamed bun filled with red bean paste (koshian), a distinctly Japanese confectionery with no direct US equivalent; USDA database contains only Western baked goods and commercial products, not Asian steamed buns or traditional Japanese sweets"
菓子類,high,15166,＜和生菓子・和半生菓子類＞　まんじゅう　中華まんじゅう　あんまん　つぶしあん入り,False,True,"Anman (あんまん) is a traditional Japanese steamed bun filled with azuki bean paste; while the USDA candidates include various breads and cakes, none are steamed buns with red bean filling - this is a Japan-specific confectionery with no true US equivalent in the database"
菓子類,high,15035,＜和生菓子・和半生菓子類＞　まんじゅう　中華まんじゅう　肉まん,False,True,"Nikuman (Chinese-style steamed bun with meat filling) is a Japanese-adapted Asian food with no direct USDA equivalent; candidates are all Western baked goods lacking the steamed bun structure, filling concept, and specific nutrient profile of this savory confectionery item"
菓子類,high,15036,＜和生菓子・和半生菓子類＞　もなか　こしあん入り,False,True,"Monaka with koshian is a traditional Japanese confectionery (wafer shell filled with red bean paste) with no direct US equivalent; closest candidates (jams, syrups, cookies) are fundamentally different products in structure and cultural context"
菓子類,high,15167,＜和生菓子・和半生菓子類＞　もなか　つぶしあん入り,False,True,"Monaka with tsubushi-an is a traditional Japanese confection (wafer shell filled with red bean paste) with no direct US equivalent; nutrient profile shows high carbs/fiber and low fat typical of bean-based sweets, but no USDA candidates match this specific traditional Japanese candy concept"
菓子類,high,15037,＜和生菓子・和半生菓子類＞　ゆべし,False,True,Yubeshi is a traditional Japanese mochi-based confection with citrus filling; no USDA database entry matches this distinctly Japanese confectionery product in composition or concept
菓子類,high,15038,＜和生菓子・和半生菓子類＞　ようかん　練りようかん,False,True,"Youkan (練りようかん) is a traditional Japanese confectionery made from azuki bean paste and agar, with no direct US equivalent; while nutrient profiles superficially match syrups/candies, the food concept and primary ingredients (azuki beans, agar) are distinctly Japanese and not represented in USDA database."
菓子類,high,15039,＜和生菓子・和半生菓子類＞　ようかん　水ようかん,False,True,"Mizuyoukan is a traditional Japanese jelly-based confection with minimal fat and moderate protein from agar/beans; no USDA database entry captures this specific food category or comparable nutritional profile - all candidates are Western baked goods or syrups with significantly higher energy, fat, or salt content"
菓子類,high,15040,＜和生菓子・和半生菓子類＞　ようかん　蒸しようかん,False,True,"Steamed yokan is a traditional Japanese confectionery (wagashi) with no direct US equivalent; closest candidates are baked goods or fruit fillings that differ significantly in preparation method, texture, and cultural context"
菓子類,high,15042,＜和干菓子類＞　芋かりんとう,False,True,"芋かりんとう (imo karintou) is a traditional Japanese sweet potato deep-fried snack with no direct US equivalent; while nutritionally similar to some baked goods/candies, it is a Japan-specific traditional confectionery without a comparable product in the USDA database"
菓子類,high,15043,＜和干菓子類＞　おこし,False,True,Okoshi is a traditional Japanese puffed grain confectionery (mochi/rice-based) with no direct USDA equivalent; closest candidates are sugar/candy items but lack the grain-based structure and cultural specificity of this traditional Japanese sweet
菓子類,high,15045,＜和干菓子類＞　かりんとう　黒,False,True,Karinto is a traditional Japanese fried confectionery with unique texture and preparation; no US equivalent exists in the database despite some nutrient similarities
菓子類,high,15046,＜和干菓子類＞　かりんとう　白,False,True,"Karinto is a traditional Japanese fried confectionery (often made from flour dough, sometimes with vegetables like sweet potato) with no direct US equivalent; closest candidates (cookies, cakes, snacks) differ significantly in preparation method, texture, and cultural context as a traditional Japanese dry confectionery"
菓子類,high,15047,＜和干菓子類＞　ごかぼう,False,True,ごかぼう (gokabou) is a traditional Japanese dry confectionery made from burdock root and other ingredients - a Japan-specific food with no direct USDA equivalent; rice cakes and other snacks are conceptually different products
菓子類,high,15048,＜和干菓子類＞　小麦粉せんべい　磯部せんべい,False,True,"Isobe senbei is a traditional Japanese seaweed-wrapped rice cracker with no direct US equivalent; while nutrient profiles could match various dry mix products, the food itself is Japan-specific and culturally distinct"
菓子類,high,15056,＜和干菓子類＞　ひなあられ　関西風,False,True,"Hinaarare (雛あられ) is a traditional Japanese confectionery specific to Hinamatsuri festival, made with rice and mochi with distinct Japanese preparation methods and cultural significance; no direct US equivalent exists in the USDA database despite similar nutrient profiles to rice cakes"
菓子類,high,15061,＜和干菓子類＞　ボーロ　小粒,False,True,"ボーロ is a traditional Japanese puffed cracker/confectionery with specific texture and preparation method; no US USDA entry matches both the food concept and nutrient profile (low protein 2.5g, very high carbs 97.3g, minimal fat 1.9g with added micronutrients like VitD 0.8μg and VitB12 0.2μg suggesting fortification typical of Japanese confectionery)"
菓子類,high,15063,＜和干菓子類＞　松風,False,True,松風 (Matsukazé) is a traditional Japanese dry confectionery (wagashi) with specific cultural/preparation methods; no nutritionally or conceptually equivalent US food exists in the candidates despite some numerical similarity
菓子類,high,15064,＜和干菓子類＞　みしま豆,False,True,"Mishima-mame is a traditional Japanese dry confectionery (roasted mixed beans/peas with seasonings); no USDA equivalent exists as it is a Japan-specific traditional sweet snack product with characteristic flavor profile and preparation method distinct from granola bars, rice cakes, or other Western snacks offered"
菓子類,high,15065,＜和干菓子類＞　八つ橋,False,True,"八つ橋 is a traditional Japanese confectionery (mochi-based sweet with cinnamon/bean filling) with no direct US equivalent; while nutritionally similar to pure sugars, the food concept and preparation are distinctly Japanese and not matched by any USDA category"
菓子類,high,15066,＜和干菓子類＞　らくがん　らくがん,False,True,"Rakugan is a traditional Japanese pressed sugar confection with specific cultural and textural properties (hard, molded candy) that has no direct US equivalent; closest candidates (hard candies, sugars) lack the cultural context and specific composition of this traditional wagashi"
菓子類,high,15067,＜和干菓子類＞　らくがん　麦らくがん,False,True,"Rakugan (麦らくがん) is a traditional Japanese pressed sugar candy with barley, a Japan-specific confectionery with no direct US equivalent; closest candidates are rice cakes or sugar products, but they lack the cultural and compositional specificity of this traditional wagashi"
菓子類,high,15068,＜和干菓子類＞　らくがん　もろこしらくがん,False,True,"もろこしらくがん (moroko rakugan) is a traditional Japanese hard candy made from corn starch and sugar with no direct US equivalent; rice cakes and snacks are structurally different products, and USDA lacks entries for traditional Japanese rakugan confectionery"
菓子類,high,15127,＜菓子パン類＞　カレーパン　皮及び具,False,True,"Curry pan is a Japan-specific fried bread pastry with curry filling; no direct US equivalent exists in USDA database - closest candidates (pies, cakes, sweet rolls) differ significantly in preparation method (fried vs baked), filling type (curry vs cream/fruit), and conceptual category"
菓子類,high,15129,＜菓子パン類＞　カレーパン　具のみ,False,True,"カレーパン具のみ (curry bread filling only) is a Japanese-specific confectionery/sweet bread product with no direct US equivalent; all USDA candidates are either ice cream, frozen novelties, or standard baked goods that don't match the curry-spiced bread filling concept"
菓子類,high,15117,＜果実菓子類＞　マロングラッセ,False,True,マロングラッセ (candied chestnuts glazed with sugar syrup) is a traditional French-Japanese confectionery with no direct US equivalent; closest candidates are generic syrups/candies but lack the specific chestnut fruit base and glazing technique characteristic of this product
菓子類,high,15139,＜その他＞　しるこ　こしあん,False,True,"Shiruko with koshian is a traditional Japanese sweet red bean soup/paste confectionery with no direct US equivalent; closest candidates are Western baked goods and pie fillings which differ significantly in preparation, texture, and cultural context"
し好飲料類,high,16015,＜アルコール飲料類＞　（蒸留酒類）　しょうちゅう　単式蒸留しょうちゅう,False,True,"Shochu is a Japanese distilled spirit with minimal carbohydrates and nutrients; no USDA entry exists for traditional spirits with this pure alcohol profile - closest candidates (whiskey sour, wine, beer) all contain significant sugars/carbs not present in shochu"
し好飲料類,high,16025,＜アルコール飲料類＞　（混成酒類）　みりん　本みりん,False,True,"本みりん (hon-mirin) is a traditional Japanese sweetening agent with unique fermentation profile; no USDA database entry captures its specific composition as a rice-based condiment/ingredient rather than a beverage, and nutrient profile (241kcal, 26.8g carbs, minimal protein) doesn't match any alcoholic beverage candidate which are either too low/high in energy or lack comparable carbohydrate content"
し好飲料類,high,16026,＜アルコール飲料類＞　（混成酒類）　みりん　本直し,False,True,"本直しみりん (hon-mirin) is a traditional Japanese sweetening condiment made from glutinous rice with high alcohol content (~14%), distinct from any USDA beverage category; while some candidates match energy content, none represent this specific Japanese cooking ingredient/condiment"
し好飲料類,high,16032,＜アルコール飲料類＞　（混成酒類）　ベルモット　辛口タイプ,False,True,"Vermouth (dry/辛口) is a fortified wine aperitif with aromatized herbs and botanicals; USDA database lacks fortified wine/vermouth entries, only table wines and beers which differ significantly in production method, flavor profile, and alcohol content"
し好飲料類,high,16033,＜茶類＞　（緑茶類）　玉露　茶,False,True,"Gyokuro tea is a concentrated dry tea leaf product with extremely high nutrient density (29.1g protein, 43.9g fiber per 100g); all USDA candidates are alcoholic wines with <1g protein and no fiber, making them fundamentally incompatible—no suitable match exists in the provided database"
し好飲料類,high,16034,＜茶類＞　（緑茶類）　玉露　浸出液,False,True,"Gyokuro tea infusion is a premium Japanese green tea beverage with distinctive nutrient profile (high K, moderate protein, vitamin C); no USDA entry exists for brewed green tea - candidates are either plain water, juices, or wines, none matching the tea category or nutrient composition"
し好飲料類,high,16035,＜茶類＞　（緑茶類）　抹茶　茶,False,True,"Matcha tea powder is a Japan-specific food product with unique nutrient profile (high protein 29.6g, fiber 38.5g, vitamin A 29000μg) that has no equivalent in the provided USDA wine database; all candidates are alcoholic beverages completely unrelated to tea"
し好飲料類,high,16036,＜茶類＞　（緑茶類）　せん茶　茶,False,True,"Sencha green tea (dried leaf form) has no equivalent in the provided USDA wine database; the Japanese item is a tea product while all candidates are alcoholic beverages, making this a category mismatch with no suitable alternative."
し好飲料類,high,16043,＜茶類＞　（発酵茶類）　紅茶　茶,False,True,"Japanese black tea (紅茶) dried leaf is a concentrated tea product with high protein/fiber/minerals from processing, while all USDA candidates are alcoholic wines with completely different compositions and no tea candidates available in the provided database"
し好飲料類,high,16048,＜コーヒー・ココア類＞　ココア　ピュアココア,False,True,"Pure cocoa powder is a common global ingredient that should exist in USDA database, but all candidates are alcoholic wines with completely mismatched nutrients (protein 0.07g vs 18.5g, fat missing vs 20.9g, fiber missing vs 23.9g); this represents a database search failure, not a food mismatch"
し好飲料類,high,16056,＜その他＞　青汁　ケール,False,True,"青汁 (aojiru/kale juice) is a concentrated vegetable powder beverage with extremely high nutrient density (312kcal, 13.8g protein, 28g fiber, 1200mg Ca, 10000μg VitA per 100g) that bears no nutritional or conceptual resemblance to the wine candidates provided; no USDA vegetable juice or powder entry matches this profile in the candidate list"
し好飲料類,high,16050,＜その他＞　甘酒,False,True,"甘酒 (amazake) is a traditional Japanese sweet rice beverage with unique fermentation characteristics; no USDA entry adequately matches its composition (high carbs from rice koji fermentation, low protein/minerals profile, and cultural/processing distinctiveness)"
し好飲料類,high,16051,＜その他＞　昆布茶,False,True,Kombu tea is a Japanese seaweed-based beverage with no equivalent in the USDA database; all candidates are alcoholic wines which are completely unsuitable matches for a non-alcoholic kelp tea product
調味料・香辛料類,high,17005,＜調味料類＞　（辛味調味料類）　チリペッパーソース,False,True,Chili pepper sauce is a spice-based condiment with very low moisture content and high capsaicinoid concentration; USDA candidates are predominantly soups with much higher water content and different nutrient profiles - no adequate match exists in the provided database
調味料・香辛料類,high,17009,＜調味料類＞　（しょうゆ類）　たまりしょうゆ,False,True,"Tamari shoyu is a Japan-specific soy sauce product with no direct US equivalent; while fish sauce (candidate 5) is closest nutritionally, it is a different fermented product from a different cuisine and does not represent the same food concept"
調味料・香辛料類,high,17011,＜調味料類＞　（しょうゆ類）　しろしょうゆ,False,True,"Shiro shoyu (white soy sauce) is a Japan-specific fermented condiment with unique flavor profile and production method; no US USDA database entry matches both the food concept and nutrient profile - candidates are either wrong food categories (dressings, hot sauces) or nutritionally dissimilar"
調味料・香辛料類,high,17087,＜調味料類＞　（しょうゆ類）　だししょうゆ,False,True,"Dashi-shoyu is a Japanese dashi-based soy sauce with bonito/kombu stock, a traditional Japanese condiment with no direct US equivalent; closest candidates (oyster sauce, various gravies/sauces) are conceptually and nutritionally dissimilar enough to warrant NO_MATCH"
調味料・香辛料類,high,17012,＜調味料類＞　（食塩類）　食塩,False,True,"食塩 (table salt) is a basic seasoning ingredient universally available, but all USDA candidates are oils/fats from wrong food category with completely mismatched nutrient profiles; no salt entry provided in candidate list"
調味料・香辛料類,high,17013,＜調味料類＞　（食塩類）　並塩,False,True,Japanese table salt (並塩) is a basic seasoning ingredient with 97.3g salt per 100g; all USDA candidates are oils/fats with completely different nutrient profiles and food categories - no suitable match exists in the provided list
調味料・香辛料類,high,17146,＜調味料類＞　（食塩類）　減塩タイプ食塩　調味料含む,False,True,"Reduced-sodium salt seasoning blend is not represented in USDA database; all candidates are oils/fats, fundamentally different from a salt-based seasoning product"
調味料・香辛料類,high,17147,＜調味料類＞　（食塩類）　減塩タイプ食塩　調味料不使用,False,True,Reduced-sodium salt (食塩) is a specialized mineral/salt product with no equivalent in USDA Fats and Oils category; all candidates are cooking oils/fats which are fundamentally different food items
調味料・香辛料類,high,17014,＜調味料類＞　（食塩類）　精製塩　家庭用,False,True,"Refined table salt (精製塩) is a basic seasoning ingredient universally available, but USDA database lacks a salt-specific entry; all candidates are fats/oils with completely mismatched nutrient profiles (884 kcal vs 0 kcal, 100g fat vs 0g fat)"
調味料・香辛料類,high,17089,＜調味料類＞　（食塩類）　精製塩　業務用,False,True,"Refined salt (精製塩) is a basic seasoning ingredient widely available in the US, but all USDA candidates provided are oils and fats from the wrong food category; no salt products are included in the candidate list."
調味料・香辛料類,high,17091,＜調味料類＞　（食酢類）　果実酢　バルサミコ酢,False,True,"Balsamic vinegar (fruit vinegar) is a specific condiment product with no equivalent in the provided USDA soup and dressing candidates; vinegars are not represented in this selection, making NO_MATCH the appropriate choice"
調味料・香辛料類,high,17130,＜調味料類＞　（だし類）　あごだし,False,True,"Ago dashi is a Japanese fish stock (flying fish broth) made from dried flying fish - a traditional dashi product with no direct US equivalent in the USDA database; prepared broths listed are made from beef/chicken/vegetables, not fish-based, and ago dashi's minimal nutrients (0.0 kcal, 0.1g protein) indicate it's a dry seasoning/stock base rather than prepared broth"
調味料・香辛料類,high,17019,＜調味料類＞　（だし類）　かつおだし　荒節,False,True,"かつおだし荒節 (bonito flake dashi stock) is a Japan-specific umami seasoning base with no direct US equivalent; while broths exist, dashi is a unique ingredient class fundamentally different in preparation, purpose, and cultural use"
調味料・香辛料類,high,17131,＜調味料類＞　（だし類）　かつおだし　本枯れ節,False,True,"本枯れ節 (honkarebushi/katsuobushi dashi) is a Japan-specific dried bonito fish product and dashi base with no direct US food equivalent; while fish broth exists, katsuobushi dashi is a traditional fermented/dried fish product fundamentally different from standard broths"
調味料・香辛料類,high,17020,＜調味料類＞　（だし類）　昆布だし　水出し,False,True,"昆布だし (kombu dashi) is a Japan-specific kelp-based stock/broth with no direct US equivalent; while USDA has broths, kombu dashi is a traditional Japanese foundational ingredient with distinct preparation and cultural significance"
調味料・香辛料類,high,17132,＜調味料類＞　（だし類）　昆布だし　煮出し,False,True,"Kombu dashi (kelp broth) is a traditional Japanese seaweed-based stock with no direct USDA equivalent; while some broths match energy content, none represent the same food concept or ingredient base"
調味料・香辛料類,high,17021,＜調味料類＞　（だし類）　かつお・昆布だし　荒節・昆布だし,False,True,"Dashi (Japanese stock made from bonito and kombu) is a fundamental Japanese culinary ingredient with no direct US equivalent; while broths exist, dashi's specific preparation method, cultural significance, and use as a base ingredient rather than a finished soup makes it distinctly Japan-specific"
調味料・香辛料類,high,17148,＜調味料類＞　（だし類）　かつお・昆布だし　本枯れ節・昆布だし,False,True,"かつお・昆布だし (bonito and kombu dashi) is a traditional Japanese stock/broth made from dried fish and seaweed, a Japan-specific foundational ingredient with no direct US equivalent in the USDA database; while broths exist, dashi represents a distinct culinary preparation unique to Japanese cuisine"
調味料・香辛料類,high,17022,＜調味料類＞　（だし類）　しいたけだし,False,True,"Shiitake dashi is a traditional Japanese mushroom-based broth/stock with no direct US equivalent; while broths exist in USDA database, dashi is a foundational Japanese ingredient with specific preparation and cultural significance that distinguishes it from Western broths"
調味料・香辛料類,high,17023,＜調味料類＞　（だし類）　煮干しだし,False,True,"煮干しだし (niboshi dashi) is a Japan-specific dashi broth made from dried sardines; while USDA broths exist, they are fundamentally different products (Western beef/chicken broths vs. traditional Japanese fish-based dashi with distinct umami profile and preparation method)"
調味料・香辛料類,high,17024,＜調味料類＞　（だし類）　鶏がらだし,False,True,"鶏がらだし (chicken dashi) is a traditional Japanese broth concentrate/seasoning base with minimal processing and very low sodium (0.1g), distinct from commercial bouillon cubes and canned broths which are all significantly higher in salt (0.457-1.019g) and represent a different product category"
調味料・香辛料類,high,17028,＜調味料類＞　（だし類）　顆粒和風だし,False,True,Granular Japanese dashi (bonito and kombu broth base) is a Japan-specific seasoning product with no direct US equivalent; candidates 3-5 are beef/chicken broths which differ fundamentally in base ingredient and flavor profile
調味料・香辛料類,high,17140,＜調味料類＞　（だし類）　なべつゆ　ストレート　しょうゆ味,False,True,Nabe tsuyu is a Japanese hot pot broth concentrate (dashi-based seasoning sauce) with no direct US equivalent; closest USDA candidates are broths/soups but this is a concentrated seasoning product fundamentally different in purpose and composition from ready-to-serve broths.
調味料・香辛料類,high,17029,＜調味料類＞　（だし類）　めんつゆ　ストレート,False,True,Mentsuyu (straight noodle sauce) is a concentrated Japanese dashi-based seasoning with specific umami and sodium profile; no USDA entry adequately represents this traditional Japanese soup/noodle condiment product
調味料・香辛料類,high,17143,＜調味料類＞　（だし類）　ラーメンスープ　濃縮　みそ味　ストレートみそ味,False,True,"Miso-based ramen soup concentrate is a Japan-specific seasoning product with no direct US equivalent; closest USDA matches (sauces, gravies) differ significantly in purpose, formulation, and key ingredients (miso paste fermentation, kombu/bonito dashi base)"
調味料・香辛料類,high,17095,＜調味料類＞　（調味ソース類）　エビチリの素,False,True,エビチリの素 is a Japanese seasoning/sauce base specifically formulated for shrimp chili dishes with unique flavor profile; no US USDA entry matches both the food concept and nutrient composition (candidates are soups/gravies with different purposes and nutritional profiles)
調味料・香辛料類,high,17100,＜調味料類＞　（調味ソース類）　二杯酢,False,True,"二杯酢 is a traditional Japanese vinegar-based condiment (sushi vinegar blend of vinegar and sugar) with no direct USDA equivalent; candidates are either unrelated condiments (mustard, capers), salad dressings, or soups/gravies, none of which match the core concept of a vinegar-sugar seasoning sauce"
調味料・香辛料類,high,17102,＜調味料類＞　（調味ソース類）　すし酢　にぎり用,False,True,"Sushi vinegar (すし酢) is a Japan-specific seasoning blend of rice vinegar, sugar, and salt with no direct US equivalent; closest candidates (salad dressings, sauces) differ fundamentally in composition, purpose, and nutrient profile"
調味料・香辛料類,high,17103,＜調味料類＞　（調味ソース類）　すし酢　巻き寿司・箱寿司用,False,True,"Sushi vinegar (すし酢) is a Japan-specific seasoning blend (rice vinegar, sugar, salt) with no direct US equivalent in the USDA database; candidates are salad dressings, hot sauces, and other condiments with fundamentally different compositions and culinary purposes"
調味料・香辛料類,high,17106,＜調味料類＞　（調味ソース類）　テンメンジャン,False,True,"Tenmennjian (甜麺酱/sweet bean paste sauce) is a Chinese/Asian fermented condiment with no direct US USDA equivalent; while teriyaki sauce (candidates 4-5) shares some functional similarity as an Asian sauce, tenmennjian's distinctive sweet fermented bean paste base, protein content (8.5g), and fiber (3.1g) profile indicate a fundamentally different fermented product not well-represented in available USDA entries."
調味料・香辛料類,high,17110,＜調味料類＞　（調味ソース類）　ぽん酢しょうゆ,False,True,"ぽん酢しょうゆ (ponzu shoyu) is a traditional Japanese citrus-based soy sauce condiment with no direct US equivalent; no candidate matches its unique composition of soy sauce, citrus juice, vinegar, and dashi elements"
調味料・香辛料類,high,17032,＜調味料類＞　（調味ソース類）　マーボー豆腐の素,False,True,"Mapo tofu sauce base is a Chinese seasoning blend (spice mix + sauce concentrate) with no direct US USDA equivalent; closest candidates are salad dressings and soups which are fundamentally different food products (ready-to-eat vs. seasoning base), making NO_MATCH the most appropriate choice."
調味料・香辛料類,high,17144,＜調味料類＞　（調味ソース類）　焼きそば粉末ソース,False,True,"焼きそば粉末ソース (yakisoba powder sauce) is a Japan-specific seasoning blend with no direct US equivalent; while dry sauce/gravy mixes exist, this product's unique formulation, high salt content (30.6g), and specific yakisoba flavor profile have no matching USDA counterpart"
調味料・香辛料類,high,17115,＜調味料類＞　（調味ソース類）　ゆずこしょう,False,True,"Yuzu kosho is a Japan-specific condiment made from yuzu citrus zest, green chili peppers, and salt with no direct US food supply equivalent; while wasabi (#7) is the closest Japanese condiment match, it differs significantly in composition and the high salt content (25.2g/100g) and fiber (6.2g) profile are characteristic of the yuzu peel-based product not well-represented in USDA database"
調味料・香辛料類,high,17036,＜調味料類＞　（トマト加工品類）　トマトケチャップ,False,True,"Tomato ketchup is a common condiment available globally, but none of the USDA candidates are ketchup or tomato-based condiment products - all are soups, gravies, or salad dressings with substantially different nutrient profiles and food categories"
調味料・香辛料類,high,17044,＜調味料類＞　（みそ類）　米みそ　甘みそ,False,True,"Sweet miso (甘みそ) is a fermented Japanese seasoning paste with no direct USDA equivalent; while some candidates are sauces/condiments, none match the fermented soybean-rice base, protein content (9.7g), or nutritional profile of miso"
調味料・香辛料類,high,17045,＜調味料類＞　（みそ類）　米みそ　淡色辛みそ,False,True,淡色辛みそ (light-colored salty miso) is a fermented soybean paste with no direct US equivalent; USDA database lacks miso entries and provided candidates are unrelated condiments/sauces with fundamentally different fermentation profiles and ingredient bases
調味料・香辛料類,high,17046,＜調味料類＞　（みそ類）　米みそ　赤色辛みそ,False,True,赤色辛みそ (red spicy miso) is a Japan-specific fermented soybean paste with no direct US equivalent; closest candidates are gravies and sauces but functionally and compositionally distinct from miso
調味料・香辛料類,high,17120,＜調味料類＞　（みそ類）　米みそ　だし入りみそ,False,True,"Dashi-infused miso is a traditional Japanese fermented seasoning with no direct USDA equivalent; while candidates 2-3 offer some sauce similarities, none adequately represent miso's unique fermentation profile, protein content (11g), or functional role as a fundamental Japanese seasoning base."
調味料・香辛料類,high,17145,＜調味料類＞　（みそ類）　米みそ　だし入りみそ　減塩,False,True,"だし入りみそ (dashi-containing miso) is a traditional Japanese fermented seasoning with no direct US equivalent; while teriyaki sauce (entry 7) shows similar salt content (9.7g vs 9.7g), miso is fundamentally a fermented paste product distinct from ready-to-serve sauces, making NO_MATCH the appropriate choice"
調味料・香辛料類,high,17047,＜調味料類＞　（みそ類）　麦みそ,False,True,Barley miso (麦みそ) is a Japan-specific fermented paste with no direct US equivalent; USDA database lacks miso products or comparable fermented legume-grain pastes
調味料・香辛料類,high,17048,＜調味料類＞　（みそ類）　豆みそ,False,True,"豆みそ (mame miso/bean miso) is a traditional Japanese fermented soybean paste with no direct USDA equivalent; while some candidates are condiments/seasonings, none match the fermented soybean paste category or nutritional profile (high protein 17.2g, high salt 10.9g, high potassium 930mg, characteristic of miso)"
調味料・香辛料類,high,17119,＜調味料類＞　（みそ類）　減塩みそ,False,True,"減塩みそ (reduced-salt miso) is a traditional Japanese fermented soybean paste with no direct USDA equivalent; while some sauce candidates exist, none match the fermented soybean base, protein content (11g), fiber (4.3g), or nutritional profile of miso"
調味料・香辛料類,high,17050,＜調味料類＞　（みそ類）　即席みそ　ペーストタイプ,False,True,"Instant miso paste is a traditional Japanese fermented soybean product with no direct USDA equivalent; while some sauce candidates exist, none match the fundamental food concept of fermented miso, making this a Japan-specific food requiring NO_MATCH"
調味料・香辛料類,high,17121,＜調味料類＞　（みそ類）　辛子酢みそ,False,True,Karashi sumiso (spicy mustard miso) is a traditional Japanese miso-based condiment with no direct US equivalent; closest USDA entries are salad dressings and sauces but lack the fermented miso base and specific Japanese flavor profile that defines this product
調味料・香辛料類,high,17122,＜調味料類＞　（みそ類）　ごまみそ,False,True,"Goma miso (sesame miso) is a traditional Japanese miso paste product with no direct equivalent in USDA database; while some candidates are condiments/sauces, none match the core miso fermented soybean paste concept or nutritional profile (high protein 9.4g, high fiber 5.5g, high sodium 4.0g salt, low energy density for a paste)"
調味料・香辛料類,high,17123,＜調味料類＞　（みそ類）　酢みそ,False,True,"酢みそ (su-miso, vinegar miso) is a traditional Japanese miso-based condiment with no direct US equivalent; while some candidates are sauces/dressings, none match the fermented miso base or Japanese condiment category"
調味料・香辛料類,high,17124,＜調味料類＞　（みそ類）　練りみそ,False,True,"練りみそ (nerimiso/miso paste) is a traditional Japanese fermented soybean condiment with no direct US equivalent; while some candidates are sauces/condiments, none match the fundamental fermented soybean paste composition or food category"
調味料・香辛料類,high,17136,＜調味料類＞　（その他）　キムチの素,False,True,"Kimchi no moto is a Japanese seasoning base for making kimchi (fermented spicy vegetable condiment) - a traditional Asian fermented food product with no direct USDA equivalent; closest candidates are Western soups/sauces which differ fundamentally in purpose, fermentation status, and ingredient composition"
調味料・香辛料類,high,17053,＜調味料類＞　（その他）　酒かす,False,True,"Sake kasu (酒かす) is a Japan-specific fermented byproduct of sake brewing with no direct US food equivalent; USDA candidates are all soups, gravies, or condiments with fundamentally different processing and culinary use."
調味料・香辛料類,high,17127,＜調味料類＞　（その他）　ふりかけ　たまご,False,True,"Tamago furikake (egg seasoning sprinkle) is a Japan-specific seasoning blend with no direct US equivalent; candidates are soups, dressings, or margarine spreads that don't match the concept of a dry egg-based seasoning powder for sprinkling on rice."
調味料・香辛料類,high,17138,＜調味料類＞　（その他）　料理酒,False,True,"料理酒 (cooking sake) is a Japan-specific seasoning with unique fermentation characteristics; no US USDA database entry adequately represents this traditional Japanese cooking ingredient - all candidates are soups, gravies, or dressings rather than alcoholic cooking seasonings"
調味料・香辛料類,high,17060,＜香辛料類＞　からし　粒入りマスタード,False,True,"粒入りマスタード (grainy mustard) is a spice condiment with very high salt (4.1g/100g) and high fat (15.9g/100g) that doesn't match any USDA database entries; all candidates are soups, gravies, or dressings with fundamentally different compositions and purposes"
調味料・香辛料類,high,17062,＜香辛料類＞　クローブ　粉,False,True,"Clove powder is a ground spice not represented in USDA database candidates; all options are soups, sauces, dressings, or gravies rather than spices/herbs"
調味料・香辛料類,high,17063,＜香辛料類＞　こしょう　黒　粉,False,True,Black pepper powder is a basic spice not adequately represented in USDA database; candidates are mostly soups/sauces/dressings with fundamentally different compositions and purposes
調味料・香辛料類,high,17064,＜香辛料類＞　こしょう　白　粉,False,True,"White pepper powder is a specific spice not adequately represented in USDA database candidates; all provided options are soups, sauces, gravies, or fats/oils rather than spices/seasonings category"
調味料・香辛料類,high,17065,＜香辛料類＞　こしょう　混合　粉,False,True,"Mixed pepper powder (こしょう混合粉) is a Japanese spice blend with no direct USDA equivalent; all candidates are soups, sauces, gravies, or condiments rather than pure spice products"
調味料・香辛料類,high,17066,＜香辛料類＞　さんしょう　粉,False,True,"Sansho powder is a Japan-specific spice (Sichuan pepper) with no direct USDA equivalent; all candidates are soups, sauces, dressings, or gravies - fundamentally different food products despite similar energy content."
調味料・香辛料類,high,17067,＜香辛料類＞　シナモン　粉,False,True,"Ground cinnamon is a common spice in both Japanese and US cuisines, but none of the USDA candidates are spices/herbs with comparable nutrient profiles; the spice candidates listed (ginger, garlic powder, rosemary) have different macronutrient compositions, and cinnamon powder should be categorized under Spices and Herbs but lacks a direct USDA match in this candidate list."
調味料・香辛料類,high,17069,＜香辛料類＞　しょうが　おろし,False,True,"Grated ginger (おろし) is a fresh Japanese spice/condiment with no direct USDA equivalent; while nutrient profiles are somewhat similar to some soup entries, the food category and concept (fresh ginger product) does not match any USDA database entry, and ginger as a standalone condiment is Japan-specific in this processed form."
調味料・香辛料類,high,17070,＜香辛料類＞　セージ　粉,False,True,"Sage powder is a dried herb/spice not adequately represented in USDA database candidates; all options are soups, sauces, gravies, or oils rather than pure dried herbs/spices"
調味料・香辛料類,high,17072,＜香辛料類＞　チリパウダー,False,True,"Chili powder is a spice/condiment not adequately represented in USDA database candidates; all offered matches are sauces, soups, gravies, or dressings rather than pure ground spices, and nutrient profiles (especially high carbs in gravy/soup options) don't match the concentrated spice composition"
調味料・香辛料類,high,17073,＜香辛料類＞　とうがらし　粉,False,True,"Chili powder (togarashi) is a pure spice with distinctive nutrient profile (16.2g protein, 8600μg VitA, 2700mg K, 12mg Fe per 100g) that doesn't match any USDA candidates; all candidates are prepared sauces, dressings, or soups with different macronutrient compositions and added ingredients"
調味料・香辛料類,high,17075,＜香辛料類＞　にんにく　ガーリックパウダー　食塩無添加,False,True,"Garlic powder is a common spice in both cuisines, but the USDA database lacks a direct garlic powder entry; all candidates are soups, sauces, or dressings with fundamentally different nutrient profiles and food categories."
調味料・香辛料類,high,17128,＜香辛料類＞　にんにく　ガーリックパウダー　食塩添加,False,True,"Garlic powder with salt is a Japanese spice product with no direct USDA equivalent; all candidates are soups, sauces, dressings, or gravies rather than pure spice powders, making them conceptually and nutritionally mismatched despite similar energy values."
調味料・香辛料類,high,17076,＜香辛料類＞　にんにく　おろし,False,True,"Grated garlic (にんにく おろし) is a Japanese-specific processed condiment with very high salt content (4.6g/100g) and minimal carbs that doesn't match any USDA soup, sauce, or seasoning entry; closest category would be spices but nutrient profile is distinctly different from all candidates"
調味料・香辛料類,high,17078,＜香辛料類＞　パセリ　乾,False,True,"Dried parsley is not adequately represented in USDA database; candidates are either soup/sauce bases or other dried herbs/spices with significantly different nutrient profiles (especially carbohydrates: Japanese parsley 5.5g vs candidates 56-76g), making all options poor matches."
調味料・香辛料類,high,17079,＜香辛料類＞　パプリカ　粉,False,True,"Paprika powder is a spice/seasoning not adequately represented in USDA database; all candidates are soups, sauces, dressings, or gravies with fundamentally different food matrices and uses despite some energy value overlap."
調味料・香辛料類,high,17080,＜香辛料類＞　わさび　粉　からし粉入り,False,True,"Wasabi powder with mustard powder is a Japan-specific spice blend with no direct USDA equivalent; while energy matches some candidates, the unique ingredient profile and extremely high potassium (1200mg) and low salt (0.1g) are characteristic of concentrated Japanese spice products not represented in USDA database."
調味料・香辛料類,high,17081,＜香辛料類＞　わさび　練り,False,True,Wasabi paste (練り) is a Japan-specific condiment with unique pungent characteristics and preparation method; no USDA equivalent exists in the provided database or US food supply
調味料・香辛料類,high,17082,＜その他＞　酵母　パン酵母　圧搾,False,True,"Pressed baker's yeast is a Japan-specific fermentation product with unique nutrient profile (high protein 16.5g, very high fiber 10.3g, high B vitamins) that does not match any USDA soup, sauce, dressing, or herb category; no nutritionally comparable USDA entry exists"
調味料・香辛料類,high,17083,＜その他＞　酵母　パン酵母　乾燥,False,True,"Dried baker's yeast (乾燥パン酵母) is a Japan-specific fermentation product with unique nutrient profile (37.1g protein, 32.6g fiber, 8.81mg B1) that does not match any USDA spice, herb, or soup category; no nutritionally equivalent US food exists"
調味料・香辛料類,high,17084,＜その他＞　ベーキングパウダー,False,True,"Baking powder is a leavening agent with specific chemical composition (high calcium, potassium, salt from sodium bicarbonate and acids) not represented in USDA soup/sauce database; no equivalent exists in provided candidates"
調理加工食品類,high,18025,和風料理　和え物類　いんげんのごま和え,False,True,いんげんのごま和え (string beans with sesame dressing) is a traditional Japanese vegetable side dish with no direct USDA equivalent; candidates are primarily soups/sauces/gravies which don't match the food concept of a dressed vegetable preparation
調理加工食品類,high,18026,和風料理　和え物類　わかめとねぎの酢みそ和え,False,True,"Wakame seaweed with vinegar-miso dressing is a traditional Japanese seaweed product with no direct USDA equivalent; while soups/sauces are closest in category, the fundamental food concept (prepared seaweed dish) is distinctly Japanese and not represented in US food supply."
調理加工食品類,high,18027,和風料理　酢の物類　紅白なます,False,True,"紅白なます is a traditional Japanese vinegared vegetable dish (daikon and carrot); no USDA database entry exists for this specific Japanese preparation, and all candidates are soups/sauces that don't match the food concept or nutrient profile of a vinegar-based vegetable side dish."
調理加工食品類,high,18029,和風料理　煮物類　卯の花いり,False,True,"卯の花いり (unohana-iri) is a traditional Japanese dish made from okara (soy pulp) with vegetables, a distinctly Japanese food with no direct USDA equivalent; the high fiber (5.1g), moderate protein (4.4g), and specific nutrient profile don't match any soup, sauce, or processed food candidates provided"
調理加工食品類,high,18030,和風料理　煮物類　親子丼の具,False,True,"Oyakodon (parent-child rice bowl) is a Japan-specific prepared dish with egg and chicken in dashi-based sauce; no USDA equivalent exists as it's a traditional Japanese home-cooked preparation, not a soup or generic processed product"
調理加工食品類,high,18031,和風料理　煮物類　牛飯の具,False,True,"牛飯の具 (gyudon ingredients) is a Japanese-specific prepared dish component with no direct USDA equivalent; the high fat content (8.8g) and specific nutrient profile don't match soup or fast food candidates, and the item represents a traditional Japanese processed food preparation"
調理加工食品類,high,18032,和風料理　煮物類　切り干し大根の煮物,False,True,"Kiriboshi daikon (dried radish) nimono is a traditional Japanese vegetable side dish with no direct USDA equivalent; all candidates are soups/sauces/gravies rather than a vegetable preparation, and the nutrient profile doesn't align well with any soup option"
調理加工食品類,high,18033,和風料理　煮物類　きんぴらごぼう,False,True,Kinpira gobo is a traditional Japanese stir-fried burdock root dish with no direct USDA equivalent; candidates are soups/sauces/fast foods with fundamentally different food concepts and preparation methods
調理加工食品類,high,18034,和風料理　煮物類　ぜんまいのいため煮,False,True,"Zenmai (bracken fern) stir-fried and simmered is a traditional Japanese vegetable dish with no direct USDA equivalent; closest candidates are soups/sauces but nutrient profile (high fiber 2.2g, moderate protein 3.4g, low carbs) and food concept don't align well with available options."
調理加工食品類,high,18035,和風料理　煮物類　筑前煮,False,True,Chikuzenni is a traditional Japanese braised vegetable dish with no direct USDA equivalent; candidates are Western soups/sauces with different compositions and culinary purposes
調理加工食品類,high,18037,和風料理　煮物類　ひじきのいため煮,False,True,Hijiki no itame-ni is a traditional Japanese seaweed stir-fry dish with kombu and vegetables; no USDA database entry exists for seaweed-based Japanese cooked vegetables as this is a Japan-specific food item not found in US food supply
調理加工食品類,high,18038,和風料理　その他　アジの南蛮漬け,False,True,Aji no nanban-zuke is a Japanese-specific pickled horse mackerel dish with vinegar-based marinade and vegetables; no USDA soup/sauce candidate matches this traditional Japanese preparation method or fish-based composition
調理加工食品類,high,18023,和風料理　その他　松前漬け　しょうゆ漬,False,True,"松前漬け (Matsumae-zuke) is a traditional Japanese pickled seafood dish (typically squid/konnyaku with kombu), which is Japan-specific and has no equivalent in the USDA database; the high protein (17g), high salt (5.2g), and presence of B12 indicate a seafood-based product not represented in the candidate list"
調理加工食品類,high,18001,洋風料理　カレー類　ビーフカレー,False,True,Beef curry is a prepared dish with significant fat (8.6g) and carbohydrates (6.9g) that doesn't match typical USDA soup entries; no curry-specific prepared dish exists in the USDA database candidates provided.
調理加工食品類,high,18041,洋風料理　カレー類　ポークカレー,False,True,"Pork curry is a Japanese-style prepared dish with specific umami and spice profile that has no direct equivalent in USDA database; candidates are soups/broths with fundamentally different macronutrient ratios (higher carbs, lower fat) and culinary purpose"
調理加工食品類,high,18043,洋風料理　コロッケ類　カニクリームコロッケ,False,True,"Crab cream croquette is a Japanese breaded fried cream-based dish with no direct USDA equivalent; closest candidates (pizza, soups, sandwiches) differ fundamentally in preparation method, ingredients, and food category despite similar energy values"
調理加工食品類,high,18044,洋風料理　コロッケ類　コーンクリームコロッケ,False,True,"Corn cream croquette is a distinctly Japanese-style fried breaded item with creamy corn filling; no USDA database entry matches both the food concept (Japanese croquette) and nutrient profile—closest candidates are pizza/fast food sandwiches which differ fundamentally in preparation, ingredients, and culinary tradition."
調理加工食品類,high,18050,洋風料理　ハンバーグステーキ類　合いびきハンバーグ,False,True,"合いびきハンバーグ (ground beef hamburger patty) is a prepared meat dish not found in USDA database; all candidates are soups, sauces, or fast food sandwiches/burritos, none match the concept of a cooked hamburger patty"
調理加工食品類,high,18052,洋風料理　ハンバーグステーキ類　豆腐ハンバーグ,False,True,"Tofu hamburger steak is a Japanese-specific processed food product with a unique composition (tofu-based patty) that has no direct equivalent in the USDA database; all candidates are either soups, sauces, or fast food sandwiches with fundamentally different food structures and ingredient profiles"
調理加工食品類,high,18008,洋風料理　フライ用冷凍食品　いかフライ　冷凍,False,True,Ika furai (squid fried) is a Japanese breaded fried squid product with no direct USDA equivalent; candidates are primarily soups/sauces or submarine sandwiches with fundamentally different food structures and ingredients despite similar energy values.
調理加工食品類,high,18009,洋風料理　フライ用冷凍食品　えびフライ　冷凍,False,True,"Frozen breaded shrimp (えびフライ) is a Japanese processed seafood product with no equivalent in the provided USDA database; all candidates are soups, sauces, or submarine sandwiches with fundamentally different food categories and protein sources"
調理加工食品類,high,18006,洋風料理　フライ用冷凍食品　コロッケ　クリームコロッケ　冷凍,False,True,Cream croquette (クリームコロッケ) is a Japanese-specific fried breaded food item with creamy filling; no USDA database entry adequately represents this unique Japanese preparation method and food concept - closest candidates are either fried chicken (wrong texture/filling) or soups (wrong form factor)
調理加工食品類,high,18007,洋風料理　フライ用冷凍食品　コロッケ　ポテトコロッケ　冷凍,False,True,"Potato croquette (コロッケ) is a Japan-adapted Western fried potato dish with no direct USDA equivalent; candidates are primarily soups, sandwiches, and ice cream with fundamentally different food categories and compositions"
調理加工食品類,high,18016,洋風料理　フライ用冷凍食品　メンチカツ　冷凍,False,True,"Menchikatsu is a Japanese breaded and deep-fried ground meat patty; no USDA category adequately represents this specific fried meat product - candidates are soups, sauces, or fast food items with fundamentally different food structures and preparation methods"
調理加工食品類,high,18003,洋風料理　その他　えびグラタン,False,True,"Ebi gratin is a Western-style shrimp cream sauce dish with specific culinary composition (creamy, protein-rich from shrimp, moderate fat/carbs) that does not match any USDA soup/sauce entries; candidates are primarily vegetable soups or broths lacking the shrimp protein and cream sauce characteristics of gratin"
調理加工食品類,high,18014,洋風料理　その他　えびピラフ,False,True,"Shrimp pilaf is a Japanese-style prepared rice dish with no direct USDA equivalent; candidates are either sandwiches, soups, or sauces with mismatched food categories and nutrient profiles (high carbs/moderate protein expected for pilaf, but candidates show low carbs or wrong food type)"
調理加工食品類,high,18046,中国料理　点心類　中華ちまき,False,True,中華ちまき is a Chinese glutinous rice dumpling (zongzi variant) wrapped in bamboo leaves - a traditional Asian food with no direct equivalent in the USDA database; candidates are predominantly Western fast foods and soups with fundamentally different food structures and preparation methods
調理加工食品類,high,18047,中国料理　菜類　酢豚,False,True,酢豚 (sweet and sour pork) is a Chinese-Japanese dish with unique sweet-sour sauce profile that doesn't match any USDA soup/sauce/food category entries; no equivalent exists in US food database
調理加工食品類,high,18049,中国料理　菜類　麻婆豆腐,False,True,Mapo tofu is a Chinese stir-fried dish with tofu in spiced sauce; no USDA database entry adequately represents this Asian prepared dish - candidates are primarily soups/canned products with fundamentally different preparation methods and nutritional profiles
調理加工食品類,high,18039,韓国料理　和え物類　もやしのナムル,False,True,"Moyashi namul is a Korean vegetable side dish with sesame oil and garlic; no USDA soup/sauce candidates match this cold vegetable dish category, and all soups have inappropriate sodium levels and macronutrient profiles for a fresh vegetable preparation"
