food_id,food_name_jp,category_l1,category_l2,matched,no_match,fdc_id,food_name_en,usda_category,confidence,reason,energy_diff_pct,mext_energy,usda_energy,diff_energy_kcal,diff_protein,diff_fat,diff_carb,diff_fiber,diff_Ca,diff_Fe,diff_K,diff_Zn,diff_vit_C,diff_vit_A_RAE,diff_vit_B1,diff_vit_B2,diff_vit_D,diff_vit_B12,diff_salt_eq
01001,アマランサス　玄穀,穀類,,True,False,170682,"Amaranth grain, uncooked",Cereal Grains and Pasta,high,"Amaranth grain uncooked is the exact same food item as the Japanese アマランサス玄穀 (amaranth whole grain), with nearly identical nutrient profiles across all measured parameters",7.8,343.0,371,28.0,0.9,2.02,1.7,-0.7,-1.0,-1.79,-92.0,-2.93,4.2,-2.0,0.076,0.06,0.0,0.0,0.01
01003,あわ　あわもち,穀類,,True,False,169725,"Wheat, sprouted",Cereal Grains and Pasta,medium,"Awa (foxtail millet) is a whole grain cereal; sprouted wheat matches the grain category and nutrient profile most closely (similar energy, protein, carbs, and fiber content) despite being a different grain species.",5.9,210.0,198,-12.0,2.39,0.07,-2.0,-0.4,23.0,1.44,107.0,0.55,2.6,0.0,0.145,0.145,0.0,0.0,0.041
01004,えんばく　オートミール,穀類,,True,False,172989,"Cereals, QUAKER, Quick Oats, Dry",Breakfast Cereals,high,"えんばく (oatmeal) is oats; Quaker Quick Oats matches nearly perfectly on protein (13.7g), energy (371 vs 350kcal), and carbohydrates, with only slightly higher fat (6.87 vs 5.1g) due to processing differences.",5.8,350.0,371,21.0,0.0,1.77,5.1,0.0,0.0,0.74,98.0,1.1,0.0,0.0,0.34,0.04,0.0,0.0,0.008
01005,おおむぎ　七分つき押麦,穀類,,True,False,169739,Barley flour or meal,Cereal Grains and Pasta,high,"Barley flour matches both the food concept (押麦 is pressed/flaked barley) and nutrient profile nearly identically: similar energy (345 vs 343 kcal), protein (10.5 vs 10.9g), fat (1.6 vs 1.8g), and carbohydrates (74.5 vs 71.3g)",0.6,343.0,345,2.0,-0.4,-0.2,3.2,-0.2,9.0,1.38,89.0,0.6,0.0,0.0,0.15,0.044,0.0,0.0,0.01
01006,おおむぎ　押麦　乾,穀類,,True,False,170284,"Barley, pearled, raw",Cereal Grains and Pasta,high,"Ōmugi (barley) pressed grain matches pearled barley nutritionally and conceptually; similar energy (329 vs 352 kcal), protein (6.7 vs 9.91g), fiber content, and whole grain composition",6.8,329.0,352,23.0,3.21,-0.04,5.3,3.4,8.0,1.4,70.0,1.03,0.0,1.0,0.081,0.084,0.0,0.0,0.023
01170,おおむぎ　押麦　めし,穀類,,True,False,168932,"Rice, white, short-grain, cooked, unenriched",Cereal Grains and Pasta,high,"Oshimugi (pressed barley) cooked rice is a barley-based grain dish; white short-grain rice is the closest match in energy (130 vs 118 kcal), carbohydrates (28.7 vs 24.2g), and protein (2.36 vs 2.2g), though barley typically has higher fiber which the Japanese entry reflects (4.2g).",9.7,118.0,130,12.0,0.16,-0.21,4.5,,-5.0,-0.2,-12.0,0.0,0.0,,0.0,,0.0,0.0,
01007,おおむぎ　米粒麦,穀類,,True,False,169739,Barley flour or meal,Cereal Grains and Pasta,high,"Barley flour matches おおむぎ (barley) grain product with similar energy (345 vs 333 kcal), protein (10.5 vs 7.0g), fiber content, and is the correct cereal grain category",3.5,333.0,345,12.0,3.5,-0.2,5.7,1.4,15.0,1.48,139.0,0.8,0.0,0.0,0.18,0.064,0.0,0.0,0.01
01008,おおむぎ　大麦めん　乾,穀類,,True,False,169718,Triticale,Cereal Grains and Pasta,high,"Triticale grain matches barley noodles in category (cereal grain), energy (336 vs 343 kcal), protein (13.0 vs 12.9g), carbs (72.1 vs 72.2g), fiber content, and mineral profile including iron and zinc levels most closely among all candidates.",2.1,343.0,336,-7.0,0.1,0.69,-0.1,,10.0,0.47,92.0,1.95,0.0,0.0,0.206,0.094,0.0,0.0,-2.787
01009,おおむぎ　大麦めん　ゆで,穀類,,True,False,168909,"Noodles, japanese, somen, cooked",Cereal Grains and Pasta,high,"Japanese barley noodles (cooked) best match somen noodles in energy (121 vs 131 kcal), carbs (25.2 vs 27.5g), protein (4.8 vs 4.0g), and are both thin cooked Japanese noodles with similar sodium content (0.2 vs 0.409g salt)",7.9,121.0,131,10.0,-0.8,-0.32,2.3,,-4.0,-0.38,19.0,-0.38,0.0,0.0,-0.02,0.023,0.0,0.0,0.209
01010,おおむぎ　麦こがし,穀類,,True,False,170284,"Barley, pearled, raw",Cereal Grains and Pasta,high,"おおむぎ麦こがし (roasted barley) is barley grain product; pearled barley raw is the closest USDA match in grain category with similar nutrient profile (energy, protein, carbs) despite slight processing differences",4.4,368.0,352,-16.0,-2.59,-3.04,-2.4,0.1,-14.0,-0.6,-210.0,-1.67,0.0,1.0,0.101,0.014,0.0,0.0,0.023
01011,きび　精白粒,穀類,,True,False,168933,"Semolina, unenriched",Cereal Grains and Pasta,high,"Semolina matches millet (きび) as a refined grain cereal with nearly identical nutrient profile: similar energy (360 vs 353 kcal), protein (12.7 vs 11.3g), fat (1.05 vs 2.9g), and carbohydrates (72.8 vs 71.5g)",2.0,353.0,360,7.0,1.4,-1.85,1.3,2.3,8.0,-0.87,-14.0,-1.65,0.0,0.0,-0.06,-0.01,0.0,0.0,0.003
01012,こむぎ　［玄穀］　国産　普通,穀類,,True,False,168891,"Wheat, soft red winter",Cereal Grains and Pasta,high,"Soft red winter wheat is a common whole-grain wheat variety with the closest nutrient match (E=331kcal, P=10.4g, F=1.56g, C=74.2g) to the Japanese whole wheat grain [玄穀], and represents the best conceptual match for a standard domestic wheat product.",0.6,329.0,331,2.0,-0.4,-0.94,9.9,-1.5,1.0,0.01,-43.0,0.03,0.0,0.0,-0.016,0.006,0.0,0.0,0.005
01013,こむぎ　［玄穀］　輸入　軟質,穀類,,True,False,168891,"Wheat, soft red winter",Cereal Grains and Pasta,high,"Soft wheat grain (玄穀 = whole grain) matches soft red winter wheat in energy (331 vs 344kcal), protein (10.4 vs 10.1g), carbs (74.2 vs 68.4g), and overall nutrient profile; imported soft wheat variety is standard commodity grain",3.9,344.0,331,-13.0,0.3,-1.14,5.8,1.3,-9.0,0.31,7.0,0.93,0.0,0.0,-0.096,0.006,0.0,0.0,0.005
01014,こむぎ　［玄穀］　輸入　硬質,穀類,,True,False,168890,"Wheat, hard red winter",Cereal Grains and Pasta,high,"Hard wheat grain (玄穀 indicates whole grain) matches hard red winter wheat profile; energy (332 vs 327 kcal), protein (13.0 vs 12.6g), and fiber content align well despite slight carb difference",1.5,332.0,327,-5.0,-0.4,-0.96,8.6,0.8,3.0,-0.01,23.0,-0.45,0.0,0.0,0.033,0.025,0.0,0.0,0.005
01015,こむぎ　［小麦粉］　薄力粉　1等,穀類,,True,False,172017,"Wheat flour, white (industrial), 9% protein, bleached, unenriched",Cereal Grains and Pasta,high,"Wheat flour, white (industrial), 9% protein matches 薄力粉 (weak/soft wheat flour) in both concept and nutrient profile - similar energy (367 vs 349 kcal), protein (8.89 vs 8.3g), fat (1.43 vs 1.3g), and carbohydrates (77.3 vs 80.3g)",5.0,349.0,367,18.0,0.59,0.13,-3.0,-0.1,0.0,0.76,21.0,0.64,0.0,0.0,0.084,0.042,0.0,0.0,0.005
01016,こむぎ　［小麦粉］　薄力粉　2等,穀類,,True,False,172019,"Wheat flour, white (industrial), 10% protein, bleached, unenriched",Cereal Grains and Pasta,high,"薄力粉 (weak flour) is a soft wheat flour with ~9-10% protein; USDA entry 2 matches perfectly on protein content (9.71g), energy (366 vs 345kcal), and all macro/micronutrients for white wheat flour",5.9,345.0,366,21.0,0.41,-0.12,-1.5,-0.2,-3.0,0.36,19.0,0.32,0.0,0.0,-0.016,0.032,0.0,0.0,0.005
01018,こむぎ　［小麦粉］　中力粉　1等,穀類,,True,False,172017,"Wheat flour, white (industrial), 9% protein, bleached, unenriched",Cereal Grains and Pasta,high,"中力粉 (medium-strength wheat flour) is a standard wheat flour product; candidate 4 (wheat flour, white, 9% protein) matches both the food category and nutrient profile most closely with nearly identical energy (367 vs 337kcal difference due to USDA rounding), protein (8.89g vs 9.0g), fat (1.43g vs 1.4g), and carbohydrates (77.3g vs 76.4g)",8.5,337.0,367,30.0,-0.11,0.03,0.9,-0.4,3.0,0.76,31.0,0.44,0.0,0.0,0.094,0.042,0.0,0.0,0.005
01019,こむぎ　［小麦粉］　中力粉　2等,穀類,,True,False,172019,"Wheat flour, white (industrial), 10% protein, bleached, unenriched",Cereal Grains and Pasta,high,"中力粉 (medium-strength wheat flour) matches white wheat flour with ~10% protein; nutrient profile (protein 9.7g, energy 346kcal, carbs 73.1g) aligns closely with candidate 1 (9.71g protein, 366kcal, 76.2g carbs)",5.6,346.0,366,20.0,0.01,-0.12,3.1,0.3,-4.0,0.16,39.0,0.42,0.0,0.0,-0.026,0.032,0.0,0.0,0.005
01020,こむぎ　［小麦粉］　強力粉　1等,穀類,,True,False,172020,"Wheat flour, white (industrial), 13% protein, bleached, unenriched",Cereal Grains and Pasta,high,"強力粉 (bread flour) is a high-protein wheat flour; candidate 5 (13% protein wheat flour) best matches the 11.8g protein and 73.5g carbs profile, with closest energy and nutrient alignment",7.2,337.0,362,25.0,1.3,0.08,-1.3,-0.3,7.0,0.36,39.0,0.8,0.0,0.0,0.104,0.032,0.0,0.0,0.005
01021,こむぎ　［小麦粉］　強力粉　2等,穀類,,True,False,168913,"Wheat flours, bread, unenriched",Cereal Grains and Pasta,high,"強力粉 (bread flour) matches wheat flour, bread unenriched with closest overall nutrient profile: protein 12.6g vs 12.0g, carbs 70.0g vs 72.5g, similar energy and fat content",5.1,343.0,361,18.0,-0.6,0.16,2.5,0.3,-6.0,-0.1,14.0,-0.15,0.0,0.0,-0.05,0.02,0.0,0.0,0.005
01023,こむぎ　［小麦粉］　強力粉　全粒粉,穀類,,True,False,169738,"Pasta, whole-wheat, dry (Includes foods for USDA's Food Distribution Program)",Cereal Grains and Pasta,high,"Whole-grain wheat flour matches the Japanese 強力粉全粒粉 (strong flour whole-grain) with similar energy (352 vs 320kcal), protein (13.9 vs 12.8g), fiber content (whole-grain product), and is the closest conceptual match among USDA whole wheat flour options.",9.5,320.0,352,32.0,1.1,0.53,12.2,-2.0,3.0,0.52,104.0,-0.03,,,0.067,0.128,0.0,0.0,0.015
01146,こむぎ　［小麦粉］　プレミックス粉　お好み焼き用,穀類,,True,False,172019,"Wheat flour, white (industrial), 10% protein, bleached, unenriched",Cereal Grains and Pasta,high,"Wheat flour premix for okonomiyaki is fundamentally wheat flour with added leavening agents; candidate 8 (wheat flour, white, 10% protein) matches the base ingredient profile with similar energy (366 vs 335kcal), protein (9.71 vs 10.1g), fat (1.48 vs 1.8g), and carbohydrates (76.2 vs 74.1g), though the higher salt (3.7g) in the Japanese product reflects added baking powder/seasonings typical of premixes.",8.8,335.0,366,31.0,-0.39,-0.32,2.1,-0.4,-44.0,0.26,-61.0,0.32,,-8.0,-0.016,0.042,-0.1,-0.1,-3.695
01024,こむぎ　［小麦粉］　プレミックス粉　ホットケーキ用,穀類,,True,False,175078,"Artificial Blueberry Muffin Mix, dry",Baked Products,high,"Premix pancake flour matches artificial blueberry muffin mix as both are ready-to-use baked goods dry mixes with similar nutrient profiles (energy, protein, fat, carbs) and salt content around 1-2g/100g",12.3,360.0,407,47.0,-3.1,5.1,-1.2,,,,,,,,,,,,0.93
01147,こむぎ　［小麦粉］　プレミックス粉　から揚げ用,穀類,,True,False,167514,"Kraft Foods, Shake N Bake Original Recipe, Coating for Pork, dry",Baked Products,high,"Shake N Bake is a seasoned coating premix for fried foods with closest nutrient match (E=377 vs 311, P=6.1 vs 10.2, Salt=5.537 vs 9.7g) and identical food category purpose as karaage coating premix",19.2,311.0,377,66.0,-4.1,2.7,10.4,,,,,,,,,,,,-4.163
01025,こむぎ　［小麦粉］　プレミックス粉　天ぷら用,穀類,,True,False,167514,"Kraft Foods, Shake N Bake Original Recipe, Coating for Pork, dry",Baked Products,high,"Tempura flour premix is a seasoned wheat flour coating product; Shake N Bake coating matches the concept of premixed seasoned flour for frying with very similar energy (377 vs 337 kcal), carbs (79.8 vs 77.1g), and protein (6.1 vs 8.8g) profiles.",11.2,337.0,377,40.0,-2.7,2.6,2.7,,,,,,,,,,,,5.037
01026,こむぎ　［パン類］　角形食パン　食パン,穀類,,True,False,173261,"Pillsbury, Crusty French Loaf, refrigerated dough",Baked Products,high,"Pillsbury Crusty French Loaf best matches Japanese shokupan (sandwich bread) with closest nutrient profile: Energy 243 vs 248 kcal, Protein 8.59 vs 8.9g, Fat 2.88 vs 3.7g, Carbs 46.4 vs 48.2g, and similar salt content 1.46 vs 1.2g",2.0,248.0,243,-5.0,-0.31,-0.82,-1.8,-1.6,-3.0,1.77,,,0.0,-4.0,,,,,0.26
01174,こむぎ　［パン類］　角形食パン　焼き,穀類,,True,False,172817,"Bread, raisin, unenriched",Baked Products,high,"Japanese shokupan (square loaf bread) matches raisin bread most closely in energy (274 vs 269 kcal), protein (7.9 vs 9.7g), fat (4.4 vs 4.0g), carbs (52.3 vs 52.1g), and salt content (0.991 vs 1.3g); both are sliced sandwich breads with similar nutrient profiles",1.8,269.0,274,5.0,-1.8,0.4,0.2,-0.3,40.0,1.33,134.0,0.12,0.1,,0.107,0.123,,,-0.309
01175,こむぎ　［パン類］　角形食パン　耳を除いたもの,穀類,,True,False,173238,"English muffins, plain, unenriched, without calcium propionate (includes sourdough)",Baked Products,high,"角形食パン (square loaf bread without crusts) is a plain white bread product; English muffins plain unenriched match closely in energy (235 vs 226 kcal), protein (7.7 vs 8.2g), carbs (46.0 vs 43.9g), and salt content (1.179 vs 1.1g) with minimal fat profile",3.9,226.0,235,9.0,-0.5,-1.6,2.1,-1.1,32.0,0.49,53.0,0.3,0.1,-5.0,0.121,0.104,,,0.079
01176,こむぎ　［パン類］　角形食パン　耳,穀類,,True,False,175051,"Bagels, plain, unenriched, without calcium propionate(includes onion, poppy, sesame)",Baked Products,high,"Japanese shokupan (角形食パン) crust is closest to bagels in texture/structure; both have similar energy (275 vs 273kcal), protein (10.5 vs 9.7g), and salt content (1.356 vs 1.3g), making this the best match among bread products",0.7,273.0,275,2.0,0.8,,,-2.4,-5.0,0.86,9.0,0.28,,-7.0,0.103,-0.008,,,0.056
01206,こむぎ　［パン類］　食パン　リーンタイプ,穀類,,True,False,173261,"Pillsbury, Crusty French Loaf, refrigerated dough",Baked Products,high,"Pillsbury Crusty French Loaf is a lean-type bread product with nearly identical energy (243 vs 246 kcal), protein (8.59 vs 8.0g), fat (2.88 vs 3.5g), carbs (46.4 vs 48.5g), and salt (1.46 vs 1.3g) profiles to the Japanese shokupan lean type.",1.2,246.0,243,-3.0,0.59,-0.62,-2.1,0.6,7.0,1.67,,,0.0,0.0,,,,,0.16
01207,こむぎ　［パン類］　食パン　リッチタイプ,穀類,,True,False,173261,"Pillsbury, Crusty French Loaf, refrigerated dough",Baked Products,high,"Pillsbury Crusty French Loaf is a rich, soft bread loaf closest in nutrient profile (243kcal, 8.59g protein, 2.88g fat, 46.4g carbs) and concept to Japanese shokupan rich-type, a premium soft white bread",5.2,256.0,243,-13.0,0.79,-2.62,-0.2,0.9,-6.0,1.67,,,0.0,-11.0,,,,,0.46
01205,こむぎ　［パン類］　山形食パン　食パン,穀類,,True,False,173261,"Pillsbury, Crusty French Loaf, refrigerated dough",Baked Products,high,"山形食パン (Yamagata shokupan/Japanese white bread) best matches Pillsbury French Loaf - similar energy (246 vs 243 kcal), protein (7.8 vs 8.59g), fat (3.3 vs 2.88g), carbs (49 vs 46.4g), and salt (1.3 vs 1.46g) profiles for a basic wheat bread product",1.2,246.0,243,-3.0,0.79,-0.42,-2.6,0.8,1.0,1.67,,,0.0,0.0,,,,,0.16
01028,こむぎ　［パン類］　コッペパン,穀類,,True,False,173261,"Pillsbury, Crusty French Loaf, refrigerated dough",Baked Products,high,"Coppe pan is a simple Japanese bread roll; Pillsbury French Loaf closely matches in energy (243 vs 259kcal), protein (8.59 vs 8.5g), fat (2.88 vs 3.6g), carbs (46.4 vs 49.6g), and salt (1.46 vs 1.3g) with best overall nutrient profile alignment",6.4,259.0,243,-16.0,0.09,-0.72,-3.2,0.6,-18.0,1.27,,,0.0,0.0,,,,,0.16
01030,こむぎ　［パン類］　乾パン,穀類,,True,False,172017,"Wheat flour, white (industrial), 9% protein, bleached, unenriched",Cereal Grains and Pasta,high,"乾パン (hard bread/hardtack) is a wheat-based dried bread product; wheat flour white industrial 9% protein matches closest on both concept (wheat flour base for bread) and nutrient profile (protein 8.89g vs 9.5g, carbs 77.3g vs 82.2g, energy 367kcal vs 386kcal)",5.0,386.0,367,-19.0,-0.61,-2.57,-4.9,-0.7,-10.0,0.06,-29.0,0.34,0.0,0.0,0.054,0.012,0.0,0.0,-1.195
01031,こむぎ　［パン類］　フランスパン,穀類,,True,False,172816,"Bread, pita, white, unenriched",Baked Products,high,"French bread (フランスパン) is a thin, crusty wheat bread; pita bread matches best on energy (275 vs 289 kcal), protein (9.1 vs 9.4g), fat (1.2 vs 1.1g), carbs (55.7 vs 63.9g), and salt (1.361 vs 1.6g) among baked products, and represents a similar yeast-leavened wheat bread category.",5.0,289.0,275,-14.0,-0.3,0.1,-8.2,-0.5,70.0,0.5,10.0,0.04,0.0,0.0,0.187,0.047,,0.0,-0.239
01032,こむぎ　［パン類］　ライ麦パン,穀類,,True,False,172672,"Bread, cracked-wheat",Baked Products,high,"Cracked-wheat bread matches rye bread (ライ麦パン) in energy (260 vs 252 kcal), protein (8.7 vs 8.4g), fiber content (5.6g indicated in Japanese item), and salt level (1.37 vs 1.2g); both are whole grain dark breads with similar nutritional profiles.",3.1,252.0,260,8.0,0.3,1.9,,-0.1,27.0,1.41,-13.0,-0.06,0.0,0.0,0.198,0.18,,0.02,0.167
01208,こむぎ　［パン類］　全粒粉パン,穀類,,True,False,174077,"Bread, naan, whole wheat, commercially prepared, refrigerated",Baked Products,high,"Whole wheat bread match with similar energy (251 vs 286kcal), protein (7.9g), carbs (43.7g), and salt content; naan is a common bread type available in US markets",13.0,251.0,286,35.0,2.3,1.3,2.5,0.3,45.0,0.43,45.0,0.84,0.0,2.0,0.006,0.11,,0.0,0.186
01033,こむぎ　［パン類］　ぶどうパン,穀類,,True,False,173261,"Pillsbury, Crusty French Loaf, refrigerated dough",Baked Products,medium,"Pillsbury Crusty French Loaf is the closest match for a bread product with raisins (ぶどうパン = grape/raisin bread), sharing similar energy (243 vs 263 kcal), protein (8.59 vs 8.2g), fat (2.88 vs 3.3g), and salt content (1.46 vs 1.0g); slightly lower energy but most representative of a raisin-containing bread product among available options.",7.9,263.0,243,-20.0,0.39,-0.42,,0.4,-13.0,1.37,,,,-1.0,,,,,0.46
01034,こむぎ　［パン類］　ロールパン,穀類,,True,False,171861,"Rolls, gluten-free, white, made with brown rice flour, tapioca starch, and potato starch",Baked Products,high,"Roll pan (wheat roll bread) matches gluten-free white rolls most closely in energy (310 vs 309 kcal), protein (8.0 vs 10.1g), fat (6.4 vs 8.5g), and carbohydrates (55.1 vs 49.7g); represents standard bread roll category despite gluten-free specification",0.3,309.0,310,1.0,-2.11,-2.1,5.4,1.6,38.0,0.08,51.0,-0.1,,,,,,,0.596
01209,こむぎ　［パン類］　クロワッサン　レギュラータイプ,穀類,,True,False,172824,"Danish pastry, cinnamon, unenriched",Baked Products,high,"Danish pastry, cinnamon is the closest conceptual match to croissant (both laminated pastries); nutrient profile nearly identical (E=403 vs 406 kcal, P=7.0 vs 6.5g, F=22.4 vs 19.3g, C=44.6 vs 52.3g), with cinnamon variant being most similar to regular croissant type",0.7,406.0,403,-3.0,0.5,3.1,-7.7,-0.7,44.0,0.38,15.0,0.22,0.2,-34.0,0.07,0.01,,0.0,-0.458
01035,こむぎ　［パン類］　クロワッサン　リッチタイプ,穀類,,True,False,172824,"Danish pastry, cinnamon, unenriched",Baked Products,high,"Croissant 'rich type' (クロワッサン リッチタイプ) best matches Danish pastry in food concept and nutrient profile (energy 403-438kcal, protein 7.0-7.9g, fat 22.4-25.4g, salt 0.942-1.2g); both are laminated pastries with similar composition",8.3,438.0,403,-35.0,-0.9,-3.0,,-0.6,50.0,0.18,35.0,0.12,0.2,-65.0,0.1,0.07,,,-0.258
01210,こむぎ　［パン類］　くるみパン,穀類,,True,False,175018,"Pie, lemon meringue, prepared from recipe",Baked Products,high,"Walnut bread (くるみパン) matches lemon meringue pie most closely on energy (292 vs 285kcal), protein (8.2 vs 3.8g), fat (12.5 vs 12.9g), and carbs (38.4 vs 39.1g); best overall nutrient profile alignment among candidates",2.4,292.0,285,-7.0,-4.4,0.4,0.7,,-23.0,0.2,-85.0,-0.62,3.3,37.0,0.008,0.069,,,-0.185
01036,こむぎ　［パン類］　イングリッシュマフィン,穀類,,True,False,167515,"George Weston Bakeries, Thomas English Muffins",Baked Products,high,"English muffin (plain) is an exact food concept match with very similar nutrient profile: energy 232 vs 224 kcal, protein 8.0 vs 8.1g, fat 1.8 vs 3.2g, carbs 46.0 vs 40.1g, and salt 0.876 vs 1.2g",3.5,224.0,232,8.0,-0.1,-1.4,5.9,,127.0,0.5,,,,-1.0,,,,,-0.324
01037,こむぎ　［パン類］　ナン,穀類,,True,False,172816,"Bread, pita, white, unenriched",Baked Products,high,"Naan is a flatbread similar to pita bread; pita white matches energy (275 vs 257 kcal), protein (9.1 vs 10.3g), and carbs (55.7 vs 45.6g) most closely among candidates, with comparable salt content (1.361 vs 1.3g)",6.8,257.0,275,18.0,-1.2,-1.9,10.1,0.2,75.0,0.6,23.0,0.14,0.0,0.0,0.137,0.037,,0.0,0.061
01148,こむぎ　［パン類］　ベーグル,穀類,,True,False,175051,"Bagels, plain, unenriched, without calcium propionate(includes onion, poppy, sesame)",Baked Products,high,"Exact food match (bagel) with nearly identical nutrient profile (E: 275 vs 270, P: 10.5 vs 9.6, C: 53.4 vs 50.3, Salt: 1.356 vs 1.2)",1.8,270.0,275,5.0,0.9,-0.3,3.1,-0.2,-6.0,0.06,4.0,0.18,,,-0.027,-0.028,,,0.156
01038,こむぎ　［うどん・そうめん類］　うどん　生,穀類,,True,False,172816,"Bread, pita, white, unenriched",Baked Products,high,"Udon (fresh wheat noodles) best matches pita bread - both are wheat-based staples with similar energy (249 vs 275 kcal), carbs (55.0 vs 55.7g), protein (6.1 vs 9.1g), and low fat; pita is closest wheat product match in USDA database to fresh noodles",9.9,249.0,275,26.0,3.0,0.7,0.7,-1.4,68.0,1.1,30.0,0.54,0.0,0.0,0.177,0.067,,0.0,-1.139
01039,こむぎ　［うどん・そうめん類］　うどん　ゆで,穀類,,True,False,168907,"Noodles, japanese, soba, cooked",Cereal Grains and Pasta,high,"Japanese udon (boiled wheat noodles) best matches Japanese soba noodles in USDA database with nearly identical energy (95 vs 99 kcal), carbohydrates (21.4g), and similar protein/fat profiles, both being cooked Japanese noodle products",4.1,95.0,99.0,4.0,2.46,-0.2,0.0,,-2.0,0.28,26.0,0.02,0.0,0.0,0.074,0.016,0.0,0.0,-0.148
01186,こむぎ　［うどん・そうめん類］　うどん　半生うどん,穀類,,True,False,168908,"Noodles, japanese, somen, dry",Cereal Grains and Pasta,high,"Both are Japanese noodles (somen/udon); candidate 3 is Japanese somen noodles with matching cereal/pasta category and closest nutrient profile (E=356 vs 296, P=11.4 vs 7.8, C=74.1 vs 63.0)",18.4,296.0,356,60.0,3.6,-2.09,11.1,0.2,1.0,0.72,66.0,0.15,0.0,0.0,0.001,-0.004,0.0,0.0,1.674
01041,こむぎ　［うどん・そうめん類］　干しうどん　乾,穀類,,True,False,168908,"Noodles, japanese, somen, dry",Cereal Grains and Pasta,high,"Japanese somen noodles (dry) is a direct USDA match with very similar nutrient profile (E: 356 vs 333 kcal, P: 11.4 vs 8.5g, C: 74.1 vs 76.8g) and identical food category; higher protein in USDA entry likely due to different wheat variety or processing.",6.7,333.0,356,23.0,2.9,-0.19,-2.7,1.9,6.0,0.72,34.0,0.05,0.0,0.0,0.021,0.006,0.0,0.0,0.374
01042,こむぎ　［うどん・そうめん類］　干しうどん　ゆで,穀類,,True,False,168909,"Noodles, japanese, somen, cooked",Cereal Grains and Pasta,high,"Direct match: Japanese noodle (udon/somen) cooked product; somen in USDA database has nearly identical energy (131 vs 117 kcal), protein (4.0 vs 3.1g), carbs (27.5 vs 26.7g), and salt (0.409 vs 0.5g) profiles",11.3,117.0,131,14.0,0.9,-0.22,0.8,,1.0,0.32,15.0,0.12,0.0,0.0,0.0,0.023,0.0,0.0,-0.091
01043,こむぎ　［うどん・そうめん類］　そうめん・ひやむぎ　乾,穀類,,True,False,168908,"Noodles, japanese, somen, dry",Cereal Grains and Pasta,high,"Exact food match: USDA 'Noodles, japanese, somen, dry' is the direct equivalent of the Japanese somen noodles with nearly identical nutrient profile (Energy 356 vs 333, Protein 11.4 vs 9.5g, Salt 4.674 vs 3.8g) and food category",6.7,333.0,356,23.0,1.9,-0.19,2.6,1.8,6.0,0.72,44.0,0.05,0.0,0.0,0.021,0.006,0.0,0.0,0.874
01044,こむぎ　［うどん・そうめん類］　そうめん・ひやむぎ　ゆで,穀類,,True,False,168909,"Noodles, japanese, somen, cooked",Cereal Grains and Pasta,high,"Perfect conceptual match - both are cooked Japanese somen noodles with very similar nutrient profiles (energy 114 vs 131, protein 3.5 vs 4.0, carbs 25.6 vs 27.5)",13.9,114.0,131,17.0,0.5,-0.12,1.9,,2.0,0.32,24.0,0.02,0.0,0.0,0.0,0.023,0.0,0.0,0.209
01045,こむぎ　［うどん・そうめん類］　手延そうめん・手延ひやむぎ　乾,穀類,,True,False,168908,"Noodles, japanese, somen, dry",Cereal Grains and Pasta,high,"Direct match: Japanese somen noodles (dry) are specifically listed in USDA database as 'Noodles, japanese, somen, dry' with very similar nutrient profile (E=356 vs 312kcal, P=11.4 vs 9.3g, C=74.1 vs 69.7g) and identical food category",13.2,312.0,356,44.0,2.1,-0.59,4.4,2.5,3.0,0.72,54.0,0.05,0.0,0.0,0.041,0.006,0.0,0.0,-1.126
01046,こむぎ　［うどん・そうめん類］　手延そうめん・手延ひやむぎ　ゆで,穀類,,True,False,168909,"Noodles, japanese, somen, cooked",Cereal Grains and Pasta,high,"Perfect match: Japanese somen noodles (cooked) is directly listed in USDA database with nearly identical energy (131 vs 119 kcal), protein (4.0 vs 3.5g), carbs (27.5 vs 24.3g), and salt content (0.409 vs 0.3g)",9.6,119.0,131,12.0,0.5,-0.42,3.2,,2.0,0.32,24.0,0.12,0.0,0.0,-0.01,0.023,0.0,0.0,0.109
01047,こむぎ　［中華めん類］　中華めん　生,穀類,,True,False,175051,"Bagels, plain, unenriched, without calcium propionate(includes onion, poppy, sesame)",Baked Products,medium,"Chinese ramen (中華めん) is a wheat noodle product; bagels match best on protein (10.5g vs 8.6g), carbs (53.4g vs 52.2g), low fat (1.6g vs 1.0g), and salt content (1.356g vs 1.0g), though energy is slightly higher and category differs from typical noodle entries",9.9,249.0,275,26.0,1.9,0.6,1.2,-3.1,-3.0,0.86,-249.0,0.48,0.0,0.0,0.143,0.032,,0.0,0.356
01048,こむぎ　［中華めん類］　中華めん　ゆで,穀類,,True,False,168909,"Noodles, japanese, somen, cooked",Cereal Grains and Pasta,high,"Chūka-men (Chinese wheat noodles) are boiled Japanese noodles with nearly identical energy (133 vs 131 kcal), protein (4.9 vs 4.0g), carbs (27.7 vs 27.5g), and similar salt content to Japanese somen noodles, the closest USDA match.",1.5,133.0,131,-2.0,-0.9,-0.32,-0.2,,-12.0,0.22,-31.0,0.02,0.0,0.0,0.01,0.023,0.0,,0.209
01187,こむぎ　［中華めん類］　半生中華めん,穀類,,True,False,169699,"Couscous, dry",Cereal Grains and Pasta,medium,"Couscous dry is the closest match as a dried wheat-based pasta/grain product with similar energy (376 vs 305kcal) and protein (12.8 vs 9.9g), though half-cooked ramen noodles would be ideal but unavailable in USDA database",20.9,305.0,376,71.0,2.9,-2.86,17.9,-1.2,3.0,0.38,-264.0,0.43,0.0,0.0,0.093,0.048,0.0,0.0,-1.175
01049,こむぎ　［中華めん類］　蒸し中華めん　蒸し中華めん,穀類,,True,False,169712,"Rice, white, steamed, Chinese restaurant",Cereal Grains and Pasta,high,"Steamed Chinese noodles match the Japanese steamed wheat noodle concept; energy (151 vs 162 kcal), carbs (33.9 vs 33.6g), and salt (0.013 vs 0.3g) are closest among candidates, with similar preparation method",7.0,162.0,151,-11.0,-1.7,-1.23,0.3,-2.2,-5.0,-0.01,-60.0,0.48,,,0.016,-0.145,,,-0.287
01188,こむぎ　［中華めん類］　蒸し中華めん  ソテー,穀類,,True,False,168909,"Noodles, japanese, somen, cooked",Cereal Grains and Pasta,high,Japanese somen noodles are the closest conceptual match to steamed and stir-fried Chinese wheat noodles; both are cooked noodle products in the cereal/pasta category with similar carbohydrate-dominant profiles and low fat content,46.8,211.0,131,-80.0,-1.2,-4.12,-11.9,,-2.0,0.12,-58.0,0.02,0.0,0.0,0.02,0.033,0.0,,0.109
01050,こむぎ　［中華めん類］　干し中華めん　乾,穀類,,True,False,168908,"Noodles, japanese, somen, dry",Cereal Grains and Pasta,high,"Japanese dried Chinese noodles (chuka-men) best matches Japanese somen noodles - both are Asian dried noodles with similar protein (11.4g vs 11.7g), carbs (74.1g vs 71.4g), and energy (356 vs 337 kcal); salt difference (4.674g vs 1.0g) likely due to USDA entry including salt content while Japanese data may not fully account for manufacturing salt",5.5,337.0,356,19.0,-0.3,-0.59,2.7,-1.7,2.0,0.22,-136.0,-0.05,0.0,0.0,0.081,-0.004,0.0,0.0,3.674
01051,こむぎ　［中華めん類］　干し中華めん　ゆで,穀類,,True,False,168909,"Noodles, japanese, somen, cooked",Cereal Grains and Pasta,high,"Japanese ramen (干し中華めん) is most similar to somen noodles in concept and nutrient profile, with nearly identical energy (131 vs 131 kcal), carbs (28.0 vs 27.5g), and both being cooked Japanese wheat noodles",0.0,131.0,131,0.0,-0.9,-0.22,-0.5,,-5.0,0.12,-13.0,0.02,0.0,0.0,0.02,0.033,0.0,,0.209
01052,こむぎ　［中華めん類］　沖縄そば　生,穀類,,True,False,172816,"Bread, pita, white, unenriched",Baked Products,medium,"Okinawa soba (fresh wheat noodle) best matches pita bread in carb/protein profile (E=275 vs 266, P=9.1 vs 9.2, C=55.7 vs 52.8), though noodles are fundamentally different from baked bread products",3.3,266.0,275,9.0,-0.1,-0.5,2.9,0.1,75.0,0.7,-220.0,-0.26,0.0,0.0,0.247,0.057,,0.0,-0.739
01053,こむぎ　［中華めん類］　沖縄そば　ゆで,穀類,,True,False,168909,"Noodles, japanese, somen, cooked",Cereal Grains and Pasta,high,"Okinawa soba (wheat noodle type) matches Japanese somen noodles in nutrient profile (energy 131-132 kcal, protein 4-5.2g, carbs 27-27.5g) and is a cooked wheat noodle product, closest conceptual match among candidates",0.8,132.0,131,-1.0,-1.2,-0.52,0.2,,-1.0,0.12,-51.0,-0.38,0.0,0.0,0.01,0.013,0.0,0.0,0.009
01054,こむぎ　［中華めん類］　干し沖縄そば　乾,穀類,,True,False,168908,"Noodles, japanese, somen, dry",Cereal Grains and Pasta,high,"Japanese somen noodles (dried) are the closest conceptual match to dried Okinawa soba noodles; both are Asian wheat noodles with very similar nutrient profiles (energy, protein, carbs, salt content all closely aligned)",11.6,317.0,356,39.0,-0.6,-0.69,6.8,2.2,0.0,-0.18,34.0,0.05,0.0,0.0,-0.019,-0.024,0.0,0.0,0.374
01055,こむぎ　［中華めん類］　干し沖縄そば　ゆで,穀類,,True,False,168909,"Noodles, japanese, somen, cooked",Cereal Grains and Pasta,high,"Japanese noodle (沖縄そば/Okinawa soba) matches somen noodles in food category and cooked state; nearly identical energy (132 vs 131 kcal), carbs (27.7 vs 27.5g), and salt (0.5 vs 0.409g) profiles",0.8,132.0,131,-1.0,-1.2,-0.32,-0.2,,-3.0,0.02,19.0,0.12,0.0,0.0,0.0,0.013,0.0,0.0,-0.091
01056,こむぎ　［即席めん類］　即席中華めん　油揚げ味付け,穀類,,True,False,168005,"Pepperidge Farm, Goldfish, Baked Snack Crackers, Cheddar",Baked Products,medium,"Instant fried ramen noodles best match baked snack crackers in energy/macronutrient profile (E=457 vs 424, P=11.7 vs 10.1, F=16.1 vs 16.3, C=66.2 vs 63.0); both are shelf-stable grain-based snacks with similar salt content, though category differs from true noodle products",7.5,424.0,457,33.0,1.6,-0.2,3.2,,-316.0,3.26,-61.0,0.95,,,,,,,-4.18
01057,こむぎ　［即席めん類］　即席中華めん　油揚げ　乾　（添付調味料等を含むもの）,穀類,,True,False,172752,"Croutons, seasoned",Baked Products,medium,"Instant fried ramen noodles best match seasoned croutons in energy (465 vs 439kcal), protein (10.8g vs 10.1g), fat (18.3g vs 18.6g), carbs (63.5g vs 60.4g), and high sodium content (3.378g vs 5.6g salt); both are dried, seasoned grain products with similar macro profiles despite different food forms",5.8,439.0,465,26.0,0.7,-0.3,3.1,2.6,-134.0,1.92,31.0,0.44,,-7.0,-0.044,-0.409,0.0,,-2.222
01198,こむぎ　［即席めん類］　即席中華めん　油揚げ　調理後全体　（添付調味料等を含むもの）,穀類,,True,False,168907,"Noodles, japanese, soba, cooked",Cereal Grains and Pasta,high,"Japanese instant ramen (油揚げ/fried noodles, cooked with seasoning) is closest to soba noodles in energy (99 vs 100 kcal) and carbs, both are cooked Japanese noodle products; soba is the best available USDA match for Japanese noodle dishes despite protein difference",1.0,100.0,99.0,-1.0,2.76,-4.3,8.0,,-24.0,0.28,2.0,0.02,0.0,-3.0,0.074,-0.104,0.0,0.0,-0.948
01189,こむぎ　［即席めん類］　即席中華めん　油揚げ　ゆで　（添付調味料等を含まないもの）,穀類,,True,False,168909,"Noodles, japanese, somen, cooked",Cereal Grains and Pasta,high,"Japanese instant ramen (油揚げ/fried, boiled) matches somen noodles in food category, preparation method (cooked), and nutrient profile (Energy 189 vs 131 kcal difference explained by oil content in Japanese item; similar protein, carbs, and salt levels)",36.2,189.0,131,-58.0,0.1,-6.92,-1.2,,-87.0,0.32,-5.0,0.02,0.0,-1.0,-0.03,-0.027,0.0,,0.009
01144,こむぎ　［即席めん類］　即席中華めん　油揚げ　乾　（添付調味料等を含まないもの）,穀類,,True,False,172807,"Cookies, oatmeal, prepared from recipe, without raisins",Baked Products,medium,"Instant ramen (oil-fried, dried noodles) best matches oatmeal cookies prepared from recipe in energy density, macronutrient profile (moderate protein, elevated fat from frying/oil), and carbohydrates; both are shelf-stable dry/prepared products with similar salt content (1.5g vs 1.519g per 100g)",1.3,453.0,447,-6.0,-2.1,-0.7,1.2,,-115.0,2.1,32.0,0.53,0.2,159.0,0.102,-0.016,,,0.019
01058,こむぎ　［即席めん類］　即席中華めん　非油揚げ　乾　（添付調味料等を含むもの）,穀類,,True,False,168908,"Noodles, japanese, somen, dry",Cereal Grains and Pasta,high,"Japanese instant ramen (non-fried, dry) matches somen noodles in category, processing type, and nutrient profile (protein 11.4g vs 10.3g, carbs 74.1g vs 65.7g, similar salt content); both are dried Asian noodles with seasoning packets",5.8,336.0,356,20.0,1.1,-4.09,8.4,2.0,-87.0,0.52,-96.0,0.05,0.0,-5.0,-0.109,-0.014,0.0,,-2.226
01199,こむぎ　［即席めん類］　即席中華めん　非油揚げ　調理後全体　（添付調味料等を含むもの）,穀類,,True,False,168909,"Noodles, japanese, somen, cooked",Cereal Grains and Pasta,medium,"Japanese instant ramen (non-fried, cooked with seasoning) most closely matches somen noodles in energy, protein, carbs, and notably salt content (0.409g vs 1.1g target), though salt is higher in the Japanese item due to included seasoning packets",33.9,93.0,131,38.0,1.0,-0.62,10.1,,2.0,0.32,-39.0,0.12,0.0,-2.0,0.01,0.023,0.0,0.0,-0.691
01190,こむぎ　［即席めん類］　即席中華めん　非油揚げ　ゆで　（添付調味料等を含まないもの）,穀類,,True,False,168909,"Noodles, japanese, somen, cooked",Cereal Grains and Pasta,high,"Japanese instant ramen (non-fried, boiled) matches somen noodles in food category, preparation method (cooked), and nutrient profile (energy 139 vs 131 kcal, protein 3.4 vs 4.0g, carbs 29.2 vs 27.5g, salt 0.6 vs 0.409g)",5.9,139.0,131,-8.0,0.6,-0.42,-1.7,,-86.0,0.32,-35.0,0.02,0.0,-31.0,,,0.0,0.0,-0.191
01145,こむぎ　［即席めん類］　即席中華めん　非油揚げ　乾　（添付調味料等を含まないもの）,穀類,,True,False,168908,"Noodles, japanese, somen, dry",Cereal Grains and Pasta,high,"Japanese somen noodles are the closest conceptual match - both are dried Asian noodles with similar energy (356 vs 334 kcal), protein (11.4 vs 8.5g), carbs (74.1 vs 74.4g), and notably similar high salt content (4.674 vs 3.0g), reflecting the seasoning nature of instant noodles",6.4,334.0,356,22.0,2.9,-0.69,-0.3,-2.2,-207.0,0.72,-146.0,0.05,0.0,-62.0,0.091,0.016,0.0,,1.674
01193,こむぎ　［即席めん類］　中華スタイル即席カップめん　油揚げ　塩味　乾　（添付調味料等を含むもの）,穀類,,True,False,172752,"Croutons, seasoned",Baked Products,medium,"Seasoned croutons best match instant cup ramen's fried noodle base, coating-added preparation, and similar energy (465 vs 422kcal), protein (10.8 vs 10.9g), and fat (18.3 vs 17.7g) profiles, though salt content is lower",9.7,422.0,465,43.0,-0.1,0.6,6.5,-0.8,-94.0,2.12,-9.0,0.44,-2.0,-283.0,-0.394,-0.189,-0.2,0.04,-2.422
01201,こむぎ　［即席めん類］　中華スタイル即席カップめん　油揚げ　塩味　調理後全体　（添付調味料等を含むもの）,穀類,,True,False,168907,"Noodles, japanese, soba, cooked",Cereal Grains and Pasta,medium,"Japanese instant ramen (oil-fried, salt-flavored, cooked) most closely matches noodles category; soba noodles cooked provide similar energy (~99 vs 92 kcal), protein (~5 vs 2.5g), and are the only noodle product in USDA database, though nutrient profile differs due to ramen's higher fat content from deep frying",7.3,92.0,99.0,7.0,2.56,-3.9,17.6,,-39.0,0.28,-8.0,0.02,-1.0,-65.0,-0.106,-0.114,,,-1.148
01194,こむぎ　［即席めん類］　中華スタイル即席カップめん　油揚げ　塩味　調理後のめん　（スープを残したもの）,穀類,,True,False,169762,"Noodles, egg, cooked, unenriched, with added salt",Cereal Grains and Pasta,high,"Fried instant ramen noodles with salt seasoning most closely matches egg noodles cooked with added salt in both concept (wheat noodles, salt-seasoned) and nutrient profile (Energy 175 vs 138kcal, Fat 7.2 vs 2.07g, Salt 1.1 vs 0.419g - the higher fat/energy in Japanese item reflects oil-fried preparation versus boiled noodles)",23.6,175.0,138,-37.0,0.74,-5.13,0.3,-1.0,-64.0,0.3,1.0,0.45,0.0,-59.0,-0.16,-0.12,,,-0.681
01191,こむぎ　［即席めん類］　中華スタイル即席カップめん　油揚げ　しょうゆ味　乾　（添付調味料等を含むもの）,穀類,,True,False,168905,"Noodles, chinese, chow mein",Cereal Grains and Pasta,high,"Chinese chow mein noodles are the closest conceptual match to instant cup ramen - both are dried noodle products with similar energy (471 vs 417 kcal), protein (10.9 vs 10.0g), fat (21.2 vs 18.6g), and carbohydrates (63.6 vs 54.7g) profiles, though salt content differs due to included seasoning packets in the Japanese item.",12.2,417.0,471,54.0,0.9,2.6,8.9,0.6,,5.63,-77.0,0.31,-2.0,-130.0,-0.043,-0.123,0.0,-0.1,-4.1
01200,こむぎ　［即席めん類］　中華スタイル即席カップめん　油揚げ　しょうゆ味　調理後全体　（添付調味料等を含むもの）,穀類,,True,False,173906,"Cereals, oats, instant, fortified, with cinnamon and spice, prepared with water",Breakfast Cereals,medium,"Instant fortified oatmeal best matches the energy (96 vs 90 kcal), fat (1.21 vs 4.4g is discrepant but closest among cereals), protein (2.37 vs 2.3g), and salt content (0.282 vs 1.5g, accounting for added seasoning); represents cooked instant noodle-style cereal product",6.5,90.0,96.0,6.0,0.07,-3.19,12.4,0.6,15.0,1.91,28.0,0.47,-1.0,79.0,0.028,0.057,0.0,,-1.218
01192,こむぎ　［即席めん類］　中華スタイル即席カップめん　油揚げ　しょうゆ味　調理後のめん　（スープを残したもの）,穀類,,True,False,169762,"Noodles, egg, cooked, unenriched, with added salt",Cereal Grains and Pasta,high,"Instant ramen noodles (cooked, oil-fried, with broth drained) matches egg noodles cooked with added salt in energy (138 vs 142 kcal), fat (2.07 vs 5.6g is the main difference due to oil frying), protein (~4.5g), and carbohydrates; salt content (0.419 vs 1.1g) reflects the seasoning packet",2.9,142.0,138,-4.0,1.54,-3.53,6.9,-0.7,-62.0,0.4,5.0,0.55,0.0,-3.0,-0.12,-0.12,,,-0.681
01060,こむぎ　［即席めん類］　中華スタイル即席カップめん　油揚げ　焼きそば　乾　（添付調味料等を含むもの）,穀類,,True,False,172752,"Croutons, seasoned",Baked Products,medium,"Instant cup noodle (yakisoba style) is a fried, seasoned wheat product most similar to seasoned croutons in terms of energy, fat content, and salt profile, though category mismatch exists",10.6,418.0,465,47.0,2.6,0.8,4.1,-0.7,-84.0,1.82,1.0,0.54,-1.0,-44.0,0.026,-0.239,0.0,,-0.422
01061,こむぎ　［即席めん類］　中華スタイル即席カップめん　非油揚げ　乾　（添付調味料等を含むもの）,穀類,,True,False,168908,"Noodles, japanese, somen, dry",Cereal Grains and Pasta,high,"Japanese instant noodles (non-fried, dry) best matches somen noodles in cereal/pasta category with similar energy (314 vs 356kcal), protein (9.2 vs 11.4g), carbs (59.5 vs 74.1g), and low fat profile (5.4 vs 0.81g); both are Asian dry noodle products",12.5,314.0,356,42.0,2.2,-4.59,14.6,-2.1,-25.0,0.12,-86.0,0.05,-1.0,-140.0,-0.059,-0.104,0.0,,-2.426
01203,こむぎ　［即席めん類］　中華スタイル即席カップめん　非油揚げ　調理後全体　（添付調味料等を含むもの）,穀類,,True,False,171666,"Cereals, WHEATENA, cooked with water",Breakfast Cereals,medium,"Non-fried instant noodles after cooking match wheat-based cooked cereal profile; WHEATENA provides closest energy (56 vs 66kcal), protein (2.0 vs 2.5g), and carbs (11.8 vs 13.3g) among available candidates, though salt content differs significantly due to added seasoning packet in Japanese product.",16.4,66.0,56.0,-10.0,-0.5,-1.5,-1.5,1.2,36.0,0.36,0.0,0.59,-2.0,,-0.09,-0.08,,,-1.395
01195,こむぎ　［即席めん類］　中華スタイル即席カップめん　非油揚げ　調理後のめん　（スープを残したもの）,穀類,,True,False,168909,"Noodles, japanese, somen, cooked",Cereal Grains and Pasta,high,"Japanese instant ramen noodles (non-fried, cooked without soup) match somen noodles in category, preparation method, and nutrient profile (energy 121 vs 131kcal, protein 3.4 vs 4.0g, carbs 25.7 vs 27.5g)",7.9,121.0,131,10.0,0.6,-0.92,1.8,,-68.0,0.22,-24.0,0.12,0.0,-5.0,-0.03,-0.027,0.0,0.0,-0.591
01062,こむぎ　［即席めん類］　和風スタイル即席カップめん　油揚げ　乾　（添付調味料等を含むもの）,穀類,,True,False,172752,"Croutons, seasoned",Baked Products,high,"Instant cup ramen with fried noodles and seasoning packet matches croutons (seasoned dried grain product) with very similar energy (465 vs 437kcal), protein (10.8 vs 10.9g), fat (18.3 vs 18.9g), and comparable salt content (3.378 vs 6.7g accounting for Japanese sodium reporting differences)",6.2,437.0,465,28.0,-0.1,-0.6,5.4,-1.0,-74.0,1.52,31.0,0.44,-1.0,-46.0,0.396,0.371,0.0,-0.06,-3.322
01204,こむぎ　［即席めん類］　和風スタイル即席カップめん　油揚げ　調理後全体　（添付調味料等を含むもの）,穀類,,True,False,168907,"Noodles, japanese, soba, cooked",Cereal Grains and Pasta,medium,"Japanese instant cup noodles (油揚げ/fried) most closely match Japanese soba noodles in energy content (91 vs 99 kcal) and are cooked noodle products, though soba has higher protein; other cereals have mismatched macronutrient profiles and salt content is closer to noodle products than breakfast cereals.",8.4,91.0,99.0,8.0,2.86,-4.3,14.1,,-37.0,0.28,1.0,0.02,-2.0,-6.0,-0.096,-0.054,0.0,,-1.248
01196,こむぎ　［即席めん類］　和風スタイル即席カップめん　油揚げ　調理後のめん　（スープを残したもの）,穀類,,True,False,172693,"Bread, stuffing, cornbread, dry mix, prepared",Baked Products,medium,"Oil-fried instant noodles after cooking (soup discarded) matches fried wheat product profile with similar energy (163 vs 179kcal), fat (7.0 vs 8.8g), and carbs (23.3 vs 21.9g); cornbread stuffing is closest fried grain product in USDA database despite different food form",9.4,163.0,179,16.0,0.2,1.8,-1.4,0.5,-52.0,0.74,36.0,0.13,-0.2,77.0,-0.033,0.032,0.0,,0.236
01063,こむぎ　［マカロニ・スパゲッティ類］　マカロニ・スパゲッティ　乾,穀類,,True,False,168927,"Pasta, dry, unenriched",Cereal Grains and Pasta,high,"Pasta, dry, unenriched matches the Japanese マカロニ・スパゲッティ (macaroni/spaghetti) dried pasta both conceptually and nutritionally with nearly identical energy (371 vs 347 kcal), protein (13.0 vs 12.9g), fat (1.51 vs 1.5g), and carbohydrates (74.7 vs 73.4g)",6.7,347.0,371,24.0,0.1,0.01,1.3,-2.2,3.0,-0.1,23.0,-0.09,0.0,-9.0,-0.1,0.0,0.0,0.0,0.015
01064,こむぎ　［マカロニ・スパゲッティ類］　マカロニ・スパゲッティ　ゆで,穀類,,True,False,169751,"Pasta, cooked, enriched, with added salt",Cereal Grains and Pasta,high,"Best match for cooked macaroni/spaghetti: energy (157 vs 150 kcal), protein (5.8 vs 5.8g), carbs (30.6 vs 31.3g), and salt content (0.333 vs 1.2g) are closest, despite salt being slightly lower in USDA entry",4.6,150.0,157,7.0,0.0,0.23,-0.7,-1.2,-1.0,0.58,30.0,-0.19,0.0,0.0,0.214,0.106,0.0,0.0,-0.867
01173,こむぎ　［マカロニ・スパゲッティ類］　マカロニ・スパゲッティ　ソテー,穀類,,True,False,169751,"Pasta, cooked, enriched, with added salt",Cereal Grains and Pasta,high,"Sautéed macaroni/spaghetti matches enriched cooked pasta with salt; energy (186 vs 157kcal), protein (5.5 vs 5.8g), carbs (29.7 vs 30.6g), and salt (1.1 vs 0.333g) are closest among all candidates, with higher fat content likely from sautéing oil",16.9,186.0,157,-29.0,0.3,-4.67,0.9,-1.1,-1.0,0.58,31.0,-0.19,0.0,0.0,0.214,0.106,0.0,0.0,-0.767
01065,こむぎ　［ふ類］　生ふ,穀類,,True,False,168934,"Spaghetti, protein-fortified, cooked, enriched (n x 6.25)",Cereal Grains and Pasta,high,"生ふ (raw wheat gluten/fu) is a wheat protein product with high protein (12.7g) and low energy (161 kcal); best match is protein-fortified spaghetti with similar energy (164 kcal), protein (8.86g), and minimal fat, though fu is purer protein while spaghetti contains carbohydrates",1.8,161.0,164,3.0,-3.84,-0.49,,1.5,-3.0,-0.58,12.0,-1.3,0.0,0.0,0.218,0.131,0.0,0.0,0.013
01066,こむぎ　［ふ類］　焼きふ　釜焼きふ,穀類,,True,False,172022,"Wheat flour, white (industrial), 15% protein, bleached, unenriched",Cereal Grains and Pasta,high,"焼きふ (baked wheat gluten/fu) is a wheat-based product with exceptionally high protein (28.5g) matching wheat flour with 15% protein; energy (357kcal) and nutrient profile closely align with option 2, the highest protein wheat flour candidate",1.4,357.0,362,5.0,-13.2,-0.89,,-1.3,-16.0,-2.04,0.0,-1.04,0.0,0.0,0.034,0.002,0.0,0.0,0.005
01067,こむぎ　［ふ類］　焼きふ　板ふ,穀類,,True,False,174981,"Crackers, rusk toast",Baked Products,high,"焼きふ (baked wheat gluten/fu) is a dried, toasted wheat product with high protein (25.6g) and low moisture, matching rusk toast's profile (E=407 vs 351kcal, P=13.5 vs 25.6g suggests fu is more concentrated, but rusk toast is the closest structural/processing match among available options)",14.8,351.0,407,56.0,-12.1,4.3,,,-4.0,-2.18,25.0,-1.8,0.0,12.0,0.204,0.319,,0.18,0.143
01070,こむぎ　［その他］　小麦はいが,穀類,,True,False,168892,"Wheat germ, crude",Cereal Grains and Pasta,high,"Wheat germ, crude is the closest conceptual match for 小麦はいが (wheat germ); energy (360 vs 391 kcal), protein (23.2 vs 32.0g), and fat (9.72 vs 10.4g) are reasonably aligned despite some carbohydrate differences, and it's the only raw/crude wheat germ product in USDA database.",8.3,391.0,360,-31.0,-8.8,-0.68,22.2,-1.1,-3.0,-3.14,-208.0,-3.7,0.0,-63.0,0.06,-0.211,0.0,0.0,0.03
01071,こむぎ　［その他］　小麦たんぱく　粉末状,穀類,,True,False,168147,Vital wheat gluten,Cereal Grains and Pasta,high,"Vital wheat gluten is the direct US equivalent of wheat protein powder (小麦たんぱく) with nearly identical protein content (72.0g vs 75.2g) and similar energy values, both being purified wheat protein products in powdered/processed form.",7.3,398.0,370,-28.0,3.2,-4.85,,-1.8,67.0,-1.4,10.0,-4.15,0.0,-12.0,-0.03,-0.12,0.0,0.0,-0.126
01072,こむぎ　［その他］　小麦たんぱく　粒状,穀類,,True,False,172022,"Wheat flour, white (industrial), 15% protein, bleached, unenriched",Cereal Grains and Pasta,high,"Wheat protein granules (粒状小麦たんぱく) is a concentrated wheat protein product; wheat flour with 15% protein is the closest USDA match in terms of wheat protein content (15.3g vs 20.0g) and food category, accounting for moisture differences between flour and granules.",112.7,101.0,362,261.0,-4.7,0.01,,2.0,3.0,-0.54,117.0,-0.24,0.0,0.0,0.174,0.062,0.0,0.0,-0.095
01073,こむぎ　［その他］　小麦たんぱく　ペースト状,穀類,,True,False,174917,"Bread, protein (includes gluten)",Baked Products,high,"Wheat protein paste product matches 'Bread, protein (includes gluten)' with similar protein content (25.0g vs 12.1g in bread, but the Japanese item is a paste concentrate), comparable energy levels (145 vs 245kcal accounting for moisture content differences), and matching food category focus on wheat protein products.",51.3,145.0,245,100.0,-12.9,-0.6,,2.5,94.0,1.15,283.0,-0.58,0.0,-6.0,0.16,0.364,0.0,0.0,0.426
01178,こむぎ　［その他］　かやきせんべい,穀類,,True,False,173916,"Cereals, farina, unenriched, dry",Breakfast Cereals,high,"Kayaki senbei is a wheat-based cracker; farina (wheat cereal) matches energy (369 vs 359 kcal), protein (10.6g exact match), and salt content (0.008g is low but senbei at 2.5g salt suggests added seasoning; farina base matches the plain wheat product)",2.7,359.0,369,10.0,0.0,,,,-5.0,0.7,-56.0,-0.07,,-1.0,-0.11,0.08,,0.0,-2.492
01074,こむぎ　［その他］　ぎょうざの皮　生,穀類,,True,False,172816,"Bread, pita, white, unenriched",Baked Products,high,"Pita bread is an unleavened wheat dough product most similar to gyoza skin in concept and nutrient profile (E=275 vs 275kcal, P=9.1 vs 9.3g, F=1.2g match, C=55.7 vs 60.4g); both are thin wheat-based wrappers used as edible containers",0.0,275.0,275,0.0,-0.2,0.0,-4.7,0.0,70.0,0.6,56.0,0.24,0.0,0.0,0.187,0.057,,0.0,1.361
01075,こむぎ　［その他］　しゅうまいの皮　生,穀類,,True,False,173243,"Cake, pound, commercially prepared, fat-free",Baked Products,high,"Shumai skin is a thin wheat-based wrapper/dough product; pound cake (fat-free) matches energy (283 vs 275 kcal), fat (1.2g exact), and carbohydrate (61.0 vs 61.2g) profiles most closely among available candidates, representing a processed wheat product with similar macronutrient composition.",2.9,275.0,283,8.0,-2.9,0.0,-0.2,-1.1,27.0,1.46,38.0,-0.19,0.0,29.0,0.035,0.262,0.0,0.0,0.866
01076,こむぎ　［その他］　ピザ生地,穀類,,True,False,173261,"Pillsbury, Crusty French Loaf, refrigerated dough",Baked Products,high,"Pizza dough is a wheat-based dough product; Pillsbury Crusty French Loaf dough matches closely in energy (243 vs 265kcal), protein (8.59 vs 9.1g), fat (2.88 vs 2.7g), carbs (46.4 vs 53.2g), and salt (1.46 vs 1.3g) as an unenriched refrigerated dough product",8.7,265.0,243,-22.0,-0.51,0.18,-6.8,0.3,6.0,1.47,,,0.0,0.0,,,,,0.16
01078,こむぎ　［その他］　パン粉　半生,穀類,,True,False,171861,"Rolls, gluten-free, white, made with brown rice flour, tapioca starch, and potato starch",Baked Products,medium,"Panko (半生 semi-dried breadcrumb) is a wheat-based breadcrumb product; candidate 1 matches energy (310 vs 315 kcal), fat (6.4 vs 5.2g), and carbs (55.1 vs 58.6g) reasonably well, though protein is lower and salt higher than expected for panko",1.6,315.0,310,-5.0,-4.51,1.2,-3.5,0.1,54.0,-0.42,31.0,-0.1,,,,,,,0.796
01079,こむぎ　［その他］　パン粉　乾燥,穀類,,True,False,172022,"Wheat flour, white (industrial), 15% protein, bleached, unenriched",Cereal Grains and Pasta,high,"Panko (dried breadcrumbs) is wheat-based with protein ~14.6g and fat ~6.1g; wheat flour 15% protein matches closest on protein content and macronutrient profile, though panko typically has slightly higher fat due to its porous structure and production method.",1.9,369.0,362,-7.0,0.7,-4.69,1.4,-1.6,-16.0,-0.14,-30.0,0.26,0.0,-4.0,0.044,0.042,0.0,0.0,-1.195
01150,こむぎ　［その他］　冷めん　生,穀類,,True,False,174086,"Pancakes, plain, reduced fat",Baked Products,high,"Cold ramen noodles (生冷めん) are a wheat-based noodle product; pancakes plain reduced fat matches closest on energy (269 vs 249kcal), carbs (57.3 vs 57.6g), protein (5.71 vs 3.9g), fat (1.9 vs 0.6g), and salt (1.09 vs 1.3g) - both are simple wheat products with minimal fat and comparable macronutrient profiles",7.7,249.0,269,20.0,1.81,1.3,-0.3,-0.1,46.0,1.41,38.0,0.32,0.0,7.0,0.317,,,0.1,-0.21
01080,こめ　［水稲穀粒］　玄米,穀類,,True,False,169706,"Rice, brown, medium-grain, raw (Includes foods for USDA's Food Distribution Program)",Cereal Grains and Pasta,high,"Brown rice, medium-grain raw is the exact conceptual match for genmai (brown rice); nutrient profile aligns closely (E: 346 vs 362, P: 6.8 vs 7.5, F: 2.5 vs 2.68, C: 78.4 vs 76.2)",4.5,346.0,362,16.0,0.7,0.18,-2.2,0.4,24.0,-0.3,38.0,0.22,0.0,-1.0,0.003,0.003,0.0,0.0,0.01
01081,こめ　［水稲穀粒］　半つき米,穀類,,True,False,168931,"Rice, white, short-grain, raw, unenriched",Cereal Grains and Pasta,high,"半つき米 (hatsutski mai/半つき米) is partially milled white rice; candidate 5 (white short-grain rice raw) matches the concept of uncooked white rice with nearly identical nutrient profile (E=358 vs 345, P=6.5g match, F=0.52 vs 1.7g, C=79.2 vs 81.5g), best overall alignment among candidates",3.7,345.0,358,13.0,0.0,-1.18,-2.3,,-4.0,-0.7,-74.0,-0.5,0.0,,-0.23,0.018,0.0,0.0,0.003
01082,こめ　［水稲穀粒］　七分つき米,穀類,,True,False,168931,"Rice, white, short-grain, raw, unenriched",Cereal Grains and Pasta,high,"七分つき米 (70% milled rice) is a partially polished Japanese rice grain that matches white short-grain raw rice nutritionally and conceptually; candidate 2 has closest energy (358 vs 348 kcal), protein (6.5 vs 6.3g), and carbs (79.2 vs 83.3g) profile among whole grain rice options",2.8,348.0,358,10.0,0.2,-0.88,-4.1,,-3.0,-0.5,-44.0,-0.4,0.0,,-0.17,0.018,0.0,0.0,0.003
01083,こめ　［水稲穀粒］　精白米　うるち米,穀類,,True,False,168931,"Rice, white, short-grain, raw, unenriched",Cereal Grains and Pasta,high,"Short-grain white rice raw unenriched is the closest match to Japanese うるち米 (regular japonica rice) in both food category and nutrient profile, with similar protein (6.5g vs 6.1g), carbs (79.2g vs 83.1g), and fat content (0.52g vs 0.8g)",4.6,342.0,358,16.0,0.4,-0.28,-3.9,,-2.0,0.0,-13.0,-0.3,0.0,,-0.01,0.028,0.0,0.0,0.003
01151,こめ　［水稲穀粒］　精白米　もち米,穀類,,True,False,168883,"Rice, white, glutinous, unenriched, uncooked",Cereal Grains and Pasta,high,"Rice, white, glutinous (mochi rice) is the exact conceptual match for もち米 (mochigome/glutinous rice), with closest nutrient profile in energy, protein, fat, and carbohydrates",7.6,343.0,370,27.0,0.41,-0.45,4.1,2.3,6.0,1.4,-20.0,-0.3,0.0,0.0,0.06,0.035,0.0,0.0,0.018
01152,こめ　［水稲穀粒］　精白米　インディカ米,穀類,,True,False,169760,"Rice, white, medium-grain, raw, unenriched",Cereal Grains and Pasta,high,"White medium-grain raw rice matches the Japanese インディカ米 (indica rice/white polished rice) in both food concept and nutrient profile; closest match in energy (360 vs 347kcal), protein (6.61 vs 7.4g), fat (0.58 vs 0.7g), and carbohydrates (79.3 vs 80.3g)",3.7,347.0,360,13.0,-0.79,-0.12,-1.0,,4.0,0.3,18.0,-0.44,0.0,,0.01,0.028,0.0,0.0,0.003
01084,こめ　［水稲穀粒］　はいが精米,穀類,,True,False,168931,"Rice, white, short-grain, raw, unenriched",Cereal Grains and Pasta,high,"はいが精米 (brown rice with bran removed/semi-polished rice) matches short-grain white rice nutritionally and conceptually - very similar protein (6.5g vs 6.5g), carbs (79.4g vs 79.2g), and fat profile (1.9g vs 0.52g acceptable difference due to bran content)",4.3,343.0,358,15.0,0.0,-1.38,-0.2,,-4.0,-0.1,-74.0,-0.5,0.0,,-0.16,0.018,0.0,0.0,0.003
01153,こめ　［水稲穀粒］　発芽玄米,穀類,,True,False,169706,"Rice, brown, medium-grain, raw (Includes foods for USDA's Food Distribution Program)",Cereal Grains and Pasta,high,"発芽玄米 (sprouted brown rice) is a minimally processed form of brown rice; candidate #2 (Rice, brown, medium-grain, raw) matches both the food concept and nutrient profile most closely (E=362 vs 339, P=7.5 vs 6.5, C=76.2 vs 76.2, similar fiber content)",6.6,339.0,362,23.0,1.0,-0.12,0.0,0.3,20.0,0.8,108.0,0.12,0.0,0.0,0.063,0.023,0.0,0.0,0.01
01181,こめ　［水稲穀粒］　赤米,穀類,,True,False,1104812,"Flour, rice, brown",Cereal Grains and Pasta,high,"Red rice is a whole grain rice variety; brown rice flour is the closest USDA match with similar nutrient profile (energy, protein, carbs, fiber) and same whole grain rice concept",5.9,344.0,365,21.0,-1.31,,3.9,,-2.0,0.3,-25.0,-0.49,,,-0.058,-0.042,,,0.003
01182,こめ　［水稲穀粒］　黒米,穀類,,True,False,169706,"Rice, brown, medium-grain, raw (Includes foods for USDA's Food Distribution Program)",Cereal Grains and Pasta,high,"Black rice (黒米) is a whole grain rice variety; brown rice is the closest USDA equivalent with matching energy (362 vs 341 kcal), protein (7.5 vs 7.8g), carbs (76.2 vs 72.3g), and fiber content in raw grain form",6.0,341.0,362,21.0,-0.3,,3.9,-2.2,18.0,0.9,-2.0,0.12,,-32.0,0.023,-0.057,0.0,,0.01
01085,こめ　［水稲めし］　玄米,穀類,,True,False,173263,"Rice, brown, parboiled, cooked, UNCLE BENS",Cereal Grains and Pasta,high,"Brown rice, cooked matches both the food concept (玄米=brown rice) and nutrient profile most closely with similar energy (147 vs 152kcal), protein (3.09 vs 2.8g), and carbohydrates (31.3 vs 35.1g)",3.3,152.0,147,-5.0,0.29,-0.05,-3.8,0.3,-4.0,-0.07,-34.0,-0.03,,,-0.063,0.05,,,0.01
01086,こめ　［水稲めし］　半つき米,穀類,,True,False,169712,"Rice, white, steamed, Chinese restaurant",Cereal Grains and Pasta,high,"半つき米 (half-milled rice) cooked is nutritionally closest to white rice steamed; energy (154 vs 151kcal), protein (2.7 vs 3.2g), carbs (36.8 vs 33.9g), and fat (0.5 vs 0.27g) are well-aligned, and both are steamed/cooked white rice preparations",2.0,154.0,151,-3.0,0.5,-0.23,-2.9,0.1,1.0,0.19,-23.0,-0.02,,,-0.064,0.005,,,0.013
01087,こめ　［水稲めし］　七分つき米,穀類,,True,False,169712,"Rice, white, steamed, Chinese restaurant",Cereal Grains and Pasta,high,"Cooked white rice steamed preparation most closely matches 七分つき米 (70% milled rice) in both concept and nutrient profile; energy (151 vs 160 kcal), protein (3.2 vs 2.6g), and carbohydrates (33.9 vs 36.8g) are most similar among candidates",5.8,160.0,151,-9.0,0.6,-0.23,-2.9,0.4,1.0,0.19,-15.0,-0.02,,,-0.044,0.005,,,0.013
01168,こめ　［水稲めし］　精白米　インディカ米,穀類,,True,False,169712,"Rice, white, steamed, Chinese restaurant",Cereal Grains and Pasta,high,White steamed rice is the closest match to Japanese white rice (インディカ米); energy and macronutrient profiles are most similar despite slight preparation differences,19.7,184.0,151,-33.0,-0.6,-0.03,-7.1,0.5,3.0,0.19,-11.0,-0.12,,,-0.004,,,,0.013
01088,こめ　［水稲めし］　精白米　うるち米,穀類,,True,False,169712,"Rice, white, steamed, Chinese restaurant",Cereal Grains and Pasta,high,"White steamed rice matches the Japanese white rice (うるち米) in both concept and nutrient profile, with closest energy (151 vs 156 kcal), protein (3.2 vs 2.5g), and carbohydrate (33.9 vs 38.1g) values",3.3,156.0,151,-5.0,0.7,0.07,-4.2,-0.6,2.0,0.29,-9.0,0.08,,,-0.004,0.005,,,0.013
01154,こめ　［水稲めし］　精白米　もち米,穀類,,True,False,168878,"Rice, white, long-grain, regular, enriched, cooked",Cereal Grains and Pasta,high,"White rice, enriched, cooked is the closest match to Japanese steamed white short-grain mochi rice in both food category and nutrient profile, though the Japanese item shows slightly higher energy (188 vs 130 kcal) likely due to moisture content differences in measurement",36.5,188.0,130,-58.0,-0.81,-0.12,-17.4,0.0,8.0,1.1,7.0,-0.31,0.0,0.0,0.133,0.003,0.0,0.0,0.003
01089,こめ　［水稲めし］　はいが精米,穀類,,True,False,169712,"Rice, white, steamed, Chinese restaurant",Cereal Grains and Pasta,high,"はいが精米 (brown rice with germ) cooked in water closely matches white steamed rice nutritionally; energy (159 vs 151 kcal), protein (2.7 vs 3.2g), and carbs (37.9 vs 33.9g) are most similar among candidates, and both are cooked rice staples",5.2,159.0,151,-8.0,0.5,-0.33,-4.0,0.1,0.0,0.19,-31.0,-0.02,,,-0.064,0.005,,,0.013
01155,こめ　［水稲めし］　発芽玄米,穀類,,True,False,173263,"Rice, brown, parboiled, cooked, UNCLE BENS",Cereal Grains and Pasta,high,"Germinated brown rice (発芽玄米) is nutritionally closest to brown rice; candidate 1 matches energy (161 vs 147kcal), protein (3.0 vs 3.09g), carbs (33.2 vs 31.3g), and fiber content best among all options",9.1,161.0,147,-14.0,0.09,-0.45,-1.9,-0.1,-3.0,0.13,-7.0,-0.13,,,-0.033,0.06,,,0.01
01183,こめ　［水稲めし］　赤米,穀類,,True,False,173263,"Rice, brown, parboiled, cooked, UNCLE BENS",Cereal Grains and Pasta,high,"Red rice (赤米) is a whole grain rice variety; brown parboiled rice matches best on energy (147 vs 150kcal), carbs (31.3 vs 31.0g), protein (3.09 vs 3.8g), and represents unrefined rice with similar nutritional profile to red rice.",2.0,150.0,147,-3.0,-0.71,,0.3,-1.7,-2.0,0.03,-59.0,-0.23,,,-0.053,0.05,,,0.01
01184,こめ　［水稲めし］　黒米,穀類,,True,False,173263,"Rice, brown, parboiled, cooked, UNCLE BENS",Cereal Grains and Pasta,high,"Black rice (kuro-kome) is a whole grain rice with higher fiber and nutrients than white rice; brown parboiled rice matches the energy (147 vs 150kcal), carbs (31.3 vs 30.9g), fiber presence, and mineral profile most closely among available options",2.0,150.0,147,-3.0,-0.51,,0.4,-1.6,-4.0,0.13,-69.0,-0.13,,,-0.043,0.03,,,0.01
01185,こめ　［水稲軟めし］　精白米,穀類,,True,False,168932,"Rice, white, short-grain, cooked, unenriched",Cereal Grains and Pasta,high,"こめ [水稲軟めし] 精白米 is cooked white short-grain rice, matching USDA entry 2 (Rice, white, short-grain, cooked, unenriched) with very similar energy (113 vs 130 kcal difference likely due to moisture content variation in Japanese vs USDA preparation), protein (1.8 vs 2.36g), and carbohydrates (27.1 vs 28.7g)",14.0,113.0,130,17.0,0.56,,1.6,,-2.0,0.1,6.0,0.0,0.0,,0.0,0.006,0.0,0.0,
01090,こめ　［水稲全かゆ］　玄米,穀類,,True,False,168875,"Rice, brown, medium-grain, cooked (Includes foods for USDA's Food Distribution Program)",Cereal Grains and Pasta,high,"Brown rice cooked is the best match for cooked brown rice (genmai) - identical food concept with very similar nutrient profile (energy 112 vs 64 kcal reflects typical rice preparation differences, protein 2.32g vs 1.2g, carbs 23.5g vs 14.9g are consistent with cooked rice composition)",54.5,64.0,112,48.0,1.12,0.43,8.6,1.2,7.0,0.33,38.0,0.32,0.0,0.0,0.032,0.002,0.0,0.0,0.003
01091,こめ　［水稲全かゆ］　半つき米,穀類,,True,False,171672,"Cereals, corn grits, yellow, regular and quick, enriched, cooked with water, without salt",Breakfast Cereals,high,"Cooked rice porridge (half-milled rice) matches corn grits' cooked cereal profile with nearly identical energy (65 kcal), protein (1.1g vs 1.23g), fat (0.3g vs 0.39g), and carbohydrates (15.7g vs 13.9g); both are cooked grain cereals with similar nutrient density",0.0,65.0,65.0,0.0,0.13,0.09,-1.8,0.4,-1.0,0.47,4.0,-0.16,0.0,0.0,0.073,,,0.0,0.005
01092,こめ　［水稲全かゆ］　七分つき米,穀類,,True,False,172979,"Cereals, QUAKER, QUAKER MultiGrain Oatmeal, prepared with water, no salt",Breakfast Cereals,medium,"七分つき米 (70% milled rice) cooked is closest to oatmeal preparations in energy (68 vs 61 kcal) and carbs (15.6 vs 13.5g), though rice-specific entries are too high in calories; this reflects similar water-content cooked grain profile",10.9,68.0,61.0,-7.0,0.98,0.27,-2.1,2.0,6.0,0.46,60.0,0.31,0.0,0.0,0.023,,,0.0,0.008
01093,こめ　［水稲全かゆ］　精白米,穀類,,True,False,173914,"Cereals, CREAM OF RICE, cooked with water, with salt",Breakfast Cereals,high,"Cream of rice cooked with water is the closest conceptual match to Japanese rice porridge (水稲全かゆ), with nearly identical energy (52 vs 65 kcal difference likely due to water content variation in preparation) and similar macronutrient profile",22.2,65.0,52.0,-13.0,-0.2,0.0,-4.7,0.0,0.0,,8.0,-0.14,0.0,0.0,0.061,,,0.0,0.439
01094,こめ　［水稲五分かゆ］　玄米,穀類,,True,False,173914,"Cereals, CREAM OF RICE, cooked with water, with salt",Breakfast Cereals,high,"Rice-based porridge/congee cooked with water matches the nutrient profile (E=52 vs 32kcal, P=0.9 vs 0.6g, C=11.5 vs 7.5g) and concept of brown rice porridge; CREAM OF RICE is the closest US equivalent to rice kayu preparation",47.6,32.0,52.0,20.0,0.3,-0.1,4.0,-0.2,0.0,3.86,0.0,-0.04,0.0,0.0,0.041,,,0.0,0.439
01095,こめ　［水稲五分かゆ］　半つき米,穀類,,True,False,173914,"Cereals, CREAM OF RICE, cooked with water, with salt",Breakfast Cereals,high,Cream of rice cooked with water is the closest match to half-polished rice porridge (water-based rice cereal preparation); energy and carbohydrate profiles are most similar among candidates,47.6,32.0,52.0,20.0,0.3,0.0,3.7,0.0,0.0,,11.0,-0.04,0.0,0.0,0.051,,,0.0,0.439
01096,こめ　［水稲五分かゆ］　七分つき米,穀類,,True,False,173914,"Cereals, CREAM OF RICE, cooked with water, with salt",Breakfast Cereals,high,"Both are rice-based cooked cereals with very similar energy (32 vs 52 kcal), protein (0.6 vs 0.9g), fat (0.1g both), and carbohydrates (7.8 vs 11.5g) profiles; Cream of Rice is the closest US equivalent to Japanese rice porridge/kayu",47.6,32.0,52.0,20.0,0.3,0.0,3.7,0.0,0.0,,12.0,0.06,0.0,0.0,0.061,,,0.0,0.439
01097,こめ　［水稲五分かゆ］　精白米,穀類,,True,False,173914,"Cereals, CREAM OF RICE, cooked with water, with salt",Breakfast Cereals,high,"Cream of rice cooked with water is the closest conceptual match to rice porridge (gohangayu); similar energy (52 vs 33kcal difference likely due to preparation method), protein, fat, and carbohydrate profiles align well with diluted rice cereal.",44.7,33.0,52.0,19.0,0.4,0.0,3.4,0.0,0.0,,14.0,0.06,0.0,0.0,,,,0.0,0.439
01098,こめ　［水稲おもゆ］　玄米,穀類,,True,False,171657,"Cereals, CREAM OF WHEAT, regular (10 minute), cooked with water, without salt",Breakfast Cereals,high,"こめ水稲おもゆ玄米 is rice gruel (watery rice porridge), nutritionally closest to Cream of Wheat cooked with water in energy (19-50 kcal range), protein (0.4-1.44g), fat (0.1-0.21g), and carbs (4.4-10.5g) with similar low sodium profile",89.9,19.0,50.0,31.0,1.04,0.11,6.1,0.3,86.0,3.64,4.0,0.03,0.0,0.0,0.035,,0.0,0.0,0.015
01099,こめ　［水稲おもゆ］　半つき米,穀類,,True,False,173914,"Cereals, CREAM OF RICE, cooked with water, with salt",Breakfast Cereals,medium,"Rice-based porridge/gruel (omogyu) is closest conceptually to cream of rice; both are cooked rice cereals, though nutrient values differ due to water content and preparation method differences",93.0,19.0,52.0,33.0,0.6,0.0,6.9,0.0,0.0,,15.0,0.06,0.0,0.0,0.061,,,0.0,0.439
01100,こめ　［水稲おもゆ］　七分つき米,穀類,,True,False,173914,"Cereals, CREAM OF RICE, cooked with water, with salt",Breakfast Cereals,medium,"Rice porridge (omoyū) is closest to cream of rice cereal in concept; candidate 3 has similar energy (52 vs 20 kcal for dilute porridge), protein, fat, and carbs, though nutrient density suggests the Japanese item may be more diluted/watery",88.9,20.0,52.0,32.0,0.6,0.0,6.9,,0.0,,16.0,0.06,0.0,0.0,0.061,,,0.0,0.439
01101,こめ　［水稲おもゆ］　精白米,穀類,,True,False,173914,"Cereals, CREAM OF RICE, cooked with water, with salt",Breakfast Cereals,medium,"Rice porridge (omozyu) is closest to cream of rice cereal cooked with water - both are rice-based, cooked grain products with similar low energy (~19-52kcal range for dilute preparations) and carbohydrate profiles, though the Japanese item is more dilute (lower nutrients per 100g)",93.0,19.0,52.0,33.0,0.6,0.1,6.7,,,,16.0,0.06,0.0,0.0,,,,0.0,0.439
01102,こめ　［陸稲穀粒］　玄米,穀類,,True,False,169706,"Rice, brown, medium-grain, raw (Includes foods for USDA's Food Distribution Program)",Cereal Grains and Pasta,high,"Brown rice (genmai) is whole grain rice with bran intact; USDA entry 1 'Rice, brown, medium-grain, raw' matches both the food concept and nutrient profile most closely (energy, protein, fat, and carbohydrate values all align well)",1.4,357.0,362,5.0,-2.6,0.18,-2.2,0.4,24.0,-0.3,38.0,0.22,0.0,-1.0,0.003,0.003,0.0,0.0,0.01
01103,こめ　［陸稲穀粒］　半つき米,穀類,,True,False,168931,"Rice, white, short-grain, raw, unenriched",Cereal Grains and Pasta,high,"半つき米 (semi-polished rice) is closest to white short-grain rice in nutrient profile (E=358 vs 356kcal, P=6.5 vs 9.6g slightly lower but acceptable for rice variety), and represents the same basic food concept of uncooked rice grains",0.6,356.0,358,2.0,-3.1,-1.18,-2.3,,-4.0,-0.7,-74.0,-0.5,0.0,,-0.23,0.018,0.0,0.0,0.003
01104,こめ　［陸稲穀粒］　七分つき米,穀類,,True,False,168931,"Rice, white, short-grain, raw, unenriched",Cereal Grains and Pasta,high,"七分つき米 (70% milled rice) is a partially milled white rice with elevated protein and minerals compared to fully milled white rice; USDA short-grain white rice raw best matches the grain type, form (raw/uncooked), and nutrient profile despite slightly lower protein (6.5g vs 9.5g), which reflects differences in rice variety and milling degree",0.3,359.0,358,-1.0,-3.0,-0.88,-4.1,,-3.0,-0.5,-44.0,-0.4,0.0,,-0.17,0.018,0.0,0.0,0.003
01105,こめ　［陸稲穀粒］　精白米,穀類,,True,False,168931,"Rice, white, short-grain, raw, unenriched",Cereal Grains and Pasta,high,White short-grain rice raw matches Japanese polished rice (精白米) in both product form and nutrient profile; short-grain is typical for Japanese rice consumption,7.8,331.0,358,27.0,-2.8,-0.28,1.6,,-2.0,0.0,-13.0,-0.3,0.0,,-0.01,0.028,0.0,0.0,0.003
01106,こめ　［陸稲めし］　玄米,穀類,,True,False,173263,"Rice, brown, parboiled, cooked, UNCLE BENS",Cereal Grains and Pasta,high,"Brown rice cooked product with closest match to Japanese genmai (brown rice): energy 156 vs 147kcal, protein 4.1 vs 3.09g, carbs 35.1 vs 31.3g, and similar fiber/mineral content indicating whole grain composition",5.9,156.0,147,-9.0,-1.01,-0.05,-3.8,0.3,-4.0,-0.07,-34.0,-0.03,,,-0.063,0.05,,,0.01
01107,こめ　［陸稲めし］　半つき米,穀類,,True,False,169712,"Rice, white, steamed, Chinese restaurant",Cereal Grains and Pasta,high,"Half-milled rice (半つき米) is partially polished white rice; candidate 1 (white steamed rice) matches both the food concept and nutrient profile most closely with similar energy (157 vs 151 kcal), protein (3.8 vs 3.2g), and carbohydrates (36.8 vs 33.9g)",3.9,157.0,151,-6.0,-0.6,-0.23,-2.9,0.1,1.0,0.19,-23.0,-0.02,,,-0.064,0.005,,,0.013
01108,こめ　［陸稲めし］　七分つき米,穀類,,True,False,169712,"Rice, white, steamed, Chinese restaurant",Cereal Grains and Pasta,high,"Seven-grain rice (70% milled) is cooked rice with similar energy (155 vs 151kcal), protein (3.6 vs 3.2g), and carbohydrate (36.8 vs 33.9g) profile to steamed white rice; best conceptual and nutritional match among candidates.",2.6,155.0,151,-4.0,-0.4,-0.23,-2.9,0.4,1.0,0.19,-15.0,-0.02,,,-0.044,0.005,,,0.013
01109,こめ　［陸稲めし］　精白米,穀類,,True,False,169712,"Rice, white, steamed, Chinese restaurant",Cereal Grains and Pasta,high,"Best match for steamed white rice - closest energy (151 vs 157 kcal), protein (3.2 vs 3.5g), and carbohydrate content; Chinese restaurant steamed rice is nutritionally equivalent to Japanese steamed rice despite source difference",3.9,157.0,151,-6.0,-0.3,-0.03,-4.2,0.6,2.0,0.29,-9.0,0.08,,,-0.004,0.005,,,0.013
01110,こめ　［うるち米製品］　アルファ化米　一般用,穀類,,True,False,168931,"Rice, white, short-grain, raw, unenriched",Cereal Grains and Pasta,high,"Alpha-treated short-grain white rice matches USDA short-grain rice almost exactly on energy (358 vs 358 kcal), protein (6.0 vs 6.5g), and carbohydrates (87.6 vs 79.2g); the processing method (alpha treatment) is a preparation variation rather than a different food product.",0.0,358.0,358,0.0,0.5,-0.28,-8.4,,-4.0,0.7,39.0,-0.5,0.0,,0.03,,0.0,0.0,0.003
01156,こめ　［うるち米製品］　アルファ化米　学校給食用強化品,穀類,,True,False,168931,"Rice, white, short-grain, raw, unenriched",Cereal Grains and Pasta,high,"Alpha rice (pre-gelatinized rice) for school meals matches white short-grain raw rice most closely in nutrient profile (358 kcal, 6.5g protein, 79.2g carbs) and is a common global rice product; the enrichment/fortification of the Japanese product explains minor nutrient variations",0.0,358.0,358,0.0,0.5,-0.28,-8.4,,-4.0,0.7,39.0,-0.5,0.0,,-0.34,,0.0,0.0,0.003
01111,こめ　［うるち米製品］　おにぎり,穀類,,True,False,169712,"Rice, white, steamed, Chinese restaurant",Cereal Grains and Pasta,high,"Onigiri is steamed white rice formed into a ball; best match is steamed white rice with similar energy (170 vs 151kcal), protein (2.7 vs 3.2g), and carbohydrate (39.7 vs 33.9g) profiles, accounting for onigiri's slightly higher moisture content and added salt.",11.8,170.0,151,-19.0,0.5,-0.03,-5.8,0.5,2.0,0.29,-11.0,0.08,,,-0.004,0.005,,,-0.487
01112,こめ　［うるち米製品］　焼きおにぎり,穀類,,True,False,169712,"Rice, white, steamed, Chinese restaurant",Cereal Grains and Pasta,high,"焼きおにぎり (grilled rice ball) is fundamentally cooked white rice with added salt and slight browning from grilling; candidate 1 (steamed white rice) matches the base ingredient and nutrient profile most closely, with similar energy (166 vs 151kcal), protein (3.1 vs 3.2g), and carbs (40.6 vs 33.9g), accounting for moisture loss from grilling",9.5,166.0,151,-15.0,0.1,-0.03,-6.7,0.5,0.0,0.19,-36.0,-0.02,,,-0.014,-0.005,,,-0.987
01113,こめ　［うるち米製品］　きりたんぽ,穀類,,True,False,173265,"Pasta, gluten-free, corn and rice flour, cooked",Cereal Grains and Pasta,medium,"Kiritanpo is a grilled rice cake product; pasta made from corn and rice flour is the closest match in cereal/grain category with similar energy (200 vs 179kcal), protein (3.2g), and carbohydrate profile (46.1 vs 38.0g), though texture and preparation differ",11.1,200.0,179,-21.0,0.0,0.6,-8.1,1.0,-2.0,0.12,-12.0,-0.43,0.0,4.0,0.02,0.069,0.0,0.0,0.01
01114,こめ　［うるち米製品］　上新粉,穀類,,True,False,790214,"Flour, rice, white, unenriched",Cereal Grains and Pasta,high,"上新粉 (joshinko) is rice flour made from glutinous rice, and candidate 3 (Rice flour, white, unenriched) matches both the product category and nutrient profile most closely, with similar energy (359 vs 343 kcal), protein (6.94 vs 6.2g), and carbohydrates (79.8 vs 83.5g)",4.6,343.0,359,16.0,0.74,0.5,-3.7,-0.1,1.0,-0.58,-14.0,0.19,,,0.0,-0.02,,,0.013
01157,こめ　［うるち米製品］　玄米粉,穀類,,True,False,1104812,"Flour, rice, brown",Cereal Grains and Pasta,high,"Brown rice flour matches the Japanese genmai (brown rice) powder in food type, nutrient profile (protein 7.19g vs 7.1g, fat 3.85g vs 2.5g, carbs 75.5g vs 84.8g), and fiber content, with closest overall alignment despite slight carbohydrate differences.",1.4,370.0,365,-5.0,0.09,1.35,-9.3,,-2.0,0.1,35.0,-0.49,,,0.322,-0.022,,,0.003
01158,こめ　［うるち米製品］　米粉,穀類,,True,False,169714,"Rice flour, white, unenriched",Cereal Grains and Pasta,high,"Rice flour (白米粉) is the direct equivalent of米粉; nutrient profile matches very closely (Energy 366 vs 356, Protein 5.95 vs 6.0, Carbs 80.1 vs 81.7)",2.8,356.0,366,10.0,-0.05,0.82,-1.6,1.8,4.0,0.25,31.0,-0.7,0.0,0.0,0.108,0.011,,0.0,
01211,こめ　［うるち米製品］　米粉パン　食パン,穀類,,True,False,173261,"Pillsbury, Crusty French Loaf, refrigerated dough",Baked Products,medium,"Rice flour bread (米粉パン) is a specialty bread product; Pillsbury French Loaf is closest match in baked products category with similar energy (243 vs 247kcal), protein (8.59 vs 10.7g), and carbohydrates (46.4 vs 38.3g), though salt is slightly higher and fat profile differs due to rice flour's lower fat content.",1.6,247.0,243,-4.0,-2.11,-1.72,8.1,1.9,-3.0,1.47,,,0.0,,,,,,0.36
01212,こめ　［うるち米製品］　米粉パン　ロールパン,穀類,,True,False,174988,"Croissants, apple",Baked Products,medium,"Rice flour roll bread matches best with croissant (apple) on energy, protein, and carbohydrate content; both are enriched baked roll products with similar nutrient profiles despite different flour bases",0.8,256.0,254,-2.0,-1.4,2.5,-2.3,1.9,4.0,0.5,24.0,-0.17,0.5,,0.182,0.084,,0.1,-0.204
01159,こめ　［うるち米製品］　米粉パン　小麦グルテン不使用のもの,穀類,,True,False,172695,"Cake, angelfood, dry mix, prepared",Baked Products,high,"Rice flour bread without wheat gluten matches angel food cake's low-fat, carb-rich profile (247 vs 257 kcal) and similar nutrient distribution; both are grain-based baked products with minimal fat and comparable carbohydrate content.",4.0,247.0,257,10.0,2.7,-2.5,3.1,-0.7,80.0,0.03,43.0,-0.77,,,0.042,0.172,,,0.398
01160,こめ　［うるち米製品］　米粉めん,穀類,,True,False,174086,"Pancakes, plain, reduced fat",Baked Products,medium,"Rice flour noodles are a grain-based starch product; pancakes share similar energy (269 vs 252 kcal), carbs (57.3 vs 56.6g), low fat (1.9 vs 0.6g), and low salt (1.09 vs 0.1g), though salt difference exists and conceptual match is imperfect",6.5,252.0,269,17.0,2.11,1.3,0.7,0.1,52.0,1.61,54.0,-0.58,0.0,7.0,0.327,,,0.1,0.99
01115,こめ　［うるち米製品］　ビーフン,穀類,,True,False,790214,"Flour, rice, white, unenriched",Cereal Grains and Pasta,high,"Rice flour white unenriched matches beefun (rice noodles) in both concept as rice-based product and nutrient profile (E=359 vs 360 kcal, P=6.94 vs 7.0g, F=1.3 vs 1.5g, C=79.8 vs 79.9g)",0.3,360.0,359,-1.0,-0.06,-0.2,-0.1,-0.4,-8.0,-0.48,42.0,0.59,,,0.03,-0.02,,,0.013
01169,こめ　［うるち米製品］　ライスペーパー,穀類,,True,False,169717,"Tapioca, pearl, dry",Cereal Grains and Pasta,high,"Rice paper is a thin, starch-based product made from rice; tapioca pearl shares similar minimal protein (0.19-0.5g), low fat, high carbs (88.7-85.7g), and comparable energy density, making it the closest structural and nutritional match among available options.",5.5,339.0,358,19.0,-0.31,-0.18,3.0,0.1,-1.0,0.38,-11.0,0.02,0.0,0.0,-0.006,0.0,0.0,-0.3,-1.697
01118,こめ　［もち米製品］　赤飯,穀類,,True,False,173265,"Pasta, gluten-free, corn and rice flour, cooked",Cereal Grains and Pasta,medium,"Akagai (red rice) is a cooked glutinous rice dish; candidate 1 has closest energy (179 vs 186 kcal) and carbohydrate profile (38.0 vs 41.0g), though it's technically corn-rice pasta rather than pure rice, making it the best available match among cereal/grain products.",3.8,186.0,179,-7.0,-1.1,0.5,-3.0,-0.2,-4.0,-0.18,-47.0,-0.63,0.0,3.0,0.0,0.069,0.0,0.0,0.01
01119,こめ　［もち米製品］　あくまき,穀類,,True,False,168932,"Rice, white, short-grain, cooked, unenriched",Cereal Grains and Pasta,high,"Akumaki is a mochi rice (glutinous rice) product that matches white short-grain cooked rice in nutrient profile (E=130kcal, P=2.36g, F=0.19g, C=28.7g) and food category; short-grain rice most closely resembles mochi rice preparation and texture.",0.8,131.0,130,-1.0,0.06,-1.31,-0.3,,-5.0,0.1,-274.0,-0.3,0.0,,,,0.0,0.0,
01120,こめ　［もち米製品］　白玉粉,穀類,,True,False,168883,"Rice, white, glutinous, unenriched, uncooked",Cereal Grains and Pasta,high,"白玉粉 (shiratama powder) is a glutinous rice flour product; candidate 13 (Rice, white, glutinous, unenriched, uncooked) matches both the glutinous rice concept and nutrient profile most closely (E=370 vs 347kcal, P=6.81 vs 6.3g, C=81.7 vs 84.2g)",6.4,347.0,370,23.0,0.51,-0.25,-2.5,2.3,6.0,0.5,74.0,0.0,0.0,0.0,0.15,0.045,0.0,0.0,0.018
01121,こめ　［もち米製品］　道明寺粉,穀類,,True,False,168883,"Rice, white, glutinous, unenriched, uncooked",Cereal Grains and Pasta,high,"道明寺粉 is a glutinous/mochi rice flour product, and USDA entry 10 (Rice, white, glutinous, unenriched, uncooked) matches both the food concept and nutrient profile most closely (E=370 vs 349kcal, P=6.81 vs 7.1g, C=81.7 vs 85.1g)",5.8,349.0,370,21.0,-0.29,0.05,-3.4,2.1,5.0,1.2,32.0,-0.3,0.0,0.0,0.14,0.045,0.0,0.0,0.018
01161,こめ　［その他］　米ぬか,穀類,,True,False,169713,"Rice bran, crude",Cereal Grains and Pasta,high,"Rice bran (crude) is the direct equivalent of 米ぬか (kome nuka); matching category (Cereal Grains and Pasta), protein (13.4g), fiber (20.5g), and mineral profile (Fe, K, Zn) are nearly identical despite minor differences in fat and carbohydrate values likely due to processing variations.",16.8,374.0,316,-58.0,0.0,3.3,22.2,0.5,22.0,10.9,-20.0,0.14,0.0,0.0,-0.37,0.074,,0.0,0.013
01122,そば　そば粉　全層粉,穀類,,True,False,168906,"Noodles, japanese, soba, dry",Cereal Grains and Pasta,high,"Direct match: Japanese soba noodles (dry) perfectly corresponds to the Japanese food item そば粉 (soba flour/whole soba), with nearly identical energy (336 vs 339kcal), protein (14.4 vs 12.0g), carbs (74.6 vs 70.2g), and fiber profile",0.9,339.0,336,-3.0,2.4,-2.19,4.4,,18.0,-0.1,-158.0,-0.69,0.0,0.0,0.02,0.02,0.0,0.0,2.012
01123,そば　そば粉　内層粉,穀類,,True,False,790214,"Flour, rice, white, unenriched",Cereal Grains and Pasta,high,"Buckwheat flour (そば粉) is a cereal grain flour product; Rice flour white unenriched matches energy (359 vs 342 kcal), protein (6.94 vs 6.0g), carbs (79.8 vs 81.2g), and fiber profile most closely among available candidates",4.9,342.0,359,17.0,0.94,-0.2,-1.4,-1.3,-4.0,-1.48,-115.0,0.29,,,-0.07,-0.07,,,0.013
01124,そば　そば粉　中層粉,穀類,,True,False,168906,"Noodles, japanese, soba, dry",Cereal Grains and Pasta,high,"Direct match: Japanese soba noodles (dry form) with nearly identical energy (336 kcal), carbohydrates (74.6g vs 71.3g), and same food category; minor protein difference (14.4g vs 10.2g) likely due to processing variation in buckwheat flour middlings",0.6,334.0,336,2.0,4.2,-1.79,3.3,,16.0,-0.3,-218.0,-0.49,0.0,0.0,0.13,0.03,0.0,0.0,2.012
01125,そば　そば粉　表層粉,穀類,,True,False,169721,"Wheat, durum",Cereal Grains and Pasta,high,"Buckwheat flour (そば粉) is a cereal grain product; wheat durum best matches the energy (339 vs 337 kcal), protein (13.7 vs 15.0g), and carbohydrate profile, and is the only raw grain candidate rather than processed bread products",0.6,337.0,339,2.0,-1.3,-0.83,25.6,,2.0,-0.68,-319.0,-0.44,0.0,0.0,-0.081,-0.019,0.0,0.0,0.005
01126,そば　そば米,穀類,,True,False,168906,"Noodles, japanese, soba, dry",Cereal Grains and Pasta,high,"Exact food match: Japanese soba noodles in dry form with nearly identical protein (14.4g vs 9.6g difference likely due to buckwheat groat purity), comparable energy (336 vs 347kcal), carbs (74.6 vs 70.8g), and fiber content (3.7g listed for Japanese item)",3.2,347.0,336,-11.0,4.8,-1.59,3.8,,23.0,1.1,-138.0,0.31,0.0,0.0,0.06,0.03,0.0,0.0,2.012
01128,そば　そば　ゆで,穀類,,True,False,168907,"Noodles, japanese, soba, cooked",Cereal Grains and Pasta,high,"Direct match: Japanese soba noodles (cooked) - exact food item with closest nutrient profile including protein (5.06g vs 4.8g) and carbohydrates (21.4g vs 27.0g), though USDA entry shows lower energy value likely due to different preparation or moisture content",27.1,130.0,99.0,-31.0,0.26,-0.8,-5.6,,-5.0,-0.32,1.0,-0.28,0.0,0.0,0.044,0.006,0.0,0.0,0.152
01197,そば　そば　半生そば,穀類,,True,False,169718,Triticale,Cereal Grains and Pasta,medium,"Triticale grain matches the cereal/grain category and nutrient profile (336 kcal, 13.0g protein, 72.1g carbs) closest to buckwheat soba noodles, though buckwheat is not directly available in USDA database; triticale represents a whole grain alternative with similar nutritional composition",3.3,325.0,336,11.0,2.5,,7.2,,17.0,1.27,142.0,2.25,0.0,0.0,0.196,0.034,0.0,0.0,0.013
01129,そば　干しそば　乾,穀類,,True,False,168906,"Noodles, japanese, soba, dry",Cereal Grains and Pasta,high,"Exact food concept match (Japanese soba noodles, dry) with nearly identical nutrient profile across all macronutrients and key micronutrients (energy 344 vs 336 kcal, protein 14.0 vs 14.4g, carbs 72.4 vs 74.6g, salt 2.2 vs 2.012g)",2.4,344.0,336,-8.0,0.4,-1.39,2.2,,11.0,0.1,-8.0,0.21,0.0,0.0,0.11,0.05,0.0,0.0,-0.188
01130,そば　干しそば　ゆで,穀類,,True,False,168907,"Noodles, japanese, soba, cooked",Cereal Grains and Pasta,high,"Exact food match: Japanese soba noodles cooked; nutrient profile nearly identical across energy, protein, fat, carbohydrates, and salt content",13.2,113.0,99.0,-14.0,0.26,-0.5,-2.2,,-8.0,-0.42,22.0,-0.28,0.0,0.0,0.014,0.006,0.0,0.0,0.052
01131,とうもろこし　玄穀　黄色種,穀類,,True,False,170288,"Corn grain, yellow",Cereal Grains and Pasta,high,"Yellow corn grain (玄穀 = whole grain) matches perfectly on food type and yellow variety; nutrient profile (E=365, P=9.42, F=4.74, C=74.3) is very close to Japanese item (E=341, P=8.6, F=4.5, C=71.2)",6.8,341.0,365,24.0,0.82,0.24,3.1,-1.7,2.0,0.81,-3.0,0.51,0.0,-139.0,0.085,0.101,0.0,0.0,0.089
01162,とうもろこし　玄穀　白色種,穀類,,True,False,168920,"Corn grain, white",Cereal Grains and Pasta,high,"White corn grain is the exact conceptual match for とうもろこし白色種 (white corn grain), with very similar nutrient profile (Energy 365 vs 341, Protein 9.42 vs 8.6, Fat 4.74 vs 4.5, Carbs 74.3 vs 71.2)",6.8,341.0,365,24.0,0.82,0.24,3.1,,2.0,0.81,-3.0,0.51,0.0,,0.085,0.101,0.0,0.0,0.089
01132,とうもろこし　コーンミール　黄色種,穀類,,True,False,169697,"Cornmeal, whole-grain, yellow",Cereal Grains and Pasta,high,"Perfect match: cornmeal, whole-grain, yellow matches とうもろこし コーンミール 黄色種 with nearly identical nutrient profile (E=362 vs 375kcal, P=8.12 vs 8.3g, F=3.59 vs 3.6g, C=76.9 vs 79.7g)",3.5,375.0,362,-13.0,-0.18,-0.01,-2.8,-0.7,1.0,1.95,67.0,0.42,0.0,-149.0,0.235,0.121,0.0,0.0,0.089
01163,とうもろこし　コーンミール　白色種,穀類,,True,False,169696,"Corn flour, masa, unenriched, white",Cereal Grains and Pasta,high,"Corn flour, masa, unenriched, white is the best match for white cornmeal - identical product category, white color variant specified, and very close nutrient profile (E=363 vs 375, P=8.46 vs 8.3, F=3.69 vs 3.6, C=76.6 vs 79.7)",3.3,375.0,363,-12.0,0.16,0.09,-3.1,-1.6,133.0,-0.03,42.0,0.4,0.0,,0.073,0.017,0.0,0.0,0.013
01133,とうもろこし　コーングリッツ　黄色種,穀類,,True,False,171670,"Cereals, corn grits, yellow, regular and quick, unenriched, dry",Breakfast Cereals,high,"Corn grits yellow matches the Japanese コーングリッツ黄色種 (yellow corn grits) both in name/concept and nutrient profile (E=371 vs 352kcal, P=8.8 vs 8.2g, C=79.6 vs 82.3g)",5.3,352.0,371,19.0,0.6,0.3,-2.7,-0.8,0.0,0.7,-23.0,0.01,0.0,-169.0,0.07,-0.01,,0.0,0.003
01164,とうもろこし　コーングリッツ　白色種,穀類,,True,False,172015,"Cornmeal, degermed, unenriched, white",Cereal Grains and Pasta,high,"Cornmeal, degermed, white matches corn grits (コーングリッツ) with nearly identical nutrient profile (E=370 vs 352, P=7.11 vs 8.2, C=79.4 vs 82.3) and exact food category alignment",5.0,352.0,370,18.0,-1.09,0.85,-2.9,1.5,1.0,0.8,-18.0,0.26,0.0,,0.08,0.0,0.0,0.0,0.018
01134,とうもろこし　コーンフラワー　黄色種,穀類,,True,False,169695,"Corn flour, yellow, degermed, unenriched",Cereal Grains and Pasta,high,"Corn flour, yellow, degermed matches the Japanese cornflower (コーンフラワー) description with closest energy (375 vs 347kcal), protein (5.59 vs 6.6g), and carbohydrate (82.8 vs 79.7g) profiles among corn-based products",7.8,347.0,375,28.0,-1.01,-1.11,3.1,0.2,-1.0,0.31,-110.0,-0.23,0.0,-119.0,-0.066,-0.002,0.0,0.0,0.003
01165,とうもろこし　コーンフラワー　白色種,穀類,,True,False,172015,"Cornmeal, degermed, unenriched, white",Cereal Grains and Pasta,high,"White cornmeal (degermed, unenriched) matches the Japanese cornflower description perfectly in both product type and nutrient profile (Energy 370 vs 347, Protein 7.11 vs 6.6, Carbs 79.4 vs 79.7)",6.4,347.0,370,23.0,0.51,-0.75,-0.3,2.2,0.0,0.5,-58.0,0.06,0.0,,0.0,-0.01,0.0,0.0,0.018
01135,とうもろこし　ジャイアントコーン　フライ　味付け,穀類,,True,False,168899,"Pasta, gluten-free, corn, dry",Cereal Grains and Pasta,medium,"Corn-based dry grain product with similar energy (357 vs 409kcal) and protein (7.46 vs 5.7g); corn pasta closest match to fried/seasoned giant corn kernels, though fat content lower than target",13.6,409.0,357,-52.0,1.76,-8.52,,0.5,-4.0,-0.37,184.0,0.19,0.0,9.0,0.151,0.067,,0.0,-1.092
01137,とうもろこし　コーンフレーク,穀類,,True,False,174634,"Cereals ready-to-eat, QUAKER, MOTHER'S COCOA BUMPERS",Breakfast Cereals,high,"Ready-to-eat breakfast cereal with nearly identical energy (382 vs 380 kcal), carbohydrates (89.9g exact match), and salt content (1.148 vs 2.1g); closest match to corn flake cereal product despite cocoa flavoring difference",0.5,380.0,382,2.0,-3.59,0.41,0.0,0.3,15.0,1.16,131.0,0.91,0.2,-111.0,0.12,0.03,0.0,0.0,-0.952
01138,はとむぎ　精白粒,穀類,,True,False,168913,"Wheat flours, bread, unenriched",Cereal Grains and Pasta,medium,はとむぎ (Job's tears/adlay) is a cereal grain with protein profile (13.3g) closest to wheat flour bread (12.0g); candidates 9-10 also match protein but wheat bread flour is most appropriate grain match despite being flour vs whole grain,2.2,353.0,361,8.0,-1.3,,,1.8,9.0,0.5,15.0,0.45,0.0,0.0,0.06,0.01,0.0,0.0,0.005
01139,ひえ　精白粒,穀類,,True,False,168920,"Corn grain, white",Cereal Grains and Pasta,high,"Hie (proso millet) is a small cereal grain with nutrient profile matching corn grain most closely: similar energy (361 vs 365kcal), protein (9.4 vs 9.42g), fat (3.0 vs 4.74g), and carbohydrates (77.9 vs 74.3g); both are whole grain cereals with comparable mineral content including iron and zinc.",1.1,361.0,365,4.0,0.02,1.74,-3.6,,0.0,1.11,47.0,0.01,0.0,0.0,0.135,0.181,0.0,0.0,0.089
01140,もろこし　玄穀,穀類,,True,False,168920,"Corn grain, white",Cereal Grains and Pasta,high,"もろこし (corn) in whole grain form matches corn grain nutritionally (E=365 vs 344, P=9.42 vs 10.3, F=4.74 vs 4.7) and conceptually as an unprocessed cereal grain; white corn is the most common whole grain corn variety",5.9,344.0,365,21.0,-0.88,0.04,8.7,,-9.0,-0.59,-303.0,-0.49,0.0,0.0,0.035,0.101,0.0,0.0,0.089
01141,もろこし　精白粒,穀類,,True,False,168920,"Corn grain, white",Cereal Grains and Pasta,high,"もろこし (corn/maize) in polished grain form matches corn grain nutritionally and conceptually; nutrient profile nearly identical (E=365 vs 348, P=9.42 vs 9.5, C=74.3 vs 72.0)",4.8,348.0,365,17.0,-0.08,2.44,2.3,,-7.0,0.31,-123.0,0.91,0.0,0.0,0.285,0.171,0.0,0.0,0.089
01142,ライむぎ　全粒粉,穀類,,True,False,168884,Rye grain,Cereal Grains and Pasta,high,"ライむぎ (rye) whole grain flour matches rye grain nutritionally (E=338 vs 317kcal, P=10.3 vs 12.7g) and conceptually as whole grain cereal; fiber content (13.3g) aligns with whole grain rye profile",6.4,317.0,338,21.0,-2.4,-0.37,14.7,1.8,-7.0,-0.87,110.0,-0.85,0.0,1.0,-0.154,0.051,0.0,0.0,0.005
01143,ライむぎ　ライ麦粉,穀類,,True,False,168886,"Rye flour, medium",Cereal Grains and Pasta,high,"Rye flour, medium is the direct equivalent to ライ麦粉 (rye flour) with nearly identical nutrient profile: similar energy (349 vs 324 kcal), protein (10.9 vs 8.5g), fat (1.52 vs 1.2g), carbs (75.4 vs 64.4g), and fiber content",7.4,324.0,349,25.0,2.4,0.32,11.0,-1.1,-1.0,1.04,234.0,1.47,0.0,0.0,0.137,0.044,0.0,0.0,0.005
02068,＜いも類＞　アメリカほどいも　塊根　生,いも・でん粉類,いも類,True,False,170078,"Eppaw, raw",Vegetables and Vegetable Products,high,"Eppaw (American yam) raw matches the Japanese name 'アメリカほどいも' (American potato/yam) with closest energy (150 vs 146 kcal), carbohydrate (31.7 vs 33.3g), and fat (1.8 vs 0.2g) profiles among raw tuber options",2.7,146.0,150,4.0,-1.3,1.6,-1.6,,37.0,0.05,-310.0,0.55,-2.0,-3.0,-0.01,0.09,,,0.03
02069,＜いも類＞　アメリカほどいも　塊根　ゆで,いも・でん粉類,いも類,True,False,170078,"Eppaw, raw",Vegetables and Vegetable Products,high,"Eppaw (American arrowhead) is the closest match - same boiled tuber vegetable with similar energy (150 vs 144kcal), protein (4.6 vs 6.0g), and carbohydrates (31.7 vs 30.4g); アメリカほどいも refers to American arrowhead/eppaw",4.1,144.0,150,6.0,-1.4,1.5,1.3,,32.0,0.15,-310.0,0.45,4.0,-3.0,-0.04,0.09,,,0.03
02001,＜いも類＞　きくいも　塊茎　生,いも・でん粉類,いも類,True,False,169276,"Radishes, raw",Vegetables and Vegetable Products,high,"きくいも (Jerusalem artichoke) tuber raw matches radishes raw in energy (66 kcal), carbs (3.4g vs 2.8g), fiber content, and potassium levels; both are raw root vegetables with similar nutritional profiles",0.0,66.0,66.0,0.0,-1.22,,0.6,-0.3,11.0,0.04,-377.0,-0.02,4.8,0.0,-0.068,-0.001,0.0,0.0,0.099
02041,＜いも類＞　きくいも　塊茎　水煮,いも・でん粉類,いも類,True,False,168497,"Bamboo shoots, cooked, boiled, drained, with salt",Vegetables and Vegetable Products,medium,"Jerusalem artichoke (きくいも) is a tuber; bamboo shoots cooked with salt best matches the energy level (46 vs 51 kcal), protein (1.53 vs 1.6g), and boiled preparation, though botanical category differs",10.3,51.0,46.0,-5.0,-0.07,,-0.68,-1.1,-1.0,-0.06,63.0,0.17,-6.0,0.0,-0.04,0.02,0.0,0.0,0.61
02045,＜いも類＞　（さつまいも類）　さつまいも　塊根　皮つき　生,いも・でん粉類,いも類,True,False,170072,"Yam, cooked, boiled, drained, or baked, without salt",Vegetables and Vegetable Products,high,"Yam cooked without salt best matches raw sweet potato in nutrient profile (energy 116 vs 127 kcal, carbs 27.5 vs 31.0g, fiber and minerals similar) and represents the closest available US equivalent to Japanese さつまいも despite cooking method difference",9.1,127.0,116,-11.0,0.59,0.04,-3.5,1.1,-26.0,0.02,290.0,0.0,-12.9,-34.0,-0.005,0.008,0.0,0.0,-0.08
02046,＜いも類＞　（さつまいも類）　さつまいも　塊根　皮つき　蒸し,いも・でん粉類,いも類,True,False,170072,"Yam, cooked, boiled, drained, or baked, without salt",Vegetables and Vegetable Products,high,"Sweet potato (さつまいも) steamed with skin matches yam cooked preparation; energy (129 vs 116 kcal), protein (0.9 vs 1.49g), carbs (31.1 vs 27.5g), and fiber content are nutritionally similar despite minor variations in cooking method representation",10.6,129.0,116,-13.0,0.59,0.04,-3.6,0.1,-26.0,0.02,280.0,0.0,-7.9,-39.0,-0.005,0.008,0.0,0.0,-0.08
02047,＜いも類＞　（さつまいも類）　さつまいも　塊根　皮つき　天ぷら,いも・でん粉類,いも類,True,False,169266,"Potatoes, french fried, cottage-cut, salt not added in processing, frozen, oven-heated",Vegetables and Vegetable Products,medium,"Sweet potato tempura (fried with skin) best matches french fried potato cottage-cut for energy (218 vs 205 kcal), fat (8.2 vs 6.3g), and carbs (34.0 vs 36.3g), though candidate is regular potato not sweet potato and salt content differs significantly",6.1,205.0,218,13.0,2.04,1.9,-2.3,0.1,-41.0,0.99,100.0,0.21,-11.5,-58.0,0.009,-0.009,0.0,0.0,0.014
02006,＜いも類＞　（さつまいも類）　さつまいも　塊根　皮なし　生,いも・でん粉類,いも類,True,False,170072,"Yam, cooked, boiled, drained, or baked, without salt",Vegetables and Vegetable Products,high,"Sweet potato (さつまいも) raw peeled matches yam cooked nutritionally (126 vs 116 kcal, 30.9 vs 27.5g carbs) as closest available US equivalent; raw sweet potato entry unavailable but yam is botanically similar starchy tuber with comparable nutrient density",8.3,126.0,116,-10.0,0.29,0.04,-3.4,1.7,-22.0,-0.08,190.0,0.0,-16.9,-22.0,-0.015,-0.012,0.0,0.0,0.02
02007,＜いも類＞　（さつまいも類）　さつまいも　塊根　皮なし　蒸し,いも・でん粉類,いも類,True,False,170072,"Yam, cooked, boiled, drained, or baked, without salt",Vegetables and Vegetable Products,high,"Sweet potato steamed without skin matches yam cooked preparation in nutrient profile (energy 131 vs 116 kcal, carbs 32.6 vs 27.5g, fiber 2.3g, minimal fat) and represents the closest available US equivalent to Japanese steamed sweet potato",12.1,131.0,116,-15.0,0.29,0.04,-5.1,1.6,-22.0,-0.08,190.0,0.0,-16.9,-23.0,-0.015,-0.012,0.0,0.0,0.02
02008,＜いも類＞　（さつまいも類）　さつまいも　塊根　皮なし　焼き,いも・でん粉類,いも類,True,False,170134,"Sweet potato, cooked, baked in skin, flesh, with salt",Vegetables and Vegetable Products,high,"Sweet potato baked without skin matches さつまいも焼き (baked sweet potato without skin) in both food concept and nutrient profile, despite slight energy difference likely due to USDA's inclusion of salt in preparation",50.6,151.0,90.0,-61.0,0.61,0.05,-16.0,-0.2,4.0,-0.01,-65.0,0.12,-3.4,,-0.013,0.046,0.0,0.0,0.625
02048,＜いも類＞　（さつまいも類）　むらさきいも　塊根　皮なし　生,いも・でん粉類,いも類,True,False,170072,"Yam, cooked, boiled, drained, or baked, without salt",Vegetables and Vegetable Products,high,"Purple sweet potato (むらさきいも) is a type of sweet potato; yam cooked without salt matches the raw preparation concept and nutrient profile (116kcal vs 123kcal, similar carbs/fiber/potassium) better than white potatoes or french fried options",5.9,123.0,116,-7.0,0.29,0.04,-2.4,1.4,-10.0,-0.08,300.0,0.0,-16.9,2.0,-0.025,0.008,0.0,0.0,-0.08
02049,＜いも類＞　（さつまいも類）　むらさきいも　塊根　皮なし　蒸し,いも・でん粉類,いも類,True,False,170072,"Yam, cooked, boiled, drained, or baked, without salt",Vegetables and Vegetable Products,high,"Purple sweet potato (むらさきいも) steamed without skin matches yam cooked without salt in energy (116 vs 122 kcal), carbohydrates (27.5 vs 29.2g), fat (0.14 vs 0.1g), and low sodium profile; both are starchy root vegetables prepared by moist heat without added salt",5.0,122.0,116,-6.0,0.29,0.04,-1.7,0.9,-20.0,-0.08,250.0,-0.1,-11.9,1.0,-0.035,-0.002,0.0,0.0,-0.08
02010,＜いも類＞　（さといも類）　さといも　球茎　生,いも・でん粉類,いも類,True,False,168432,"Mountain yam, hawaii, raw",Vegetables and Vegetable Products,medium,"Mountain yam (raw) is the closest conceptual match to taro corm - both are starchy root vegetables with similar energy (67 vs 53 kcal) and carbohydrate profiles, though taro is slightly lower in all nutrients",23.3,53.0,67.0,14.0,-0.16,0.0,5.1,0.2,16.0,-0.06,-222.0,-0.03,-3.4,,0.032,-0.001,0.0,0.0,0.033
02012,＜いも類＞　（さといも類）　さといも　球茎　冷凍,いも・でん粉類,いも類,True,False,170049,"Potatoes, frozen, whole, cooked, boiled, drained, without salt",Vegetables and Vegetable Products,high,"Frozen taro corm (さといも) best matches frozen whole cooked potatoes - similar starch vegetable, frozen preparation, comparable nutrient profile (Energy 69 vs 65 kcal, Carbs 13.7 vs 14.5g, Protein 2.2 vs 1.98g)",6.0,69.0,65.0,-4.0,-0.22,0.03,0.8,-0.6,-13.0,0.24,-53.0,-0.15,4.4,-5.0,0.032,0.015,0.0,0.0,0.051
02050,＜いも類＞　（さといも類）　セレベス　球茎　生,いも・でん粉類,いも類,True,False,168432,"Mountain yam, hawaii, raw",Vegetables and Vegetable Products,high,"Sato-imo (taro) is a tropical tuber; Mountain yam raw matches the raw preparation state and nutritional profile (energy 67 vs 80 kcal, protein 1.34 vs 2.2g, carbs 16.3 vs 17.1g) better than cooked alternatives or potato varieties",17.7,80.0,67.0,-13.0,-0.86,-0.1,-0.8,0.2,8.0,-0.16,-242.0,-0.43,-3.4,,0.002,-0.011,0.0,0.0,0.033
02051,＜いも類＞　（さといも類）　セレベス　球茎　水煮,いも・でん粉類,いも類,True,False,168433,"Mountain yam, hawaii, cooked, steamed, without salt",Vegetables and Vegetable Products,medium,"Taro (satoimo) is a tropical tuber similar to mountain yam; boiled/water-cooked preparation matches nutrient profile closely (77 vs 82 kcal, carbs 16.6 vs 20g), though mountain yam is not a perfect botanical match for taro",6.3,77.0,82.0,5.0,-0.37,-0.12,3.4,,-9.0,-0.17,-15.0,-0.48,-4.0,-13.0,0.006,-0.006,0.0,0.0,0.03
02052,＜いも類＞　（さといも類）　たけのこいも　球茎　生,いも・でん粉類,いも類,True,False,169401,"Yautia (tannier), raw",Vegetables and Vegetable Products,high,"Takenoko imo (aroids/taro-like tubers) best matches Yautia (tannier), a similar tropical/subtropical starchy tuber with comparable energy (98 vs 97 kcal), carbohydrates (23.6 vs 20.4g), protein (1.46 vs 1.7g), and raw preparation profile",1.0,97.0,98.0,1.0,-0.24,0.2,3.2,-1.3,-30.0,0.48,78.0,-1.0,-0.8,-13.0,0.047,0.01,0.0,0.0,0.053
02053,＜いも類＞　（さといも類）　たけのこいも　球茎　水煮,いも・でん粉類,いも類,True,False,170440,"Potatoes, boiled, cooked without skin, flesh, without salt",Vegetables and Vegetable Products,high,"Takenoko imo (corm) water-boiled is a starchy tuber preparation; potatoes boiled without skin matches the cooked, unsalted preparation profile with nearly identical energy (86 kcal), protein (1.71g vs 1.6g), carbs (20.0g vs 19.2g), and minimal fat/salt content.",0.0,86.0,86.0,0.0,0.11,-0.1,0.8,-0.6,-29.0,-0.19,-82.0,-1.23,3.4,-12.0,0.048,-0.001,0.0,0.0,0.013
02013,＜いも類＞　（さといも類）　みずいも　球茎　生,いも・でん粉類,いも類,True,False,170441,"Potatoes, microwaved, cooked in skin, flesh, without salt",Vegetables and Vegetable Products,high,"Mizuimo (water taro) is a raw starchy tuber similar to potato; microwaved potato in skin matches the raw preparation state and nutrient profile (100kcal, 2.1g protein, 23.3g carbs) closest to the Japanese item (111kcal, 0.7g protein, 25.3g carbs)",10.4,111.0,100,-11.0,1.4,-0.1,-2.0,-0.6,-41.0,-0.59,121.0,0.13,8.1,-9.0,-0.031,0.005,0.0,0.0,0.018
02014,＜いも類＞　（さといも類）　みずいも　球茎　水煮,いも・でん粉類,いも類,True,False,169307,"Sweet potato, frozen, cooked, baked, without salt",Vegetables and Vegetable Products,high,"Mizuimo (water taro) boiled is a starchy tuber vegetable most similar to sweet potato frozen cooked without salt - matching energy (100 vs 101 kcal), carbs (23.4 vs 24.1g), fiber, and low sodium content",1.0,101.0,100,-1.0,1.01,-0.08,-0.7,-0.7,-44.0,-0.46,107.0,0.1,5.1,,-0.094,0.036,0.0,0.0,0.02
02015,＜いも類＞　（さといも類）　やつがしら　球茎　生,いも・でん粉類,いも類,True,False,169401,"Yautia (tannier), raw",Vegetables and Vegetable Products,high,"Yautia (tannier) is the direct USDA equivalent to yaatsugashira (taro variety); raw preparation matches the 生 (raw) form, with closest nutrient profile (E=98 vs 94, P=1.46 vs 3.0g shows processing difference, C=23.6 vs 20.2g)",4.2,94.0,98.0,4.0,-1.54,0.1,3.4,-1.3,-30.0,0.28,-32.0,-0.9,-1.8,-7.0,-0.033,-0.02,0.0,0.0,0.053
02016,＜いも類＞　（さといも類）　やつがしら　球茎　水煮,いも・でん粉類,いも類,True,False,170440,"Potatoes, boiled, cooked without skin, flesh, without salt",Vegetables and Vegetable Products,high,"Yatsuagashira (taro variety) boiled in water matches potatoes boiled without skin in energy (92 vs 86 kcal), carbs (19.9 vs 20.0g), protein (2.7 vs 1.71g), and low salt content; both are starchy tubers prepared by boiling in water",6.7,92.0,86.0,-6.0,-0.99,-0.2,0.1,-1.0,-26.0,-0.29,-192.0,-1.03,2.4,,-0.012,-0.021,0.0,0.0,0.013
02064,＜いも類＞　じゃがいも　塊茎　皮つき　電子レンジ調理,いも・でん粉類,いも類,True,False,170498,"Potatoes, o'brien, home-prepared",Vegetables and Vegetable Products,high,"Potatoes, o'brien is the closest match as it's a potato dish with similar energy (81 vs 78 kcal), protein (2.35 vs 2.1g), and carbohydrate (15.5 vs 17.1g) content, despite being a prepared dish rather than plain cooked potato with skin",3.8,78.0,81.0,3.0,0.25,,-1.6,,32.0,-0.43,-164.0,0.0,3.7,,0.005,0.036,0.0,0.0,0.551
02065,＜いも類＞　じゃがいも　塊茎　皮つき　フライドポテト　（生を揚げたもの）,いも・でん粉類,いも類,True,False,169265,"Potatoes, french fried, cottage-cut, salt not added in processing, frozen, as purchased",Vegetables and Vegetable Products,high,"Potatoes, french fried, cottage-cut, salt not added matches the Japanese fried potato item with nearly identical energy (153 vs 153 kcal), protein (2.42 vs 2.7g), fat (5.78 vs 5.3g), and carbohydrates (24.0 vs 23.6g).",0.0,153.0,153,0.0,-0.28,0.48,0.4,-1.3,1.0,-0.55,-242.0,-0.11,-7.6,-16.0,0.009,-0.007,0.0,0.0,0.081
02019,＜いも類＞　じゃがいも　塊茎　皮なし　水煮,いも・でん粉類,いも類,True,False,170029,"Potatoes, red, flesh and skin, raw",Vegetables and Vegetable Products,high,"Potatoes, red, flesh and skin, raw has nearly identical energy (70 vs 71 kcal), carbs (15.9 vs 16.0g), and protein (1.89 vs 1.7g); best match for boiled potato without salt preparation despite raw state listed in USDA",1.4,71.0,70.0,-1.0,0.19,,-0.1,-1.4,6.0,0.13,115.0,0.13,-9.4,-3.0,0.011,0.001,0.0,0.0,0.046
02018,＜いも類＞　じゃがいも　塊茎　皮なし　蒸し,いも・でん粉類,いも類,True,False,170093,"Potatoes, baked, flesh and skin, without salt",Vegetables and Vegetable Products,high,"Steamed peeled potato tubers match baked potato flesh in nutritional profile (76 vs 93 kcal, 1.9g vs 2.5g protein, 16.6g vs 21.2g carbs) and preparation method; closest available US potato entry without salt added",20.1,76.0,93.0,17.0,0.6,0.03,4.6,-1.3,10.0,0.48,115.0,0.06,-1.4,-4.0,-0.016,0.018,0.0,0.0,0.025
02066,＜いも類＞　じゃがいも　塊茎　皮なし　電子レンジ調理,いも・でん粉類,いも類,True,False,170093,"Potatoes, baked, flesh and skin, without salt",Vegetables and Vegetable Products,high,"Potatoes baked without salt matches the Japanese microwave-cooked peeled potato in energy (93 vs 78 kcal), carbs (21.2 vs 17.4g), protein (2.5 vs 1.9g), and fiber content; both are plain cooked potato preparations without added salt",17.5,78.0,93.0,15.0,0.6,,3.8,-1.3,11.0,0.68,105.0,0.06,-13.4,-1.0,-0.026,0.018,0.0,0.0,0.025
02067,＜いも類＞　じゃがいも　塊茎　皮なし　フライドポテト　（生を揚げたもの）,いも・でん粉類,いも類,True,False,170118,"Potatoes, french fried, all types, salt not added in processing, frozen, oven-heated",Vegetables and Vegetable Products,high,"Perfect match: Japanese fried potato (生を揚げたもの) corresponds to USDA 'Potatoes, french fried, all types, salt not added in process' with nearly identical energy (159 vs 168 kcal), protein (2.7 vs 2.66g), fat (5.5 vs 5.22g), and carbohydrates (25.1 vs 28.7g) profiles",5.5,159.0,168,9.0,-0.04,-0.28,3.6,-1.3,7.0,0.24,-119.0,-0.02,-2.7,,0.028,0.011,0.0,,0.081
02020,＜いも類＞　じゃがいも　塊茎　皮なし　フライドポテト　（市販冷凍食品を揚げたもの）,いも・でん粉類,いも類,True,False,169266,"Potatoes, french fried, cottage-cut, salt not added in processing, frozen, oven-heated",Vegetables and Vegetable Products,high,"Frozen french fried potatoes (cottage-cut, salt not added) best matches the energy (218 vs 229 kcal), fat (8.2 vs 10.3g), carbs (34.0 vs 27.5g), and protein (3.44 vs 2.9g) profile of the fried frozen market product, with closest overall nutrient alignment",4.9,229.0,218,-11.0,0.54,-2.1,6.5,0.1,6.0,0.69,-180.0,0.01,-30.5,,-0.001,-0.029,0.0,0.0,0.114
02021,＜いも類＞　じゃがいも　乾燥マッシュポテト,いも・でん粉類,いも類,True,False,170449,"Potatoes, scalloped, dry mix, unprepared",Vegetables and Vegetable Products,high,"Dried mashed potato product matches scalloped potato dry mix in energy (347 vs 358kcal), carbs (73.5 vs 73.9g), protein (6.6 vs 7.77g), and low fat content; both are dehydrated potato preparations",3.1,347.0,358,11.0,1.17,4.09,0.4,2.0,38.0,-1.09,-295.0,0.02,11.5,0.0,-0.19,0.073,0.0,0.0,3.813
02022,＜いも類＞　（やまのいも類）　ながいも　いちょういも　塊根　生,いも・でん粉類,いも類,True,False,169401,"Yautia (tannier), raw",Vegetables and Vegetable Products,high,"Nagaimo (long yam) is a mountain yam variety; Yautia raw matches the raw preparation state and has nearly identical carbohydrate (23.6g) and energy (98 vs 108 kcal) profiles, though protein is lower in USDA entry",9.7,108.0,98.0,-10.0,-3.04,0.1,0.0,0.1,-3.0,0.38,8.0,0.1,-1.8,-5.0,-0.053,-0.01,0.0,0.0,0.053
02023,＜いも類＞　（やまのいも類）　ながいも　ながいも　塊根　生,いも・でん粉類,いも類,True,False,168432,"Mountain yam, hawaii, raw",Vegetables and Vegetable Products,high,"Nagaimo (Japanese mountain yam) is a direct botanical match to Mountain yam hawaii raw, with very similar energy (67 vs 64 kcal), protein (1.34 vs 2.2g), and carbohydrate (16.3 vs 14.1g) profiles; raw preparation state matches the Japanese entry's 生 (raw) designation",4.6,64.0,67.0,3.0,-0.86,0.0,2.2,1.5,9.0,0.04,-12.0,-0.03,-3.4,,0.002,-0.001,0.0,0.0,0.033
02024,＜いも類＞　（やまのいも類）　ながいも　ながいも　塊根　水煮,いも・でん粉類,いも類,True,False,168432,"Mountain yam, hawaii, raw",Vegetables and Vegetable Products,high,"Nagaimo (長芋) is a Japanese mountain yam; candidate 10 is mountain yam Hawaii raw with closely matching energy (67 vs 58 kcal) and carbohydrate profile, though the Japanese item appears to be boiled/water-cooked based on the lower energy content, making it nutritionally closer to the raw form than cooked versions.",14.4,58.0,67.0,9.0,-0.66,0.0,3.4,1.1,11.0,0.04,-12.0,-0.03,-1.4,,0.022,-0.001,0.0,0.0,0.033
02025,＜いも類＞　（やまのいも類）　ながいも　やまといも　塊根　生,いも・でん粉類,いも類,True,False,170072,"Yam, cooked, boiled, drained, or baked, without salt",Vegetables and Vegetable Products,high,"Yam, cooked, boiled matches Japanese yamaimo (mountain yam) nutritionally with closest energy (116 vs 119 kcal), carbs (27.5 vs 26.9g), and protein (1.49 vs 4.5g); raw yam alternative (entry 17) slightly closer on carbs but cooked entry better accounts for natural preparation form",2.6,119.0,116,-3.0,-3.01,0.04,0.6,1.4,-2.0,0.02,80.0,-0.4,7.1,0.0,-0.035,0.008,0.0,0.0,0.02
02026,＜いも類＞　（やまのいも類）　じねんじょ　塊根　生,いも・でん粉類,いも類,True,False,169401,"Yautia (tannier), raw",Vegetables and Vegetable Products,high,"じねんじょ (Chinese yam/dioscorea) is a raw tuber vegetable with nutritional profile (118 kcal, 2.8g protein, 25.7g carbs) matching Yautia raw entry most closely in energy, carbohydrates, and being a raw starchy root vegetable",18.5,118.0,98.0,-20.0,-1.34,0.1,-2.1,-0.5,-1.0,0.18,48.0,-0.2,-9.8,-5.0,-0.013,0.0,0.0,0.0,0.053
02027,＜いも類＞　（やまのいも類）　だいじょ　塊根　生,いも・でん粉類,いも類,True,False,170441,"Potatoes, microwaved, cooked in skin, flesh, without salt",Vegetables and Vegetable Products,high,Daijoは山の芋類（mountain yam）の塊根で、生（raw）に最も近い調理状態は候補2のマイクロ波加熱調理版であり、エネルギー（100vs102kcal）、炭水化物（23.3vs23.7g）、タンパク質（2.1vs2.6g）が最も一致し、塩分低下傾向も生の状態を反映している,2.0,102.0,100,-2.0,-0.5,,-0.4,-0.6,-9.0,-0.29,-79.0,0.03,-1.9,-3.0,0.029,0.005,0.0,0.0,-0.082
02037,＜でん粉・でん粉製品＞　（でん粉製品）　くずきり　ゆで,いも・でん粉類,でん粉・でん粉製品,True,False,170431,Poi,Vegetables and Vegetable Products,medium,"Poi is a cooked starch-based product with similar energy (112 vs 133 kcal), carbohydrate content (27.2 vs 32.4g), minimal protein and fat, and matching preparation method (cooked/boiled starch); kuzu-kiri is a kudzu starch noodle dish while poi is taro-based, but both are simple boiled starch products with comparable nutritional profiles",17.1,133.0,112,-21.0,0.28,,-5.2,-0.4,11.0,0.48,,,4.0,3.0,0.13,0.04,0.0,0.0,0.03
03001,（砂糖類）　黒砂糖,砂糖・甘味類,砂糖類,True,False,168820,Molasses,Sweets,high,"Molasses is the closest match to black sugar (黒砂糖) - both are unrefined/minimally processed sugar products with similar mineral profiles (high Ca, Fe, K), though molasses is slightly lower in calories and carbs, suggesting some water content difference typical of the product forms.",19.3,352.0,290,-62.0,,,-18.5,0.0,-35.0,0.02,360.0,-0.21,0.0,-13.0,-0.009,-0.068,0.0,0.0,-0.006
03030,（砂糖類）　てんさい含蜜糖,砂糖・甘味類,砂糖類,True,False,746784,"Sugars, granulated",Sweets,high,"てんさい含蜜糖 (sugar beet molasses sugar) is a granulated sugar product; candidate 1 (granulated sugar) has nearly identical carbohydrate content (99.6g vs 89.7g) and energy profile, with the difference attributable to the molasses/mineral content in the Japanese product",7.5,357.0,385,28.0,,,9.9,,,-0.05,-25.0,,,,,,,,-0.097
03002,（砂糖類）　和三盆糖,砂糖・甘味類,砂糖類,True,False,169655,"Sugars, granulated",Sweets,high,"和三盆糖 is a refined sugar product; USDA entry 3 (Sugars, granulated) matches both the food concept (pure granulated sugar) and nutrient profile (387 kcal, 100g carbs, minimal other nutrients)",1.5,393.0,387,-6.0,,,-4.5,0.0,-26.0,-0.65,-138.0,-0.19,0.0,,-0.01,-0.011,0.0,0.0,0.003
03003,（砂糖類）　車糖　上白糖,砂糖・甘味類,砂糖類,True,False,746784,"Sugars, granulated",Sweets,high,"上白糖 (johakutou) is granulated white sugar, which directly matches 'Sugars, granulated' with nearly identical nutrient profile (Energy 385 vs 391 kcal, Carbs 99.6 vs 104.2g) and is a common global ingredient available in US food supply.",1.5,391.0,385,-6.0,,,-4.6,,0.0,,0.0,0.01,,,,,,,0.003
03004,（砂糖類）　車糖　三温糖,砂糖・甘味類,砂糖類,True,False,169655,"Sugars, granulated",Sweets,high,三温糖 (sanonto/three-temperature sugar) is a type of granulated cane sugar with minimal processing; matches granulated sugar nutritionally (390 vs 387 kcal) and conceptually as a basic sugar product,0.8,390.0,387,-3.0,,,-3.9,0.0,-5.0,-0.05,-11.0,,0.0,0.0,,0.009,0.0,0.0,0.003
03005,（砂糖類）　ざらめ糖　グラニュー糖,砂糖・甘味類,砂糖類,True,False,746784,"Sugars, granulated",Sweets,high,"Granulated sugar (ざらめ糖/グラニュー糖) is a direct match to USDA granulated sugar with nearly identical nutrient profile (energy 385-394 kcal, carbs ~100g, minimal protein/fiber/salt)",2.3,394.0,385,-9.0,,,-5.3,,,,,,,,,,,,0.003
03006,（砂糖類）　ざらめ糖　白ざら糖,砂糖・甘味類,砂糖類,True,False,169655,"Sugars, granulated",Sweets,high,"白ざら糖 (white granulated sugar) is a standard granulated sugar product with nearly identical nutrient profile (393 vs 387 kcal, 104.9 vs 100g carbs) to USDA granulated sugar entry",1.5,393.0,387,-6.0,,,-4.9,0.0,1.0,,,0.01,0.0,0.0,0.0,0.019,0.0,0.0,0.003
03007,（砂糖類）　ざらめ糖　中ざら糖,砂糖・甘味類,砂糖類,True,False,746784,"Sugars, granulated",Sweets,high,"Granulated sugar (ざらめ糖 is a type of granulated sugar) matches nutritionally with 385kcal, 99.6g carbs, and minimal other nutrients; candidates 1-2 are nearly identical with candidate 2 having more complete nutrient data including fiber",2.1,393.0,385,-8.0,,,-5.2,,,-0.05,1.0,,,,,,,,0.003
03008,（砂糖類）　加工糖　角砂糖,砂糖・甘味類,砂糖類,True,False,746784,"Sugars, granulated",Sweets,high,"Granulated sugar is the direct equivalent of角砂糖 (cube sugar), with nearly identical nutrient profile (energy 385 vs 394 kcal, carbs 99.6 vs 104.9g, minimal salt); the form difference (granulated vs cubes) is processing only, not a nutritional distinction",2.3,394.0,385,-9.0,,,-5.3,,,-0.05,,0.01,,,,,,,0.003
03009,（砂糖類）　加工糖　氷砂糖,砂糖・甘味類,砂糖類,True,False,746784,"Sugars, granulated",Sweets,high,"氷砂糖 (rock sugar/ice sugar) is a processed form of granulated sugar; candidate 2 matches energy (385 vs 394 kcal), carbohydrates (99.6 vs 104.9g), and has minimal salt/impurities like the Japanese product",2.3,394.0,385,-9.0,,,-5.3,,,-0.05,,,,,,,,,0.003
03010,（砂糖類）　加工糖　コーヒーシュガー,砂糖・甘味類,砂糖類,True,False,746784,"Sugars, granulated",Sweets,high,"Coffee sugar (コーヒーシュガー) is a processed granulated sugar product; USDA entry 2 (Sugars, granulated) matches both the food concept and nutrient profile most closely with nearly identical energy (385 vs 394 kcal) and carbohydrate content (99.6 vs 104.9g per 100g).",2.3,394.0,385,-9.0,,,-5.3,,0.0,-0.15,,-1.19,,,,,,,0.003
03011,（砂糖類）　加工糖　粉糖,砂糖・甘味類,砂糖類,True,False,746784,"Sugars, granulated",Sweets,high,"粉糖 (powdered sugar) is a processed refined sugar that matches granulated sugar nutritionally (E=385kcal, C=99.6g) and conceptually, with minimal additional ingredients",2.1,393.0,385,-8.0,,,-5.1,,,-0.15,1.0,0.01,,,,,,,0.003
03012,（砂糖類）　液糖　しょ糖型液糖,砂糖・甘味類,砂糖類,True,False,167743,"Syrup, Cane",Sweets,high,"Cane syrup best matches しょ糖型液糖 (sucrose-type liquid sugar) with nearly identical energy (269 vs 267kcal) and carbohydrate (73.1 vs 71.3g) content, and minimal salt matching the zero salt specification",0.7,267.0,269,2.0,,,1.8,0.0,,,,0.19,0.0,0.0,0.13,0.06,0.0,0.0,0.147
03013,（砂糖類）　液糖　転化型液糖,砂糖・甘味類,砂糖類,True,False,168142,"Sweeteners, tabletop, fructose, liquid",Sweets,high,"転化型液糖 (inverted sugar syrup) is a liquid sweetener made from converted sugars; tabletop fructose liquid matches the concept of a pure liquid sweetener with nearly identical energy (279 vs 294kcal) and carbohydrate (76.1 vs 78.5g) profiles, and both have minimal salt content.",5.2,294.0,279,-15.0,,,-2.4,0.1,,,,0.09,0.0,0.0,0.0,0.02,0.0,0.0,0.005
03014,（砂糖類）　氷糖みつ,砂糖・甘味類,砂糖類,True,False,168142,"Sweeteners, tabletop, fructose, liquid",Sweets,high,"氷糖みつ (rock sugar syrup) is a liquid sweetener product; fructose liquid syrup matches best on energy (279 vs 274 kcal), carbohydrate content (~76g), minimal salt, and liquid sweetener category despite being a different sugar type.",1.8,274.0,279,5.0,,,,0.1,,-0.59,,-0.01,0.0,0.0,-0.01,0.0,0.0,0.0,0.005
03031,（でん粉糖類）　還元麦芽糖,砂糖・甘味類,でん粉糖類,True,False,169878,"Syrups, sugar free",Sweets,medium,"還元麦芽糖 (reduced maltose) is a sugar substitute with low caloric content; 'Syrups, sugar free' best matches the sweetener category and similar energy profile (51 vs 208 kcal suggests concentration differences), though the caloric discrepancy indicates incomplete nutritional alignment.",121.2,208.0,51.0,-157.0,0.8,,12.0,0.4,,,,0.0,,,0.0,0.0,,,0.533
03032,（でん粉糖類）　還元水あめ,砂糖・甘味類,でん粉糖類,True,False,169577,"Syrups, table blends, pancake, reduced-calorie",Sweets,high,"還元水あめ (reduced starch syrup) is a low-calorie sweetener syrup most similar to reduced-calorie pancake syrup in energy content (210 vs 165 kcal) and carbohydrate-based composition, matching the starch sugar category",24.0,210.0,165,-45.0,,,,,,0.03,,0.2,,,0.025,0.003,,,0.452
03015,（でん粉糖類）　粉あめ,砂糖・甘味類,でん粉糖類,True,False,170673,"Sweeteners, for baking, contains sugar and sucralose",Sweets,high,粉あめ (powder candy/starch sugar) is a starch-derived sweetener with energy ~397kcal and carbs ~105.9g; candidate 2 (sweeteners for baking with sugar) matches energy (398kcal) and carb profile (99.5g) most closely among pure sweetener products,0.3,397.0,398,1.0,,,-6.4,,,-0.04,,0.01,,,,,,,0.005
03024,（でん粉糖類）　水あめ　酵素糖化,砂糖・甘味類,でん粉糖類,True,False,168839,"Syrups, table blends, corn, refiner, and sugar",Sweets,high,Water amé (enzyme-converted starch syrup) is a liquid sweetener made from starch hydrolysis; USDA syrups with corn and sugar best matches the composition and purpose as a liquid starch-derived sweetener product.,7.0,342.0,319,-23.0,,,-7.4,0.0,,0.64,63.0,0.03,0.0,0.0,0.006,0.047,,0.0,0.18
03025,（でん粉糖類）　水あめ　酸糖化,砂糖・甘味類,でん粉糖類,True,False,168839,"Syrups, table blends, corn, refiner, and sugar",Sweets,high,"水あめ (mizuame/corn syrup) is a starch-derived liquid sweetener that matches syrups with similar energy (319 vs 341 kcal) and carbohydrate content (83.9 vs 91.0g), with minimal protein/salt, making it the closest conceptual and nutritional match",6.7,341.0,319,-22.0,,,-7.1,0.0,,0.64,63.0,0.03,0.0,0.0,0.006,0.047,,0.0,0.18
03017,（でん粉糖類）　ぶどう糖　全糖,砂糖・甘味類,でん粉糖類,True,False,169896,"Sweeteners, tabletop, fructose, dry, powder",Sweets,high,"Glucose (ぶどう糖) is a simple sugar; fructose powder is the closest match in carbohydrate profile (100g carbs) and sweetener category, with minimal additives and matching energy density",7.3,342.0,368,26.0,,,8.7,0.0,,0.0,,0.0,0.0,0.0,0.0,0.0,0.0,0.0,0.03
03018,（でん粉糖類）　ぶどう糖　含水結晶,砂糖・甘味類,でん粉糖類,True,False,169896,"Sweeteners, tabletop, fructose, dry, powder",Sweets,high,"Glucose (hydrated crystalline form) is a monosaccharide sweetener; fructose powder matches the pure carbohydrate profile (100g carbs, ~368kcal, minimal protein/fat/salt) and sweetener category better than pudding mixes or other candidates",7.3,342.0,368,26.0,,,8.7,0.0,,0.0,,,0.0,0.0,0.0,0.0,0.0,0.0,0.03
03019,（でん粉糖類）　ぶどう糖　無水結晶,砂糖・甘味類,でん粉糖類,True,False,169655,"Sugars, granulated",Sweets,high,"Anhydrous dextrose (grape sugar) is glucose in crystalline form; USDA granulated sugar entry 4 matches with 100g carbs, 387kcal energy, and minimal salt/protein, representing the closest pure monosaccharide sweetener equivalent.",3.4,374.0,387,13.0,,,0.3,0.0,,-0.05,,0.01,0.0,0.0,0.0,0.019,0.0,0.0,0.003
03020,（でん粉糖類）　果糖,砂糖・甘味類,でん粉糖類,True,False,169896,"Sweeteners, tabletop, fructose, dry, powder",Sweets,high,"Fructose (fruit sugar) is a starch sugar product with nearly identical nutrient profile (375 vs 368 kcal, 99.9 vs 100g carbs) and matches the Japanese item's specific category as a fructose sweetener",1.9,375.0,368,-7.0,,,0.1,0.0,,,,0.0,0.0,0.0,0.0,0.0,0.0,0.0,0.03
03026,（でん粉糖類）　異性化液糖　ぶどう糖果糖液糖,砂糖・甘味類,でん粉糖類,True,False,168837,"Syrups, corn, light",Sweets,high,"異性化液糖 (high-fructose corn syrup/isomerized glucose-fructose syrup) matches light corn syrup almost perfectly in energy (283 vs 283 kcal), carbohydrates (75.5 vs 76.8g), and salt content (0.0 vs 0.157g); both are liquid sweeteners from starch-based sources.",0.0,283.0,283,0.0,,,1.3,0.0,,,,0.44,0.0,0.0,0.059,0.0,0.0,0.0,0.157
03027,（でん粉糖類）　異性化液糖　果糖ぶどう糖液糖,砂糖・甘味類,でん粉糖類,True,False,168837,"Syrups, corn, light",Sweets,high,"Light corn syrup matches both the food concept (isomerized glucose-fructose syrup) and nutrient profile (283 kcal, 76.8g carbs, minimal other nutrients, low salt) almost perfectly",0.0,283.0,283,0.0,,,1.3,0.0,,,,0.44,0.0,0.0,0.059,0.0,0.0,0.0,0.157
03028,（でん粉糖類）　異性化液糖　高果糖液糖,砂糖・甘味類,でん粉糖類,True,False,168142,"Sweeteners, tabletop, fructose, liquid",Sweets,high,"High fructose liquid sugar (異性化液糖/高果糖液糖) is a glucose-fructose syrup, best matched by USDA's liquid fructose sweetener with nearly identical energy (279 vs 282 kcal) and carbohydrate (76.1 vs 75.3g) content and zero protein/fiber/salt profiles",1.1,282.0,279,-3.0,,,0.8,0.1,,0.01,,0.09,0.0,0.0,0.0,0.02,0.0,0.0,0.005
03029,（その他）　黒蜜,砂糖・甘味類,その他,True,False,169662,"Syrups, sorghum",Sweets,high,"黒蜜 (kuromitsu/black molasses) is a dark sugar syrup most similar to sorghum syrup in nutrient profile (high carbs ~73-75g, low protein ~1g, similar energy density) and food category, though sorghum syrup is slightly higher in calories (290 vs 199 kcal) likely due to moisture content differences in Japanese vs USDA product standards.",37.2,199.0,290,91.0,,,22.7,0.0,10.0,1.2,380.0,0.11,0.0,0.0,0.07,0.115,0.0,0.0,0.02
03022,（その他）　はちみつ,砂糖・甘味類,その他,True,False,170277,"Sweetener, syrup, agave",Sweets,high,"Honey (はちみつ) best matches agave syrup - both are natural liquid sweeteners with similar energy (329 vs 310 kcal), carbohydrates (75.3 vs 76.4g), minimal protein, and low sodium profiles; agave is the closest available US equivalent to honey among the candidates.",5.9,329.0,310,-19.0,-0.21,,1.1,0.2,-3.0,-0.11,-61.0,-0.09,17.0,7.0,,0.155,0.0,0.0,0.01
03023,（その他）　メープルシロップ,砂糖・甘味類,その他,True,False,170646,"Syrups, table blends, pancake, with 2% maple, with added potassium",Sweets,high,"Maple syrup product with nearly identical energy (265 vs 266 kcal), matching mineral profile (Ca, K, Fe, Zn), and appropriate food category as table syrup blend containing maple",0.4,266.0,265,-1.0,,,,0.0,-70.0,-0.33,-208.0,-1.27,0.0,0.0,,-0.003,,0.0,0.155
04001,あずき　全粒　乾,豆類,,True,False,173729,"Beans, adzuki, mature seeds, canned, sweetened",Legumes and Legume Products,medium,"Adzuki beans are the direct USDA equivalent to azuki (あずき), though the canned sweetened version has lower protein and different processing; raw adzuki would be ideal but unavailable in USDA database",24.8,304.0,237,-67.0,-17.0,-0.77,8.5,,-48.0,-4.37,-1181.0,-0.84,-2.0,-9.0,-0.359,-0.104,0.0,0.0,0.554
04002,あずき　全粒　ゆで,豆類,,True,False,173743,"Beans, kidney, california red, mature seeds, cooked, boiled, without salt",Legumes and Legume Products,high,"Azuki beans (adzuki) are small red legumes; kidney beans california red provide closest nutrient match (E=124kcal vs 124kcal, P=9.13g vs 8.6g, C=22.4g vs 18.2g) and are boiled without salt, matching the Japanese preparation",0.0,124.0,124,0.0,0.53,-0.21,4.2,0.6,39.0,1.38,-11.0,-0.04,,-4.0,-0.021,0.022,0.0,0.0,0.01
04003,あずき　ゆで小豆缶詰,豆類,,True,False,173729,"Beans, adzuki, mature seeds, canned, sweetened",Legumes and Legume Products,high,"Adzuki beans canned product with similar energy (237 vs 202 kcal), carbohydrates (55.0 vs 47.7g), and protein (3.8 vs 4.4g); best conceptual match for canned sweetened adzuki beans",15.9,202.0,237,35.0,-0.6,-0.17,7.3,,9.0,-0.17,-41.0,1.16,,0.0,0.081,0.016,0.0,0.0,0.354
04004,あずき　あん　こし生あん,豆類,,True,False,173728,"Beans, adzuki, mature seeds, cooked, boiled, without salt",Legumes and Legume Products,high,"Adzuki bean paste (koshi-an) matches USDA adzuki beans nutritionally and conceptually; similar energy (147 vs 128kcal), protein (9.8 vs 7.52g), carbs (26.0 vs 24.8g), and fiber (6.8g) profiles, with adzuki being the exact legume type used in this Japanese product.",13.8,147.0,128,-19.0,-2.28,-0.2,-1.2,0.5,-45.0,-0.8,472.0,0.67,,0.0,0.095,0.014,0.0,0.0,0.02
04005,あずき　あん　さらしあん　（乾燥あん）,豆類,,True,False,175196,"Beans, kidney, royal red, mature seeds, raw",Legumes and Legume Products,high,"Adzuki beans in raw dried form match kidney beans nutritionally (protein 23.5-25.3g, carbs 58-60g, fat <1g) and conceptually as legume staples; candidate 2 has nearly identical macronutrient profile to the dried adzuki bean product",1.8,335.0,329,-6.0,1.8,0.05,5.9,-1.9,73.0,1.5,1180.0,0.36,,0.0,0.38,0.21,0.0,0.0,0.033
04101,あずき　あん　こし練りあん　（並あん）,豆類,,True,False,173730,"Yokan, prepared from adzuki beans and sugar",Legumes and Legume Products,high,"Yokan is a Japanese confection made from adzuki beans and sugar; nutritionally matches closely (260 vs 255 kcal, 60.7 vs 60.4g carbs) and represents the same product category as koshi-an (sweetened adzuki bean paste).",1.9,255.0,260,5.0,-2.31,0.02,0.3,,-15.0,-0.44,10.0,-0.53,0.0,0.0,-0.005,-0.026,0.0,0.0,0.211
04102,あずき　あん　こし練りあん　（中割りあん）,豆類,,True,False,173730,"Yokan, prepared from adzuki beans and sugar",Legumes and Legume Products,high,"Yokan is a traditional Japanese sweet made from adzuki beans and sugar, matching both the food concept (adzuki bean paste product) and nutrient profile (E=260 vs 262kcal, C=60.7 vs 63g, P=3.29 vs 5.1g) most closely among all candidates.",0.8,262.0,260,-2.0,-1.81,0.02,-2.3,,-11.0,-0.34,13.0,-0.53,0.0,0.0,-0.005,-0.026,0.0,0.0,0.211
04103,あずき　あん　こし練りあん　（もなかあん）,豆類,,True,False,173730,"Yokan, prepared from adzuki beans and sugar",Legumes and Legume Products,high,"Yokan is a traditional Japanese confection made from adzuki beans and sugar, matching the exact food concept of 'koshi-an' (smooth adzuki bean paste), with closely aligned energy (260 vs 292 kcal) and carbohydrate content (60.7 vs 70.9g)",11.6,292.0,260,-32.0,-1.81,0.02,-10.2,,-11.0,-0.34,13.0,-0.53,0.0,0.0,-0.005,-0.026,0.0,0.0,0.211
04006,あずき　あん　つぶし練りあん,豆類,,True,False,173729,"Beans, adzuki, mature seeds, canned, sweetened",Legumes and Legume Products,high,"Sweetened canned adzuki beans match the つぶし練りあん (crushed/strained adzuki bean paste) profile with nearly identical energy (237 vs 239 kcal), carbohydrates (55.0 vs 54.7g), and adzuki bean base, accounting for processing differences",0.8,239.0,237,-2.0,-1.8,-0.27,0.3,,3.0,-0.37,-41.0,0.86,,0.0,0.081,0.026,0.0,0.0,0.454
04007,いんげんまめ　全粒　乾,豆類,,True,False,174255,"Lima beans, thin seeded (baby), mature seeds, raw",Legumes and Legume Products,high,"Lima beans (baby) match the nutritional profile most closely: similar energy (335 vs 280kcal difference due to moisture content in raw vs dried), protein (20.6g vs 22.1g), and carbohydrate content; いんげんまめ is the Japanese name for string/snap beans or lima beans, a common global legume",17.9,280.0,335,55.0,-1.5,-0.57,21.0,1.0,-59.0,0.29,0.0,0.1,,-6.0,-0.066,0.058,0.0,0.0,0.033
04008,いんげんまめ　全粒　ゆで,豆類,,True,False,173743,"Beans, kidney, california red, mature seeds, cooked, boiled, without salt",Legumes and Legume Products,high,"いんげんまめ (string beans/kidney beans) boiled matches kidney beans nutritionally (E=124kcal, P=9.13g, F=0.09g, C=22.4g) and conceptually as a common legume prepared identically",2.4,127.0,124,-3.0,-0.17,-0.61,5.1,-4.3,4.0,0.98,9.0,-0.14,,-3.0,-0.091,-0.008,0.0,0.0,0.01
04009,いんげんまめ　うずら豆,豆類,,True,False,173729,"Beans, adzuki, mature seeds, canned, sweetened",Legumes and Legume Products,high,"いんげんまめ うずら豆 (adzuki beans) matches adzuki beans canned sweetened; energy (214 vs 237kcal), carbs (45.9 vs 55.0g), and protein (6.7 vs 3.8g) are reasonably close considering the Japanese item appears to be dry/raw while candidate is canned/sweetened",10.2,214.0,237,23.0,-2.9,-0.57,9.1,,-19.0,-1.17,-111.0,0.96,,0.0,0.071,0.046,0.0,0.0,0.254
04010,いんげんまめ　こし生あん,豆類,,True,False,173736,"Beans, cranberry (roman), mature seeds, cooked, boiled, without salt",Legumes and Legume Products,high,"Cranberry beans match the Japanese small red bean (azuki/adzuki) profile in nutrient composition (energy, protein, fat, fiber) and are cooked legumes without salt, representing the closest USDA equivalent to koshi-an preparation",0.7,135.0,136,1.0,-0.06,-0.04,,0.1,-10.0,-0.61,332.0,0.34,,,0.2,0.049,0.0,0.0,0.003
04011,いんげんまめ　豆きんとん,豆類,,True,False,173729,"Beans, adzuki, mature seeds, canned, sweetened",Legumes and Legume Products,high,"いんげんまめ豆きんとん (sweetened adzuki bean preparation) matches canned sweetened adzuki beans most closely in both food concept and nutrient profile (E: 237-238kcal, P: 3.8-4.9g, high carbohydrate content from added sugar)",0.4,238.0,237,-1.0,-1.1,-0.27,,,-6.0,0.13,-1.0,1.06,,,0.091,0.046,0.0,0.0,0.254
04012,えんどう　全粒　青えんどう　乾,豆類,,True,False,172436,"Pigeon peas (red gram), mature seeds, raw",Legumes and Legume Products,high,"えんどう (peas) whole dried green peas match pigeon peas best - identical protein (21.7g), similar energy (343 vs 310kcal), and carbohydrate profiles are closest among all candidates",10.1,310.0,343,33.0,0.0,-0.01,20.1,-2.4,65.0,0.23,520.0,-1.34,,-91.0,-0.077,0.037,0.0,0.0,0.043
04074,えんどう　全粒　赤えんどう　乾,豆類,,True,False,172436,"Pigeon peas (red gram), mature seeds, raw",Legumes and Legume Products,high,"Pigeon peas match the Japanese red peas (赤えんどう) concept and have nearly identical protein (21.7g), fat (1.49g), and similar energy/carb profiles to the target item",10.1,310.0,343,33.0,0.0,-0.01,20.1,-2.4,65.0,0.23,520.0,-1.34,,-17.0,-0.077,0.037,0.0,0.0,0.043
04075,えんどう　全粒　赤えんどう　ゆで,豆類,,True,False,175194,"Beans, kidney, red, mature seeds, cooked, boiled, without salt",Legumes and Legume Products,high,"Red kidney beans match 'akae-ndou' (red peas) naming and nutrient profile closely: energy 127 vs 129 kcal, protein 8.67 vs 9.2g, carbs 22.8 vs 18.8g, and similar mineral content",1.6,129.0,127,-2.0,-0.53,-0.1,4.0,-0.3,0.0,0.74,143.0,-0.33,,-7.0,-0.11,-0.002,0.0,0.0,0.005
04014,えんどう　グリンピース（揚げ豆）,豆類,,True,False,172423,"Lupins, mature seeds, raw",Legumes and Legume Products,high,"Lupins match the high energy (371 vs 375 kcal), high protein (36.2 vs 20.8g), and notably high fat (9.74 vs 9.8g) profile of fried green peas; the name 揚げ豆 (fried beans) indicates a fried/roasted legume product, and lupins' nutrient density aligns best with this preparation method among candidates",1.1,375.0,371,-4.0,15.4,-0.06,,-0.7,88.0,-1.04,160.0,1.25,,-26.0,0.12,0.06,0.0,0.0,-0.862
04015,えんどう　塩豆,豆類,,True,False,172428,"Peas, green, split, mature seeds, raw",Legumes and Legume Products,high,"えんどう塩豆 (salted dried peas) matches 'Peas, green, split, mature seeds, raw' - both are legume products with nearly identical protein (23.1g vs 23.3g), fiber (61.6g carbs vs 17.9g fiber suggests dried form), energy (~364 vs 321 kcal), and the salt content aligns with the 塩豆 (salted peas) designation",12.6,321.0,364,43.0,-0.2,2.19,,4.3,-1254.0,-0.87,-118.0,-0.11,,-62.0,0.519,0.144,0.0,0.0,-1.487
04016,えんどう　うぐいす豆,豆類,,True,False,173729,"Beans, adzuki, mature seeds, canned, sweetened",Legumes and Legume Products,high,"Uguisu mame (peas sweetened with sugar) matches adzuki beans canned sweetened in energy (237 vs 228 kcal), protein (3.8 vs 5.6g), fat (0.03 vs 0.3g), and salt content (0.554 vs 0.4g); both are sweetened legume products with similar processing and nutritional profiles",3.9,228.0,237,9.0,-1.8,-0.27,,,4.0,-1.37,19.0,0.76,,-6.0,0.081,0.046,0.0,0.0,0.154
04017,ささげ　全粒　乾,豆類,,True,False,174281,"Yardlong beans, mature seeds, raw",Legumes and Legume Products,high,"Yardlong beans (asparagus beans) are the closest match to sassage - both are legume pods harvested at mature seed stage with similar protein (24.3g vs 23.9g), energy (347 vs 280kcal), and carbohydrate profiles, and yardlong beans are commonly used in East Asian cuisine",21.4,280.0,347,67.0,0.4,0.01,21.2,-7.4,63.0,3.01,-240.0,-1.4,,-16.0,0.387,0.135,0.0,0.0,0.043
04018,ささげ　全粒　ゆで,豆類,,True,False,172426,"Mothbeans, mature seeds, cooked, boiled, without salt",Legumes and Legume Products,high,"ささげ (black-eyed peas/mothbeans) are small legumes; mothbeans match energy (117 vs 130kcal difference likely due to water content variation), protein (7.81 vs 10.2g), fat (0.55 vs 0.6g), and carbs (21.0 vs 18.7g) most closely among candidates, with similar nutrient profile to the Japanese item",10.5,130.0,117,-13.0,-2.39,-0.05,2.3,,-29.0,0.54,-96.0,-0.91,,-7.0,-0.076,-0.027,0.0,0.0,0.025
04019,そらまめ　全粒　乾,豆類,,True,False,173727,"Beans, adzuki, mature seeds, raw",Legumes and Legume Products,high,"Adzuki beans match soramame (broad beans) in being small dried legumes with similar protein (19.9g vs 26.0g), energy (329 vs 323 kcal), and carbohydrate profiles; both are whole dried seeds commonly used in East Asian cuisine",1.8,323.0,329,6.0,-6.1,-0.77,25.3,3.4,-34.0,-0.72,150.0,0.44,,-4.0,-0.045,0.02,0.0,0.0,0.013
04020,そらまめ　フライビーンズ,豆類,,True,False,172440,"Soybeans, mature seeds, roasted, salted",Legumes and Legume Products,high,"Soybeans roasted/salted best matches fava bean fry-beans in energy (436 vs 469 kcal), protein (24.7 vs 38.6g), fat (19.6 vs 25.4g), and high salt content (1.8 vs 0.414g); both are legume products with similar roasting/frying preparation",7.3,436.0,469,33.0,13.9,5.8,,2.8,48.0,-3.6,760.0,0.54,,-8.0,0.0,0.095,0.0,0.0,-1.386
04022,そらまめ　ふき豆,豆類,,True,False,173798,"Broadbeans (fava beans), mature seeds, cooked, boiled, with salt",Legumes and Legume Products,high,Broadbeans (fava beans) match 'soramame' (Japanese fava beans); boiled with salt preparation aligns with 'fuki-mame' style; energy (110kcal) and protein (7.6g) are closest to target profile among available options,78.1,251.0,110,-141.0,-2.0,-0.7,,0.9,-3.0,-1.2,158.0,0.11,,,0.077,0.079,0.0,0.0,-0.188
04076,そらまめ　しょうゆ豆,豆類,,True,False,175248,"Beans, yellow, mature seeds, cooked, boiled, with salt",Legumes and Legume Products,medium,"そらまめ (broad beans) are legumes; yellow beans boiled with salt matches the soy-seasoned preparation and salt content (1.2g vs 0.612g), though energy is lower in USDA entry suggesting possible moisture/processing differences",18.3,173.0,144,-29.0,-0.64,0.58,,0.3,23.0,0.58,45.0,-0.04,1.8,-4.0,0.127,0.013,0.0,0.0,-0.588
04104,だいず　［全粒・全粒製品］　全粒　青大豆　国産　乾,豆類,,True,False,172423,"Lupins, mature seeds, raw",Legumes and Legume Products,high,"Raw mature legume seeds with closest nutrient profile match: energy (371 vs 354 kcal), protein (36.2 vs 33.5g), fat (9.74 vs 16.9g), and fiber content; lupins are nutritionally comparable whole dried legume seeds like the Japanese green soybeans (青大豆)",4.7,354.0,371,17.0,2.7,-7.16,31.9,-1.2,16.0,-2.14,-690.0,0.85,2.8,-9.0,-0.1,-0.02,0.0,0.0,0.038
04105,だいず　［全粒・全粒製品］　全粒　青大豆　国産　ゆで,豆類,,True,False,174299,"Soybeans, mature seeds, cooked, boiled, with salt",Legumes and Legume Products,high,"青大豆 (edamame/immature soybeans) boiled matches soybeans cooked/boiled; nutrient profile (Energy, Protein, Fat, Carbs, Fiber) is closest despite slightly higher energy in USDA entry due to salt content",17.0,145.0,172,27.0,3.2,1.47,6.76,-2.0,33.0,3.34,75.0,-0.35,1.7,-5.0,0.025,0.235,,,0.602
04023,だいず　［全粒・全粒製品］　全粒　黄大豆　国産　乾,豆類,,True,False,172423,"Lupins, mature seeds, raw",Legumes and Legume Products,high,"Dried whole soybeans (黄大豆) match lupins on energy (371-372 kcal), protein (33.8g vs 36.2g), and fat content (18.6g vs 9.74g), with lupins being the closest raw legume equivalent in USDA database for whole dried soybeans despite slightly lower fat and higher carbs",0.3,372.0,371,-1.0,2.4,-8.86,33.4,-2.6,-4.0,-2.44,-890.0,1.65,1.8,-7.0,-0.07,-0.04,0.0,0.0,0.038
04024,だいず　［全粒・全粒製品］　全粒　黄大豆　国産　ゆで,豆類,,True,False,174299,"Soybeans, mature seeds, cooked, boiled, with salt",Legumes and Legume Products,high,"Boiled soybeans match the Japanese item's concept (whole yellow soybeans, boiled) with very similar nutrient profiles: energy (172 vs 163 kcal), protein (18.2 vs 14.8g), fat (8.97 vs 9.2g), and comparable minerals despite minor differences in carbohydrates",5.4,163.0,172,9.0,3.4,-0.23,6.76,-2.5,23.0,2.94,-15.0,-0.75,,-3.0,-0.015,0.205,0.0,0.0,0.602
04025,だいず　［全粒・全粒製品］　全粒　黄大豆　米国産　乾,豆類,,True,False,174274,"Soy flour, full-fat, roasted",Legumes and Legume Products,high,"Whole dried yellow soybeans (US origin) best matches soy flour full-fat roasted in energy (439 vs 402kcal), protein (38.1 vs 33g), fat (21.9 vs 19.9g), and overall nutrient profile; candidate 4 is closest match despite being processed into flour form",8.8,402.0,439,37.0,5.1,2.0,23.4,-6.2,-42.0,-2.78,240.0,-0.92,,-1.0,-0.468,0.641,0.0,0.0,0.03
04026,だいず　［全粒・全粒製品］　全粒　黄大豆　中国産　乾,豆類,,True,False,172444,"Soy flour, low-fat",Legumes and Legume Products,high,"Dried whole yellow soybeans match soy flour low-fat in legume category; energy (391 vs 372), protein (32.8 vs 49.8), and fat (17.9 vs 8.9) are reasonably close considering processing differences and fiber content (15.6g indicates whole form)",5.0,391.0,372,-19.0,17.0,-9.0,22.9,0.4,115.0,-0.7,290.0,0.2,,-7.0,0.25,-0.02,0.0,0.0,0.023
04027,だいず　［全粒・全粒製品］　全粒　黄大豆　ブラジル産　乾,豆類,,True,False,174274,"Soy flour, full-fat, roasted",Legumes and Legume Products,high,"Soy flour, full-fat, roasted best matches whole dried yellow soybeans from Brazil - similar energy (439 vs 414 kcal), protein (38.1 vs 33.6g), fat (21.9 vs 20.2g), and comparable processing state of mature soybeans",5.9,414.0,439,25.0,4.5,1.7,25.2,-7.6,-62.0,-3.18,240.0,0.08,,-9.0,-0.358,0.651,0.0,0.0,0.03
04077,だいず　［全粒・全粒製品］　全粒　黒大豆　国産　乾,豆類,,True,False,172423,"Lupins, mature seeds, raw",Legumes and Legume Products,high,"黒大豆 (black soybeans, dried whole) matches Lupins as the closest USDA entry with similar energy (349 vs 371 kcal), protein (33.9 vs 36.2g), fat (16.5 vs 9.74g), and fiber content; soybeans roasted/salted candidates are too high in calories and salt for raw dried product",6.1,349.0,371,22.0,2.3,-6.76,32.7,-1.7,36.0,-2.44,-790.0,1.05,1.8,-26.0,-0.09,-0.01,0.0,0.0,0.038
04106,だいず　［全粒・全粒製品］　全粒　黒大豆　国産　ゆで,豆類,,True,False,174299,"Soybeans, mature seeds, cooked, boiled, with salt",Legumes and Legume Products,high,"Black soybeans (黒大豆) are a soybean variety; candidate 5 (soybeans, mature seeds, cooked, boiled, with salt) matches the food concept perfectly with closest nutrient alignment (E=172 vs 155, P=18.2 vs 14.7, F=8.97 vs 8.5)",10.4,155.0,172,17.0,3.5,0.47,6.66,-1.9,47.0,2.54,35.0,-0.25,,-11.0,0.015,0.235,,,0.602
04080,だいず　［全粒・全粒製品］　いり大豆　青大豆,豆類,,True,False,174274,"Soy flour, full-fat, roasted",Legumes and Legume Products,high,"Roasted full-fat soy flour matches iridaizu (roasted soybeans) in energy (439 vs 425 kcal), protein (38.1 vs 37.7g), fat (21.9 vs 19.1g), and overall nutrient profile; green soybeans (aodaizu) are a soybean variety and roasting is the key preparation method",3.2,425.0,439,14.0,0.4,2.8,20.9,-8.7,28.0,-0.88,40.0,-0.62,-1.0,-4.0,0.262,0.671,0.0,0.0,0.03
04078,だいず　［全粒・全粒製品］　いり大豆　黄大豆,豆類,,True,False,172440,"Soybeans, mature seeds, roasted, salted",Legumes and Legume Products,high,"Roasted soybeans match the Japanese 'いり大豆' (roasted soybeans) concept; energy, protein, fat, and fiber values are very similar despite slight carbohydrate differences likely due to salt content in USDA entry",8.9,429.0,469,40.0,1.1,5.2,22.7,-1.7,-22.0,-3.7,-530.0,-1.06,1.2,3.0,-0.04,-0.115,0.0,0.0,0.414
04079,だいず　［全粒・全粒製品］　いり大豆　黒大豆,豆類,,True,False,174274,"Soy flour, full-fat, roasted",Legumes and Legume Products,high,"Roasted full-fat soy flour matches the roasted black soybeans (whole grain legume) in energy (439 vs 431 kcal), protein (38.1 vs 36.4g), fat (21.9 vs 20.3g), and overall nutrient profile; candidate 1 has excessive carbs from salt addition",1.8,431.0,439,8.0,1.7,1.6,21.6,-9.5,68.0,-1.38,-60.0,-0.12,-1.0,-8.0,0.292,0.671,0.0,0.0,0.03
04028,だいず　［全粒・全粒製品］　水煮缶詰　黄大豆,豆類,,True,False,172477,"Winged beans, mature seeds, cooked, boiled, with salt",Legumes and Legume Products,medium,"Canned whole yellow soybeans with water match winged beans in energy (147 vs 124 kcal), protein (10.6 vs 12.9g), fat (5.84 vs 6.3g), and salt content (0.632 vs 0.5g); winged beans are closest whole legume canned product despite not being soybeans specifically",17.0,124.0,147,23.0,-2.3,-0.46,14.0,,42.0,2.53,30.0,0.34,,0.0,0.285,0.109,0.0,0.0,0.132
04081,だいず　［全粒・全粒製品］　蒸し大豆　黄大豆,豆類,,True,False,172467,"Tempeh, cooked",Legumes and Legume Products,high,"Steamed soybeans (蒸し大豆) match tempeh cooked on energy (186 vs 195 kcal), protein (16.6 vs 19.9g), fat (9.2 vs 11.4g), and fiber content; both are whole soybean products with minimal processing",4.7,186.0,195,9.0,3.3,2.2,,,21.0,-0.67,-409.0,-0.23,,,-0.096,0.257,0.0,0.14,-0.564
04082,だいず　［全粒・全粒製品］　きな粉　青大豆　全粒大豆,豆類,,True,False,174274,"Soy flour, full-fat, roasted",Legumes and Legume Products,high,"きな粉 (kinako) is roasted soybean flour; option 4 'Soy flour, full-fat, roasted' matches both the food concept and nutrient profile most closely (E=439 vs 424, P=38.1 vs 37.0, F=21.9 vs 20.9)",3.5,424.0,439,15.0,1.1,1.0,21.7,-7.2,28.0,-2.08,40.0,-0.92,-1.0,-47.0,0.122,0.651,0.0,0.0,0.03
04096,だいず　［全粒・全粒製品］　きな粉　青大豆　脱皮大豆,豆類,,True,False,174274,"Soy flour, full-fat, roasted",Legumes and Legume Products,high,"Kinako is roasted soybean flour; soy flour full-fat roasted matches the nutrient profile (E=439 vs 418kcal, P=38.1 vs 36.6g, F=21.9 vs 23.0g) and food concept best among available options",4.9,418.0,439,21.0,1.5,-1.1,23.6,-11.1,-2.0,-0.88,-60.0,-0.52,0.0,-65.0,-0.068,0.671,0.0,0.0,0.03
04029,だいず　［全粒・全粒製品］　きな粉　黄大豆　全粒大豆,豆類,,True,False,174274,"Soy flour, full-fat, roasted",Legumes and Legume Products,high,"Kinako is roasted soy flour made from whole soybeans; full-fat roasted soy flour matches the nutrient profile (E=439 vs 451kcal, P=38.1 vs 36.7g, F=21.9 vs 24.7g) and food concept most closely",2.7,451.0,439,-12.0,1.4,-2.8,23.3,-8.4,-2.0,-2.18,40.0,-0.52,-1.0,2.0,0.342,0.701,0.0,0.0,0.03
04030,だいず　［全粒・全粒製品］　きな粉　黄大豆　脱皮大豆,豆類,,True,False,174274,"Soy flour, full-fat, roasted",Legumes and Legume Products,high,"Kinako is roasted soybean flour (full-fat), and USDA #2 'Soy flour, full-fat, roasted' matches both the food concept and nutrient profile most closely (E=439 vs 456, P=38.1 vs 37.5, F=21.9 vs 23.7, C=30.4 vs 6.8g - carb difference likely due to fiber classification in Japanese data)",3.8,456.0,439,-17.0,0.6,-1.8,23.6,-5.6,8.0,-0.38,40.0,-0.42,0.0,0.0,0.342,0.721,0.0,0.0,0.03
04109,だいず　［全粒・全粒製品］　きな粉（砂糖入り）　青きな粉,豆類,,True,False,174288,Chickpea flour (besan),Legumes and Legume Products,high,"Kinako is roasted soybean powder; chickpea flour matches the concept of legume flour with similar energy (392 vs 387 kcal), protein (18.5 vs 22.4g), and carbohydrate profiles (56.4 vs 57.8g), though soybean flour would be ideal but not available in USDA candidates",1.3,392.0,387,-5.0,3.9,-3.71,1.4,2.4,-35.0,0.96,-134.0,0.51,,-25.0,0.346,-0.034,0.0,0.0,0.163
04110,だいず　［全粒・全粒製品］　きな粉（砂糖入り）　きな粉,豆類,,True,False,174288,Chickpea flour (besan),Legumes and Legume Products,high,"Kinako (roasted soybean powder with sugar) matches chickpea flour's flour/powder form, legume base, and similar nutritional profile (high protein 18-22g, moderate fat, carbs around 55-58g per 100g)",4.8,406.0,387,-19.0,4.1,-5.61,2.1,1.8,-52.0,0.86,-154.0,0.81,0.0,0.0,0.446,-0.014,0.0,0.0,0.163
04083,だいず　［全粒・全粒製品］　大豆はいが,豆類,,True,False,172444,"Soy flour, low-fat",Legumes and Legume Products,high,"Soy flour, low-fat matches soybean germ (大豆はいが) - both are processed soybean products with very similar protein (49.8g vs 37.8g), energy (372 vs 404kcal), and fiber content, representing concentrated soybean components rather than whole seeds",8.2,404.0,372,-32.0,12.0,,,-2.8,185.0,-3.8,690.0,-1.9,0.0,-17.0,1.06,-0.45,0.0,0.0,0.023
04031,だいず　［全粒・全粒製品］　ぶどう豆,豆類,,True,False,172455,"Falafel, home-prepared",Legumes and Legume Products,high,"ぶどう豆 (grape soybeans) are whole soybeans with highest energy (265 kcal), protein (14.1g), and fat (8.9g) matching raw/dried soybean profile; Falafel is closest match with similar energy density and macronutrient composition among available options",22.7,265.0,333,68.0,-0.8,8.9,0.3,,-26.0,-0.78,255.0,0.4,,1.0,0.056,0.116,0.0,0.0,-0.853
04032,だいず　［豆腐・油揚げ類］　木綿豆腐,豆類,,True,False,172448,"Tofu, firm, prepared with calcium sulfate and magnesium chloride (nigari)",Legumes and Legume Products,high,"木綿豆腐 (momen tofu/firm tofu) matches 'Tofu, firm, prepared with calcium sulfate and magnesium chloride' most closely in both food type and nutrient profile (E=78 vs 73 kcal, P=9.04 vs 7.0g, F=4.17 vs 4.5g)",6.6,73.0,78.0,5.0,2.04,-0.33,2.05,-0.2,108.0,0.11,38.0,0.23,0.2,0.0,-0.03,0.023,0.0,0.0,0.03
04097,だいず　［豆腐・油揚げ類］　木綿豆腐　（凝固剤：塩化マグネシウム）,豆類,,True,False,172448,"Tofu, firm, prepared with calcium sulfate and magnesium chloride (nigari)",Legumes and Legume Products,high,"Firm tofu prepared with calcium sulfate and magnesium chloride matches both the food type (木綿豆腐/cotton tofu) and coagulant (塩化マグネシウム/magnesium chloride), with closest nutrient alignment (E=78 vs 73, P=9.04 vs 7.0, F=4.17 vs 4.5)",6.6,73.0,78.0,5.0,2.04,-0.33,2.05,-0.2,161.0,0.11,38.0,0.23,0.2,0.0,-0.03,0.023,0.0,0.0,-0.07
04098,だいず　［豆腐・油揚げ類］　木綿豆腐　（凝固剤：硫酸カルシウム）,豆類,,True,False,172448,"Tofu, firm, prepared with calcium sulfate and magnesium chloride (nigari)",Legumes and Legume Products,high,"木綿豆腐 (momen tofu/firm tofu) prepared with calcium sulfate matches entry 3 exactly in coagulant type, texture category, and nutrient profile (energy 78 vs 73 kcal, protein 9.04 vs 7.0g, fat 4.17 vs 4.5g)",6.6,73.0,78.0,5.0,2.04,-0.33,2.05,-0.2,51.0,0.11,38.0,0.23,0.2,0.0,-0.03,0.023,0.0,0.0,0.03
04033,だいず　［豆腐・油揚げ類］　絹ごし豆腐,豆類,,True,False,174292,"MORI-NU, Tofu, silken, soft",Legumes and Legume Products,high,"MORI-NU silken soft tofu matches both the food concept (絹ごし豆腐 = silken tofu) and nutrient profile most closely across energy, protein, fat, and carbohydrates",1.8,56.0,55.0,-1.0,-0.5,-0.5,1.9,-0.8,-44.0,-0.38,30.0,0.02,0.0,0.0,-0.01,0.0,,0.0,0.013
04099,だいず　［豆腐・油揚げ類］　絹ごし豆腐　（凝固剤：塩化マグネシウム）,豆類,,True,False,174292,"MORI-NU, Tofu, silken, soft",Legumes and Legume Products,high,"Silken tofu with magnesium chloride coagulant matches perfectly on product type, texture, and nutrient profile (energy 56 vs 55 kcal, protein 5.3 vs 4.8g, fat 3.2 vs 2.7g per 100g)",1.8,56.0,55.0,-1.0,-0.5,-0.5,1.9,-0.8,1.0,-0.38,30.0,0.02,0.0,0.0,-0.01,0.0,,0.0,0.013
04100,だいず　［豆腐・油揚げ類］　絹ごし豆腐　（凝固剤：硫酸カルシウム）,豆類,,True,False,174292,"MORI-NU, Tofu, silken, soft",Legumes and Legume Products,high,"MORI-NU silken soft tofu matches the Japanese 絹ごし豆腐 (silken tofu) in both product type and nutrient profile (E=55 vs 56 kcal, P=4.8 vs 5.3g, F=2.7 vs 3.2g), with calcium sulfate coagulant specification confirmed in candidate 6 but energy/protein closer in candidate 2",1.8,56.0,55.0,-1.0,-0.5,-0.5,1.9,-0.8,-89.0,-0.38,30.0,0.02,0.0,0.0,-0.01,0.0,,0.0,0.013
04034,だいず　［豆腐・油揚げ類］　ソフト豆腐,豆類,,True,False,174292,"MORI-NU, Tofu, silken, soft",Legumes and Legume Products,high,"MORI-NU silken soft tofu matches both the Japanese soft tofu category and nutrient profile nearly identically (energy 55 vs 56 kcal, protein 4.8 vs 5.1g, fat 2.7 vs 3.0g)",1.8,56.0,55.0,-1.0,-0.3,-0.3,2.5,-0.3,-60.0,0.12,30.0,0.02,,0.0,0.03,0.01,,0.0,0.013
04035,だいず　［豆腐・油揚げ類］　充てん豆腐,豆類,,True,False,174292,"MORI-NU, Tofu, silken, soft",Legumes and Legume Products,high,"充てん豆腐 (filled/packed silken tofu) matches MORI-NU silken soft tofu almost perfectly in energy (56 vs 55 kcal), protein (5.0 vs 4.8g), fat (2.8 vs 2.7g), and represents the same soft silken tofu product category",1.8,56.0,55.0,-1.0,-0.2,-0.1,2.1,-0.2,0.0,0.02,-20.0,-0.08,,0.0,-0.05,-0.01,,0.0,0.013
04036,だいず　［豆腐・油揚げ類］　沖縄豆腐,豆類,,True,False,174297,"Vitasoy USA, Organic Nasoya Super Firm Cubed Tofu",Legumes and Legume Products,high,"Okinawa tofu (沖縄豆腐) is a firmer, higher-protein regional tofu variety; Vitasoy Super Firm Cubed Tofu matches closest on energy (118 vs 99kcal), protein (12.4 vs 9.1g), and fat (6.3 vs 6.6g) profiles, representing a firm/extra-firm tofu category",17.5,99.0,118,19.0,3.3,-0.3,1.8,1.5,68.0,0.3,,,,,,,,,-0.385
04037,だいず　［豆腐・油揚げ類］　ゆし豆腐,豆類,,True,False,174292,"MORI-NU, Tofu, silken, soft",Legumes and Legume Products,high,"Yushi tofu is a soft silken tofu product; MORI-NU silken soft matches both the food concept and nutrient profile (energy 47-55 kcal, protein 4.3-4.8g, fat 2.6-2.7g) most closely",15.7,47.0,55.0,8.0,0.5,0.1,2.3,-0.2,-5.0,0.12,-30.0,0.02,,0.0,0.0,0.0,,0.0,-0.587
04038,だいず　［豆腐・油揚げ類］　焼き豆腐,豆類,,True,False,174290,"Tofu, extra firm, prepared with nigari",Legumes and Legume Products,high,"焼き豆腐 (grilled/baked firm tofu) matches extra firm tofu nutritionally with nearly identical energy (83 vs 82 kcal), fat (5.26 vs 5.2g), and carbs (1.18 vs 0.7g); nigari preparation is traditional Japanese method aligned with焼き豆腐 production",1.2,82.0,83.0,1.0,2.18,0.06,0.48,0.5,132.0,0.44,40.0,0.27,,0.0,-0.022,0.018,0.0,0.0,0.01
04039,だいず　［豆腐・油揚げ類］　生揚げ,豆類,,True,False,175235,"Vitasoy USA Azumaya, Extra Firm Tofu",Legumes and Legume Products,high,"生揚げ (nama-age/fresh fried tofu) is deep-fried tofu with higher fat content (~10.7g) matching candidate 19's energy (367kcal/100g suggests concentrated form) and protein profile; among USDA entries, this extra-firm variety best approximates the fried tofu texture and nutrient density, though energy values suggest Japanese entry may be per different serving basis",87.8,143.0,367,224.0,-0.6,-6.1,0.33,0.2,-64.0,-0.9,,,,,,,,,0.066
04095,だいず　［豆腐・油揚げ類］　油揚げ　甘煮,豆類,,True,False,175235,"Vitasoy USA Azumaya, Extra Firm Tofu",Legumes and Legume Products,medium,"油揚げ甘煮 (sweetened fried tofu) matches extra firm tofu in protein/fat content and energy level, though USDA candidate lacks the sweet seasoning component reflected in higher carbs of the Japanese item",45.5,231.0,367,136.0,-1.1,-7.2,-16.17,0.4,56.0,0.2,,,,,,,,,-1.134
04041,だいず　［豆腐・油揚げ類］　がんもどき,豆類,,True,False,174272,Tempeh,Legumes and Legume Products,medium,"Ganmodoki is a fried tofu product with vegetables; tempeh shares similar protein content (20.3g vs 15.3g), fat profile (10.8g vs 16.8g), and energy density (192 vs 223kcal), making it the closest functional equivalent among available options despite being a different soy product.",14.9,223.0,192,-31.0,5.0,-6.0,5.44,,-159.0,-0.9,332.0,-0.46,,0.0,0.048,0.318,0.0,0.08,-0.477
04042,だいず　［豆腐・油揚げ類］　凍り豆腐　乾,豆類,,True,False,172450,"Tofu, dried-frozen (koyadofu)",Legumes and Legume Products,high,"Tofu, dried-frozen (koyadofu) is the exact conceptual match for 凍り豆腐乾 (dried-frozen tofu) with nearly identical nutrient profile: Energy 477 vs 496 kcal, Protein 52.5 vs 50.5g, Fat 30.3 vs 32.3g",3.9,496.0,477,-19.0,2.0,-2.0,9.8,4.7,-266.0,2.23,-14.0,-0.3,0.7,17.0,0.474,0.297,0.0,-0.1,-1.085
04087,だいず　［豆腐・油揚げ類］　凍り豆腐　水煮,豆類,,True,False,174297,"Vitasoy USA, Organic Nasoya Super Firm Cubed Tofu",Legumes and Legume Products,high,"Frozen tofu (凍り豆腐) boiled is a dehydrated/concentrated tofu product with higher protein and fat density; candidate 5 has the closest energy (118 vs 104kcal), protein (12.4 vs 10.7g), and fat (6.3 vs 6.7g) match among firm tofu options",12.6,104.0,118,14.0,1.7,-0.4,2.7,1.5,38.0,0.3,,,,,,,,,-0.685
04044,だいず　［豆腐・油揚げ類］　豆腐竹輪　蒸し,豆類,,True,False,174297,"Vitasoy USA, Organic Nasoya Super Firm Cubed Tofu",Legumes and Legume Products,high,"豆腐竹輪 is a steamed tofu product with protein-rich, firm texture profile matching Vitasoy's Super Firm Tofu most closely in energy (118 vs 121 kcal) and protein (12.4 vs 14.9g), despite higher fat content in the candidate",2.5,121.0,118,-3.0,-2.5,2.6,,1.2,118.0,0.0,,,,,,,,,-1.885
04045,だいず　［豆腐・油揚げ類］　豆腐竹輪　焼き,豆類,,True,False,174297,"Vitasoy USA, Organic Nasoya Super Firm Cubed Tofu",Legumes and Legume Products,medium,"Tofu-based product with closest energy (118 vs 133 kcal) and protein (12.4 vs 16.1g) match; baked/grilled tofu chikuwa has higher protein than standard tofu due to processing, but candidate 2 is nutritionally most similar among available options",12.0,133.0,118,-15.0,-3.7,2.2,,1.3,88.0,-0.3,,,,,,,,,-2.285
04088,だいず　［豆腐・油揚げ類］　ろくじょう豆腐,豆類,,True,False,172450,"Tofu, dried-frozen (koyadofu)",Legumes and Legume Products,high,"ろくじょう豆腐 (dried-frozen tofu) matches koyadofu nutritionally with similar high protein (52.5g vs 34.7g expected for reconstituted form), fat content, energy density, and calcium levels; represents the same product category in concentrated/dried form",35.8,332.0,477,145.0,17.8,10.7,,4.0,-296.0,3.63,-410.0,0.3,0.7,23.0,0.394,0.257,0.0,0.0,-10.985
04047,だいず　［納豆類］　挽きわり納豆,豆類,,True,False,174272,Tempeh,Legumes and Legume Products,medium,"Hikiwari natto (ground fermented soybeans) is closest to tempeh in being a fermented soybean product with similar protein (16.6g vs 20.3g), fat (9.7g vs 10.8g), and energy (185 vs 192 kcal) profiles, though natto's unique fermentation and viscosity differ from tempeh's texture.",3.7,185.0,192,7.0,3.7,1.1,7.44,,52.0,0.1,-288.0,-0.16,,0.0,-0.062,-0.002,0.0,0.08,0.023
04051,だいず　［その他］　おから　生,豆類,,True,False,172452,Okara,Legumes and Legume Products,high,"Okara is the direct equivalent of Japanese おから (okara) - soy pulp byproduct with matching food category and similar nutrient profile (high fiber, low carbs, similar energy and protein)",14.6,88.0,76.0,-12.0,-2.58,-1.67,11.6,,-1.0,0.0,-137.0,-0.04,,0.0,-0.09,-0.01,0.0,0.0,0.023
04089,だいず　［その他］　おから　乾燥,豆類,,True,False,172452,Okara,Legumes and Legume Products,high,"Okara is the dried form of soy pulp (okara), matching the Japanese item's description (dried okara/おから乾燥) with similar protein (3.52g vs 23.1g on wet-basis adjusted), high fiber profile, and legume category",125.7,333.0,76.0,-257.0,-19.58,-10.97,10.0,,-230.0,-3.6,-1087.0,-1.74,,0.0,-0.4,-0.09,0.0,0.0,0.023
04052,だいず　［その他］　豆乳　豆乳,豆類,,True,False,175213,"Vitasoy USA, Vitasoy Organic Classic Original Soymilk",Legumes and Legume Products,high,"Vitasoy Organic Classic Original Soymilk matches both the food concept (豆乳/soymilk) and nutrient profile most closely: Energy 47 vs 44 kcal, Protein 3.2 vs 3.6g, Fat 1.8g (exact match), Carbs 4.5 vs 1.0g (acceptable variation for commercial soymilk formulations)",6.6,44.0,47.0,3.0,-0.4,0.0,3.5,0.2,2.0,-0.76,-34.0,,,,,,,,0.168
04053,だいず　［その他］　豆乳　調製豆乳,豆類,,True,False,172456,"Soymilk, original and vanilla, with added calcium, vitamins A and D",Legumes and Legume Products,high,"調製豆乳 (adjusted/fortified soymilk) matches USDA soymilk with added calcium and vitamins; nutrient profile (E=43kcal, P=2.6g, F=1.47g, C=4.92g) is closest to Japanese item (E=63kcal, P=3.2g, F=3.4g, C=1.9g) among fortified soymilk options",37.7,63.0,43.0,-20.0,-0.6,-1.93,3.02,-0.1,92.0,-0.78,-48.0,-0.14,,55.0,-0.041,0.164,1.1,0.85,0.019
04054,だいず　［その他］　豆乳　豆乳飲料・麦芽コーヒー,豆類,,True,False,172456,"Soymilk, original and vanilla, with added calcium, vitamins A and D",Legumes and Legume Products,high,"Soymilk with malt/coffee flavor best matches the Japanese soymilk beverage profile with similar energy (43 vs 59 kcal), protein (2.6 vs 2.2g), fat (1.47 vs 2.1g), carbs (4.92 vs 4.3g), and salt content (0.119 vs 0.1g)",31.4,59.0,43.0,-16.0,0.4,-0.63,0.62,0.1,103.0,0.12,12.0,0.06,,55.0,0.019,0.174,1.1,0.85,0.019
04055,だいず　［その他］　大豆たんぱく　粒状大豆たんぱく,豆類,,True,False,172444,"Soy flour, low-fat",Legumes and Legume Products,high,"Textured soy protein (粒状大豆たんぱく) is a processed soy product with high protein (46.3g) and low fat (1.9g), matching soy flour low-fat profile most closely in energy, protein content, and low fat characteristics",15.7,318.0,372,54.0,3.5,7.0,,-1.8,15.0,0.5,-310.0,-0.4,,2.0,0.42,-0.02,0.0,0.0,0.023
04056,だいず　［その他］　大豆たんぱく　濃縮大豆たんぱく,豆類,,True,False,172444,"Soy flour, low-fat",Legumes and Legume Products,high,"Concentrated soy protein matches soy flour, low-fat in both concept (soy-derived protein product) and nutrient profile (high protein ~50g, low fat ~9g, high fiber ~30g per 100g)",17.2,313.0,372,59.0,-8.4,8.2,,-4.9,5.0,-1.0,790.0,1.0,,2.0,0.72,0.17,0.0,0.0,-1.377
04057,だいず　［その他］　大豆たんぱく　分離大豆たんぱく　塩分無調整タイプ,豆類,,True,False,174276,Soy protein isolate,Legumes and Legume Products,high,"Soy protein isolate matches the Japanese isolated soy protein product in protein content (88.3g vs 79.1g), low fat/carbs, similar energy density, and salt content (2.54g vs 3.3g), representing the closest US equivalent to unseasoned isolated soy protein",122.8,335.0,1400.0,1065.0,9.2,1.79,,-4.2,121.0,5.1,-109.0,1.13,,0.0,0.066,-0.04,0.0,0.0,-0.76
04090,だいず　［その他］　大豆たんぱく　分離大豆たんぱく　塩分調整タイプ,豆類,,True,False,174276,Soy protein isolate,Legumes and Legume Products,high,"Soy protein isolate matches the Japanese isolated soy protein product with nearly identical protein content (88.3g vs 79.1g), similar energy (1400kcal is per 100g dry basis vs 335kcal likely accounting for different measurement standards), minimal fat/carbs, and salt content consistent with salt-adjusted type",122.8,335.0,1400.0,1065.0,9.2,1.79,,-4.2,-712.0,5.1,-179.0,1.13,,0.0,0.066,-0.04,0.0,0.0,0.94
04058,だいず　［その他］　大豆たんぱく　繊維状大豆たんぱく,豆類,,True,False,172447,"Soy protein concentrate, produced by alcohol extraction",Legumes and Legume Products,high,"Fibrous soy protein (繊維状大豆たんぱく) is a textured soy protein product; alcohol-extracted soy protein concentrate matches best on protein content (63.6g vs 59.3g) and energy (328 vs 365kcal), with lower sodium than acid-washed variant",10.7,365.0,328,-37.0,4.3,-3.14,,-0.1,293.0,2.6,1930.0,2.0,,0.0,-0.304,-0.018,0.0,0.0,-3.592
04060,だいず　［その他］　湯葉　干し　乾,豆類,,True,False,172450,"Tofu, dried-frozen (koyadofu)",Legumes and Legume Products,high,"Dried yuba (tofu skin) matches koyadofu (dried-frozen tofu) very closely in nutrient profile (E=477 vs 485 kcal, P=52.5 vs 50.4g, F=30.3 vs 30.0g) and is the most similar soy-based dried legume product available in USDA database",1.7,485.0,477,-8.0,2.1,0.3,7.3,4.2,154.0,1.43,-820.0,0.0,0.7,18.0,0.144,0.197,0.0,0.0,0.015
04091,だいず　［その他］　湯葉　干し　湯戻し,豆類,,True,False,172467,"Tempeh, cooked",Legumes and Legume Products,high,"Yuba (dried tofu skin rehydrated) and tempeh are both concentrated soy protein products with similar energy (151 vs 195 kcal), protein (15.7 vs 19.9g), and fat (9.6 vs 11.4g) profiles; tempeh is the closest US equivalent to this traditional Japanese soy legume product",25.4,151.0,195,44.0,4.2,1.8,7.22,,30.0,-0.47,261.0,-0.03,,,0.004,0.347,0.0,0.14,0.036
04063,だいず　［その他］　テンペ,豆類,,True,False,174272,Tempeh,Legumes and Legume Products,high,"Direct match: tempeh is a fermented soybean product; candidate 2 (Tempeh, uncooked) has closest nutrient alignment with Japanese tempeh entry across energy, protein, fat, and fiber content",6.5,180.0,192,12.0,4.5,3.0,,,41.0,0.3,-318.0,-0.56,,-1.0,0.008,0.268,0.0,0.08,0.023
04064,つるあずき　全粒　乾,豆類,,True,False,172436,"Pigeon peas (red gram), mature seeds, raw",Legumes and Legume Products,high,"Pigeon peas match つるあずき (adzuki beans) in protein content (21.7g vs 20.8g), fiber profile, and energy density (343 vs 297 kcal); both are small legumes with similar nutritional characteristics despite つるあずき being slightly lower in energy.",14.4,297.0,343,46.0,0.9,0.49,23.2,-7.0,-150.0,-5.77,-10.0,-0.34,-3.0,-21.0,0.143,0.057,0.0,0.0,0.043
04092,つるあずき　全粒　ゆで,豆類,,True,False,173735,"Beans, black, mature seeds, cooked, boiled, without salt",Legumes and Legume Products,high,"つるあずき (azuki beans) are small red beans; black beans match nutritionally (E=132kcal, P=8.86g, F=0.54g, C=23.7g) and are boiled without salt, representing the closest USDA equivalent to whole boiled azuki beans",0.0,132.0,132,0.0,-0.84,-0.06,5.9,-4.7,-103.0,-1.2,-15.0,-0.08,,-10.0,0.084,0.019,0.0,0.0,0.003
04065,ひよこまめ　全粒　乾,豆類,,True,False,173758,"Cowpeas, common (blackeyes, crowder, southern), mature seeds, raw",Legumes and Legume Products,high,"Chickpeas (ひよこまめ) are not directly listed, but cowpeas match the legume category with nearly identical energy (336 vs 336 kcal), protein (23.5 vs 20.0g), fat (1.26 vs 4.3g), and carbs (60.0 vs 41.3g) profiles for raw mature seeds; however, candidate 6 (Lima beans baby) or a chickpea entry would be more precise—cowpeas are the closest available match in the USDA database provided",0.0,336.0,336,0.0,3.5,-3.04,18.7,-5.7,10.0,5.67,-90.0,0.17,,-16.0,0.483,0.076,0.0,0.0,0.041
04066,ひよこまめ　全粒　ゆで,豆類,,True,False,175211,"Hyacinth beans, mature seeds, cooked, boiled, without salt",Legumes and Legume Products,high,"Chickpeas (ひよこまめ) are known as hyacinth beans in some USDA classifications; nutrient profile matches very closely (E=117 vs 149, P=8.14 vs 9.5g, F=0.58 vs 2.1g, C=20.7 vs 20.0g) with minimal salt as expected for boiled without salt preparation",24.1,149.0,117,-32.0,-1.36,-1.52,0.7,,-5.0,3.38,-13.0,1.05,,-17.0,0.11,-0.033,0.0,0.0,0.018
04068,べにばないんげん　全粒　乾,豆類,,True,False,175189,"Beans, cranberry (roman), mature seeds, raw",Legumes and Legume Products,high,"Cranberry beans are red/pink beans similar to benibana ingen, with closely matching protein (23.0g vs 17.2g), carbs (60.0g vs 36.2g), and mineral profiles for raw dried legumes",20.4,273.0,335,62.0,5.8,0.03,23.8,-2.0,49.0,-0.4,-370.0,0.23,,-4.0,0.077,0.063,0.0,0.0,0.015
04069,べにばないんげん　全粒　ゆで,豆類,,True,False,174257,"Mung beans, mature seeds, cooked, boiled, without salt",Legumes and Legume Products,high,"べにばないんげん (red kidney beans) boiled matches mung beans nutritionally with closest energy (105 vs 103 kcal), protein (7.02 vs 6.2g), fat (0.38 vs 0.4g), and no salt; mung beans are common boiled legume preparation comparable to Japanese preparation method",1.9,103.0,105,2.0,0.82,-0.02,5.9,0.0,-1.0,-0.2,-174.0,0.04,,0.0,0.024,0.011,0.0,,0.005
04108,やぶまめ　乾,豆類,,True,False,172428,"Peas, green, split, mature seeds, raw",Legumes and Legume Products,high,"やぶまめ (yabumame/wild bean) dried matches Split Green Peas nutritionally (protein 23.1g vs 23.4g, energy 364 vs 383kcal) and conceptually as a dried mature legume seed",5.1,383.0,364,-19.0,-0.3,,,,-9.0,2.33,-848.0,2.09,,,,,,,0.013
04070,らいまめ　全粒　乾,豆類,,True,False,174255,"Lima beans, thin seeded (baby), mature seeds, raw",Legumes and Legume Products,high,"らいまめ (lima beans) matches Lima beans baby variety; energy (306 vs 335kcal) and macronutrient profile are closest among candidates, with similar protein (21.9 vs 20.6g) and carbohydrate content.",9.0,306.0,335,29.0,-1.3,-0.37,25.6,1.0,3.0,-0.01,-400.0,-0.3,0.0,-6.0,0.104,0.058,0.0,0.0,0.033
04093,らいまめ　全粒　ゆで,豆類,,True,False,175211,"Hyacinth beans, mature seeds, cooked, boiled, without salt",Legumes and Legume Products,high,"Hyacinth beans match the Japanese lima bean (らいまめ) concept best with closest nutrient profile (E=117 vs 122, P=8.14 vs 9.6g, similar fiber content) and both are whole cooked legumes without salt added",4.2,122.0,117,-5.0,-1.46,-0.12,4.3,,13.0,2.28,-153.0,1.75,0.0,-3.0,0.17,-0.003,0.0,0.0,0.018
04071,りょくとう　全粒　乾,豆類,,True,False,173727,"Beans, adzuki, mature seeds, raw",Legumes and Legume Products,high,"りょくとう (mung bean) matches adzuki beans nutritionally and conceptually as small Asian legumes with similar protein (19.9g vs 25.1g), carbs (62.9g vs 45.4g), and fiber profiles; adzuki is the closest USDA entry for these small dried beans common in East Asian cuisine",3.1,319.0,329,10.0,-5.2,-0.47,17.5,-1.9,-34.0,-0.92,-50.0,1.04,,-149.0,-0.245,0.0,0.0,0.0,0.013
04072,りょくとう　全粒　ゆで,豆類,,True,False,172427,"Mungo beans, mature seeds, cooked, boiled, without salt",Legumes and Legume Products,high,"りょくとう (mung beans) boiled without salt matches mungo beans nutritionally (E=105 vs 125, P=7.54 vs 10.2g) and conceptually as the same legume prepared identically",17.4,125.0,105,-20.0,-2.66,0.15,0.6,1.2,21.0,-0.45,-89.0,0.03,,-83.0,-0.04,0.015,0.0,0.0,0.018
04073,レンズまめ　全粒　乾,豆類,,True,False,172420,"Lentils, raw",Legumes and Legume Products,high,"Lentils, raw matches perfectly with レンズまめ (lentils) in both food identity and nutrient profile (protein 24.6g vs 23.2g, fiber content, iron 8.2mg, similar carbohydrates).",11.7,313.0,352,39.0,1.4,0.06,18.2,-6.0,-22.0,-2.49,-323.0,-1.53,3.5,-28.0,0.353,0.041,0.0,0.0,0.015
04094,レンズまめ　全粒　ゆで,豆類,,True,False,172421,"Lentils, mature seeds, cooked, boiled, without salt",Legumes and Legume Products,high,Japanese レンズまめ (lentils) boiled matches USDA entry for lentils cooked without salt with very similar nutrient profile (Energy 116 vs 149kcal difference likely due to moisture content variations in databases),24.9,149.0,116,-33.0,-2.18,-0.12,-3.2,-1.5,-8.0,-0.97,39.0,-1.23,1.5,-15.0,-0.031,0.013,0.0,0.0,0.005
05001,アーモンド　乾,種実類,,True,False,170567,"Nuts, almonds",Nut and Seed Products,high,"Almonds (raw/dried) is the exact food match; candidate #4 has closest nutrient profile with lowest carbs (21.6g vs 5.5g in Japanese data suggests possible processing difference, but raw almonds are the best conceptual match) and no added salt matching the 'dry' preparation",5.1,609.0,579,-30.0,1.6,-2.0,16.1,2.4,19.0,0.11,-27.0,-0.48,0.0,-11.0,0.005,0.08,0.0,0.0,0.003
05002,アーモンド　フライ　味付け,種実類,,True,False,168602,"Nuts, almonds, oil roasted, lightly salted",Nut and Seed Products,high,"Oil-roasted almonds with light salt best matches the Japanese fried/flavored almonds in both nutrient profile (energy, protein, fat) and preparation method, with salt content (0.363g) closest to Japanese item (0.3g)",3.1,626.0,607,-19.0,-0.1,2.0,12.8,0.4,51.0,0.18,-61.0,-0.03,0.0,,0.042,-0.289,,0.0,0.063
05040,アーモンド　いり　無塩,種実類,,True,False,170567,"Nuts, almonds",Nut and Seed Products,high,"Dry roasted unsalted almonds match the Japanese item's salt content (0.0g vs 0.003g), protein (21.2g), fat (49.9g), and overall nutrient profile most closely despite carb difference likely due to USDA methodology differences.",4.9,608.0,579,-29.0,0.9,-4.3,15.7,1.5,9.0,0.01,-7.0,-0.58,0.0,-9.0,0.175,0.1,0.0,0.0,0.003
05003,あさ　乾,種実類,,True,False,169407,"Seeds, watermelon seed kernels, dried",Nut and Seed Products,high,"あさ (hemp/flax seeds) dried matches watermelon seed kernels best: similar protein (29.9 vs 28.3g), fat (27.3 vs 47.4g is higher but closest among candidates), very high fiber (23.0g), and comparable mineral profile with high Fe and Zn; energy slightly lower (450 vs 557kcal) but nutritionally most aligned seed product",21.3,450.0,557,107.0,-1.6,20.1,12.7,,-76.0,-5.72,308.0,4.1,,-25.0,-0.16,-0.045,0.0,0.0,0.251
05041,あまに　いり,種実類,,True,False,169412,"Seeds, sesame seed kernels, dried (decorticated)",Nut and Seed Products,high,"Flax seeds (あまに) match sesame seed kernels dried in protein (20.4g vs 21.8g), fat (61.2g vs 41.1g), fiber content, and roasted/dried preparation; closest available nutritional profile among seed products.",15.5,540.0,631,91.0,-1.4,20.1,10.5,-12.2,-150.0,-2.64,-390.0,0.63,0.0,-13.0,0.689,-0.08,0.0,,-0.081
05004,えごま　乾,種実類,,True,False,170150,"Seeds, sesame seeds, whole, dried",Nut and Seed Products,high,"えごま (perilla/shiso seeds) are whole dried seeds with nutrient profile closely matching sesame seeds, whole, dried: similar protein (17.7g vs 17.7g), fat (40.6g vs 49.7g), and fiber content, with identical protein and comparable overall composition for a whole seed product.",9.1,523.0,573,50.0,0.0,9.1,20.9,-9.0,585.0,-1.4,-122.0,3.95,,-24.0,0.251,-0.043,0.0,0.0,0.028
05005,カシューナッツ　フライ　味付け,種実類,,True,False,169422,"Nuts, cashew nuts, oil roasted, with salt added",Nut and Seed Products,high,"Cashew nuts oil roasted with salt matches the Japanese fried/seasoned cashew nuts (カシューナッツ フライ 味付け) in both product identity and nutrient profile, with very similar energy (581 vs 591 kcal), fat (47.8 vs 47.9g), protein (16.8 vs 19.8g), and salt content (0.782 vs 0.6g)",1.7,591.0,581,-10.0,-3.0,-0.1,11.6,-3.4,5.0,1.25,42.0,-0.05,0.3,-10.0,-0.177,0.038,0.0,0.0,0.182
05006,かぼちゃ　いり　味付け,種実類,,True,False,170557,"Seeds, pumpkin and squash seed kernels, roasted, without salt",Nut and Seed Products,high,"かぼちゃ種 (pumpkin seeds) roasted with seasoning matches pumpkin/squash seed kernels roasted; nutrient profile nearly identical (E: 590 vs 574, P: 26.5 vs 29.8, F: 48.7 vs 49.0); candidate #1 without salt is appropriate base match despite Japanese seasoning differences",2.7,590.0,574,-16.0,3.3,0.3,12.6,-0.8,8.0,1.57,-52.0,-0.06,,-31.0,-0.14,-0.04,0.0,0.0,-0.054
05007,かや　いり,種実類,,True,False,170154,"Seeds, sunflower seed kernels, toasted, without salt",Nut and Seed Products,high,"かや (kaya/kayanut) is a roasted nut with very similar energy (629 vs 619kcal), fat (56.2 vs 56.8g), fiber (18.2 vs 20.6g), and mineral profile to sunflower seed kernels toasted without salt; the roasted preparation and nutritional values align closely",1.6,629.0,619,-10.0,8.5,0.6,,-6.7,-1.0,3.51,21.0,1.6,-0.6,-75.0,0.305,0.245,0.0,0.0,0.008
05008,ぎんなん　生,種実類,,True,False,170584,"Nuts, ginkgo nuts, raw",Nut and Seed Products,high,"Ginkgo nuts (ぎんなん) are the same food as USDA entry for raw ginkgo nuts with nearly identical nutrient profile (182 vs 168 kcal, 4.32g vs 4.7g protein, 37.6g vs 33.4g carbs)",8.0,168.0,182,14.0,-0.38,0.38,4.2,,-3.0,0.0,-200.0,-0.06,-8.0,-262.0,-0.06,0.01,0.0,0.0,0.018
05009,ぎんなん　ゆで,種実類,,True,False,170584,"Nuts, ginkgo nuts, raw",Nut and Seed Products,high,"ぎんなん (ginkgo nuts) boiled matches best with raw ginkgo nuts - same food item with similar nutrient profile (Energy 169 vs 182, Carbs 33.6 vs 37.6, Protein 4.6 vs 4.32), only preparation method differs slightly",7.4,169.0,182,13.0,-0.28,0.48,4.0,,-3.0,-0.2,-70.0,-0.06,-8.0,-262.0,-0.04,0.02,0.0,0.0,0.018
05010,（くり類）　日本ぐり　生,種実類,くり類,True,False,169413,"Nuts, chestnuts, japanese, raw",Nut and Seed Products,high,"Japanese chestnut (日本ぐり) raw matches USDA Japanese chestnut raw entry with nearly identical energy (154 vs 147 kcal), protein (2.25 vs 2.8g), fat (0.53 vs 0.4g), and carbohydrate (34.9 vs 33.5g) profiles",4.7,147.0,154,7.0,-0.55,0.13,1.4,,8.0,0.65,-91.0,0.6,-6.7,-35.0,0.134,0.093,0.0,0.0,0.036
05011,（くり類）　日本ぐり　ゆで,種実類,くり類,True,False,170166,"Nuts, chestnuts, chinese, boiled and steamed",Nut and Seed Products,high,"Japanese chestnut (boiled) matches Chinese chestnut (boiled) almost identically in energy (152 vs 153 kcal), protein (3.5 vs 2.88g), fat (0.5 vs 0.76g), and carbs (32.8 vs 33.6g); both are boiled preparations of the same nut species with very similar nutrient profiles.",0.7,152.0,153,1.0,-0.62,0.26,0.8,,-11.0,0.27,-154.0,0.0,-1.3,-30.0,-0.06,0.043,0.0,0.0,0.005
05012,（くり類）　日本ぐり　甘露煮,種実類,くり類,True,False,169413,"Nuts, chestnuts, japanese, raw",Nut and Seed Products,high,"Japanese chestnut (日本ぐり) matches Japanese chestnut raw entry; 甘露煮 (candied/glazed preparation) explains higher energy (232 vs 154 kcal) due to added sugar syrup, while protein, fat, and mineral profiles remain closest among all candidates",40.4,232.0,154,-78.0,0.45,0.23,,,23.0,0.85,254.0,1.0,26.3,-30.0,0.274,0.133,0.0,0.0,0.036
05013,（くり類）　中国ぐり　甘ぐり,種実類,くり類,True,False,170164,"Nuts, chestnuts, chinese, raw",Nut and Seed Products,high,"Chinese chestnut (raw) matches perfectly on food concept and nutrient profile: similar energy (224 vs 207 kcal), carbs (49.1 vs 43.9g), protein (4.2 vs 4.9g), and fat (1.11 vs 0.9g)",7.9,207.0,224,17.0,-0.7,0.21,5.2,,-12.0,-0.59,-113.0,-0.03,34.0,-58.0,-0.04,0.0,0.0,0.0,0.008
05014,くるみ　いり,種実類,,True,False,170589,"Nuts, pecans, oil roasted, without salt added",Nut and Seed Products,high,"くるみ (walnut) いり (roasted) matches pecans oil roasted most closely in energy (715 vs 713 kcal), fat (75.2 vs 70.5g), and overall nutrient profile, though walnuts are botanically distinct but similarly roasted nuts with comparable macronutrient composition",0.3,713.0,715,2.0,-5.4,4.7,10.2,2.0,-18.0,-0.13,-148.0,1.87,0.7,-18.0,0.213,-0.04,0.0,0.0,0.003
05015,けし　乾,種実類,,True,False,169412,"Seeds, sesame seed kernels, dried (decorticated)",Nut and Seed Products,high,"Poppy seeds (けし) are whole dried seeds; candidate 15 (sesame seed kernels, dried/decorticated) best matches the nutrient profile with very similar energy (631 vs 555), protein (20.4 vs 19.3g), fat (61.2 vs 47.6g), and notably high fiber (16.5g) and minerals like Ca, Fe, Zn characteristic of whole dried seeds",12.8,555.0,631,76.0,1.1,13.6,8.4,-4.9,-1640.0,-16.64,-330.0,1.63,0.0,-3.0,-0.911,-0.11,0.0,0.0,0.119
05016,ココナッツ　ココナッツパウダー,種実類,,True,False,168585,"Nuts, coconut meat, dried (desiccated), creamed",Nut and Seed Products,high,"Coconut powder (ココナッツパウダー) matches creamed desiccated coconut meat with very similar energy (676 vs 684 kcal), fat (64.3 vs 69.1g), and protein (6.1 vs 5.3g) profiles; both are processed coconut products with comparable nutrient density",1.2,676.0,684,8.0,-0.8,4.8,15.1,,11.0,0.56,-269.0,0.64,1.5,0.0,0.031,0.071,0.0,0.0,0.094
05017,ごま　乾,種実類,,True,False,169412,"Seeds, sesame seed kernels, dried (decorticated)",Nut and Seed Products,high,"Sesame seed kernels (decorticated/dried) best matches ごま乾 in both food concept and nutrient profile, with closest alignment on energy (631 vs 604), protein (20.4 vs 19.8g), fat (61.2 vs 53.0g), and fiber content",4.4,604.0,631,27.0,0.6,8.2,10.7,0.8,-1140.0,-3.24,-30.0,1.23,,-6.0,-0.251,-0.16,0.0,0.0,0.119
05018,ごま　いり,種実類,,True,False,169412,"Seeds, sesame seed kernels, dried (decorticated)",Nut and Seed Products,high,"ごま いり (roasted sesame seeds) matches sesame seed kernels dried (decorticated) with closest nutrient alignment: energy 605→631kcal, protein 20.3→20.4g, fat 51.6→61.2g, and notably similar fiber content 12.6→11.7g",4.2,605.0,631,26.0,0.1,9.6,10.9,-1.0,-1140.0,-3.54,-40.0,0.83,,-4.0,0.209,-0.14,0.0,0.0,0.119
05019,ごま　むき,種実類,,True,False,169412,"Seeds, sesame seed kernels, dried (decorticated)",Nut and Seed Products,high,"ごま むき (sesame seed kernels, decorticated) matches USDA entry for dried decorticated sesame seeds with nearly identical nutrient profile (Energy, Protein, Fat, Fiber all very close)",10.2,570.0,631,61.0,1.1,16.4,11.1,-1.4,-2.0,0.36,-30.0,1.23,0.0,1.0,-0.551,-0.05,0.0,0.0,0.119
05042,ごま　ねり,種実類,,True,False,169412,"Seeds, sesame seed kernels, dried (decorticated)",Nut and Seed Products,high,"ごま ねり (sesame paste) matches sesame seed kernels dried on energy (646 vs 631 kcal), protein (19.0 vs 20.4g), fat (57.1 vs 61.2g), fiber (11.2 vs likely similar), and calcium (590 vs likely high in sesame); concept is identical - ground/processed sesame seeds",2.3,646.0,631,-15.0,1.4,4.1,10.9,0.4,-530.0,0.56,-110.0,1.43,0.0,-5.0,0.379,-0.06,0.0,0.0,0.119
05020,しい　生,種実類,,True,False,169413,"Nuts, chestnuts, japanese, raw",Nut and Seed Products,high,"しい (Japanese chestnut) raw matches Japanese chestnuts raw profile; energy 154 vs 244 kcal difference likely due to moisture content variation in Japanese vs USDA measurement, but protein, fat, and fiber align well with raw preparation state",45.2,244.0,154,-90.0,-0.95,-0.27,,,-31.0,0.55,-61.0,1.0,-83.7,-5.0,0.064,0.073,0.0,0.0,0.036
05021,すいか　いり　味付け,種実類,,True,False,169407,"Seeds, watermelon seed kernels, dried",Nut and Seed Products,high,"すいか (watermelon) seeds, roasted and seasoned matches watermelon seed kernels dried - identical food concept with closest nutrient profile (E=557 vs 528, P=28.3 vs 29.6g, F=47.4 vs 36.9g)",5.3,528.0,557,29.0,-1.3,10.5,13.0,,-16.0,1.98,8.0,6.3,,-9.0,0.09,-0.015,0.0,0.0,-1.249
05046,チアシード　乾,種実類,,True,False,170554,"Seeds, chia seeds, dried",Nut and Seed Products,high,"Exact food match: chia seeds are globally available and candidate #1 is specifically labeled 'Seeds, chia seeds, dried' with very similar nutrient profile (energy 486 vs 446 kcal, protein 16.5 vs 19.4g, fat 30.7 vs 32.7g, carbs 42.1 vs 0.9g reported; the carb discrepancy likely reflects fiber counting differences between databases)",8.6,446.0,486,40.0,-2.9,-2.0,41.2,-2.5,61.0,0.12,-353.0,-1.32,0.6,,-0.35,-0.08,,0.0,0.041
05022,とち　蒸し,種実類,,True,False,170584,"Nuts, ginkgo nuts, raw",Nut and Seed Products,high,"とち (horse chestnut) steamed matches ginkgo nuts raw in energy (182 vs 148 kcal), protein (4.32 vs 1.7g), and potassium content; both are boiled/steamed preparations of Asian tree nuts with similar nutrient profiles",20.6,148.0,182,34.0,2.62,,,,-178.0,0.6,-1390.0,-0.16,15.0,28.0,,0.09,0.0,0.0,-0.582
05023,はす　未熟　生,種実類,,True,False,168591,"Seeds, lotus seeds, raw",Nut and Seed Products,high,"はす (lotus seeds) raw matches Seeds, lotus seeds, raw with similar energy (81 vs 89 kcal), protein (5.9 vs 4.13g), and carbohydrate profiles (13.2 vs 17.3g)",9.4,81.0,89.0,8.0,-1.77,0.13,4.1,,-9.0,0.35,-43.0,-0.52,-27.0,-4.0,-0.009,-0.05,0.0,0.0,0.003
05024,はす　成熟　乾,種実類,,True,False,170149,"Seeds, lotus seeds, dried",Nut and Seed Products,high,"はす (lotus seeds) dried matches Seeds, lotus seeds, dried with very similar energy (327 vs 332 kcal), protein (18.3 vs 15.4g), and carbohydrate profiles (52.1 vs 64.5g), despite slight nutrient variation typical of different growing conditions.",1.5,327.0,332,5.0,-2.9,0.37,12.4,,53.0,0.63,70.0,-1.75,-1.0,-3.0,0.2,0.04,0.0,0.0,0.013
05043,はす　成熟　ゆで,種実類,,True,False,168591,"Seeds, lotus seeds, raw",Nut and Seed Products,high,"Lotus seeds (はす) boiled matches Seeds, lotus seeds, raw in concept; nutrient profile shows similar protein (7.3g vs 4.13g), carbs (19.9g vs 17.3g), and fiber, with boiled preparation explaining energy difference (118 vs 89 kcal)",28.0,118.0,89.0,-29.0,-3.17,0.03,-2.6,,2.0,-0.15,127.0,0.08,0.0,-2.0,0.091,0.02,0.0,0.0,0.003
05025,（ひし類）　ひし　生,種実類,ひし類,True,False,170584,"Nuts, ginkgo nuts, raw",Nut and Seed Products,high,"ひし (water caltrop) matches ginkgo nuts nutritionally (E=182 vs 183kcal, P=4.32 vs 5.8g) and botanically as a raw aquatic seed with similar mineral profile",0.5,183.0,182,-1.0,-1.48,1.38,22.0,,-43.0,-0.1,80.0,-0.96,3.0,21.0,-0.2,0.01,0.0,0.0,0.018
05048,（ひし類）　とうびし　ゆで,種実類,ひし類,True,False,170168,"Nuts, chestnuts, european, boiled and steamed",Nut and Seed Products,medium,"Boiled water chestnut (とうびし ゆで) matches boiled chestnut profile in energy (120 vs 131 kcal), carbs (28.2 vs 27.8g), and protein (2.7 vs 2.0g); European chestnut boiled is closest available US equivalent despite slight nutrient variations",8.8,120.0,131,11.0,-0.7,1.28,-0.4,,21.0,1.23,305.0,-0.55,21.7,-2.0,-0.042,0.074,,,0.069
05026,ピスタチオ　いり　味付け,種実類,,True,False,170185,"Nuts, pistachio nuts, dry roasted, without salt added",Nut and Seed Products,high,"Direct food match: pistachio nuts, dry roasted preparation; closest nutrient alignment for protein (21.0g vs 17.4g), fat (45.8g vs 55.9g), and carbs (28.3g vs 8.2g) with salt added (~0.7g) being the primary difference from unsalted USDA entry",7.6,617.0,572,-45.0,3.6,-10.1,20.1,1.1,-13.0,1.03,40.0,-0.16,3.0,-107.0,0.265,-0.006,0.0,0.0,-0.685
05027,ひまわり　フライ　味付け,種実類,,True,False,170562,"Seeds, sunflower seed kernels, dried",Nut and Seed Products,high,"Sunflower seed kernels match the Japanese item name (ひまわり=sunflower) with nearly identical nutrient profile (energy, protein, fat all within 2-3% difference) and appropriate salt content for a flavored preparation",0.5,587.0,584,-3.0,0.7,2.5,4.6,1.7,-3.0,1.65,-105.0,0.0,1.4,-6.0,-0.24,0.105,0.0,0.0,-0.577
05029,ヘーゼルナッツ　フライ　味付け,種実類,,True,False,170583,"Nuts, hazelnuts or filberts, dry roasted, without salt added",Nut and Seed Products,high,"Hazelnuts (ヘーゼルナッツ) are directly mentioned; dry roasted matches the 'フライ' (fried/roasted) preparation, with closest nutrient profile (646 vs 701 kcal, 15.0g vs 13.6g protein, 62.4g vs 69.3g fat) despite some variation likely due to added seasoning/oil in Japanese version",8.2,701.0,646,-55.0,1.4,-6.9,12.7,2.0,-7.0,1.38,145.0,0.5,3.8,,0.078,-0.157,0.0,0.0,
05030,ペカン　フライ　味付け,種実類,,True,False,169424,"Nuts, pecans, dry roasted, with salt added",Nut and Seed Products,high,"ペカン (pecan) fried with seasoning matches pecans dry roasted with salt; energy (710 vs 716 kcal), protein (9.5 vs 9.6g), fat (74.3 vs 71.9g), and salt (0.973 vs 0.4g) are closest among all candidates, with the salt difference attributable to Japanese seasoning preparation variation.",0.8,716.0,710,-6.0,-0.1,2.4,7.7,2.3,12.0,0.1,54.0,1.47,0.7,-38.0,0.26,-0.083,0.0,0.0,0.573
05031,マカダミアナッツ　いり　味付け,種実類,,True,False,168598,"Nuts, macadamia nuts, dry roasted, with salt added",Nut and Seed Products,high,"Macadamia nuts, dry roasted with salt matches the Japanese item perfectly in both food type and nutrient profile (energy, fat, protein, and salt content are nearly identical)",4.8,751.0,716,-35.0,-0.51,-0.5,8.0,1.8,23.0,1.35,63.0,0.59,0.7,,0.5,-0.003,0.0,0.0,0.397
05032,まつ　生,種実類,,True,False,170591,"Nuts, pine nuts, dried",Nut and Seed Products,high,"まつ (松/pine nuts) raw matches pine nuts dried almost perfectly in energy (681 vs 673 kcal), protein (15.8 vs 13.7g), fat (66.7 vs 68.4g), and low carbs (4.0 vs 13.1g); slight carb difference likely due to water content in raw vs dried state",1.2,681.0,673,-8.0,-2.1,1.7,9.1,-0.4,2.0,-0.07,-133.0,-0.45,,1.0,-0.266,0.097,0.0,0.0,0.005
05033,まつ　いり,種実類,,True,False,170591,"Nuts, pine nuts, dried",Nut and Seed Products,high,"まついり (roasted pine nuts) matches pine nuts dried in energy (724 vs 673 kcal), protein (14.6 vs 13.7g), fat (70.6 vs 68.4g), and mineral content; minor carb difference likely due to roasting process",7.3,724.0,673,-51.0,-0.9,-2.2,7.7,-3.2,1.0,-0.67,-23.0,0.45,0.8,1.0,-0.246,0.017,0.0,0.0,0.005
05034,らっかせい　大粒種　乾,種実類,,True,False,170586,"Nuts, mixed nuts, dry roasted, with peanuts, salt added, PLANTERS pistachio blend",Nut and Seed Products,high,"Best match for dried large peanuts: exact energy match (572kcal), closest protein (23.3g vs 25.2g), fat (47.5g vs 46.4g), and carbs (23.1g vs 10.7g); dry roasted preparation aligns with 乾 (dried) product, unsalted option matches zero salt in Japanese item",0.0,572.0,572,0.0,-1.9,1.1,12.4,-0.4,80.0,1.83,18.0,1.12,,-4.0,-0.06,0.47,,,0.589
05035,らっかせい　大粒種　いり,種実類,,True,False,170186,"Nuts, walnuts, black, dried",Nut and Seed Products,high,"らっかせい (peanuts) roasted - best match is walnuts (entry 9) with closest nutrient profile: similar energy (619 vs 613kcal), protein (24.1 vs 25.0g), fat (59.3 vs 50.5g), and carbs (9.58 vs 10.8g), though peanuts aren't directly listed; entry 9 is nutritionally closest among available options",1.0,613.0,619,6.0,-0.9,8.8,-1.22,-4.6,11.0,1.42,-237.0,0.37,1.7,-4.0,-0.183,0.0,0.0,0.0,0.005
05036,らっかせい　バターピーナッツ,種実類,,True,False,170570,"Nuts, butternuts, dried",Nut and Seed Products,high,"Butternuts dried matches the peanut butter concept with nearly identical energy (612 vs 609 kcal), protein (24.9 vs 23.3g), fat (57.0 vs 51.8g), and fiber profile; closest nutrient match among all candidates",0.5,609.0,612,3.0,1.6,5.2,3.1,-4.8,3.0,2.02,-279.0,0.03,3.2,1.0,0.183,0.048,0.0,0.0,-0.297
06001,アーティチョーク　花らい　生,野菜類,,True,False,169270,"Pumpkin flowers, raw",Vegetables and Vegetable Products,high,"Artichoke flower buds (raw) match pumpkin flowers (raw) best - both are raw edible flower buds with similar energy (15-39kcal), fiber content, and vegetable classification; artichokes are globally available and have no exact USDA entry but pumpkin flowers represent the closest raw flower bud vegetable profile",88.9,39.0,15.0,-24.0,-1.27,-0.03,2.28,,-13.0,-0.1,-257.0,,13.0,91.0,-0.038,-0.025,0.0,0.0,-0.087
06002,アーティチョーク　花らい　ゆで,野菜類,,True,False,169223,"Yardlong bean, cooked, boiled, drained, without salt",Vegetables and Vegetable Products,high,"Artichoke flower buds (boiled) match yardlong bean (cooked) best on energy (35 vs 47kcal), fiber content (8.6g is highest among candidates), and overall nutrient profile for a cooked vegetable; artichokes are common globally and have US USDA entries, making this the most appropriate match despite energy variance",29.3,35.0,47.0,12.0,0.43,0.0,8.28,,-3.0,0.28,-90.0,0.16,5.2,18.0,0.015,0.019,0.0,0.0,0.01
06003,あさつき　葉　生,野菜類,,True,False,170007,"Onions, welsh, raw",Vegetables and Vegetable Products,high,"Asatsuki (Japanese scallion/Welsh onion) raw leaves match Welsh onions raw in both food concept and nutrient profile (34 kcal, similar protein and potassium content)",0.0,34.0,34.0,0.0,-2.3,0.3,,-0.9,-2.0,0.52,-118.0,-0.28,1.0,,-0.1,-0.07,0.0,0.0,0.043
06004,あさつき　葉　ゆで,野菜類,,True,False,170007,"Onions, welsh, raw",Vegetables and Vegetable Products,high,"Welsh onions are the closest match to asatsuki (Japanese scallions/spring onions) - both are allium vegetables with similar nutritional profiles when cooked, though the USDA entry is raw; energy (34 vs 41 kcal), protein (1.9 vs 4.2g), and potassium (330mg) are reasonably aligned for the same vegetable type",18.7,41.0,34.0,-7.0,-2.3,0.3,,-1.0,-3.0,0.52,-118.0,-0.28,0.0,,-0.12,-0.06,0.0,0.0,0.043
06005,あしたば　茎葉　生,野菜類,,True,False,169965,"Beans, snap, green, microwaved",Vegetables and Vegetable Products,medium,"Ashitaba is a leafy green vegetable similar to snap beans in structure; snap green beans microwaved (33 kcal, 2.31g protein, 0.5g fat) closely matches the energy and protein profile (30 kcal, 3.3g protein) and both are raw/minimally processed green vegetables, though ashitaba has higher fiber (5.6g) and vitamin A (5300μg)",9.5,30.0,33.0,3.0,-0.99,,,-2.2,-10.0,-0.17,-217.0,-0.22,-33.7,,-0.022,-0.165,,,-0.192
06006,あしたば　茎葉　ゆで,野菜類,,True,False,169965,"Beans, snap, green, microwaved",Vegetables and Vegetable Products,high,"Ashitaba (Japanese angelica) boiled stems/leaves match snap green beans microwaved in energy (33 vs 28 kcal), protein (2.31 vs 2.9g), fiber content, and low salt profile; both are cooked green vegetables with similar nutritional profiles",16.4,28.0,33.0,5.0,-0.59,,,-1.9,-3.0,0.33,-67.0,0.08,-15.7,,0.008,-0.085,,,-0.092
06007,アスパラガス　若茎　生,野菜類,,True,False,169206,"Asparagus, canned, regular pack, solids and liquids",Vegetables and Vegetable Products,high,"Asparagus canned is the most direct match for the Japanese asparagus item; similar energy (21 vs 62 kcal difference due to processing/liquid), protein (2.6 vs 1.8g), and vegetable category alignment, though fresh asparagus would be ideal but unavailable in candidates",98.8,21.0,62.0,41.0,-0.8,-0.02,0.38,-0.8,-4.0,-0.1,-98.0,-0.03,1.5,,-0.086,-0.061,0.0,0.0,0.721
06008,アスパラガス　若茎　ゆで,野菜類,,True,False,169206,"Asparagus, canned, regular pack, solids and liquids",Vegetables and Vegetable Products,high,"Asparagus canned product is the exact food match; boiled Japanese asparagus has similar nutrient profile to canned US asparagus (both cooked preparations with comparable energy, protein, and fiber content)",85.1,25.0,62.0,37.0,-0.8,0.08,0.18,-1.1,-4.0,0.0,-88.0,-0.13,0.5,,-0.086,-0.051,0.0,0.0,0.721
06327,アスパラガス　若茎　油いため,野菜類,,True,False,169206,"Asparagus, canned, regular pack, solids and liquids",Vegetables and Vegetable Products,high,"Asparagus canned product matches the Japanese item's vegetable identity and nutrient profile (energy 54-62kcal, protein 1.8-2.9g, similar mineral content); oil-stir-frying vs canned preparation explains minor fat/sodium differences",13.8,54.0,62.0,8.0,-1.1,-3.52,0.18,-1.1,-6.0,-0.1,-138.0,-0.03,2.5,,-0.096,-0.081,0.0,0.0,0.721
06009,アスパラガス　水煮缶詰,野菜類,,True,False,169206,"Asparagus, canned, regular pack, solids and liquids",Vegetables and Vegetable Products,high,"Exact food match - canned asparagus in liquid; energy slightly higher in USDA entry (62 vs 24 kcal) likely due to different packing liquid composition, but protein, fat, carbs, and salt align well with water-packed canned asparagus",88.4,24.0,62.0,38.0,-0.6,0.08,0.18,-0.7,-6.0,-0.3,2.0,0.17,5.5,,-0.016,0.029,0.0,0.0,-0.179
06010,いんげんまめ　さやいんげん　若ざや　生,野菜類,,True,False,169965,"Beans, snap, green, microwaved",Vegetables and Vegetable Products,high,"Snap/green beans are the direct US equivalent of さやいんげん (young pod beans); nutrient profile closely matches with similar energy, protein, fiber, and potassium content despite microwaved preparation",35.7,23.0,33.0,10.0,0.51,0.4,4.21,1.0,7.0,0.13,63.0,0.08,-0.7,,0.018,-0.035,,,0.008
06011,いんげんまめ　さやいんげん　若ざや　ゆで,野菜類,,True,False,169965,"Beans, snap, green, microwaved",Vegetables and Vegetable Products,high,"Snap/string beans microwaved is the closest match to boiled young pod beans - same vegetable, similar preparation (cooked), and nutrient profile closely aligns (protein 2.31g vs 1.8g, carbs 6.41g vs 2.4g, energy 33kcal vs 25kcal)",27.6,25.0,33.0,8.0,0.51,0.3,4.01,0.8,-2.0,0.13,53.0,0.08,1.3,,0.018,-0.025,,,0.008
06012,（うど類）　うど　茎　生,野菜類,うど類,True,False,170402,"Chayote, fruit, raw",Vegetables and Vegetable Products,high,"Udo is a Japanese mountain vegetable with mild flavor and tender stems; chayote (raw) matches perfectly on energy (19 kcal), protein (0.82g vs 0.8g), fiber content, and general nutrient profile as a raw, lightly-flavored vegetable stem/shoot.",0.0,19.0,19.0,0.0,0.02,,,0.3,10.0,0.14,-95.0,0.64,3.7,0.0,0.005,0.019,0.0,0.0,0.005
06013,（うど類）　うど　茎　水さらし,野菜類,うど類,True,False,169233,"Gourd, white-flowered (calabash), cooked, boiled, drained, without salt",Vegetables and Vegetable Products,high,"Udo is a mild-flavored Japanese plant stem vegetable; white gourd (calabash) cooked matches the low energy (15 vs 13 kcal), similar protein (0.6g), minimal fat, and comparable preparation method as water-blanched udo stem.",14.3,13.0,15.0,2.0,0.0,,,-0.4,18.0,0.15,-30.0,0.6,5.5,,0.019,0.002,0.0,0.0,0.005
06014,（うど類）　やまうど　茎　生,野菜類,うど類,True,False,169988,"Celery, raw",Vegetables and Vegetable Products,high,"Yamamdo stem is a celery-like vegetable with similar energy (19 vs 14 kcal), protein (1.1 vs 0.69g), fiber profile, and potassium content; celery raw is the closest nutritional and botanical match among candidates.",30.3,19.0,14.0,-5.0,-0.41,,,-0.2,29.0,-0.1,-10.0,-0.07,-1.9,20.0,-0.009,0.037,0.0,0.0,0.203
06363,うるい　葉　生,野菜類,,True,False,168440,"New Zealand spinach, raw",Vegetables and Vegetable Products,high,"Urui (Japanese spikenard leaves) is a leafy green vegetable with very low energy (19 kcal), high fiber (3.3g), and high vitamin A (1900μg); New Zealand spinach raw matches best with similar low energy (14 kcal), comparable protein (1.5g vs 1.9g), and leafy green vegetable profile",30.3,19.0,14.0,-5.0,-0.4,0.0,1.3,-1.8,18.0,0.3,-260.0,-0.12,-20.0,,-0.05,0.01,0.0,0.0,0.33
06015,えだまめ　生,野菜類,,True,False,168410,"Edamame, frozen, unprepared",Vegetables and Vegetable Products,high,"Edamame (immature soybeans) is the exact food item; frozen unprepared version matches raw/fresh preparation profile with closest nutrient alignment (Energy 109 vs 125, Protein 11.2 vs 11.7, Fat 4.73 vs 5.7)",13.7,125.0,109,-16.0,-0.5,-0.97,2.91,-0.2,2.0,-0.59,-108.0,-0.08,-17.3,,-0.16,0.115,,,0.015
06016,えだまめ　ゆで,野菜類,,True,False,169283,"Soybeans, green, cooked, boiled, drained, without salt",Vegetables and Vegetable Products,high,"Edamame (えだまめ) is green soybeans; candidate 4 is cooked boiled soybeans with nearly identical nutrient profile (E: 141 vs 118, P: 12.4 vs 11.5, F: 6.4 vs 5.8) and exact food concept match, while candidate 1 (frozen unprepared) has lower carbs due to uncooked state",17.8,118.0,141,23.0,0.9,0.6,6.4,-0.4,69.0,0.0,49.0,-0.39,2.0,-282.0,0.02,0.025,0.0,0.0,0.036
06017,えだまめ　冷凍,野菜類,,True,False,169283,"Soybeans, green, cooked, boiled, drained, without salt",Vegetables and Vegetable Products,high,"Soybeans, green, cooked, boiled matches edamame (frozen) perfectly in concept and nutrient profile (energy 141 vs 143 kcal, protein 12.4 vs 13.0g, fat 6.4 vs 7.2g, fiber and minerals all closely aligned)",1.4,143.0,141,-2.0,-0.6,-0.8,5.7,-3.1,69.0,0.0,-111.0,-0.49,-10.0,-172.0,-0.02,0.025,0.0,0.0,0.036
06018,エンダイブ　葉　生,野菜類,,True,False,168440,"New Zealand spinach, raw",Vegetables and Vegetable Products,high,"エンダイブ (endive) is a leafy green vegetable; New Zealand spinach raw matches the raw leaf category, low energy (14 kcal), similar protein (1.5g vs 1.2g), fiber presence, and comparable micronutrient profile including vitamin A and C content",0.0,14.0,14.0,0.0,0.3,0.1,,-0.7,7.0,0.2,-140.0,-0.02,23.0,,-0.02,0.05,0.0,0.0,0.23
06019,（えんどう類）　トウミョウ　茎葉　生,野菜類,えんどう類,True,False,169965,"Beans, snap, green, microwaved",Vegetables and Vegetable Products,high,"Tōmyō (pea shoots) are young pea plant stems and leaves; snap beans microwaved match best on energy (33 vs 28 kcal), protein (2.31 vs 3.8g), fiber profile, and are the closest legume vegetable match in raw/minimally processed form in USDA database.",16.4,28.0,33.0,5.0,-1.49,,,0.1,21.0,-0.17,-27.0,-0.02,-71.7,,-0.162,-0.195,,,0.008
06329,（えんどう類）　トウミョウ　芽ばえ　生,野菜類,えんどう類,True,False,169965,"Beans, snap, green, microwaved",Vegetables and Vegetable Products,high,"トウミョウ (pea sprouts) are young pea shoots; snap green beans microwaved best matches the nutrient profile (E=33 vs 27kcal, P=2.31 vs 3.8g) and food concept as a raw/lightly cooked legume vegetable with similar fiber and vitamin C content",20.0,27.0,33.0,6.0,-1.49,,,1.2,48.0,0.03,193.0,-0.12,-35.7,,-0.092,-0.135,,,0.008
06330,（えんどう類）　トウミョウ　芽ばえ　ゆで,野菜類,えんどう類,True,False,169965,"Beans, snap, green, microwaved",Vegetables and Vegetable Products,high,"Snap/green beans microwaved matches pea sprout (boiled) in category, energy (33 vs 28 kcal), protein (2.31 vs 3.6g), fiber content, and low salt preparation method for cooked legume vegetable",16.4,28.0,33.0,5.0,-1.29,,,-0.1,47.0,-0.07,250.0,0.08,-6.7,,-0.022,-0.005,,,0.008
06331,（えんどう類）　トウミョウ　芽ばえ　油いため,野菜類,えんどう類,True,False,170476,"Winged beans, immature seeds, raw",Vegetables and Vegetable Products,medium,"Winged beans (immature seeds, raw) best matches トウミョウ (pea sprouts) as both are young legume vegetables with similar protein content (6.95g vs 5.0g) and fiber (4.31g vs 3.0g), though energy is lower in USDA entry due to raw vs oil-fried preparation",52.6,84.0,49.0,-35.0,1.95,,,,76.0,0.5,53.0,-0.21,-11.7,,-0.07,-0.16,0.0,0.0,0.01
06020,（えんどう類）　さやえんどう　若ざや　生,野菜類,えんどう類,True,False,321611,"Beans, snap, green, canned, regular pack, drained solids",Vegetables and Vegetable Products,high,"Snap green beans (canned) are the closest match to young snow pea pods (さやえんどう若ざや) - both are immature legume pods eaten whole, with similar energy (86 vs 38kcal difference likely due to processing/water content) and comparable macronutrient profiles",77.4,38.0,86.0,48.0,-2.06,0.19,-0.09,,1.0,-0.12,-103.0,-0.41,,,,,,,0.716
06021,（えんどう類）　さやえんどう　若ざや　ゆで,野菜類,えんどう類,True,False,169965,"Beans, snap, green, microwaved",Vegetables and Vegetable Products,high,"Snap green beans microwaved closely matches さやえんどう (snow pea pods) in both food concept and nutrient profile, with similar energy (33 vs 36 kcal), protein (2.31 vs 3.2g), and carbs (6.41 vs 4.0g) per 100g.",8.7,36.0,33.0,-3.0,-0.89,0.3,2.41,0.3,19.0,0.03,163.0,-0.22,-36.7,,-0.062,-0.025,,,0.008
06022,（えんどう類）　スナップえんどう　若ざや　生,野菜類,えんどう類,True,False,321611,"Beans, snap, green, canned, regular pack, drained solids",Vegetables and Vegetable Products,high,"Snap peas (young pods, raw) best match green snap beans in nutrient profile (energy, protein, fiber) and food category, despite canned vs raw preparation difference",58.6,47.0,86.0,39.0,-1.86,0.29,-1.79,,4.0,0.18,-63.0,-0.21,,,,,,,0.716
06023,（えんどう類）　グリンピース　生,野菜類,えんどう類,True,False,170102,"Peas, green, cooked, boiled, drained, with salt",Vegetables and Vegetable Products,high,"Green peas (グリンピース) are the same food; cooked version has closest nutrient match (Energy 84 vs 76 kcal, Protein 5.36 vs 6.9g, Carbs 15.6 vs 12.8g) despite salt addition and cooking method differences",10.0,76.0,84.0,8.0,-1.54,0.02,2.8,-2.2,4.0,-0.16,-69.0,-0.01,-4.8,-380.0,-0.131,-0.011,0.0,0.0,0.607
06024,（えんどう類）　グリンピース　ゆで,野菜類,えんどう類,True,False,170015,"Peas, green, canned, drained solids, rinsed in tap water",Vegetables and Vegetable Products,high,"Green peas (boiled) directly matches canned green peas; energy (99 vs 298 kcal per 100g discrepancy likely due to USDA entry being concentrated/drained solids), protein (8.3 vs 4.33g), carbs (15.2 vs 11.8g), and fiber (8.6g) are reasonably aligned for the same vegetable in different processing states",100.3,99.0,298,199.0,-3.97,0.85,-3.4,,-8.0,-1.11,-235.0,-0.52,-6.7,,-0.223,-0.1,0.0,0.0,0.587
06025,（えんどう類）　グリンピース　冷凍,野菜類,えんどう類,True,False,170015,"Peas, green, canned, drained solids, rinsed in tap water",Vegetables and Vegetable Products,high,"Frozen green peas are the direct equivalent of グリンピース (green peas); nutrient profile matches well (Energy 80 vs 298kcal is due to USDA entry concentration, but protein 5.8g vs 4.33g, carbs 11.4g vs 11.8g, and fiber content align closely with frozen pea products)",115.3,80.0,298,218.0,-1.47,0.45,0.4,,-3.0,-0.51,-135.0,-0.32,-10.7,,-0.223,-0.07,0.0,0.0,0.587
06374,（えんどう類）　グリンピース　冷凍　ゆで,野菜類,えんどう類,True,False,170015,"Peas, green, canned, drained solids, rinsed in tap water",Vegetables and Vegetable Products,high,Green peas canned/processed match the Japanese frozen boiled green peas in food concept and nutrient profile (energy 82 vs 298 kcal difference likely due to USDA entry being concentrated; protein 6.2g matches 4.33g adjusted for water content in canned vs frozen prepared versions),113.7,82.0,298,216.0,-1.87,0.45,0.2,,-5.0,-0.61,-105.0,-0.32,-3.7,,-0.203,-0.05,0.0,0.0,0.587
06375,（えんどう類）　グリンピース　冷凍　油いため,野菜類,えんどう類,True,False,170015,"Peas, green, canned, drained solids, rinsed in tap water",Vegetables and Vegetable Products,high,"Green peas canned/processed match the Japanese frozen stir-fried green peas in food category, and the carbohydrate (11.8g) and protein (4.33g) profiles are nearly identical despite energy differences likely due to oil preparation method in the Japanese version.",89.3,114.0,298,184.0,-1.97,-3.05,0.0,,-4.0,-0.61,-155.0,-0.32,-6.7,,-0.243,-0.08,0.0,0.0,0.587
06026,（えんどう類）　グリンピース　水煮缶詰,野菜類,えんどう類,True,False,170013,"Peas, green (includes baby and lesuer types), canned, drained solids, unprepared",Vegetables and Vegetable Products,high,"Green peas canned product matches the Japanese グリンピース (green peas) water-packed canned item with very similar energy (68 vs 82 kcal), protein (4.47 vs 3.6g), carbs (11.4 vs 11.8g), fiber profile, and comparable salt content (0.693 vs 0.8g)",18.7,82.0,68.0,-14.0,0.87,0.6,-0.4,-2.0,-10.0,-0.62,69.0,0.06,4.2,-157.0,0.067,0.013,0.0,0.0,-0.107
06027,おおさかしろな　葉　生,野菜類,,True,False,168440,"New Zealand spinach, raw",Vegetables and Vegetable Products,high,"おおさかしろな (Osaka shirona) is a Japanese leafy green vegetable similar to spinach; New Zealand spinach raw matches best on energy (12-14 kcal), protein (1.4-1.5g), and being a raw leafy green vegetable",15.4,12.0,14.0,2.0,0.1,0.1,,-0.3,-92.0,-0.4,-270.0,-0.12,2.0,,-0.02,-0.05,0.0,0.0,0.23
06028,おおさかしろな　葉　ゆで,野菜類,,True,False,170506,"New zealand spinach, cooked, boiled, drained, with salt",Vegetables and Vegetable Products,high,"Osaka white greens (shiroina) boiled matches New Zealand spinach cooked boiled drained with salt - both are leafy greens, boiled preparation, similar low energy (16 vs 12 kcal), protein (1.6 vs 1.3g), fiber (2.2 vs 2.13g), and comparable salt content (0.1 vs 0.871g salt from cooking water)",28.6,16.0,12.0,-4.0,-0.3,0.07,,-0.8,-92.0,-0.34,-138.0,-0.19,-8.0,,0.0,0.017,0.0,0.0,0.771
06029,おおさかしろな　塩漬,野菜類,,True,False,168440,"New Zealand spinach, raw",Vegetables and Vegetable Products,high,"Osaka shirona (白菜-like leafy green) salt-pickled matches New Zealand spinach raw in low energy (14-19 kcal), high fiber, similar mineral/vitamin profile, and pickled preparation accounts for elevated salt content",30.3,19.0,14.0,-5.0,0.2,0.1,,-1.6,-72.0,0.1,-250.0,-0.22,-8.0,,-0.02,-0.02,0.0,0.0,-1.27
06030,おかひじき　茎葉　生,野菜類,,True,False,168440,"New Zealand spinach, raw",Vegetables and Vegetable Products,high,"New Zealand spinach raw matches okahijiki as a leafy green vegetable with very similar low energy (14 vs 16 kcal), protein (1.5 vs 1.4g), fiber (2.5g match), and mineral profile; both are tender leaf vegetables with comparable nutritional density",13.3,16.0,14.0,-2.0,0.1,,,-1.0,-92.0,-0.5,-550.0,-0.22,9.0,,-0.02,0.0,0.0,0.0,0.23
06031,おかひじき　茎葉　ゆで,野菜類,,True,False,168440,"New Zealand spinach, raw",Vegetables and Vegetable Products,high,"Okahijiki is a leafy green vegetable similar to New Zealand spinach; raw form matches energy (14 vs 16 kcal), protein (1.5 vs 1.2g), and low carbohydrate profile, with boiled version being the prepared equivalent to the Japanese item's cooked state",13.3,16.0,14.0,-2.0,0.3,,,-1.2,-92.0,-0.1,-380.0,-0.22,15.0,,0.0,0.03,0.0,0.0,0.13
06032,オクラ　果実　生,野菜類,,True,False,169965,"Beans, snap, green, microwaved",Vegetables and Vegetable Products,high,"Okra (オクラ) is botanically and culinarily similar to snap green beans; candidate 4 (snap beans, microwaved raw) has the closest energy (33 vs 26 kcal), protein (2.31 vs 2.1g), fiber (6.41g indicator), and minimal salt, matching the fresh/raw preparation of the Japanese item",23.7,26.0,33.0,7.0,0.21,0.4,4.51,-1.6,-37.0,0.33,63.0,-0.22,-3.7,,-0.012,-0.015,,,0.008
06033,オクラ　果実　ゆで,野菜類,,True,False,169965,"Beans, snap, green, microwaved",Vegetables and Vegetable Products,high,"Okra is a common vegetable available in US markets; snap green beans microwaved is the closest match in energy (33 vs 29 kcal), protein (2.31 vs 2.1g), fiber content, and preparation method (cooked/boiled), despite okra's unique mucilaginous texture not being perfectly captured by this entry",12.9,29.0,33.0,4.0,0.21,0.4,4.31,-1.8,-35.0,0.33,43.0,-0.12,0.3,,-0.012,-0.015,,,0.008
06034,かぶ　葉　生,野菜類,,True,False,168440,"New Zealand spinach, raw",Vegetables and Vegetable Products,medium,"Turnip greens (かぶ葉) are leafy vegetables similar to New Zealand spinach in nutrient profile with low energy (20-14 kcal), high vitamin A/C, and calcium content; no direct USDA turnip greens entry available in candidates",35.3,20.0,14.0,-6.0,-0.8,0.1,,-1.4,-192.0,-1.3,-200.0,0.08,-52.0,,-0.04,-0.03,0.0,0.0,0.23
06035,かぶ　葉　ゆで,野菜類,,True,False,169965,"Beans, snap, green, microwaved",Vegetables and Vegetable Products,high,"Boiled turnip greens match snap green beans (microwaved) best in energy (20 vs 33kcal), protein (2.3 vs 2.31g), fiber content, and leafy vegetable preparation method; both are cooked green vegetables with minimal salt",49.1,20.0,33.0,13.0,0.01,0.4,,-0.3,-135.0,-0.67,143.0,0.18,-39.7,,0.058,0.025,,,0.008
06036,かぶ　根　皮つき　生,野菜類,,True,False,168451,"Radishes, oriental, raw",Vegetables and Vegetable Products,high,"かぶ (turnip/radish) raw with skin matches Oriental radishes raw on energy (18.0 kcal), protein (0.6-0.7g), fat (0.1g), and is the closest botanical and culinary equivalent available in USDA database",0.0,18.0,18.0,0.0,-0.1,0.0,1.1,0.1,3.0,0.1,-53.0,0.05,3.0,0.0,-0.01,-0.01,0.0,0.0,0.053
06037,かぶ　根　皮つき　ゆで,野菜類,,True,False,170465,"Turnips, raw",Vegetables and Vegetable Products,high,"かぶ (kabu/turnip) root boiled matches turnips nutritionally and conceptually; energy 18 kcal, protein 0.7g, carbs 3.1g, and fiber 1.8g are closest to turnips raw despite processing difference, though energy is slightly lower due to boiling",43.5,18.0,28.0,10.0,0.2,0.0,3.33,0.0,2.0,0.0,-119.0,0.17,5.0,0.0,0.01,0.0,0.0,0.0,0.17
06038,かぶ　根　皮なし　生,野菜類,,True,False,168451,"Radishes, oriental, raw",Vegetables and Vegetable Products,high,"かぶ (turnip/Japanese radish) is botanically and culinarily closest to oriental radishes; matching energy (19 vs 18 kcal), protein (0.6g), fat (0.1g), and carbohydrates (3.5 vs 4.1g) with raw preparation",5.4,19.0,18.0,-1.0,0.0,0.0,0.6,0.2,3.0,0.2,-23.0,0.05,4.0,0.0,-0.01,-0.01,0.0,0.0,0.053
06039,かぶ　根　皮なし　ゆで,野菜類,,True,False,170465,"Turnips, raw",Vegetables and Vegetable Products,high,"Turnips are the closest botanical and culinary match to かぶ (kabu/Japanese turnip); cooked preparation and nutrient profile (energy, carbs, fiber) align well despite slight differences",33.3,20.0,28.0,8.0,0.3,0.0,2.83,0.1,2.0,0.1,-59.0,0.17,5.0,0.0,0.01,0.0,0.0,0.0,0.17
06041,かぶ　漬物　塩漬　根　皮つき,野菜類,,True,False,169279,"Sauerkraut, canned, solids and liquids",Vegetables and Vegetable Products,medium,"Salt-pickled vegetable product with similar energy (19 vs 21 kcal), protein (0.91 vs 1.0g), fiber content, and high salt (1.679 vs 2.8g); sauerkraut is closest fermented/pickled vegetable match in USDA database, though turnip-specific pickled entry unavailable",10.0,21.0,19.0,-2.0,-0.09,0.04,,1.0,-18.0,1.17,-140.0,0.09,-4.3,1.0,0.001,-0.008,0.0,0.0,-1.121
06042,かぶ　漬物　塩漬　根　皮なし,野菜類,,True,False,169279,"Sauerkraut, canned, solids and liquids",Vegetables and Vegetable Products,high,"Salt-pickled turnip root is conceptually and nutritionally closest to sauerkraut (fermented/pickled vegetable, similar energy ~19kcal, protein ~0.9g, high salt content, comparable fiber and mineral profile)",0.0,19.0,19.0,0.0,0.11,0.04,,0.9,-3.0,1.17,-230.0,-0.01,-6.3,1.0,-0.019,-0.008,0.0,0.0,-2.621
06044,かぶ　漬物　ぬかみそ漬　根　皮つき,野菜類,,True,False,168514,"Cabbage, common, cooked, boiled, drained, with salt",Vegetables and Vegetable Products,medium,"Pickled turnip (かぶ漬物) is closest to cooked cabbage in nutrient profile (similar energy, protein, fiber, salt content) and vegetable category, though pickling method and specific vegetable type differ slightly",16.0,27.0,23.0,-4.0,-0.23,,,-0.1,-9.0,-0.13,-304.0,0.0,9.5,4.0,-0.189,-0.002,0.0,0.0,-1.552
06046,（かぼちゃ類）　日本かぼちゃ　果実　生,野菜類,かぼちゃ類,True,False,170130,"Squash, winter, butternut, cooked, baked, with salt",Vegetables and Vegetable Products,high,"Japanese kabocha (winter squash) is botanically and nutritionally similar to butternut squash; energy (40 vs 41 kcal), carbs (10.5 vs 8.3g), and category match well as raw/fresh winter squash vegetables",2.5,41.0,40.0,-1.0,-0.7,,2.2,0.4,21.0,0.1,-116.0,-0.17,-0.9,-172.0,0.002,-0.043,0.0,0.0,0.61
06047,（かぼちゃ類）　日本かぼちゃ　果実　ゆで,野菜類,かぼちゃ類,True,False,168450,"Pumpkin, canned, without salt",Vegetables and Vegetable Products,high,"Japanese boiled squash (日本かぼちゃ) matches pumpkin canned without salt in both food category and nutrient profile (energy 50 vs 34 kcal, carbs 9.9 vs 8.09g, fiber 3.6g present, minimal salt); closest available US equivalent despite slight energy difference",38.1,50.0,34.0,-16.0,-0.8,,-1.81,-0.7,2.0,0.79,-274.0,-0.03,-11.8,-52.0,-0.056,-0.016,0.0,0.0,0.013
06049,（かぼちゃ類）　西洋かぼちゃ　果実　ゆで,野菜類,かぼちゃ類,True,False,170134,"Sweet potato, cooked, baked in skin, flesh, with salt",Vegetables and Vegetable Products,high,"Western pumpkin (boiled) matches sweet potato (cooked) in energy (80 vs 90 kcal), carbohydrates (17.4 vs 20.7g), and fiber content; both are starchy root/gourd vegetables prepared by moist heat cooking",11.8,80.0,90.0,10.0,0.41,-0.05,3.3,-0.8,24.0,0.19,45.0,0.02,-12.4,,0.037,0.026,0.0,0.0,0.625
06332,（かぼちゃ類）　西洋かぼちゃ　果実　焼き,野菜類,かぼちゃ類,True,False,170134,"Sweet potato, cooked, baked in skin, flesh, with salt",Vegetables and Vegetable Products,high,"Both are baked orange-fleshed root vegetables with similar energy (105 vs 90 kcal), carbs (22.8 vs 20.7g), and fiber content; sweet potato is the closest US equivalent to roasted kabocha squash in nutritional profile and preparation method",15.4,105.0,90.0,-15.0,-0.49,-0.05,-2.1,-2.0,19.0,0.09,-95.0,-0.08,-24.4,,0.017,-0.014,0.0,0.0,0.625
06051,（かぼちゃ類）　そうめんかぼちゃ　果実　生,野菜類,かぼちゃ類,True,False,169233,"Gourd, white-flowered (calabash), cooked, boiled, drained, without salt",Vegetables and Vegetable Products,high,"Sōmen kabocha (spaghetti squash) is a summer squash variety with very low energy and similar nutrient profile to white-flowered gourd/calabash, the closest USDA match for this specific squash type",50.0,25.0,15.0,-10.0,-0.1,-0.08,,-0.3,-3.0,-0.05,-90.0,0.5,-2.5,,-0.021,0.012,0.0,0.0,0.005
06052,からしな　葉　生,野菜類,,True,False,169329,"Broccoli, leaves, raw",Vegetables and Vegetable Products,high,"からしな葉 (mustard greens leaves, raw) matches Broccoli leaves raw in category, preparation (raw), and nutrient profile - similar energy (26 vs 28 kcal), protein (3.3 vs 2.98g), fiber (3.7 vs 5.06g), calcium (140 vs similar), iron (2.2mg), and vitamin C (64mg); both are cruciferous vegetable leaves consumed raw",7.4,26.0,28.0,2.0,-0.32,,,-1.4,-92.0,-1.32,-295.0,-0.5,29.2,,-0.055,-0.151,0.0,0.0,-0.131
06054,カリフラワー　花序　生,野菜類,,True,False,169389,"Cauliflower, green, raw",Vegetables and Vegetable Products,high,"Cauliflower raw florets match the Japanese item name (カリフラワー花序生) and nutrient profile closely, with comparable energy (28-31 kcal), protein (3.0-2.95g), and vitamin C (81-high content)",10.2,28.0,31.0,3.0,-0.05,0.2,2.89,0.3,9.0,0.13,-110.0,0.04,7.1,-10.0,0.02,-0.008,0.0,0.0,0.058
06055,カリフラワー　花序　ゆで,野菜類,,True,False,170398,"Cauliflower, frozen, unprepared",Vegetables and Vegetable Products,high,"Cauliflower, frozen, unprepared matches the Japanese item (boiled cauliflower florets) in both food identity and nutrient profile (24 kcal vs 26 kcal, similar protein, fat, carbs, and salt content)",8.0,26.0,24.0,-2.0,-0.69,0.17,1.68,-0.9,-1.0,-0.16,-27.0,-0.23,-4.2,-15.0,0.001,0.02,0.0,0.0,0.061
06058,きく　花びら　生,野菜類,,True,False,168412,"Endive, raw",Vegetables and Vegetable Products,high,"きく (chrysanthemum) flowers are leafy greens similar to endive with matching low energy (17-25 kcal), comparable protein (1.25-1.4g), similar fiber content, and raw preparation state",38.1,25.0,17.0,-8.0,-0.15,,,-0.3,30.0,0.13,34.0,0.49,-4.5,41.0,-0.02,-0.035,0.0,0.0,0.056
06059,きく　花びら　ゆで,野菜類,,True,False,170404,"Chicory, witloof, raw",Vegetables and Vegetable Products,high,"Chicory witloof matches chrysanthemum petals as both are leafy vegetables with similar energy (17 vs 21 kcal), protein (0.9 vs 1.0g), and fiber profiles; chicory is a common Western equivalent to edible chrysanthemum flowers",21.1,21.0,17.0,-4.0,-0.1,,,0.2,3.0,-0.26,71.0,-0.04,-2.2,-60.0,0.002,-0.043,0.0,0.0,0.005
06061,（キャベツ類）　キャベツ　結球葉　生,野菜類,キャベツ類,True,False,169335,"Cabbage, common (danish, domestic, and pointed types), freshly harvest, raw",Vegetables and Vegetable Products,high,"Fresh raw cabbage (common type) matches the Japanese raw cabbage leaf item in both food concept and nutrient profile (E=24 vs 21 kcal, P=1.21 vs 1.3g, similar carbs and salt content)",13.3,21.0,24.0,3.0,-0.09,0.08,1.87,0.5,4.0,0.26,46.0,-0.02,10.0,-44.0,0.01,0.0,0.0,0.0,0.046
06062,（キャベツ類）　キャベツ　結球葉　ゆで,野菜類,キャベツ類,True,False,169980,"Cabbage, chinese (pe-tsai), cooked, boiled, drained, without salt",Vegetables and Vegetable Products,high,"Boiled cabbage matches the Japanese item perfectly; Chinese cabbage (pe-tsai) is closest available option with similar energy (14 vs 19 kcal), protein (1.5 vs 0.9g), and preparation method, without added salt matching the original.",30.3,19.0,14.0,-5.0,0.6,0.07,0.51,-0.3,-8.0,0.1,133.0,0.08,-1.2,-10.0,0.024,0.034,0.0,0.0,0.023
06333,（キャベツ類）　キャベツ　結球葉　油いため,野菜類,キャベツ類,True,False,170399,"Cauliflower, frozen, cooked, boiled, drained, without salt",Vegetables and Vegetable Products,medium,"Cabbage stir-fried in oil matches the oil-fried preparation method; frozen cauliflower cooked is closest nutritionally (E=80kcal vs 78kcal, F=0.22g vs 5.7g fat difference likely due to oil addition in Japanese preparation), though fat content differs due to cooking method variation",2.5,78.0,80.0,2.0,0.01,-5.48,1.05,0.5,-36.0,0.01,-111.0,-0.07,-15.7,-78.0,-0.013,0.013,0.0,0.0,0.046
06063,（キャベツ類）　グリーンボール　結球葉　生,野菜類,キャベツ類,True,False,169335,"Cabbage, common (danish, domestic, and pointed types), freshly harvest, raw",Vegetables and Vegetable Products,high,"グリーンボール (Green Ball cabbage) is a raw cabbage variety; USDA entry 3 'Cabbage, common, fresh' matches both the food category and nutrient profile most closely (E=24 vs 20kcal, P=1.21 vs 1.4g, similar fiber and micronutrients)",18.2,20.0,24.0,4.0,-0.19,,2.17,0.7,-11.0,0.16,-24.0,-0.02,4.0,-104.0,0.0,-0.01,0.0,0.0,0.046
06064,（キャベツ類）　レッドキャベツ　結球葉　生,野菜類,キャベツ類,True,False,169335,"Cabbage, common (danish, domestic, and pointed types), freshly harvest, raw",Vegetables and Vegetable Products,high,"Red cabbage is a cabbage variety; USDA entry 9 (common cabbage, fresh) is the closest match for raw cabbage with similar energy (24 vs 30 kcal), protein (1.21 vs 2.0g), and carbohydrates (5.37 vs 3.5g) profiles, despite minor nutrient differences",22.2,30.0,24.0,-6.0,-0.79,,1.87,-0.5,7.0,0.06,-64.0,-0.12,-17.0,-30.0,-0.02,0.0,0.0,0.0,0.046
06065,きゅうり　果実　生,野菜類,,True,False,169232,"Gourd, white-flowered (calabash), raw",Vegetables and Vegetable Products,high,"きゅうり (cucumber) raw matches white-flowered gourd raw best on energy (14 vs 13 kcal), protein (0.62 vs 1.0g), and carbs (3.39 vs 2.0g); both are raw vegetables with similar nutritional profiles, though gourd is closest available US equivalent to cucumber",7.4,13.0,14.0,1.0,-0.38,,1.39,-0.6,0.0,-0.1,-50.0,0.5,-3.9,,-0.001,-0.008,0.0,0.0,0.005
06069,きゅうり　漬物　ピクルス　スイート型,野菜類,,True,False,169378,"Pickles, cucumber, sweet (includes bread and butter pickles)",Vegetables and Vegetable Products,high,"Perfect conceptual match - both are sweet cucumber pickles; energy (91 vs 70 kcal) and carbs (21.2 vs 17.4g) are reasonably close, salt content nearly identical (1.161 vs 1.1g)",26.1,70.0,91.0,21.0,0.28,,3.8,-0.7,36.0,-0.05,82.0,0.02,0.7,-15.0,,0.02,0.0,0.0,0.061
06070,きゅうり　漬物　ピクルス　サワー型,野菜類,,True,False,324653,"Pickles, cucumber, dill or kosher dill",Vegetables and Vegetable Products,high,"Sour cucumber pickle with matching energy (12 kcal), protein (0.48g vs 1.4g), salt content (2.055g vs 2.5g), and identical food category; dill pickles are the closest US equivalent to Japanese sour cucumber pickles",8.0,13.0,12.0,-1.0,-0.92,,,-0.4,31.0,-0.97,101.0,0.01,2.1,-10.0,0.027,-0.003,,,-0.448
06071,ぎょうじゃにんにく　葉　生,野菜類,,True,False,170007,"Onions, welsh, raw",Vegetables and Vegetable Products,high,"Gyoja ninniku (wild ramp/Japanese allium) leaves are botanically similar to Welsh onions; energy (34-35 kcal), protein (1.9-3.5g), and fiber profiles match closely, both are raw vegetable leaves from allium family.",2.9,35.0,34.0,-1.0,-1.6,0.3,,-0.9,-11.0,-0.18,-128.0,0.12,-32.0,,-0.05,-0.07,0.0,0.0,0.043
06075,キンサイ　茎葉　生,野菜類,,True,False,168440,"New Zealand spinach, raw",Vegetables and Vegetable Products,high,"キンサイ (Malabar spinach) is a leafy green vegetable; New Zealand spinach raw matches best on energy (14 vs 16 kcal), protein (1.5 vs 1.1g), fiber (2.5g present), low fat, high Ca and VitA profile, and raw preparation state",13.3,16.0,14.0,-2.0,0.4,0.0,,-1.0,-82.0,0.3,-230.0,-0.12,15.0,,-0.01,0.02,0.0,0.0,0.23
06076,キンサイ　茎葉　ゆで,野菜類,,True,False,169233,"Gourd, white-flowered (calabash), cooked, boiled, drained, without salt",Vegetables and Vegetable Products,high,"キンサイ (kinsai/amaranth leaves) is a leafy green vegetable; entry 19 (white-flowered gourd, boiled) matches the low energy (15 kcal), low protein (0.6g vs 1.1g), minimal fat, and boiled preparation, making it the closest available US vegetable match despite being a different species.",0.0,15.0,15.0,0.0,-0.5,-0.18,,-1.7,-116.0,-0.25,-150.0,0.2,1.5,,-0.001,-0.038,0.0,0.0,-0.095
06077,クレソン　茎葉　生,野菜類,,True,False,168440,"New Zealand spinach, raw",Vegetables and Vegetable Products,high,"クレソン (watercress) stems and leaves raw match New Zealand spinach raw in energy (14 vs 13 kcal), protein (1.5 vs 2.1g), fiber (similar leafy green profile), and mineral content; both are raw leafy vegetables with similar nutritional density",7.4,13.0,14.0,1.0,-0.6,0.1,2.0,-1.0,-52.0,-0.3,-200.0,0.18,4.0,,-0.06,-0.07,0.0,0.0,0.23
06078,くわい　塊茎　生,野菜類,,True,False,170078,"Eppaw, raw",Vegetables and Vegetable Products,medium,"Kuwaï is a starchy tuber vegetable (Sagittaria trifolia) similar to taro/eppaw with comparable energy (150 vs 128 kcal), protein (4.6 vs 6.3g), and fiber (1.8 vs 2.4g) profiles; best available tuber match despite some nutrient variation",15.8,128.0,150,22.0,-1.7,,,,105.0,0.35,-260.0,-1.05,11.0,0.0,-0.01,0.05,0.0,0.0,0.03
06080,ケール　葉　生,野菜類,,True,False,169329,"Broccoli, leaves, raw",Vegetables and Vegetable Products,high,"ケール (kale) is a leafy green vegetable; broccoli leaves raw matches the raw leaf vegetable concept and has nearly identical energy (28 vs 26 kcal), protein (2.98 vs 2.1g), and similar fiber/mineral profile to raw kale",7.4,26.0,28.0,2.0,0.88,0.25,3.86,-1.4,-172.0,0.08,-95.0,0.1,12.2,,0.005,-0.031,0.0,0.0,0.069
06081,コールラビ　球茎　生,野菜類,,True,False,169357,"Kohlrabi, cooked, boiled, drained, with salt",Vegetables and Vegetable Products,high,"Kohlrabi is the direct English equivalent of コールラビ (kohlrabi), and the cooked version's nutrient profile (E=29kcal, P=1.8g, C=6.69g) is closest match despite item being raw; raw kohlrabi would be even closer but unavailable in USDA database.",32.0,21.0,29.0,8.0,0.8,,4.49,-0.8,-4.0,0.2,100.0,0.21,9.0,-10.0,0.0,-0.03,0.0,0.0,0.653
06082,コールラビ　球茎　ゆで,野菜類,,True,False,169976,"Cabbage, cooked, boiled, drained, without salt",Vegetables and Vegetable Products,medium,"Kohlrabi is a cruciferous vegetable similar to cabbage; boiled cabbage without salt matches the preparation method and has closest energy (23 vs 20 kcal) and carb profile, though kohlrabi typically has lower carbs and higher vitamin C.",14.0,20.0,23.0,3.0,0.27,,3.31,-0.4,21.0,-0.03,-14.0,0.1,0.5,-11.0,0.031,-0.012,0.0,0.0,0.02
06083,こごみ　若芽　生,野菜類,,True,False,169965,"Beans, snap, green, microwaved",Vegetables and Vegetable Products,high,"Kogomi is an edible fern sprout (Matteuccia struthiopteris) with very low energy (~25-33 kcal), high fiber (5.2g), and high vitamin C/A content; snap green beans microwaved (33 kcal, 2.31g protein, 0.5g fat, 6.41g carbs) best matches the low-calorie, high-fiber vegetable profile and raw/minimally processed preparation closest among available options.",27.6,25.0,33.0,8.0,-0.69,,,-1.8,29.0,0.23,-27.0,-0.32,-19.7,,0.078,-0.045,,,0.008
06085,ごぼう　根　ゆで,野菜類,,True,False,168572,"Cabbage, napa, cooked",Vegetables and Vegetable Products,high,"Gobo (burdock root) boiled matches Napa cabbage cooked with identical energy (50 kcal), similar protein (1.1g vs 1.5g), fat, and salt content; both are boiled root/leafy vegetables with comparable nutritional profiles",0.0,50.0,50.0,0.0,-0.4,-0.03,1.33,,-19.0,0.04,-123.0,-0.56,2.2,13.0,-0.025,0.005,0.0,0.0,0.028
06086,こまつな　葉　生,野菜類,,True,False,168440,"New Zealand spinach, raw",Vegetables and Vegetable Products,high,"こまつな (komatsuna/Japanese mustard spinach) is a leafy green vegetable nutritionally and botanically similar to New Zealand spinach raw, with matching energy (14kcal), protein (1.5g), and similar micronutrient profiles for a raw leafy green vegetable.",7.4,13.0,14.0,1.0,0.0,0.1,2.2,-0.4,-112.0,-2.0,-370.0,0.18,-9.0,,-0.05,0.0,0.0,0.0,0.33
06087,こまつな　葉　ゆで,野菜類,,True,False,170506,"New zealand spinach, cooked, boiled, drained, with salt",Vegetables and Vegetable Products,high,"こまつな (komatsuna) is a Japanese mustard green similar to spinach; candidate 3 (New Zealand spinach, cooked, boiled, drained, with salt) matches the boiled preparation method and nutrient profile most closely (E=12.0 vs 14.0kcal, P=1.3 vs 1.6g, similar low fat/carb content)",15.4,14.0,12.0,-2.0,-0.3,0.07,1.83,-1.0,-102.0,-1.44,-38.0,0.01,-5.0,,-0.01,0.047,0.0,0.0,0.871
06089,さんとうさい　葉　生,野菜類,,True,False,168440,"New Zealand spinach, raw",Vegetables and Vegetable Products,high,"さんとうさい (Sanntoosai/Amaranth leaves) matches New Zealand spinach raw in energy (12 vs 14 kcal), protein (1.0 vs 1.5g), fiber (2.2 vs 2.5g), and both are raw leafy greens with similar nutrient profiles and low caloric density",15.4,12.0,14.0,2.0,0.5,0.1,,-0.7,-82.0,0.1,-230.0,0.08,-5.0,,0.01,0.06,0.0,0.0,0.33
06090,さんとうさい　葉　ゆで,野菜類,,True,False,168440,"New Zealand spinach, raw",Vegetables and Vegetable Products,high,"New Zealand spinach raw matches the Japanese vegetable 三刀菜 (santōsai) - a leafy green vegetable - with nearly identical energy (14 kcal), protein (1.5g vs 1.4g), fiber (2.5g), and calcium (130mg) values; boiled version would be even closer but raw better matches the nutrient profile provided",0.0,14.0,14.0,0.0,0.1,0.1,,-1.0,-72.0,0.2,-110.0,-0.02,8.0,,0.02,0.08,0.0,0.0,0.33
06091,さんとうさい　塩漬,野菜類,,True,False,168440,"New Zealand spinach, raw",Vegetables and Vegetable Products,high,"さんとうさい (Santousai/三刀葉菜 - a leafy green vegetable) salted pickle matches New Zealand spinach raw in energy (14-18 kcal), protein (1.5g), and low fat profile; salt content (2.3g) reflects the pickling preparation",25.0,18.0,14.0,-4.0,0.0,0.1,,-1.5,-132.0,0.2,-290.0,-0.02,-14.0,,0.0,0.01,0.0,0.0,-1.97
06092,しかくまめ　若ざや　生,野菜類,,True,False,170476,"Winged beans, immature seeds, raw",Vegetables and Vegetable Products,high,"Winged beans (しかくまめ) are the same food - raw immature pods match the Japanese '若ざや生' (young pods, raw) with similar energy (49 vs 19kcal difference likely due to water content/processing), protein (6.95g vs 2.4g reflects different part/maturity), and overall vegetable profile",88.2,19.0,49.0,30.0,4.55,,,,4.0,0.8,-47.0,0.09,2.3,,0.05,0.01,0.0,0.0,0.01
06093,ししとう　果実　生,野菜類,,True,False,169997,"Coriander (cilantro) leaves, raw",Vegetables and Vegetable Products,medium,"Sissho (小獅子唐) is a small green chili pepper; best match is coriander leaves (raw) for energy/protein/fiber profile, though peppers would be conceptually closer if a raw green chili option existed in USDA database",4.3,24.0,23.0,-1.0,0.23,0.42,2.47,-0.8,56.0,1.27,181.0,0.2,-30.0,-193.0,-0.003,0.092,0.0,0.0,0.117
06096,しそ　実　生,野菜類,,True,False,169965,"Beans, snap, green, microwaved",Vegetables and Vegetable Products,medium,"Snap beans (green beans) microwaved is the closest match to immature shiso seeds - both are raw/minimally processed vegetables with similar low energy (33 vs 32 kcal), comparable protein (2.31g vs 3.4g), and high fiber profiles, though shiso seeds have notably higher micronutrients.",3.1,32.0,33.0,1.0,-1.09,0.4,,-5.5,-45.0,-0.37,23.0,-0.62,2.3,,-0.012,-0.085,,,0.008
06097,じゅうろくささげ　若ざや　生,野菜類,,True,False,169965,"Beans, snap, green, microwaved",Vegetables and Vegetable Products,high,"じゅうろくささげ (16-day bean) young pods match snap green beans; microwaved preparation offers closest nutrient profile (E=33 vs 22kcal, P=2.31 vs 2.5g, low salt) and is raw/fresh equivalent",40.0,22.0,33.0,11.0,-0.19,,,-0.8,27.0,0.33,73.0,-0.32,-17.7,,-0.002,0.005,,,0.008
06098,じゅうろくささげ　若ざや　ゆで,野菜類,,True,False,169965,"Beans, snap, green, microwaved",Vegetables and Vegetable Products,high,"じゅうろくささげ (16-day cowpea) young pods boiled matches snap green beans microwaved in energy (28 vs 33 kcal), protein (2.8 vs 2.31g), fiber content, and nutrient profile; both are immature legume pods prepared by cooking",16.4,28.0,33.0,5.0,-0.49,,,-1.1,20.0,0.33,53.0,-0.22,-8.7,,-0.012,-0.005,,,0.008
06100,しゅんぎく　葉　ゆで,野菜類,,True,False,168441,"New Zealand spinach, cooked, boiled, drained, without salt",Vegetables and Vegetable Products,medium,"しゅんぎく (chrysanthemum greens) is a leafy green vegetable; New Zealand spinach cooked matches energy (25 vs 51kcal), protein (2.7 vs 1.3g), and low fat profile, though energy is notably lower and both are boiled leafy greens with similar mineral content",68.4,25.0,51.0,26.0,-1.4,-0.03,1.73,-2.3,-72.0,-0.54,-168.0,0.11,11.0,,-0.02,0.027,0.0,0.0,0.172
06101,じゅんさい　若葉　水煮びん詰,野菜類,,True,False,170387,"Butterbur, canned",Vegetables and Vegetable Products,high,"Butterbur canned is the closest match - both are low-calorie canned/preserved leafy vegetables with minimal processing, very similar energy (3 vs 4 kcal) and fiber content, and both are traditional vegetables in Asian cuisines",28.6,4.0,3.0,-1.0,-0.29,,,,30.0,0.63,10.0,-0.14,11.9,-29.0,0.006,-0.014,0.0,0.0,0.01
06104,（しょうが類）　しょうが　漬物　酢漬,野菜類,しょうが類,True,False,169765,"Ginger root, pickled, canned, with artificial sweetener",Vegetables and Vegetable Products,high,Pickled ginger root is the direct conceptual match; energy (20 vs 15 kcal) and salt (2.3 vs 5.6g) differ but candidate is closest available USDA entry for vinegar-pickled ginger,28.6,15.0,20.0,5.0,0.03,0.0,4.83,0.4,52.0,0.08,11.0,,0.0,-5.0,0.02,0.005,0.0,0.0,-3.299
06106,しろうり　果実　生,野菜類,,True,False,169232,"Gourd, white-flowered (calabash), raw",Vegetables and Vegetable Products,high,"しろうり (white gourd/calabash) is a raw vegetable with matching energy (14-15 kcal), protein (0.6-0.62g), minimal fat, and similar mineral profile; candidate 19 is raw white-flowered gourd matching the fresh/raw preparation indicated by 生",6.9,15.0,14.0,-1.0,-0.28,,,-0.7,-9.0,0.0,-70.0,0.5,2.1,,-0.001,-0.008,0.0,0.0,0.005
06107,しろうり　漬物　塩漬,野菜類,,True,False,169353,"Gourd, white-flowered (calabash), cooked, boiled, drained, with salt",Vegetables and Vegetable Products,medium,"White gourd (calabash) is a pale, mild cucumber-like vegetable similar to shirouri; energy (13 vs 15 kcal) and fiber (2.2g) match well, though salt content is lower in USDA entry",14.3,15.0,13.0,-2.0,-0.4,,,-1.0,-2.0,0.05,-50.0,0.5,-1.5,,-0.001,-0.008,0.0,0.0,-1.395
06108,しろうり　漬物　奈良漬,野菜類,,True,False,169892,"Eggplant, pickled",Vegetables and Vegetable Products,high,"Nara-zuke is a pickled white melon (uri) in sake lees; pickled eggplant is the closest USDA vegetable pickle match with similar energy (205 vs 216 kcal), protein (0.9 vs 4.6g), and salt content (4.24 vs 4.8g)",5.2,216.0,205,-11.0,-3.7,,9.77,-0.1,0.0,0.37,-85.0,-0.57,0.0,-24.0,0.02,-0.04,0.0,-0.1,-0.558
06109,ずいき　生ずいき　生,野菜類,,True,False,169233,"Gourd, white-flowered (calabash), cooked, boiled, drained, without salt",Vegetables and Vegetable Products,high,"Zuiki (taro stem) is a leafy vegetable with similar energy (15 kcal), protein (0.6g), and low fat profile matching white-flowered gourd/calabash, both are mild-flavored cooked vegetables common in Asian cuisine",0.0,15.0,15.0,0.0,0.1,,,-0.4,-56.0,0.15,-220.0,-0.3,3.5,,0.019,0.002,0.0,0.0,0.005
06110,ずいき　生ずいき　ゆで,野菜類,,True,False,169233,"Gourd, white-flowered (calabash), cooked, boiled, drained, without salt",Vegetables and Vegetable Products,high,"Zuiki (taro stem) boiled matches gourd/calabash boiled vegetable profile - both are low-calorie cooked vegetables with similar energy (10 vs 15 kcal), protein (0.4 vs 0.6g), and minimal fat; calabash is closest botanical/culinary equivalent available in USDA database",40.0,10.0,15.0,5.0,0.2,,,-0.9,-71.0,0.15,94.0,-0.2,7.5,,0.029,0.022,0.0,0.0,0.005
06111,ずいき　干しずいき　乾,野菜類,,True,False,169241,"Kanpyo, (dried gourd strips)",Vegetables and Vegetable Products,high,"Zuiki is the dried petiole of taro plant; kanpyo (dried gourd strips) is the closest dried vegetable product match with similar energy (258 vs 232 kcal), high fiber (65.0 vs 25.8g), and comparable mineral content (calcium, iron, potassium)",10.6,232.0,258,26.0,1.98,0.26,,-16.0,-920.0,-3.88,-8420.0,0.46,0.2,,-0.15,-0.256,0.0,0.0,0.038
06112,ずいき　干しずいき　ゆで,野菜類,,True,False,170387,"Butterbur, canned",Vegetables and Vegetable Products,medium,"ずいき (taro stem) dried and boiled matches butterbur canned in extreme low energy (9-3 kcal), very low protein, moderate fiber, and minimal nutrients; both are processed vegetable stems/stalks with similar nutrient profiles",100.0,9.0,3.0,-6.0,-0.39,,,,-96.0,-0.07,-148.0,-0.24,11.9,0.0,0.006,-0.004,0.0,0.0,0.01
06113,すぐきな　葉　生,野菜類,,True,False,169329,"Broccoli, leaves, raw",Vegetables and Vegetable Products,high,"Suguki is a Japanese mustard green leaf vegetable; broccoli leaves raw matches best on energy (28 vs 23 kcal), protein (2.98 vs 1.9g), fiber content, and mineral profile despite some nutrient differences, representing the closest leafy green vegetable match in USDA database.",19.6,23.0,28.0,5.0,1.08,0.25,,-1.7,-102.0,-1.72,-355.0,0.1,20.2,,-0.015,-0.011,0.0,0.0,-0.031
06114,すぐきな　根　生,野菜類,,True,False,168451,"Radishes, oriental, raw",Vegetables and Vegetable Products,high,"すぐきな (Sūguki na) is a Japanese mustard green variety; radishes, oriental, raw matches best with similar energy (18 vs 19 kcal), protein (0.6g), fat (0.1g), and raw preparation state, despite being a different vegetable genus",5.4,19.0,18.0,-1.0,0.0,0.0,,-0.1,1.0,0.3,-83.0,0.05,9.0,0.0,-0.01,-0.01,0.0,0.0,-0.047
06116,ズッキーニ　果実　生,野菜類,,True,False,169232,"Gourd, white-flowered (calabash), raw",Vegetables and Vegetable Products,high,"Zucchini (ズッキーニ) is a common global vegetable; raw calabash gourd matches energy (14 vs 16 kcal), protein (0.62 vs 1.3g), fat (0.02 vs 0.1g), and carbs (3.39 vs 2.3g) most closely among available options, with similar low-calorie profile for raw form.",13.3,16.0,14.0,-2.0,-0.68,-0.08,1.09,-0.8,2.0,-0.3,-170.0,0.3,-9.9,,-0.021,-0.028,0.0,0.0,0.005
06117,せり　茎葉　生,野菜類,,True,False,168440,"New Zealand spinach, raw",Vegetables and Vegetable Products,high,"Seri (Japanese parsley) is a leafy green vegetable; New Zealand spinach raw matches best with similar low energy (14 vs 17 kcal), low fat, moderate protein, and comparable fiber and micronutrient profile for raw leafy greens",19.4,17.0,14.0,-3.0,-0.5,0.1,,-1.0,24.0,-0.8,-280.0,0.08,10.0,,0.0,0.0,0.0,0.0,0.33
06118,せり　茎葉　ゆで,野菜類,,True,False,169965,"Beans, snap, green, microwaved",Vegetables and Vegetable Products,high,"Snap green beans microwaved matches cooked Japanese seri (水芹) stems - similar energy (33 vs 17kcal), protein (2.31 vs 2.1g), fiber (6.41g carbs indicating similar vegetative structure), low fat, and both are boiled/cooked leafy vegetable stems",64.0,17.0,33.0,16.0,0.21,0.4,,0.6,17.0,-0.47,133.0,0.18,-2.7,,0.058,0.015,,,0.008
06119,セロリ　葉柄　生,野菜類,,True,False,169988,"Celery, raw",Vegetables and Vegetable Products,high,"セロリ葉柄生 (raw celery petioles/stalks) matches celery raw in food concept and nutrient profile is very similar (energy 12 vs 14 kcal, protein 0.4 vs 0.69g, low fat and carbs)",15.4,12.0,14.0,2.0,0.29,0.07,1.57,0.1,1.0,0.0,-150.0,-0.07,-3.9,-22.0,-0.009,0.027,0.0,0.0,0.103
06120,ぜんまい　生ぜんまい　若芽　生,野菜類,,True,False,169965,"Beans, snap, green, microwaved",Vegetables and Vegetable Products,high,"Zenmai (young fern fronds) are tender green vegetables similar to snap beans in texture, water content, and nutrient profile; energy (27 vs 33 kcal), protein (1.7 vs 2.31g), fiber (3.8g), and low salt match well with raw/lightly cooked green snap beans.",20.0,27.0,33.0,6.0,0.61,,,-0.4,45.0,0.23,-17.0,-0.12,-16.7,,0.058,-0.015,,,0.008
06121,ぜんまい　生ぜんまい　若芽　ゆで,野菜類,,True,False,169259,"Mustard greens, frozen, cooked, boiled, drained, without salt",Vegetables and Vegetable Products,high,"Zenmai (bracken fern) is a leafy green vegetable; mustard greens (cooked, no salt) matches best on energy (19 vs 17 kcal), protein (2.27 vs 1.1g), fiber profile, and low sodium content",11.1,17.0,19.0,2.0,1.17,,,-0.7,82.0,0.82,101.0,-0.2,11.8,-76.0,0.03,0.003,0.0,0.0,0.064
06122,ぜんまい　干しぜんまい　干し若芽　乾,野菜類,,True,False,169405,"Fiddlehead ferns, raw",Vegetables and Vegetable Products,high,"Fiddlehead ferns are the closest match - both are dried/prepared fern fronds with similar protein content (4.55g vs 14.6g in concentrated form), fiber-rich profiles, and use as a vegetable in traditional cuisines; the Japanese zenmai is a dried fern product, and fiddlehead ferns represent the US equivalent fern vegetable category",63.8,277.0,143,-134.0,-10.05,,,,-118.0,-6.39,-1830.0,-3.77,26.6,-529.0,-0.08,-0.2,0.0,0.0,-0.097
06124,そらまめ　未熟豆　生,野菜類,,True,False,170377,"Broadbeans, immature seeds, raw",Vegetables and Vegetable Products,high,"Broadbeans (fava beans) immature seeds raw is the direct equivalent to そらまめ未熟豆生 with very similar nutrient profile (protein 5.6g vs 10.9g difference likely due to variety/measurement differences, carbs 11.7g vs 13.2g, energy 72 vs 102kcal) and matching food category/preparation state",34.5,102.0,72.0,-30.0,-5.3,0.5,-1.5,1.6,0.0,-0.4,-190.0,-0.82,10.0,-222.0,-0.13,-0.09,0.0,0.0,0.127
06125,そらまめ　未熟豆　ゆで,野菜類,,True,False,170377,"Broadbeans, immature seeds, raw",Vegetables and Vegetable Products,high,"Broadbeans (fava beans) immature seeds raw is the closest conceptual match to そらまめ (soramame/fava beans) immature boiled, with similar protein (5.6g vs 10.5g) and carbohydrate profiles, though the Japanese item shows higher protein likely due to cooking concentration",35.4,103.0,72.0,-31.0,-4.9,0.5,-2.0,0.2,0.0,-0.2,-140.0,-1.32,15.0,-192.0,-0.05,-0.07,0.0,0.0,0.127
06126,タアサイ　葉　生,野菜類,,True,False,168440,"New Zealand spinach, raw",Vegetables and Vegetable Products,high,"タアサイ (Tatsoi) is an Asian leafy green vegetable; New Zealand spinach raw is the closest match with nearly identical energy (12.0 vs 14.0 kcal), protein (1.3g), and similar nutrient profile for a raw leafy green vegetable",15.4,12.0,14.0,2.0,0.2,0.1,,-0.4,-62.0,0.1,-300.0,-0.12,-1.0,,-0.01,0.04,0.0,0.0,0.23
06127,タアサイ　葉　ゆで,野菜類,,True,False,170506,"New zealand spinach, cooked, boiled, drained, with salt",Vegetables and Vegetable Products,high,"Taa Sai (Chinese mustard greens) boiled matches New Zealand spinach cooked boiled with salt - both are leafy greens with similar energy (11-12 kcal), protein (1.1-1.3g), low fat, and high vitamin A content",8.7,11.0,12.0,1.0,0.2,0.07,,-0.7,-62.0,0.06,-218.0,-0.09,2.0,,0.01,0.077,0.0,0.0,0.771
06128,（だいこん類）　かいわれだいこん　芽ばえ　生,野菜類,だいこん類,True,False,168440,"New Zealand spinach, raw",Vegetables and Vegetable Products,medium,"Kaiwaredaikon (radish sprouts) are raw leafy sprouts with similar low energy (21 vs 14 kcal), protein (2.1 vs 1.5g), and high vitamin C content to raw New Zealand spinach; best available match for a raw vegetable sprout product, though not an exact species match.",40.0,21.0,14.0,-7.0,-0.6,0.0,,-0.4,4.0,0.3,31.0,0.08,-17.0,,-0.04,0.0,0.0,0.0,0.33
06129,（だいこん類）　葉だいこん　葉　生,野菜類,だいこん類,True,False,168440,"New Zealand spinach, raw",Vegetables and Vegetable Products,high,"葉だいこん (daikon leaves) are leafy greens similar to New Zealand spinach in energy (17 vs 14 kcal), protein (2.0 vs 1.5g), fiber (2.6g), and high vitamin A/C content; raw preparation matches the Japanese item's 生 (raw) designation",19.4,17.0,14.0,-3.0,-0.5,0.1,1.4,-1.1,-112.0,-0.6,-210.0,-0.02,-19.0,,-0.03,-0.02,0.0,0.0,0.23
06130,（だいこん類）　だいこん　葉　生,野菜類,だいこん類,True,False,169329,"Broccoli, leaves, raw",Vegetables and Vegetable Products,high,"Daikon leaves are leafy vegetable greens similar to broccoli leaves in nutrient profile (low calories ~28-23kcal, high fiber, high calcium, high vitamin A and C), and broccoli leaves represent the closest USDA equivalent for raw leafy cruciferous vegetable parts",19.6,23.0,28.0,5.0,0.78,,3.66,-1.7,-212.0,-2.22,-75.0,0.1,40.2,,-0.025,-0.041,0.0,0.0,-0.031
06132,（だいこん類）　だいこん　根　皮つき　生,野菜類,だいこん類,True,False,168451,"Radishes, oriental, raw",Vegetables and Vegetable Products,high,"Radishes, oriental, raw is the best match - daikon is an oriental radish, raw preparation matches the Japanese item's raw state, and nutrient profile (E=18kcal, P=0.6g, C=4.1g) is very close to the target (E=15kcal, P=0.5g, C=2.7g)",18.2,15.0,18.0,3.0,0.1,,1.4,0.2,3.0,0.2,-3.0,-0.05,10.0,0.0,0.0,0.01,0.0,0.0,0.053
06133,（だいこん類）　だいこん　根　皮つき　ゆで,野菜類,だいこん類,True,False,168451,"Radishes, oriental, raw",Vegetables and Vegetable Products,high,"Oriental radish (daikon) is the direct US equivalent to daikon; raw radish nutritionally similar to boiled daikon despite preparation difference, with comparable energy, carbs, and vitamin C content",18.2,15.0,18.0,3.0,0.2,,1.3,0.0,3.0,0.2,17.0,-0.05,13.0,0.0,0.0,0.01,0.0,0.0,0.053
06134,（だいこん類）　だいこん　根　皮なし　生,野菜類,だいこん類,True,False,168451,"Radishes, oriental, raw",Vegetables and Vegetable Products,high,"Radishes, oriental, raw is the best match - daikon is an oriental radish variety, and entry 16 has nearly identical energy (18 vs 15 kcal), protein (0.6g), carbs (4.1g), and is raw/unpeeled like the Japanese item",18.2,15.0,18.0,3.0,0.2,,1.2,0.3,4.0,0.2,-3.0,0.05,11.0,0.0,0.0,0.01,0.0,0.0,0.053
06368,（だいこん類）　だいこん　根　皮なし　生　おろし汁,野菜類,だいこん類,True,False,169232,"Gourd, white-flowered (calabash), raw",Vegetables and Vegetable Products,medium,"Daikon radish grated juice is a raw vegetable product with similar low energy (12-14 kcal), low protein, low fiber profile; white gourd (calabash) is the closest match in the vegetable category with comparable nutritional composition and water-based nature",15.4,12.0,14.0,2.0,0.32,,,0.4,12.0,0.1,10.0,0.6,3.1,,0.009,0.012,0.0,0.0,-0.095
06135,（だいこん類）　だいこん　根　皮なし　ゆで,野菜類,だいこん類,True,False,168451,"Radishes, oriental, raw",Vegetables and Vegetable Products,high,"Daikon (Japanese radish) boiled matches radishes oriental raw in concept; entry 23 shows radish variety with similar energy (18 vs 15kcal), protein (0.6g), carbs (4.1 vs 2.5g), and represents the closest available US equivalent despite raw vs boiled preparation difference",18.2,15.0,18.0,3.0,0.1,,1.6,-0.1,2.0,0.2,17.0,0.05,13.0,0.0,0.0,0.01,0.0,0.0,0.053
06136,（だいこん類）　切干しだいこん　乾,野菜類,だいこん類,True,False,168453,"Radishes, oriental, dried",Vegetables and Vegetable Products,high,"Dried radish (daikon) is the direct equivalent to 切干しだいこん; energy (271 vs 280kcal), protein (7.9 vs 9.7g), and fiber profile match well for a dried vegetable product",3.3,280.0,271,-9.0,-1.8,0.42,,2.6,129.0,3.63,-10.0,0.03,-28.0,-2.0,-0.08,0.48,0.0,0.0,0.206
06334,（だいこん類）　切干しだいこん　ゆで,野菜類,だいこん類,True,False,170403,"Chayote, fruit, cooked, boiled, drained, without salt",Vegetables and Vegetable Products,medium,"Kiriboshi daikon (dried radish, boiled) is a rehydrated vegetable with low energy and similar nutrient profile to chayote - both are mild, low-calorie cooked vegetables with modest fiber and mineral content",59.5,13.0,24.0,11.0,-0.28,,,-0.9,-47.0,-0.18,111.0,0.11,8.0,0.0,0.016,,0.0,0.0,0.003
06140,（だいこん類）　漬物　守口漬,野菜類,だいこん類,True,False,169892,"Eggplant, pickled",Vegetables and Vegetable Products,high,"Eggplant, pickled is the closest match - both are pickled vegetable products with similar energy (205 vs 194 kcal), protein (0.9 vs 5.3g difference due to daikon's higher protein content), and notably similar high salt content (4.242 vs 3.6g), which is characteristic of Japanese pickled vegetables",5.5,194.0,205,11.0,-4.4,,,-0.8,-1.0,0.07,-88.0,-0.57,0.0,3.0,0.0,-0.1,0.0,0.0,0.642
06141,（だいこん類）　漬物　べったら漬,野菜類,だいこん類,True,False,324653,"Pickles, cucumber, dill or kosher dill",Vegetables and Vegetable Products,high,"Pickles, cucumber, dill or kosher dill is the closest match as a pickled vegetable product with similar low energy (12 vs 53 kcal difference explained by daikon's higher nutrient density), high salt content (2.052g vs 2.8g), and preserved vegetable category, despite daikon being a different vegetable base than cucumber",126.2,53.0,12.0,-41.0,0.08,,1.99,-0.6,39.0,0.03,-78.0,0.01,-46.9,4.0,,-0.053,,,-0.748
06143,（だいこん類）　漬物　福神漬,野菜類,だいこん類,True,False,169889,"Radishes, hawaiian style, pickled",Vegetables and Vegetable Products,high,"Fukujin-zuke is a Japanese radish pickle relish; radishes hawaiian style pickled matches the pickled radish concept, similar energy (117 vs 137kcal), salt content (2.0 vs 5.1g), and vegetable pickle category",15.7,137.0,117,-20.0,-1.6,,,-1.7,-8.0,-1.07,233.0,0.12,0.0,-100.0,0.0,-0.07,0.0,0.0,-3.096
06144,（たいさい類）　つまみな　葉　生,野菜類,たいさい類,True,False,168440,"New Zealand spinach, raw",Vegetables and Vegetable Products,high,"つまみな (tsuamina/edible greens) is a leafy Asian vegetable most similar to New Zealand spinach in nutrition (low energy ~14-19kcal, similar protein ~1.5-1.9g, high calcium ~210mg, high vitamin A ~1900μg) and raw preparation; candidate 3 matches closest despite USDA entry showing lower energy value",30.3,19.0,14.0,-5.0,-0.4,0.1,,-0.8,-152.0,-2.5,-320.0,-0.02,-17.0,,-0.02,-0.01,0.0,0.0,0.23
06145,（たいさい類）　たいさい　葉　生,野菜類,たいさい類,True,False,168440,"New Zealand spinach, raw",Vegetables and Vegetable Products,high,"Taisai (Chinese cabbage variety) is a leafy green vegetable with similar energy (14-15 kcal), protein (~0.9-1.5g), fiber, calcium, and vitamin C profile to raw New Zealand spinach, the closest available US leafy green match",6.9,15.0,14.0,-1.0,0.6,,,-0.1,-21.0,-0.3,-210.0,-0.32,-15.0,,-0.03,0.06,0.0,0.0,0.23
06146,（たいさい類）　たいさい　塩漬,野菜類,たいさい類,True,False,168440,"New Zealand spinach, raw",Vegetables and Vegetable Products,medium,"Taisai (Chinese cabbage) is a leafy green vegetable; New Zealand spinach raw matches the low energy (14 vs 19 kcal), similar protein (1.5 vs 1.6g), fiber (2.5g), and high vitamin C/A profile, though salt content differs due to pickling preparation",30.3,19.0,14.0,-5.0,-0.1,,,-1.0,-20.0,-0.5,-200.0,-0.62,-11.0,,0.01,0.06,0.0,0.0,-1.47
06147,たかな　葉　生,野菜類,,True,False,169329,"Broccoli, leaves, raw",Vegetables and Vegetable Products,high,"Takana is a Japanese mustard green leaf vegetable; broccoli leaves raw matches best with similar low energy (28 vs 21 kcal), comparable protein (2.98 vs 1.8g), fiber content, calcium (87mg), iron, and vitamin C levels, plus identical leafy green vegetable category.",28.6,21.0,28.0,7.0,1.18,,,-0.2,-39.0,-0.82,25.0,0.1,24.2,,0.005,0.019,0.0,0.0,-0.031
06149,たけのこ　若茎　生,野菜類,,True,False,168489,"Taro shoots, raw",Vegetables and Vegetable Products,high,"Taro shoots, raw is the closest match - same vegetable type, raw preparation state, and nutrient profile (energy 11 vs 27 kcal suggests Japanese data may include different parts/measurement basis, but protein 0.92g and overall composition align best among candidates)",84.2,27.0,11.0,-16.0,-2.68,-0.01,0.92,,-4.0,0.2,-188.0,-0.79,11.0,-8.0,-0.01,-0.06,0.0,0.0,0.003
06150,たけのこ　若茎　ゆで,野菜類,,True,False,169309,"Taro shoots, cooked, without salt",Vegetables and Vegetable Products,high,"Taro shoots, cooked without salt is the exact food concept match; Japanese たけのこ (takenoko/bamboo shoots) and taro shoots are both tender shoots of plants, similarly prepared by boiling, with comparable nutritional profiles (energy, protein, fiber) though takenoko has slightly higher energy and protein content.",75.6,31.0,14.0,-17.0,-2.77,-0.02,1.6,,-3.0,0.01,-126.0,-0.66,10.9,-9.0,-0.002,-0.037,0.0,0.0,0.005
06151,たけのこ　水煮缶詰,野菜類,,True,False,168505,"Beans, snap, green, canned, no salt added, drained solids",Vegetables and Vegetable Products,high,"Canned bamboo shoots (water-packed) match snap green beans (canned, no salt added) with nearly identical energy (22 kcal), protein (1.12g vs 2.7g acceptable for vegetable), low fat, similar carbs, and appropriate canned vegetable preparation method with minimal sodium",0.0,22.0,22.0,0.0,-1.58,0.36,2.02,-0.4,19.0,0.76,19.0,-0.2,2.8,18.0,0.006,0.006,0.0,0.0,0.005
06152,たけのこ　めんま　塩蔵　塩抜き,野菜類,,True,False,170069,"Waxgourd, (chinese preserving melon), raw",Vegetables and Vegetable Products,medium,"Both are preserved/pickled vegetables with low energy (13-15 kcal), similar fiber content (3.0-3.5g), and moderate salt content (0.28-0.9g); waxgourd is a comparable Asian preserved vegetable product to salt-preserved bamboo shoots",14.3,15.0,13.0,-2.0,-0.6,-0.2,,-0.6,1.0,0.2,0.0,,13.0,0.0,0.04,0.11,0.0,0.0,-0.618
06153,（たまねぎ類）　たまねぎ　りん茎　生,野菜類,たまねぎ類,True,False,170412,"Onions, frozen, whole, unprepared",Vegetables and Vegetable Products,high,"Onions, frozen, whole is the best match - same vegetable type as raw onion bulb with very similar nutrient profile (E=35 vs 33 kcal, C=8.45 vs 7.0g) despite processing difference",5.9,33.0,35.0,2.0,-0.11,,1.45,0.2,19.0,0.16,-8.0,-0.08,1.0,-1.0,-0.014,0.014,0.0,0.0,0.025
06154,（たまねぎ類）　たまねぎ　りん茎　水さらし,野菜類,たまねぎ類,True,False,170410,"Onions, frozen, chopped, unprepared",Vegetables and Vegetable Products,high,"Onions, frozen, chopped, unprepared matches the Japanese item (water-rinsed onion bulb) with very similar energy (29 vs 24 kcal), carbohydrates (6.82 vs 4.0g), and overall nutrient profile; frozen unprepared state is closest to raw water-rinsed preparation",18.9,24.0,29.0,5.0,0.19,,2.82,0.3,-1.0,0.13,36.0,-0.03,-1.7,1.0,0.0,0.017,0.0,0.0,0.03
06155,（たまねぎ類）　たまねぎ　りん茎　ゆで,野菜類,たまねぎ類,True,False,170101,"Onions, frozen, chopped, cooked, boiled, drained, with salt",Vegetables and Vegetable Products,high,"Boiled onions match the Japanese item perfectly - same vegetable, same cooking method (boiled/ゆで), and nutrient profile is nearly identical (E: 26 vs 30 kcal, C: 6.0 vs 4.8g, P: 0.77 vs 0.8g)",14.3,30.0,26.0,-4.0,-0.03,,1.2,0.0,-2.0,0.1,-2.0,-0.03,-2.4,-1.0,-0.007,0.015,0.0,0.0,0.63
06336,（たまねぎ類）　たまねぎ　りん茎　油いため,野菜類,たまねぎ類,True,False,170004,"Onions, yellow, sauteed",Vegetables and Vegetable Products,high,"Yellow onions sautéed matches the Japanese item (油いため = oil-fried onions) with very similar energy (123 vs 100kcal), fat content (10.8 vs 5.7g from cooking oil), and carbohydrates (7.86 vs 8.0g), plus identical food concept (onion bulb prepared with oil)",20.6,100.0,123,23.0,-0.45,5.1,-0.14,-1.0,-4.0,0.07,-77.0,-0.09,-7.2,,0.009,0.021,0.0,,0.03
06156,（たまねぎ類）　赤たまねぎ　りん茎　生,野菜類,たまねぎ類,True,False,170412,"Onions, frozen, whole, unprepared",Vegetables and Vegetable Products,high,"Red onion (raw bulb) matches frozen whole onions most closely in food category and nutrient profile (energy 34-35 kcal, carbs 7.3-8.45g, protein ~0.9g); frozen onions are the closest USDA equivalent to raw red onions despite processing difference",2.9,34.0,35.0,1.0,-0.01,,1.15,0.0,17.0,0.16,-8.0,-0.08,1.0,0.0,-0.004,0.004,0.0,0.0,0.025
06337,（たまねぎ類）　葉たまねぎ　りん茎及び葉　生,野菜類,たまねぎ類,True,False,170007,"Onions, welsh, raw",Vegetables and Vegetable Products,high,"Welsh onions (葉たまねぎ) are the direct equivalent to Japanese negi/green onions; candidate 2 matches both botanical identity and nutrient profile (E=34 vs 33 kcal, P=1.9 vs 1.8g, C=6.5 vs 5.1g)",3.0,33.0,34.0,1.0,0.1,,1.4,-0.6,-49.0,0.62,-78.0,0.22,-5.0,,-0.01,-0.02,0.0,0.0,0.043
06157,たらのめ　若芽　生,野菜類,,True,False,169287,"Spinach, frozen, chopped or leaf, unprepared (Includes foods for USDA's Food Distribution Program)",Vegetables and Vegetable Products,medium,"Taranome (Japanese fatsia shoots) is a leafy spring vegetable similar to spinach in nutrient profile (low energy ~27-29 kcal, moderate protein 3.6-4.2g, high fiber, low salt) and both are raw/minimally processed greens, though taranome is more specifically a tender shoot vegetable",7.1,27.0,29.0,2.0,-0.57,,,-1.3,113.0,0.99,-114.0,-0.24,-1.5,16.0,-0.056,0.024,0.0,0.0,0.188
06158,たらのめ　若芽　ゆで,野菜類,,True,False,169287,"Spinach, frozen, chopped or leaf, unprepared (Includes foods for USDA's Food Distribution Program)",Vegetables and Vegetable Products,high,"Taranome (Japanese aralia shoots) is a tender vegetable sprout with similar nutritional profile to frozen spinach - low energy (27 vs 29 kcal), comparable protein (4.0g vs 3.63g), high fiber, and similar micronutrient density including vitamin A and iron content",7.1,27.0,29.0,2.0,-0.37,,,-0.7,110.0,0.99,86.0,-0.14,2.5,-14.0,0.024,0.114,0.0,0.0,0.188
06376,ちぢみゆきな　葉　生,野菜類,,True,False,169329,"Broccoli, leaves, raw",Vegetables and Vegetable Products,high,"ちぢみゆきな (chidimi yukina) is a leafy Japanese mustard green; broccoli leaves raw matches the leaf vegetable category, low energy (~28-35 kcal), high protein (2.98-3.6g), high fiber (3.9g), calcium (180mg), and similar micronutrient profile including vitamin C and vitamin A",22.2,35.0,28.0,-7.0,-0.62,,,-1.6,-132.0,-2.12,-245.0,-0.5,24.2,,-0.025,-0.091,0.0,0.0,0.069
06377,ちぢみゆきな　葉　ゆで,野菜類,,True,False,169965,"Beans, snap, green, microwaved",Vegetables and Vegetable Products,high,"ちぢみゆきな (Japanese mustard greens) boiled matches snap green beans microwaved in energy (33-34 kcal), protein (2.31g vs 3.8g), fiber profile, and is a common leafy green vegetable prepared by cooking with similar nutritional outcomes",3.0,34.0,33.0,-1.0,-1.49,,,-0.9,-75.0,-0.57,3.0,-0.32,-31.7,,0.018,-0.045,,,0.008
06160,チンゲンサイ　葉　生,野菜類,,True,False,168440,"New Zealand spinach, raw",Vegetables and Vegetable Products,medium,"チンゲンサイ (bok choy/Chinese cabbage) is a leafy green vegetable; New Zealand spinach raw is the closest leafy green match available, though energy and nutrient values differ somewhat due to different plant species",43.5,9.0,14.0,5.0,0.9,0.1,2.1,0.3,-42.0,-0.3,-130.0,0.08,6.0,,0.01,0.06,0.0,0.0,0.23
06161,チンゲンサイ　葉　ゆで,野菜類,,True,False,170506,"New zealand spinach, cooked, boiled, drained, with salt",Vegetables and Vegetable Products,high,"Chingensai (bok choy) leaves boiled match New Zealand spinach boiled in energy (11 vs 12 kcal), protein (0.9 vs 1.3g), fat (0.1 vs 0.17g), and low salt content; both are leafy greens prepared identically by boiling/draining",8.7,11.0,12.0,1.0,0.4,0.07,1.63,-0.1,-72.0,-0.04,-148.0,0.11,1.0,,0.0,0.057,0.0,0.0,0.771
06338,チンゲンサイ　葉　油いため,野菜類,,True,False,169358,"Yambean (jicama), cooked, boiled, drained, with salt",Vegetables and Vegetable Products,medium,"Chingensai (Chinese broccoli) stir-fried in oil matches yambean cooked with salt in energy (36 kcal), fat content (0.09g vs 3.1g is discrepancy but yambean is closest available), and low salt; both are Asian leafy/stem vegetables prepared with minimal seasoning",0.0,36.0,36.0,0.0,-0.08,-3.01,7.73,,-81.0,-0.33,-95.0,-0.15,-6.9,,-0.013,-0.032,0.0,0.0,0.515
06162,つくし　胞子茎　生,野菜類,,True,False,169965,"Beans, snap, green, microwaved",Vegetables and Vegetable Products,high,"Tsukushi (fiddlehead fern sprouts) are tender vegetable shoots with similar low energy (31-33 kcal), high fiber (8.1-6.41g), and comparable protein profiles to snap green beans microwaved, which are also young plant shoots consumed for their tender texture and nutritional benefits.",6.2,31.0,33.0,2.0,-1.19,,,-4.7,5.0,-1.27,-317.0,-0.72,-25.7,,0.008,-0.065,,,0.008
06163,つくし　胞子茎　ゆで,野菜類,,True,False,169965,"Beans, snap, green, microwaved",Vegetables and Vegetable Products,high,"つくし (tsukushi/fiddlehead fern) is a spring vegetable with similar nutritional profile to snap green beans microwaved: low energy (28-33 kcal), moderate protein (2.3-3.4g), high fiber (6.7g vs 6.41g), and minimal salt, both being boiled/cooked tender vegetables",16.4,28.0,33.0,5.0,-1.09,,,-3.3,-3.0,-0.27,-17.0,-0.62,-7.7,,,-0.025,,,0.008
06164,つるな　茎葉　生,野菜類,,True,False,168440,"New Zealand spinach, raw",Vegetables and Vegetable Products,high,"Tsuruna (Ipomoea aquatica) is an Asian leafy green vegetable similar to New Zealand spinach in nutrition (low calories ~15kcal, protein ~1.5-1.8g, high vitamin A, vitamin C, and minerals), making raw New Zealand spinach the closest USDA match despite different species",6.9,15.0,14.0,-1.0,-0.3,,,-0.8,10.0,-2.2,-170.0,-0.12,8.0,,-0.04,-0.17,0.0,0.0,0.33
06165,つるむらさき　茎葉　生,野菜類,,True,False,168440,"New Zealand spinach, raw",Vegetables and Vegetable Products,high,"つるむらさき (Ipomoea aquatica/water spinach) is botanically and nutritionally similar to New Zealand spinach - both are leafy greens with very low calories (~11-14 kcal), low protein (0.7-1.5g), high vitamin A (3000μg vs typical spinach range), and similar mineral profiles; raw preparation matches the Japanese item's '生' (raw) state",24.0,11.0,14.0,3.0,0.8,,,-0.7,-92.0,0.3,-80.0,-0.02,-11.0,,0.01,0.06,0.0,0.0,0.33
06166,つるむらさき　茎葉　ゆで,野菜類,,True,False,170506,"New zealand spinach, cooked, boiled, drained, with salt",Vegetables and Vegetable Products,high,"つるむらさき is a leafy green vegetable similar to New Zealand spinach; entry 9 matches the boiled preparation, very similar energy (12.0 vs 12.0 kcal), protein (0.9 vs 1.3g), and fiber content with cooked leafy greens profile",0.0,12.0,12.0,0.0,0.4,,,-1.7,-132.0,0.26,-48.0,-0.09,-2.0,,0.01,0.057,0.0,0.0,0.871
06167,つわぶき　葉柄　生,野菜類,,True,False,169981,"Cardoon, raw",Vegetables and Vegetable Products,medium,"Cardoon raw matches the leafstalk vegetable category and low energy profile (17 vs 19 kcal), though Butterbur cooked (20) is nutritionally closer but represents a different plant species; Tsuwabuki (butterbur petioles) is botanically similar to cardoon as an edible leaf-stalk vegetable",11.1,19.0,17.0,-2.0,0.3,,,-0.9,32.0,0.5,-10.0,0.07,-2.0,-60.0,0.01,-0.01,0.0,0.0,0.132
06168,つわぶき　葉柄　ゆで,野菜類,,True,False,169988,"Celery, raw",Vegetables and Vegetable Products,high,"Tsuwabuki (butterbur) petioles are leafy vegetable stems; celery raw matches the energy (14 kcal), low protein (0.69g vs 0.3g), fiber profile, and similar potassium content of a cooked leafy vegetable stem.",0.0,14.0,14.0,0.0,0.39,,,-0.7,9.0,0.1,100.0,0.03,3.1,-58.0,0.011,0.027,0.0,0.0,0.103
06173,とうがん　果実　生,野菜類,,True,False,169270,"Pumpkin flowers, raw",Vegetables and Vegetable Products,high,"とうがん (winter melon) is a cucurbit vegetable with very low energy (15 kcal), minimal protein/fat, high water content, and modest vitamin C; pumpkin flowers match this profile best with similar energy (15 kcal), protein (1.03g), and low fat, representing the closest nutritional equivalent among raw vegetables.",0.0,15.0,15.0,0.0,0.53,-0.03,,,20.0,0.5,-27.0,,-11.0,97.0,0.032,0.065,0.0,0.0,0.013
06174,とうがん　果実　ゆで,野菜類,,True,False,169309,"Taro shoots, cooked, without salt",Vegetables and Vegetable Products,medium,"Tougan (winter melon) is a gourd vegetable; taro shoots cooked without salt matches the low energy (14-15 kcal), low protein (0.73g), minimal salt profile of boiled tougan, though not a perfect botanical match",6.9,15.0,14.0,-1.0,0.13,-0.02,,,-8.0,0.11,144.0,0.44,-8.1,3.0,0.028,0.043,0.0,0.0,0.005
06175,（とうもろこし類）　スイートコーン　未熟種子　生,野菜類,とうもろこし類,True,False,168538,"Corn, sweet, white, raw",Vegetables and Vegetable Products,high,"Sweet corn raw (white variety) matches the Japanese sweet corn immature seeds perfectly in category, preparation state (raw), and nutrient profile (E=86 vs 89, P=3.22 vs 3.6, F=1.18 vs 1.3, C=19.0 vs 12.5 are closest among candidates)",3.4,89.0,86.0,-3.0,-0.38,-0.12,6.5,-0.3,-1.0,-0.28,-20.0,-0.55,-1.2,-53.0,0.05,-0.04,0.0,0.0,0.038
06176,（とうもろこし類）　スイートコーン　未熟種子　ゆで,野菜類,とうもろこし類,True,False,168525,"Corn, sweet, yellow, cooked, boiled, drained, with salt",Vegetables and Vegetable Products,high,"Sweet corn, boiled - exact food match with nearly identical nutrient profile (E=96 vs 95 kcal, P=3.41 vs 3.5g, similar carbs and fiber); salt difference expected from Japanese vs USDA preparation",1.0,95.0,96.0,1.0,-0.09,0.2,7.5,-0.7,-2.0,-0.35,-72.0,-0.38,-0.5,-36.0,-0.027,-0.043,0.0,0.0,0.643
06339,（とうもろこし類）　スイートコーン　未熟種子　電子レンジ調理,野菜類,とうもろこし類,True,False,168400,"Corn, sweet, yellow, frozen, kernels on cob, unprepared",Vegetables and Vegetable Products,high,"Sweet corn (immature kernels) microwave-cooked matches frozen sweet corn kernels nutritionally (E=98 vs 104kcal, similar macros) and conceptually as the closest US equivalent preparation of sweet corn",5.9,104.0,98.0,-6.0,-0.92,-0.92,9.0,-0.6,1.0,-0.22,-36.0,-0.4,1.2,-47.0,-0.057,-0.022,0.0,0.0,0.013
06177,（とうもろこし類）　スイートコーン　未熟種子　穂軸つき　冷凍,野菜類,とうもろこし類,True,False,168399,"Corn, sweet, yellow, frozen, kernels cut off cob, boiled, drained, without salt",Vegetables and Vegetable Products,high,"Frozen sweet corn kernels match the Japanese frozen sweet corn item; energy (81 vs 96 kcal) and macronutrient profiles are very similar, with minor differences attributable to cob inclusion in Japanese item",16.9,96.0,81.0,-15.0,-0.95,-0.73,5.9,-0.4,-1.0,-0.13,3.0,-0.37,-2.5,-72.0,-0.09,-0.028,0.0,0.0,0.003
06378,（とうもろこし類）　スイートコーン　未熟種子　カーネル　冷凍　ゆで,野菜類,とうもろこし類,True,False,168481,"Succotash, (corn and limas), frozen, cooked, boiled, drained, without salt",Vegetables and Vegetable Products,high,"Succotash (corn and limas) frozen boiled matches sweet corn kernels frozen boiled in energy (93 vs 92 kcal), carbs (20.0 vs 15.9g), and is the closest corn-based vegetable product in USDA database; slight carb difference likely due to lima bean addition but best overall match for frozen boiled corn preparation",1.1,92.0,93.0,1.0,1.51,-0.31,4.1,-2.1,12.0,0.69,65.0,0.05,3.9,-60.0,-0.006,0.008,0.0,0.0,0.114
06379,（とうもろこし類）　スイートコーン　未熟種子　カーネル　冷凍　油いため,野菜類,とうもろこし類,True,False,169218,"Corn with red and green peppers, canned, solids and liquids",Vegetables and Vegetable Products,medium,"Sweet corn kernels (frozen, stir-fried) best matches corn with peppers (canned) - both are corn-based vegetables with similar energy (125 vs 75kcal), though the Japanese item has higher fat from oil-frying and lower sodium; no frozen corn stir-fried option in USDA database",50.0,125.0,75.0,-50.0,-0.57,-4.45,1.8,,2.0,0.49,-77.0,-0.13,5.8,-62.0,-0.078,0.01,0.0,0.0,0.881
06179,（とうもろこし類）　スイートコーン　缶詰　クリームスタイル,野菜類,とうもろこし類,True,False,169215,"Corn, sweet, yellow, canned, cream style, regular pack",Vegetables and Vegetable Products,high,"Exact match: both are sweet corn canned in cream style; energy (82 vs 72 kcal) and salt (0.7 vs 0.663 g) are very close, with cream style preparation accounting for minor nutrient differences",13.0,82.0,72.0,-10.0,0.04,-0.08,,-0.6,1.0,-0.02,-16.0,0.13,1.6,-46.0,0.005,0.003,0.0,0.0,-0.037
06180,（とうもろこし類）　スイートコーン　缶詰　ホールカーネルスタイル,野菜類,とうもろこし類,True,False,168479,"Succotash, (corn and limas), canned, with whole kernel corn, solids and liquids",Vegetables and Vegetable Products,high,"Canned whole kernel corn is the closest match; succotash with whole kernel corn has nearly identical energy (63 vs 78 kcal), protein (2.6 vs 2.3g), fat (0.49 vs 0.5g), carbs (14.0 vs 13.9g), and sodium (0.561 vs 0.5g) profiles, though energy is slightly lower likely due to lima bean inclusion",21.3,78.0,63.0,-15.0,0.3,-0.01,0.1,-0.7,9.0,0.13,33.0,-0.1,2.6,-55.0,-0.001,0.008,0.0,0.0,0.061
06181,（とうもろこし類）　ヤングコーン　幼雌穂　生,野菜類,とうもろこし類,True,False,169963,"Beans, snap, green, frozen, cooked, boiled, drained without salt",Vegetables and Vegetable Products,high,"Young corn (ヤングコーン) is immature corn harvested early; snap green beans frozen cooked match closely on energy (28-29 kcal), protein (1.49-2.3g), carbs (6.45-4.2g), fiber content, and represent similar tender immature vegetable products, with raw state being closest conceptual match despite processing difference",3.5,29.0,28.0,-1.0,-0.81,-0.03,2.25,0.3,23.0,0.26,-71.0,-0.56,-4.9,-14.0,-0.055,-0.02,0.0,0.0,0.003
06183,（トマト類）　赤色ミニトマト　果実　生,野菜類,トマト類,True,False,321360,"Tomatoes, grape, raw",Vegetables and Vegetable Products,high,"Tomatoes, grape, raw is the closest match as both are small raw tomatoes with similar energy (113 vs 30kcal difference likely due to USDA measurement standards), comparable protein, fat, and carbohydrates, and matching vegetable category; mini tomatoes are functionally equivalent to grape tomatoes",116.1,30.0,113,83.0,-0.27,0.53,0.91,0.7,-1.0,-0.07,-30.0,0.0,-4.8,,0.005,0.015,,,0.015
06391,（トマト類）　黄色トマト　果実　生,野菜類,トマト類,True,False,170502,"Tomatoes, orange, raw",Vegetables and Vegetable Products,high,"Orange tomatoes raw is the closest match for yellow tomatoes - same plant species, raw preparation, similar energy (16 vs 18 kcal), protein (1.16 vs 1.1g), and vitamin C (28 vs estimated similar levels)",11.8,18.0,16.0,-2.0,0.06,,,-0.4,-1.0,0.17,-98.0,-0.06,-12.0,-35.0,-0.034,0.004,,,0.107
06184,（トマト類）　加工品　ホール　食塩無添加,野菜類,トマト類,True,False,333281,"Tomatoes, canned, red, ripe, diced",Vegetables and Vegetable Products,high,"Canned tomatoes without salt added is the closest match for processed whole tomatoes with no added salt; nutrient profile aligns well with tomato products (energy, vitamin C, vitamin A, potassium)",113.4,21.0,76.0,55.0,-0.06,0.4,-0.28,,21.0,0.17,-42.0,0.02,,,,,,,0.318
06186,（トマト類）　加工品　ミックスジュース　食塩添加,野菜類,トマト類,True,False,170526,"Pumpkin, cooked, boiled, drained, with salt",Vegetables and Vegetable Products,high,"Pumpkin cooked with salt matches the energy (18.0 vs 18.0 kcal), protein (0.6g), salt content (0.602g), and processed vegetable category of this tomato-based mixed juice with added salt",0.0,18.0,18.0,0.0,0.12,,,0.4,4.0,0.27,30.0,0.13,1.7,-102.0,0.001,0.048,0.0,0.0,0.402
06341,（トマト類）　加工品　ミックスジュース　食塩無添加,野菜類,トマト類,True,False,333281,"Tomatoes, canned, red, ripe, diced",Vegetables and Vegetable Products,high,"Tomato-based processed product without added salt; canned tomatoes match the Japanese tomato juice/mixed juice concept with similar energy (18 vs 76kcal difference due to concentration), protein, fiber, and high vitamin A content",123.4,18.0,76.0,58.0,0.24,,,,19.0,0.27,-2.0,0.02,,,,,,,0.318
06187,トレビス　葉　生,野菜類,,True,False,168469,"Squash, summer, zucchini, includes skin, frozen, unprepared",Vegetables and Vegetable Products,high,"トレビス (Treviso radicchio) is a leafy vegetable; zucchini frozen unprepared matches energy (17 kcal), protein (1.16g vs 1.1g), and overall nutrient profile most closely among raw/minimally processed vegetables",0.0,17.0,17.0,0.0,0.06,0.03,,-0.7,-3.0,0.21,-72.0,0.01,-0.7,-4.0,0.008,0.002,0.0,0.0,0.005
06189,ながさきはくさい　葉　生,野菜類,,True,False,168440,"New Zealand spinach, raw",Vegetables and Vegetable Products,high,"Nagasaki hakusai leaves (Chinese cabbage variety) matches New Zealand spinach raw on energy (12-14 kcal), protein (1.3-1.5g), and fiber content; both are raw leafy greens with similar nutrient profiles and low energy density",15.4,12.0,14.0,2.0,0.2,,,-0.7,-82.0,-1.5,-170.0,0.08,-58.0,,-0.01,0.0,0.0,0.0,0.23
06190,ながさきはくさい　葉　ゆで,野菜類,,True,False,168440,"New Zealand spinach, raw",Vegetables and Vegetable Products,medium,"Nagasaki hakusai (Chinese cabbage) boiled leaves match New Zealand spinach raw in low energy (14-18 kcal), similar protein (1.5-2.2g), comparable fiber and minerals; boiled preparation of leafy green vegetable with similar nutritional profile despite different plant species",25.0,18.0,14.0,-4.0,-0.7,,,-0.9,-62.0,-0.8,10.0,0.18,7.0,,0.02,0.06,0.0,0.0,0.33
06192,（なす類）　なす　果実　ゆで,野菜類,なす類,True,False,168470,"Squash, summer, zucchini, includes skin, frozen, cooked, boiled, drained, without salt",Vegetables and Vegetable Products,high,"Boiled zucchini (summer squash) matches cooked eggplant closely in energy (17 kcal), protein (1.15g vs 1.0g), carbs (3.56g vs 2.3g), and represents the most similar cooked vegetable with comparable nutritional profile and preparation method.",0.0,17.0,17.0,0.0,0.15,,1.26,-0.8,-3.0,0.18,14.0,0.0,2.7,-89.0,0.001,0.0,0.0,0.0,0.005
06193,（なす類）　べいなす　果実　生,野菜類,なす類,True,False,170402,"Chayote, fruit, raw",Vegetables and Vegetable Products,high,"Chayote raw is the best match - similar energy (19 vs 20 kcal), protein (0.82 vs 1.1g), carbs (4.51 vs 2.7g), and fiber content; べいなす (bei-nasu/chayote) is a tropical vegetable similar to eggplant in culinary use, and raw preparation matches the Japanese '生' (raw) specification",5.1,20.0,19.0,-1.0,-0.28,,1.81,-0.7,7.0,-0.06,-95.0,0.54,1.7,-45.0,-0.015,-0.011,0.0,0.0,0.005
06195,（なす類）　漬物　塩漬,野菜類,なす類,True,False,169279,"Sauerkraut, canned, solids and liquids",Vegetables and Vegetable Products,medium,"Sauerkraut is a fermented vegetable pickle with similar energy (19 vs 22 kcal), protein (0.91 vs 1.4g), and salt content (1.679 vs 2.2g); best match for pickled vegetable category despite being cabbage-based rather than eggplant",14.6,22.0,19.0,-3.0,-0.49,,,0.2,12.0,0.87,-90.0,-0.01,7.7,-43.0,-0.009,-0.018,0.0,0.0,-0.521
06197,（なす類）　漬物　こうじ漬,野菜類,なす類,True,False,169892,"Eggplant, pickled",Vegetables and Vegetable Products,high,"Eggplant pickled is the direct equivalent to なす類(eggplant) pickled with koji, matching both the vegetable type and pickling preparation method with similar energy (205 vs 87 kcal difference likely due to preparation variation) and salt content (4.24g comparable to 6.6g)",80.8,87.0,205,118.0,-4.6,,,-1.7,-40.0,-0.63,-198.0,-0.17,0.0,-2.0,0.02,0.02,0.0,0.0,-2.358
06200,なずな　葉　生,野菜類,,True,False,169329,"Broccoli, leaves, raw",Vegetables and Vegetable Products,high,"Nazuna (shepherd's purse) leaves are a leafy green vegetable with nutritional profile closely matching broccoli leaves - similar energy (35 vs 28 kcal), protein (4.3 vs 2.98g), fiber (5.4 vs 5.06g), and high vitamin C and calcium content; both are raw leafy greens from Brassicaceae family.",22.2,35.0,28.0,-7.0,-1.32,,,-3.1,-242.0,-1.52,-115.0,-0.3,-16.8,,-0.085,-0.151,0.0,0.0,0.069
06201,（なばな類）　和種なばな　花らい・茎　生,野菜類,なばな類,True,False,169329,"Broccoli, leaves, raw",Vegetables and Vegetable Products,high,"Nabana (rapini/broccoli rabe) flower buds and stems match broccoli leaves in nutrient profile (similar energy, protein, fiber, calcium, vitamin C) and are botanically related leafy brassica vegetables",19.4,34.0,28.0,-6.0,-1.42,0.25,,-1.9,-112.0,-2.02,-65.0,-0.3,-36.8,,-0.095,-0.161,0.0,0.0,0.069
06202,（なばな類）　和種なばな　花らい・茎　ゆで,野菜類,なばな類,True,False,169965,"Beans, snap, green, microwaved",Vegetables and Vegetable Products,high,"Boiled snap green beans match the nutrient profile (E=33 vs 28 kcal, P=2.31 vs 4.7g, fiber=6.41g) and are the closest equivalent to Japanese boiled nabana (flowering mustard greens), both being cooked green vegetable products with similar preparation methods and nutritional composition",16.4,28.0,33.0,5.0,-2.39,0.4,,-0.9,-85.0,-0.87,153.0,-0.02,-36.7,,0.008,-0.065,,,0.008
06203,（なばな類）　洋種なばな　茎葉　生,野菜類,なばな類,True,False,169329,"Broccoli, leaves, raw",Vegetables and Vegetable Products,high,"Broccoli leaves raw closely matches nabana (oil rape plant) stem-leaves in being leafy green vegetable with similar energy (28 vs 36 kcal), protein (2.98 vs 4.1g), fiber content, and high vitamin C/A profile; both are tender leafy vegetable parts consumed raw or lightly cooked",25.0,36.0,28.0,-8.0,-1.12,0.15,,-1.4,-49.0,-0.02,-85.0,-0.2,-16.8,,-0.045,-0.121,0.0,0.0,0.069
06204,（なばな類）　洋種なばな　茎葉　ゆで,野菜類,なばな類,True,False,169329,"Broccoli, leaves, raw",Vegetables and Vegetable Products,high,"Boiled nabana (Japanese mustard greens) closely matches broccoli leaves in being a cooked leafy green vegetable with similar energy (28 vs 30 kcal), protein (2.98 vs 3.6g), fiber content, and high vitamin A and C values",6.9,30.0,28.0,-2.0,-0.62,0.15,,-1.8,-47.0,0.18,115.0,0.0,38.2,,0.005,-0.011,0.0,0.0,0.069
06205,にがうり　果実　生,野菜類,,True,False,168393,"Balsam-pear (bitter gourd), pods, raw",Vegetables and Vegetable Products,high,"にがうり (bitter melon/bitter gourd) is directly matched by 'Balsam-pear (bitter gourd), pods, raw' with nearly identical energy (15 vs 17 kcal), protein (1.0g), fat (0.17g), and salt content; same vegetable type and preparation method",12.5,15.0,17.0,2.0,0.0,0.07,3.4,0.2,5.0,0.03,36.0,0.6,8.0,-186.0,-0.01,-0.03,0.0,0.0,0.013
06206,にがうり　果実　油いため,野菜類,,True,False,168393,"Balsam-pear (bitter gourd), pods, raw",Vegetables and Vegetable Products,high,"にがうり (bitter gourd/balsam-pear) is directly matched by candidate 11; oil-fried preparation accounts for higher fat (3.2g vs 0.17g raw) and energy (47 vs 17 kcal), while other nutrients like vitamin C (75mg) and fiber (2.8g) remain consistent with the raw vegetable base.",93.8,47.0,17.0,-30.0,-0.2,-3.03,3.3,0.0,5.0,-0.07,36.0,0.6,9.0,-206.0,-0.01,-0.04,0.0,0.0,0.013
06207,（にら類）　にら　葉　生,野菜類,にら類,True,False,170007,"Onions, welsh, raw",Vegetables and Vegetable Products,high,"Welsh onions (negi/nira substitute) match both the allium family vegetable concept and nutrient profile closely: similar energy (34 vs 18 kcal), protein (1.9 vs 1.7g), and potassium content; raw preparation matches the Japanese 生 (fresh) specification",61.5,18.0,34.0,16.0,0.2,0.3,4.8,-0.3,-30.0,0.52,-298.0,0.22,8.0,,-0.01,-0.04,0.0,0.0,0.043
06208,（にら類）　にら　葉　ゆで,野菜類,にら類,True,False,170007,"Onions, welsh, raw",Vegetables and Vegetable Products,high,"Welsh onions (negi) are the closest US equivalent to nira (Chinese chives); similar leafy allium vegetables with comparable nutrient profiles when cooked, though nira has higher vitamin A and fiber content",23.0,27.0,34.0,7.0,-0.7,0.2,4.2,-1.9,-33.0,0.52,-188.0,0.22,16.0,,0.01,-0.03,0.0,0.0,0.043
06344,（にら類）　にら　葉　油いため,野菜類,にら類,True,False,170007,"Onions, welsh, raw",Vegetables and Vegetable Products,high,"Nira (Chinese chives) is botanically and culinarily similar to Welsh onions; both are allium vegetables with comparable nutrient profiles (energy, protein, potassium, vitamin A) and are commonly stir-fried in Asian cuisine",68.0,69.0,34.0,-35.0,0.0,-5.0,4.5,-1.1,-30.0,0.42,-388.0,0.12,6.0,,-0.01,-0.07,0.0,0.0,0.043
06209,（にら類）　花にら　花茎・花らい　生,野菜類,にら類,True,False,170007,"Onions, welsh, raw",Vegetables and Vegetable Products,high,"Welsh onions (negi/nira) are the closest US equivalent to flowering Chinese chives; similar energy (27 vs 34 kcal), protein (1.9g match), and both are raw allium vegetables with comparable nutritional profiles",23.0,27.0,34.0,7.0,0.0,0.3,,-0.4,-4.0,0.72,-38.0,0.22,4.0,,-0.02,0.01,0.0,0.0,0.043
06210,（にら類）　黄にら　葉　生,野菜類,にら類,True,False,169209,"Asparagus, frozen, cooked, boiled, drained, without salt",Vegetables and Vegetable Products,high,"Yellow chive (黄にら) is a leafy green vegetable with similar energy (18 kcal), protein (2.1g vs 2.95g), and raw/fresh preparation; asparagus frozen cooked matches best on energy and nutrient profile among available candidates despite preparation differences.",0.0,18.0,18.0,0.0,0.85,,,-0.4,3.0,-0.14,-8.0,0.21,9.4,-19.0,0.015,0.023,0.0,0.0,0.008
06211,（にんじん類）　葉にんじん　葉　生,野菜類,にんじん類,True,False,168440,"New Zealand spinach, raw",Vegetables and Vegetable Products,high,"Carrot leaf greens are raw leafy vegetables with very low energy (16 vs 14 kcal), similar protein, fiber, and notable micronutrients; New Zealand spinach is the closest raw leafy green vegetable match in USDA database",13.3,16.0,14.0,-2.0,0.4,,,-1.2,-34.0,-0.1,-380.0,0.08,8.0,,-0.02,0.01,0.0,0.0,0.23
06345,（にんじん類）　にんじん　根　皮なし　油いため,野菜類,にんじん類,True,False,746764,"Carrots, frozen, unprepared",Vegetables and Vegetable Products,high,"Carrots, frozen, unprepared is the best match - same vegetable (carrot), similar energy (153 vs 103kcal difference due to oil-frying preparation), and comparable carbohydrate and fiber profiles; frozen carrots are the closest USDA equivalent to peeled carrot root prepared with oil.",39.1,103.0,153,50.0,-0.29,-5.63,0.42,0.1,-2.0,0.13,-190.0,-0.02,-2.8,,-0.071,-0.033,,,0.068
06347,（にんじん類）　にんじん　根　皮　生,野菜類,にんじん類,True,False,746764,"Carrots, frozen, unprepared",Vegetables and Vegetable Products,high,Carrots are the direct US equivalent to Japanese carrot (にんじん); frozen carrots have similar nutrient profile with comparable energy (153 vs 26 kcal difference likely due to water content in raw form) and high Vitamin A content,141.9,26.0,153,127.0,0.11,,,-0.6,-12.0,0.13,-420.0,0.08,-1.8,,-0.011,-0.003,,,0.168
06216,（にんじん類）　にんじん　根　冷凍,野菜類,にんじん類,True,False,746764,"Carrots, frozen, unprepared",Vegetables and Vegetable Products,high,"Frozen carrots are the exact food match; nutrient profile (energy, protein, fat, carbs, fiber, minerals, vitamins) aligns well despite slight differences in preparation state",134.4,30.0,153,123.0,0.01,0.37,3.22,-0.9,3.0,0.13,10.0,0.08,-1.8,,-0.001,0.027,,,0.068
06380,（にんじん類）　にんじん　根　冷凍　ゆで,野菜類,にんじん類,True,False,746764,"Carrots, frozen, unprepared",Vegetables and Vegetable Products,high,Frozen boiled carrots match the Japanese item (冷凍ゆで にんじん) in both food concept and preparation method; nutrient profile aligns well despite energy difference attributable to moisture content variation in cooked vs. raw frozen state,145.8,24.0,153,129.0,0.11,0.37,4.42,-0.3,2.0,0.13,80.0,0.08,1.2,,0.009,0.027,,,0.068
06381,（にんじん類）　にんじん　根　冷凍　油いため,野菜類,にんじん類,True,False,746764,"Carrots, frozen, unprepared",Vegetables and Vegetable Products,high,"Frozen carrots are the closest match - same vegetable type and frozen preparation, though USDA entry is unprepared (higher kcal) versus Japanese oil-fried version which explains the lower energy in Japanese data",80.7,65.0,153,88.0,-0.09,-3.33,2.82,-1.0,0.0,0.13,0.0,0.08,0.2,,-0.001,0.017,,,-0.032
06348,（にんじん類）　にんじん　グラッセ,野菜類,にんじん類,True,False,746764,"Carrots, frozen, unprepared",Vegetables and Vegetable Products,medium,"Carrots, frozen, unprepared is the closest match as it's a carrot product in the Vegetables category, though energy content is higher due to being unprepared/frozen concentrate; グラッセ (glazed carrots) would be cooked carrots with added fat/sugar, explaining the nutrient differences",97.1,53.0,153,100.0,0.11,-0.63,-1.48,0.6,7.0,0.23,-30.0,0.18,0.2,,0.009,0.017,,,-0.832
06219,（にんじん類）　きんとき　根　皮つき　ゆで,野菜類,にんじん類,True,False,169358,"Yambean (jicama), cooked, boiled, drained, with salt",Vegetables and Vegetable Products,medium,"Boiled root vegetable with similar energy (36 vs 37 kcal), protein (0.72 vs 1.9g), and low fat profile; closest available match for cooked carrot despite some nutrient differences",2.7,37.0,36.0,-1.0,-1.18,-0.01,,,-28.0,0.07,-335.0,-0.85,8.1,,-0.053,-0.022,0.0,0.0,0.615
06224,（にんにく類）　茎にんにく　花茎　生,野菜類,にんにく類,True,False,170007,"Onions, welsh, raw",Vegetables and Vegetable Products,medium,"Welsh onions are the closest US equivalent to garlic flower stems (茎にんにく花茎) - both are allium vegetable shoots with similar energy (34 vs 44 kcal), protein (1.9g match), and fiber content; Welsh onions are raw edible stems like garlic flower stems",25.6,44.0,34.0,-10.0,0.0,0.3,,-1.4,-27.0,0.72,52.0,0.22,-18.0,,-0.06,-0.01,0.0,0.0,0.043
06225,（にんにく類）　茎にんにく　花茎　ゆで,野菜類,にんにく類,True,False,169965,"Beans, snap, green, microwaved",Vegetables and Vegetable Products,high,"Garlic chives (茎にんにく) are an allium vegetable similar to snap beans in texture and preparation; boiled snap green beans match the cooked preparation, similar energy (33 vs 43 kcal), protein (2.31 vs 1.7g), and fiber profile (6.41 vs 3.8g)",26.3,43.0,33.0,-10.0,0.61,0.4,,-0.4,15.0,0.33,163.0,0.08,-31.7,,-0.022,0.005,,,0.008
06226,（ねぎ類）　根深ねぎ　葉　軟白　生,野菜類,ねぎ類,True,False,169222,"Yardlong bean, raw",Vegetables and Vegetable Products,medium,"Yardlong bean raw is the closest match for Japanese root leek (negai) - similar plant-based vegetable with comparable energy (47 vs 35 kcal), protein (2.8 vs 1.4g), and fiber content; both are raw/fresh vegetable preparations despite different plant species",29.3,35.0,47.0,12.0,1.4,,4.75,,14.0,0.17,40.0,0.07,4.8,-40.0,0.057,0.07,0.0,0.0,0.01
06350,（ねぎ類）　根深ねぎ　葉　軟白　ゆで,野菜類,ねぎ類,True,False,169963,"Beans, snap, green, frozen, cooked, boiled, drained without salt",Vegetables and Vegetable Products,high,"Boiled negi (Japanese leek) leaf closely matches snap green beans in energy (28 kcal), protein (1.49g vs 1.3g), fiber content, and preparation method (cooked, boiled, drained without salt); both are tender green vegetable stalks with similar nutritional profiles",0.0,28.0,28.0,0.0,0.19,,3.45,0.5,14.0,0.36,9.0,-0.06,-5.9,-48.0,-0.005,0.06,0.0,0.0,0.003
06351,（ねぎ類）　根深ねぎ　葉　軟白　油いため,野菜類,ねぎ類,True,False,169261,"Okra, cooked, boiled, drained, without salt",Vegetables and Vegetable Products,medium,"根深ねぎ (negi/Japanese leek) oil-fried leaf is closest to okra in energy content (77 vs 94 kcal) and fat profile from oil cooking, though negi is a allium vegetable rather than okra; no direct USDA leek entry available for comparison",19.9,77.0,94.0,17.0,0.27,-3.89,0.41,-0.2,42.0,-0.02,-85.0,0.13,1.3,-59.0,0.072,0.005,0.0,0.0,0.015
06227,（ねぎ類）　葉ねぎ　葉　生,野菜類,ねぎ類,True,False,170007,"Onions, welsh, raw",Vegetables and Vegetable Products,high,"Welsh onions (Allium fistulosum) are botanically identical to Japanese negi/葉ねぎ with matching protein (1.9g), energy (34 vs 29 kcal), and similar nutrient profiles for this green onion/scallion type vegetable",15.9,29.0,34.0,5.0,0.0,0.3,6.5,-0.8,-62.0,0.22,-48.0,0.22,-5.0,,-0.01,-0.02,0.0,0.0,0.043
06352,（ねぎ類）　葉ねぎ　葉　油いため,野菜類,ねぎ類,True,False,170007,"Onions, welsh, raw",Vegetables and Vegetable Products,high,Welsh onions (negi) are the closest botanical match to 葉ねぎ (leaf scallions); oil-fried preparation explains higher fat/energy versus raw Welsh onion baseline,77.5,77.0,34.0,-43.0,-0.2,-4.5,6.5,-1.5,-77.0,0.02,-98.0,0.12,-16.0,,-0.02,-0.03,0.0,0.0,0.043
06228,（ねぎ類）　こねぎ　葉　生,野菜類,ねぎ類,True,False,170007,"Onions, welsh, raw",Vegetables and Vegetable Products,high,"Welsh onions (Allium fistulosum) are the direct USDA equivalent to Japanese ko-negi (小ねぎ), with matching energy (34 vs 26 kcal), protein (1.9 vs 2.0g), and similar nutrient profiles for raw green onion leaves",26.7,26.0,34.0,8.0,-0.1,0.3,,-0.1,-82.0,0.22,-108.0,0.22,-17.0,,-0.03,-0.05,0.0,0.0,0.043
06229,のざわな　葉　生,野菜類,,True,False,168440,"New Zealand spinach, raw",Vegetables and Vegetable Products,high,"Nozawana is a Japanese mustard green leaf vegetable; New Zealand spinach raw matches best on energy (14.0 kcal), protein (~0.9-1.5g), low fat, and similar fiber content, representing a leafy green vegetable category with comparable nutrient density",0.0,14.0,14.0,0.0,0.6,0.1,,-0.5,-72.0,0.2,-260.0,0.08,-11.0,,-0.02,0.03,0.0,0.0,0.23
06232,のびる　りん茎葉　生,野菜類,,True,False,169244,"Lambsquarters, raw",Vegetables and Vegetable Products,high,"Lambsquarters is a wild leafy green vegetable with similar energy (43 vs 63 kcal), protein (4.2 vs 3.2g), high fiber (7.3 vs 6.9g), and comparable mineral/vitamin profile to nobiru, a Japanese wild allium bulb and leaf vegetable",37.7,63.0,43.0,-20.0,1.0,0.7,,-2.9,209.0,-1.4,-138.0,-0.56,20.0,-230.0,0.08,0.22,0.0,0.0,0.109
06233,はくさい　結球葉　生,野菜類,,True,False,169980,"Cabbage, chinese (pe-tsai), cooked, boiled, drained, without salt",Vegetables and Vegetable Products,high,"はくさい (napa cabbage) is Chinese cabbage (pe-tsai); candidate 1 matches the food concept perfectly with similar energy (13 vs 14 kcal), protein (0.8 vs 1.5g), and carbohydrates (2.0 vs 2.41g), though cooked preparation slightly differs from raw Japanese entry",7.4,13.0,14.0,1.0,0.7,,0.41,0.4,-11.0,0.0,5.0,-0.02,-3.2,-51.0,0.014,0.014,0.0,0.0,0.023
06234,はくさい　結球葉　ゆで,野菜類,,True,False,169980,"Cabbage, chinese (pe-tsai), cooked, boiled, drained, without salt",Vegetables and Vegetable Products,high,"Chinese cabbage (pe-tsai) cooked, boiled, drained without salt matches はくさい (napa cabbage) in both food identity and nutrient profile (E=14kcal, P=1.5g, C=2.41g)",7.4,13.0,14.0,1.0,0.6,,0.51,0.3,-11.0,0.0,65.0,-0.02,5.8,-82.0,0.034,0.034,0.0,0.0,0.023
06235,はくさい　漬物　塩漬,野菜類,,True,False,169337,"Cabbage, chinese (pe-tsai), cooked, boiled, drained, with salt",Vegetables and Vegetable Products,high,"Chinese cabbage (pe-tsai) salt-pickled matches the Japanese hakusai shio-zuke in both food identity and nutrient profile (energy, protein, fiber, calcium, vitamin C all closely aligned)",19.4,17.0,14.0,-3.0,0.0,,2.41,-0.1,-7.0,-0.1,-15.0,-0.02,-13.2,34.0,0.004,0.014,0.0,,-1.478
06236,はくさい　漬物　キムチ,野菜類,,True,False,170080,"Peppers, jalapeno, canned, solids and liquids",Vegetables and Vegetable Products,high,"Hakusai kimchi is a fermented pickled vegetable with high salt content; peppers jalapeno canned matches energy (27 kcal), pickled/fermented preparation, high salt (4.24g vs 2.9g), and vegetable category best among candidates",0.0,27.0,27.0,0.0,-1.38,,4.74,0.4,-27.0,1.38,-97.0,0.14,-5.0,-85.0,0.003,-0.022,0.0,,1.342
06237,パクチョイ　葉　生,野菜類,,True,False,168440,"New Zealand spinach, raw",Vegetables and Vegetable Products,high,"パクチョイ (bok choy) leaves are a leafy green vegetable; New Zealand spinach raw matches best on energy (14 vs 15 kcal), protein (1.5 vs 1.6g), carbs (2.5 vs 2.2g), and represents a similar raw leafy green vegetable category",6.9,15.0,14.0,-1.0,-0.1,0.1,0.3,-0.3,-42.0,0.0,-320.0,0.08,-15.0,,-0.03,0.01,0.0,0.0,0.33
06240,はつかだいこん　根　生,野菜類,,True,False,168451,"Radishes, oriental, raw",Vegetables and Vegetable Products,high,"Hatsuka daikon (20-day radish) is a Japanese radish variety; 'Radishes, oriental, raw' is the best conceptual and nutritional match with similar energy (18 vs 13 kcal), protein (0.6 vs 0.8g), and carbohydrates (4.1 vs 1.9g) profiles for raw radish roots.",32.3,13.0,18.0,5.0,-0.2,0.0,2.2,0.4,6.0,0.1,7.0,0.05,3.0,0.0,0.0,0.0,0.0,0.0,0.053
06392,はなっこりー　生,野菜類,,True,False,169329,"Broccoli, leaves, raw",Vegetables and Vegetable Products,high,"はなっこりー is a broccoli and Chinese kale hybrid vegetable; broccoli leaves raw matches the leafy brassica category and similar nutrient profile (energy, protein, fiber, vitamins)",19.4,34.0,28.0,-6.0,-0.62,,,-0.8,-3.0,0.38,-55.0,-0.1,3.2,,-0.025,-0.031,,,0.069
06241,はやとうり　果実　白色種　生,野菜類,,True,False,170402,"Chayote, fruit, raw",Vegetables and Vegetable Products,high,"Chayote (hayato-uri) is the same plant; raw form matches energy (19 vs 20 kcal), protein (0.82 vs 0.6g), and nutrient profile of white variety fresh fruit",5.1,20.0,19.0,-1.0,0.22,0.03,,0.5,5.0,0.04,-45.0,0.64,-3.3,0.0,0.005,-0.001,0.0,0.0,0.005
06242,はやとうり　果実　白色種　塩漬,野菜類,,True,False,324653,"Pickles, cucumber, dill or kosher dill",Vegetables and Vegetable Products,medium,"Pickled cucumber is the closest vegetable pickle match; hayatouri is a squash-like vegetable and salt-pickled preparation is similar conceptually, though energy content differs (17 vs 12 kcal) and salt levels are comparable (3.6 vs 2.06g)",34.5,17.0,12.0,-5.0,-0.12,,,-0.6,46.0,0.03,2.0,0.01,-6.9,4.0,0.027,0.017,,,-1.548
06353,はやとうり　果実　緑色種　生,野菜類,,True,False,169289,"Squash, summer, scallop, raw",Vegetables and Vegetable Products,high,"Hayatouri (chayote squash) is a summer squash variety; candidate 12 (summer squash, scallop, raw) matches best on energy (18 vs 21 kcal), protein (1.2 vs 0.6g), and raw preparation state of the Japanese item",15.4,21.0,18.0,-3.0,0.6,,,0.0,7.0,0.1,12.0,0.19,7.0,-16.0,0.05,0.0,0.0,0.0,0.003
06243,ビーツ　根　生,野菜類,,True,False,169145,"Beets, raw",Vegetables and Vegetable Products,high,"Beets, raw is the exact food match with nearly identical nutrient profile (E: 43 vs 38 kcal, P: 1.61 vs 1.6g, C: 9.56 vs 7.3g) and identical category",12.3,38.0,43.0,5.0,0.01,0.07,2.26,0.1,4.0,0.4,-135.0,0.05,-0.1,2.0,-0.019,-0.01,0.0,0.0,0.098
06244,ビーツ　根　ゆで,野菜類,,True,False,169146,"Beets, cooked, boiled, drained",Vegetables and Vegetable Products,high,"Beets, cooked, boiled, drained matches the Japanese ビーツ根ゆで (boiled beets root) perfectly in both food category and nutrient profile (E=44 vs 42 kcal, P=1.68 vs 1.5g, C=9.96 vs 10.3g)",4.7,42.0,44.0,2.0,0.18,0.08,-0.34,-0.9,1.0,0.39,-115.0,0.05,0.6,2.0,-0.013,0.0,0.0,0.0,0.096
06245,（ピーマン類）　青ピーマン　果実　生,野菜類,ピーマン類,True,False,170516,"Peppers, sweet, green, frozen, chopped, cooked, boiled, drained, with salt",Vegetables and Vegetable Products,high,"青ピーマン (green bell pepper) raw matches sweet green peppers; candidate 14 is green pepper but frozen/cooked, while energy is closest match among available options and same vegetable category",22.2,20.0,16.0,-4.0,0.05,0.08,1.01,-1.4,-3.0,0.12,-118.0,-0.15,-34.8,,0.021,0.001,0.0,0.0,0.61
06246,（ピーマン類）　青ピーマン　果実　油いため,野菜類,ピーマン類,True,False,170516,"Peppers, sweet, green, frozen, chopped, cooked, boiled, drained, with salt",Vegetables and Vegetable Products,high,"Green bell peppers (青ピーマン) oil-fried matches sweet green peppers frozen/cooked preparation; similar nutrient profile with comparable energy (54 vs 16kcal difference due to oil cooking method), protein, fiber, vitamin C, and potassium levels",108.6,54.0,16.0,-38.0,0.05,-3.92,0.91,-1.5,-3.0,-0.18,-128.0,-0.15,-37.8,,0.021,0.001,0.0,0.0,0.61
06247,（ピーマン類）　赤ピーマン　果実　生,野菜類,ピーマン類,True,False,170108,"Peppers, sweet, red, raw",Vegetables and Vegetable Products,high,"Red bell pepper raw matches perfectly - same food item, very similar energy (111 vs 28 kcal likely due to USDA including inedible portions), identical protein/fat/carb ratios, and characteristic high vitamin C and A content of red peppers",119.4,28.0,111,83.0,-0.01,0.1,0.73,0.5,0.0,0.03,1.0,0.05,-42.0,-943.0,-0.006,-0.055,0.0,0.0,0.01
06248,（ピーマン類）　赤ピーマン　果実　油いため,野菜類,ピーマン類,True,False,170110,"Peppers, sweet, red, cooked, boiled, drained, without salt",Vegetables and Vegetable Products,high,"Red bell peppers (ピーマン) cooked with oil match the nutrient profile and preparation method; candidate 19 shows similar energy (117 vs 69kcal difference likely due to oil content in Japanese version), protein, vitamin C (high in both), and vitamin A levels for cooked red peppers.",51.6,69.0,117,48.0,-0.08,-3.9,2.1,-0.4,2.0,-0.24,-54.0,-0.08,-9.0,-953.0,-0.001,-0.13,0.0,0.0,0.005
06393,（ピーマン類）　オレンジピーマン　果実　生,野菜類,ピーマン類,True,False,170108,"Peppers, sweet, red, raw",Vegetables and Vegetable Products,high,"Orange bell pepper (raw) matches sweet red pepper (raw) in food category and nutrient profile; USDA entry has similar energy (111 vs 19 kcal difference likely due to measurement/variety variation), protein, fat, and carbohydrates for raw sweet peppers",141.5,19.0,111,92.0,0.09,0.2,2.93,0.3,2.0,0.13,-19.0,0.05,-22.0,-473.0,0.014,0.055,,,0.01
06394,（ピーマン類）　オレンジピーマン　果実　油いため,野菜類,ピーマン類,True,False,170108,"Peppers, sweet, red, raw",Vegetables and Vegetable Products,high,Orange bell pepper (sweet pepper) stir-fried matches raw red pepper nutritionally (111 vs 81 kcal adjusted for oil cooking method) and conceptually as the closest sweet pepper entry; energy difference explained by oil addition in Japanese preparation,31.2,81.0,111,30.0,-0.11,,2.23,,2.0,0.03,-59.0,0.05,-42.0,-563.0,0.004,0.045,,,0.01
06249,（ピーマン類）　黄ピーマン　果実　生,野菜類,ピーマン類,True,False,169383,"Peppers, sweet, yellow, raw",Vegetables and Vegetable Products,high,"Yellow bell pepper raw - exact food match with nearly identical energy (27 vs 28 kcal), protein (1.0 vs 0.8g), carbs (6.32 vs 4.9g), and comparable micronutrient profiles including high vitamin C content",3.6,28.0,27.0,-1.0,0.2,0.11,1.42,-0.4,3.0,0.16,12.0,-0.03,34.0,-190.0,-0.012,-0.005,0.0,0.0,0.005
06250,（ピーマン類）　黄ピーマン　果実　油いため,野菜類,ピーマン類,True,False,170024,"Peppers, sweet, green, sauteed",Vegetables and Vegetable Products,high,"Yellow bell pepper stir-fried in oil matches the preparation method and food category; candidate 17 (green pepper sauteed) has similar fat content (11.8g vs 4.1g) and cooking method, making it the closest preparation match among available options despite color difference",62.1,61.0,116,55.0,-0.02,7.7,-0.88,0.5,0.0,-0.2,-76.0,-0.14,17.0,-196.0,0.002,0.018,0.0,0.0,0.043
06252,ひのな　根・茎葉　生,野菜類,,True,False,168440,"New Zealand spinach, raw",Vegetables and Vegetable Products,high,"ひのな (Japanese mustard greens) is a leafy green vegetable raw, matching New Zealand spinach nutritionally (low kcal ~14-17, high fiber, high Ca/K/VitC/VitA, minimal salt) and conceptually as a raw leafy green vegetable.",19.4,17.0,14.0,-3.0,0.5,,,-1.5,-72.0,0.0,-350.0,0.18,-22.0,,-0.01,0.0,0.0,0.0,0.33
06254,ひろしまな　葉　生,野菜類,,True,False,168440,"New Zealand spinach, raw",Vegetables and Vegetable Products,high,"ひろしまな (Hiroshima mustard greens) is a leafy green vegetable; New Zealand spinach raw matches best on energy (14 vs 19 kcal), protein (1.5g match), fiber (2.5 vs 2.4g), and low fat content, despite being a different species in the same culinary category of nutrient-dense raw greens",30.3,19.0,14.0,-5.0,0.0,0.1,,-0.9,-142.0,0.0,-420.0,0.08,-19.0,,-0.02,-0.02,0.0,0.0,0.23
06255,ひろしまな　塩漬,野菜類,,True,False,170506,"New zealand spinach, cooked, boiled, drained, with salt",Vegetables and Vegetable Products,high,"ひろしまな (Hiroshima mustard greens) is a leafy green vegetable; salt-pickled preparation matches cooked spinach with salt in energy (15 vs 12 kcal), protein (1.2 vs 1.3g), and salt content (2.1 vs 0.87g), making it the best available US vegetable match",22.2,15.0,12.0,-3.0,0.1,-0.03,,-1.0,-26.0,-0.14,-18.0,0.01,1.0,,0.01,0.037,0.0,0.0,-1.229
06256,（ふき類）　ふき　葉柄　生,野菜類,ふき類,True,False,169988,"Celery, raw",Vegetables and Vegetable Products,medium,"Fuki (Japanese butterbur) petioles are similar to celery in being edible plant stems/petioles with low energy, comparable sodium content, and similar texture; closest available US vegetable match despite different plant species.",24.0,11.0,14.0,3.0,0.39,,,0.3,0.0,0.1,-70.0,-0.07,1.1,-27.0,,0.037,0.0,0.0,0.103
06257,（ふき類）　ふき　葉柄　ゆで,野菜類,ふき類,True,False,169233,"Gourd, white-flowered (calabash), cooked, boiled, drained, without salt",Vegetables and Vegetable Products,medium,Fuki (Japanese butterbur) petioles are a boiled vegetable with very low calories (7 kcal) and mild flavor; white-flowered gourd (calabash) boiled without salt matches energy level and nutrient profile most closely among available candidates.,72.7,7.0,15.0,8.0,0.3,,,0.1,-10.0,0.15,-60.0,0.5,8.5,,,0.012,0.0,0.0,-0.095
06258,（ふき類）　ふきのとう　花序　生,野菜類,ふき類,True,False,169405,"Fiddlehead ferns, raw",Vegetables and Vegetable Products,high,"Fiddlehead ferns are the closest US equivalent to fuki-no-tou (butterbur shoots) - both are wild/foraged vegetable buds with similar nutrient profiles (high fiber, moderate protein, raw preparation)",116.0,38.0,143,105.0,2.05,,,,-29.0,0.01,-370.0,0.03,12.6,-209.0,-0.08,0.04,0.0,0.0,0.003
06259,（ふき類）　ふきのとう　花序　ゆで,野菜類,ふき類,True,False,168584,"Fiddlehead ferns, frozen, unprepared",Vegetables and Vegetable Products,high,"Fiddlehead ferns are the closest US equivalent to fuki no tou (butterbur sprouts) - both are edible plant buds/shoots harvested in spring, boiled, with similar low calorie (34 vs 31 kcal), high fiber profiles, and comparable protein content",9.2,31.0,34.0,3.0,1.81,,,,-22.0,0.03,-311.0,0.21,14.8,-92.0,-0.046,0.05,0.0,0.0,
06260,ふじまめ　若ざや　生,野菜類,,True,False,169965,"Beans, snap, green, microwaved",Vegetables and Vegetable Products,high,"ふじまめ若ざや (immature winged bean pods) matches snap green beans nutritionally and botanically - both are young legume pods eaten fresh with similar energy (32 vs 33 kcal), protein (2.5 vs 2.31g), fiber (4.4 vs 6.41g), and minimal fat and salt profiles",3.1,32.0,33.0,1.0,-0.19,0.4,,-1.0,12.0,0.03,23.0,-0.02,-5.7,,-0.002,-0.025,,,0.008
06262,ふだんそう　葉　ゆで,野菜類,,True,False,169965,"Beans, snap, green, microwaved",Vegetables and Vegetable Products,medium,"Boiled leafy green vegetable with similar low energy (33 vs 26 kcal), protein (2.31 vs 2.8g), and fiber content; snap beans are cooked preparation like the Japanese boiled leafy vegetable, though not identical botanical match",23.7,26.0,33.0,7.0,-0.49,0.4,,-0.4,-75.0,-1.27,-437.0,-0.02,0.3,,0.048,-0.035,,,-0.192
06263,ブロッコリー　花序　生,野菜類,,True,False,169330,"Broccoli, flower clusters, raw",Vegetables and Vegetable Products,high,Exact food match: broccoli flower clusters raw; USDA entry directly corresponds to Japanese ブロッコリー花序生 despite lower reported nutrient values in USDA database,27.7,37.0,28.0,-9.0,-2.42,0.05,2.66,-2.8,-2.0,-0.42,-135.0,-0.4,-46.8,,-0.105,-0.111,0.0,0.0,0.069
06264,ブロッコリー　花序　ゆで,野菜類,,True,False,169330,"Broccoli, flower clusters, raw",Vegetables and Vegetable Products,high,"Broccoli flower clusters, boiled preparation matches the Japanese item perfectly in food identity and nutrient profile (Energy 28-30 kcal, Protein 2.98-3.9g, similar micronutrients)",6.9,30.0,28.0,-2.0,-0.92,0.15,3.76,-2.0,7.0,-0.02,115.0,0.0,38.2,,0.005,0.029,0.0,0.0,0.069
06395,ブロッコリー　花序　電子レンジ調理,野菜類,,True,False,169330,"Broccoli, flower clusters, raw",Vegetables and Vegetable Products,high,"Broccoli flower clusters raw is the closest conceptual match; the Japanese item is microwaved broccoli florets, and USDA entry 10 provides the baseline nutritional profile for this specific broccoli part, with expected increases in certain nutrients due to cooking concentration.",66.7,56.0,28.0,-28.0,-2.72,,2.66,,-6.0,-0.52,-175.0,-0.5,-46.8,,-0.115,-0.131,,,0.069
06396,ブロッコリー　花序　焼き,野菜類,,True,False,169330,"Broccoli, flower clusters, raw",Vegetables and Vegetable Products,high,"Broccoli flower clusters raw is the closest conceptual match; the Japanese item is roasted broccoli florets which explains higher energy (83 vs 28 kcal) and concentrated nutrients from cooking, but same vegetable base with similar protein and vitamin C profiles",99.1,83.0,28.0,-55.0,-6.92,,0.76,,-42.0,-1.42,-495.0,-1.1,-56.8,,-0.205,-0.281,,,0.069
06397,ブロッコリー　花序　油いため,野菜類,,True,False,169330,"Broccoli, flower clusters, raw",Vegetables and Vegetable Products,high,Broccoli flower clusters raw is the correct base ingredient; the higher energy (109 vs 28 kcal) reflects oil-frying preparation which adds fat/calories while maintaining the broccoli floret identity and similar protein/vitamin C profile,118.2,109.0,28.0,-81.0,-3.92,,1.86,,-16.0,-0.82,-265.0,-0.7,-36.8,,-0.135,-0.161,,,0.069
06354,ブロッコリー　芽ばえ　生,野菜類,,True,False,169329,"Broccoli, leaves, raw",Vegetables and Vegetable Products,high,"Broccoli sprouts (芽ばえ) are young broccoli plants; raw broccoli leaves/flower clusters are the closest USDA match with similar low energy (28 vs 18 kcal), comparable protein (2.98 vs 1.9g), and matching vegetable category despite some nutrient variation from immaturity stage",43.5,18.0,28.0,10.0,1.08,0.05,4.06,0.5,-9.0,0.18,225.0,0.0,29.2,,-0.015,0.009,0.0,0.0,0.069
06265,へちま　果実　生,野菜類,,True,False,169232,"Gourd, white-flowered (calabash), raw",Vegetables and Vegetable Products,high,"へちま (luffa/bottle gourd) is botanically a gourd; raw white-flowered gourd matches the fresh fruit state with nearly identical energy (14 vs 17 kcal), protein (0.62 vs 0.8g), and minimal fat, representing the closest conceptual and nutritional match",19.4,17.0,14.0,-3.0,-0.18,-0.08,,-0.5,14.0,-0.1,0.0,0.5,5.1,,-0.001,-0.018,0.0,0.0,0.005
06266,へちま　果実　ゆで,野菜類,,True,False,168470,"Squash, summer, zucchini, includes skin, frozen, cooked, boiled, drained, without salt",Vegetables and Vegetable Products,high,"へちま (luffa/sponge gourd) is a summer squash vegetable; boiled preparation matches candidate 1's frozen cooked zucchini with nearly identical energy (19 vs 17 kcal), protein (1.6 vs 1.15g), and low fat content",11.1,19.0,17.0,-2.0,-0.45,0.03,,-0.2,-7.0,-0.22,54.0,0.0,0.7,-26.0,0.011,-0.02,0.0,0.0,0.005
06267,ほうれんそう　葉　通年平均　生,野菜類,,True,False,168440,"New Zealand spinach, raw",Vegetables and Vegetable Products,high,"New Zealand spinach raw is the closest match - both are raw leafy greens with similar low energy (14 vs 18 kcal), protein (1.5 vs 2.2g), and fiber content; spinach is the common global equivalent to Japanese ほうれんそう (horenso/spinach)",25.0,18.0,14.0,-4.0,-0.7,0.0,2.2,-1.3,9.0,-1.2,-560.0,-0.32,-5.0,,-0.07,-0.07,0.0,0.0,0.33
06268,ほうれんそう　葉　通年平均　ゆで,野菜類,,True,False,168440,"New Zealand spinach, raw",Vegetables and Vegetable Products,high,"New Zealand spinach raw is the closest match - both are leafy greens with similar low energy (14 vs 23 kcal), protein (1.5 vs 2.6g), and nutrient profiles; while not true spinach, it's the best available USDA equivalent for boiled Japanese spinach leaves",48.6,23.0,14.0,-9.0,-1.1,-0.1,2.1,-2.1,-11.0,-0.1,-360.0,-0.32,11.0,,-0.01,0.02,0.0,0.0,0.33
06355,ほうれんそう　葉　夏採り　生,野菜類,,True,False,168440,"New Zealand spinach, raw",Vegetables and Vegetable Products,high,"New Zealand spinach raw is the closest match - both are raw leafy greens with very similar energy (14 vs 18 kcal), protein (1.5 vs 2.2g), fat (0.2g), and comparable nutrient profiles; ほうれんそう is spinach/spinach-like leafy vegetable",25.0,18.0,14.0,-4.0,-0.7,0.0,2.2,-1.3,9.0,-1.2,-560.0,-0.32,10.0,,-0.07,-0.07,0.0,0.0,0.33
06357,ほうれんそう　葉　夏採り　ゆで,野菜類,,True,False,168441,"New Zealand spinach, cooked, boiled, drained, without salt",Vegetables and Vegetable Products,high,"New Zealand spinach cooked/boiled matches the Japanese summer spinach leaves (boiled) in category, preparation method, and nutrient profile (similar energy, protein, fiber, and mineral content)",75.7,23.0,51.0,28.0,-1.3,-0.13,1.73,-2.2,-21.0,-0.24,-388.0,-0.39,6.0,,-0.02,-0.003,0.0,0.0,0.272
06356,ほうれんそう　葉　冬採り　生,野菜類,,True,False,168440,"New Zealand spinach, raw",Vegetables and Vegetable Products,high,"New Zealand spinach raw is the closest match - raw leafy green vegetable with similar energy (14 vs 18 kcal), protein (1.5 vs 2.2g), fiber (similar profile), and mineral content to winter-harvested raw spinach leaves",25.0,18.0,14.0,-4.0,-0.7,0.0,2.2,-1.3,9.0,-1.2,-560.0,-0.32,-30.0,,-0.07,-0.07,0.0,0.0,0.33
06358,ほうれんそう　葉　冬採り　ゆで,野菜類,,True,False,168440,"New Zealand spinach, raw",Vegetables and Vegetable Products,high,"New Zealand spinach raw is the closest conceptual match to boiled spinach leaves; while raw vs cooked, the nutrient profile (low energy ~14-23kcal, similar protein ~1.5-2.6g, high vitamin A, fiber) and vegetable category align best with the Japanese winter-harvested boiled spinach",48.6,23.0,14.0,-9.0,-1.1,-0.1,2.1,-2.1,-11.0,-0.1,-360.0,-0.32,0.0,,-0.01,0.02,0.0,0.0,0.33
06269,ほうれんそう　葉　冷凍,野菜類,,True,False,168440,"New Zealand spinach, raw",Vegetables and Vegetable Products,high,"New Zealand spinach raw is the closest match - frozen spinach leaves match the vegetable category, and nutrient profile (low energy, similar protein, fiber, calcium, iron, and vitamins A/C) aligns well despite being a different spinach variety",44.4,22.0,14.0,-8.0,-1.4,0.0,1.9,-1.8,-42.0,-0.4,-80.0,-0.12,11.0,,-0.02,0.0,0.0,0.0,0.03
06372,ほうれんそう　葉　冷凍　ゆで,野菜類,,True,False,168441,"New Zealand spinach, cooked, boiled, drained, without salt",Vegetables and Vegetable Products,high,"Spinach leaves, cooked/boiled preparation matches the Japanese frozen boiled spinach; energy (51 vs 26 kcal difference likely due to USDA entry being less concentrated), protein (1.3 vs 3.7g), and very high vitamin A content align well; New Zealand spinach is closest available spinach product in USDA database",64.9,26.0,51.0,25.0,-2.4,-0.23,1.93,-3.4,-122.0,-0.64,12.0,-0.19,11.0,,,0.047,0.0,0.0,0.172
06373,ほうれんそう　葉　冷凍　油いため,野菜類,,True,False,168441,"New Zealand spinach, cooked, boiled, drained, without salt",Vegetables and Vegetable Products,medium,"New Zealand spinach (cooked) is the closest match as a cooked leafy green vegetable, though spinach would be more typical; nutrient profile shows similar energy (51 vs 67 kcal), protein (1.3 vs 4.0g), and fiber content, but Japanese spinach preparation with oil adds calories and fat not captured in available USDA spinach entries",27.1,67.0,51.0,-16.0,-2.7,-3.93,1.43,-2.7,-82.0,-0.84,-138.0,-0.29,0.0,,,-0.073,0.0,0.0,-0.128
06271,まこも　茎　生,野菜類,,True,False,170402,"Chayote, fruit, raw",Vegetables and Vegetable Products,high,"Chayote raw matches まこも茎生 (fresh makomo stems) - both are mild, low-calorie vegetable stems with nearly identical energy (19 kcal), protein (0.82g vs 1.3g), fat (0.13g vs 0.1g), and similar nutritional profiles for raw/fresh preparations",0.0,19.0,19.0,0.0,-0.48,0.03,,-0.6,15.0,0.14,-115.0,0.54,1.7,-15.0,-0.015,-0.001,0.0,0.0,0.005
06272,みずかけな　葉　生,野菜類,,True,False,169329,"Broccoli, leaves, raw",Vegetables and Vegetable Products,high,"みずかけな (mizukakena/water greens) is a leafy brassica vegetable; broccoli leaves raw matches both the leaf vegetable category and nutrient profile (similar energy, protein, fiber, vitamins A and C levels)",11.3,25.0,28.0,3.0,0.08,0.25,,-0.5,-62.0,-0.12,-75.0,0.1,5.2,,-0.045,-0.111,0.0,0.0,0.069
06273,みずかけな　塩漬,野菜類,,True,False,169329,"Broccoli, leaves, raw",Vegetables and Vegetable Products,medium,"みずかけな (mizukakena/water greens) is a leafy vegetable similar to broccoli leaves in nutritional profile (low energy, high protein relative to calories, high vitamin C and A, high calcium and iron); broccoli leaves raw is the closest match despite not being identical",19.4,34.0,28.0,-6.0,-1.92,,,-1.7,-62.0,-0.12,-115.0,-0.1,23.2,,-0.055,-0.221,0.0,0.0,-2.431
06072,みずな　葉　生,野菜類,,True,False,169329,"Broccoli, leaves, raw",Vegetables and Vegetable Products,high,"Mizuna is a Japanese leafy green vegetable similar to broccoli leaves in nutrient profile (low energy ~28kcal, high protein for leaves ~3g, high fiber, calcium, iron, vitamin C and A content); broccoli leaves raw is the closest nutritionally available USDA match",19.6,23.0,28.0,5.0,0.78,,,-0.7,-162.0,-1.22,-155.0,-0.1,38.2,,-0.015,-0.031,0.0,0.0,-0.031
06073,みずな　葉　ゆで,野菜類,,True,False,168440,"New Zealand spinach, raw",Vegetables and Vegetable Products,medium,"Mizuna is a Japanese leafy green vegetable similar to New Zealand spinach in being a cooked leafy green with low energy (~14-21 kcal), moderate protein (~1.5-2.0g), and high calcium; closest nutrient profile match among available candidates despite being different plant species.",40.0,21.0,14.0,-7.0,-0.5,,,-2.1,-142.0,-1.2,-240.0,0.18,11.0,,0.0,0.05,0.0,0.0,0.23
06274,（みつば類）　切りみつば　葉　生,野菜類,みつば類,True,False,170007,"Onions, welsh, raw",Vegetables and Vegetable Products,medium,"Mitsuba (Japanese parsley) is a leafy vegetable herb; Welsh onions are the closest raw leafy vegetable match in the USDA database with similar energy (34 vs 16 kcal), protein (1.9 vs 1.0g), and low salt content, though mitsuba is more delicate and aromatic.",72.0,16.0,34.0,18.0,0.9,,,-0.1,-7.0,0.92,-428.0,0.42,19.0,,0.02,0.0,0.0,0.0,0.043
06275,（みつば類）　切りみつば　葉　ゆで,野菜類,みつば類,True,False,170506,"New zealand spinach, cooked, boiled, drained, with salt",Vegetables and Vegetable Products,high,"Mitsuba (Japanese parsley) is a leafy green vegetable; boiled New Zealand spinach matches the low energy (12 kcal), low protein (1.3g), moderate fiber, similar mineral profile, and boiled preparation method most closely among available options.",0.0,12.0,12.0,0.0,0.4,,,-1.3,24.0,0.46,-188.0,0.21,15.0,,0.01,0.067,0.0,0.0,0.871
06276,（みつば類）　根みつば　葉　生,野菜類,みつば類,True,False,168440,"New Zealand spinach, raw",Vegetables and Vegetable Products,medium,"根みつば (mitsuba root/leaf) is a leafy green vegetable similar to New Zealand spinach in nutrient profile (low energy ~14-19kcal, protein ~1.5-1.9g, high fiber/minerals) and raw preparation, though mitsuba is a distinct Japanese herb with no perfect US equivalent",30.3,19.0,14.0,-5.0,-0.4,,,-1.4,6.0,-1.0,-370.0,0.18,8.0,,-0.01,0.0,0.0,0.0,0.33
06277,（みつば類）　根みつば　葉　ゆで,野菜類,みつば類,True,False,170007,"Onions, welsh, raw",Vegetables and Vegetable Products,medium,"Welsh onions (scallions) are leafy green vegetables with similar low energy (34 vs 19 kcal), comparable protein (1.9g), and matching preparation context as boiled mitsuba leaves; closest match among available vegetables despite some nutrient differences",56.6,19.0,34.0,15.0,-0.4,,,-0.9,-46.0,0.02,-58.0,0.32,15.0,,0.02,0.04,0.0,0.0,0.043
06278,（みつば類）　糸みつば　葉　生,野菜類,みつば類,True,False,168440,"New Zealand spinach, raw",Vegetables and Vegetable Products,high,"New Zealand spinach raw matches best: similar leafy green vegetable, raw preparation, very close energy (14 vs 12 kcal), protein (1.5 vs 0.9g), and fiber profile; mitsuba is a delicate Asian herb/leaf vegetable with no direct US equivalent but spinach is the closest common raw leafy green match",15.4,12.0,14.0,2.0,0.6,,,-0.8,11.0,-0.1,-370.0,0.28,17.0,,0.0,-0.01,0.0,0.0,0.33
06279,（みつば類）　糸みつば　葉　ゆで,野菜類,みつば類,True,False,169353,"Gourd, white-flowered (calabash), cooked, boiled, drained, with salt",Vegetables and Vegetable Products,high,"Mitsuba (Japanese parsley) is a leafy green vegetable; boiled white-flowered gourd matches the very low energy (13-14 kcal), low protein (~0.6g), and similar mineral profile of boiled leafy greens",7.4,14.0,13.0,-1.0,-0.5,,,-1.8,-32.0,-0.35,-190.0,0.6,4.5,,0.009,-0.058,0.0,0.0,0.605
06360,みぶな　葉　生,野菜類,,True,False,168440,"New Zealand spinach, raw",Vegetables and Vegetable Products,high,"Mibu-na is a Japanese mustard green leaf vegetable; New Zealand spinach raw matches the energy (14.0 kcal), low fat (0.2g), fiber content, and leafy green vegetable category, despite minor protein differences",0.0,14.0,14.0,0.0,0.4,0.1,,-0.3,-52.0,0.3,-360.0,0.18,-8.0,,0.0,0.06,0.0,0.0,0.23
06281,（みょうが類）　みょうがたけ　茎葉　生,野菜類,みょうが類,True,False,169211,"Bamboo shoots, cooked, boiled, drained, without salt",Vegetables and Vegetable Products,medium,"Myōga taketop is a tender plant shoot with very low energy (6 kcal), high potassium (350 mg), and low protein (0.4g); bamboo shoots are the closest structural and nutritional match among available options, despite slightly higher protein content.",66.7,6.0,12.0,6.0,1.13,,,-0.1,1.0,-0.06,183.0,0.17,-1.0,-6.0,0.0,0.03,0.0,0.0,0.01
06282,むかご　肉芽　生,野菜類,,True,False,169308,"Taro, raw",Vegetables and Vegetable Products,medium,"むかご (taro bulbils) are small aerial tubers of taro plants; raw taro is the closest botanical match despite some nutrient differences, particularly in energy and carbohydrate content",25.1,87.0,112,25.0,-1.4,0.1,,-0.1,38.0,-0.05,21.0,-0.17,-4.5,-20.0,-0.015,0.005,0.0,0.0,0.028
06285,めたで　芽ばえ　生,野菜類,,True,False,169329,"Broccoli, leaves, raw",Vegetables and Vegetable Products,high,"Broccoli leaves raw matches the sprouted vegetable profile with similar energy (28 vs 39 kcal), protein (2.98g), fiber (5.06g), and notably high vitamin C and A content consistent with raw sprouts",32.8,39.0,28.0,-11.0,-0.02,,,-4.0,-1.0,-1.42,185.0,-0.5,26.2,,-0.085,-0.091,0.0,0.0,0.069
06286,（もやし類）　アルファルファもやし　生,野菜類,もやし類,True,False,170079,"Beans, mung, mature seeds, sprouted, canned, drained solids",Vegetables and Vegetable Products,high,"Mung bean sprouts (alfalfa sprouts substitute) - canned drained entry matches both food concept and nutrient profile (E=12kcal, P=1.4g, similar low fat/carb composition)",8.7,11.0,12.0,1.0,-0.2,-0.04,1.84,-0.6,0.0,-0.07,-16.0,-0.12,-4.7,-56.0,-0.04,-0.02,0.0,0.0,0.107
06287,（もやし類）　だいずもやし　生,野菜類,もやし類,True,False,168384,"Alfalfa seeds, sprouted, raw",Vegetables and Vegetable Products,high,"Alfalfa sprouts raw match daizu (soybean) sprouts in being raw sprouted legumes with similar energy (23 vs 29kcal), protein (3.99 vs 3.7g), fat (0.69 vs 1.2g), and fiber content; nutritionally closest candidate despite different legume source",23.1,29.0,23.0,-6.0,0.29,-0.51,1.5,-0.4,9.0,0.46,-81.0,0.52,3.2,,-0.014,0.056,0.0,0.0,0.015
06288,（もやし類）　だいずもやし　ゆで,野菜類,もやし類,True,False,170087,"Beans, pinto, mature seeds, sprouted, cooked, boiled, drained, without salt",Vegetables and Vegetable Products,high,"Soybean sprouts (だいずもやし) are sprouted soybeans; candidate 2 is pinto bean sprouts cooked/boiled, which matches the preparation method (boiled/cooked), food concept (legume sprouts), and nutrient profile most closely (E=22 vs 27, P=1.86 vs 2.9, similar fiber content)",20.4,27.0,22.0,-5.0,-1.04,-0.98,3.6,,-9.0,0.26,48.0,-0.13,5.1,,0.027,0.019,0.0,0.0,0.13
06289,（もやし類）　ブラックマッペもやし　生,野菜類,もやし類,True,False,169137,"Mung beans, mature seeds, sprouted, cooked, boiled, drained, without salt",Vegetables and Vegetable Products,high,"Black mung bean sprouts (ブラックマッペもやし) are mung bean sprouts; candidate 8 matches the food category (mung bean sprouts, cooked) with nearly identical energy (21 vs 17kcal), protein (2.03 vs 2.2g), and carbs (4.19 vs 1.4g), though the Japanese item appears to be raw/fresh rather than cooked.",21.1,17.0,21.0,4.0,-0.17,,2.79,-0.7,-4.0,0.25,36.0,0.17,1.4,,0.01,0.042,0.0,0.0,0.025
06290,（もやし類）　ブラックマッペもやし　ゆで,野菜類,もやし類,True,False,170079,"Beans, mung, mature seeds, sprouted, canned, drained solids",Vegetables and Vegetable Products,high,"Mung bean sprouts (canned, drained) match black mung bean sprouts nutritionally and conceptually - similar energy (12 vs 13 kcal), protein (1.4 vs 1.3g), and carbohydrates (2.14 vs 1.1g), both are sprouted legume vegetables in cooked/prepared form",8.0,13.0,12.0,-1.0,0.1,,1.04,-0.8,-10.0,0.03,15.0,-0.02,-1.7,,0.01,0.05,0.0,0.0,0.107
06398,（もやし類）　ブラックマッペもやし　油いため,野菜類,もやし類,True,False,169137,"Mung beans, mature seeds, sprouted, cooked, boiled, drained, without salt",Vegetables and Vegetable Products,high,"Black mung bean sprouts (ブラックマッペもやし) are mung bean sprouts; candidate 3 is mung bean sprouts cooked/boiled with nearly identical energy (21 vs 41kcal, accounting for oil-frying preparation difference) and protein (2.03g vs 2.3g), making it the best conceptual and nutritional match.",64.5,41.0,21.0,-20.0,-0.27,,2.39,,-6.0,0.25,30.0,0.17,4.4,,0.01,0.042,,,0.025
06291,（もやし類）　りょくとうもやし　生,野菜類,もやし類,True,False,169137,"Mung beans, mature seeds, sprouted, cooked, boiled, drained, without salt",Vegetables and Vegetable Products,high,"Mung bean sprouts (りょくとうもやし) are botanically and nutritionally equivalent to USDA mung bean sprouts; entry 16 matches energy (21 vs 15 kcal), protein (2.03g vs 1.7g), and overall nutrient profile most closely among sprouted bean options.",33.3,15.0,21.0,6.0,0.33,-0.01,2.89,-0.5,2.0,0.45,32.0,0.17,3.4,-5.0,0.01,0.052,0.0,0.0,0.025
06292,（もやし類）　りょくとうもやし　ゆで,野菜類,もやし類,True,False,170079,"Beans, mung, mature seeds, sprouted, canned, drained solids",Vegetables and Vegetable Products,high,"Mung bean sprouts boiled match perfectly in food category, preparation method, and nutrient profile (energy, protein, carbs all nearly identical)",0.0,12.0,12.0,0.0,-0.2,,1.04,-0.7,3.0,0.13,3.0,0.08,-1.7,-5.0,0.0,0.03,0.0,0.0,0.107
06293,モロヘイヤ　茎葉　生,野菜類,,True,False,170476,"Winged beans, immature seeds, raw",Vegetables and Vegetable Products,medium,"Winged beans raw match energy (49 vs 36kcal), protein profile (6.95 vs 4.8g), and leafy vegetable category best among candidates, though Japanese molokhia has distinctly higher vitamin A and calcium typical of Mediterranean leafy greens",30.6,36.0,49.0,13.0,2.15,0.47,4.21,,-176.0,0.5,-307.0,-0.21,-46.7,,-0.04,-0.32,0.0,0.0,0.01
06294,モロヘイヤ　茎葉　ゆで,野菜類,,True,False,168441,"New Zealand spinach, cooked, boiled, drained, without salt",Vegetables and Vegetable Products,high,"モロヘイヤ (Molokhia) is a leafy green vegetable similar to New Zealand spinach in nutrition profile and preparation (boiled, drained); closest match in energy (51 vs 24 kcal difference likely due to USDA measurement variations), protein, fiber content, and being a cooked leafy green vegetable",72.0,24.0,51.0,27.0,-1.7,-0.13,2.03,-2.1,-122.0,0.06,-58.0,-0.09,5.0,,-0.03,-0.023,0.0,0.0,0.272
06401,やぶまめ　生,野菜類,,True,False,169958,"Beans, pinto, immature seeds, frozen, unprepared",Vegetables and Vegetable Products,high,"やぶまめ (yabumame) are immature legume seeds; pinto beans immature seeds match nutritionally (E=170 vs 219kcal, P=9.8 vs 15.5g) and conceptually as raw/unprepared legume seeds in the same food category",25.2,219.0,170,-49.0,-5.7,,,-4.1,14.0,-1.6,-344.0,-0.13,,,,,,,0.234
06296,ゆりね　りん茎　生,野菜類,,True,False,169203,"Arrowhead, raw",Vegetables and Vegetable Products,high,"Arrowhead raw matches ゆりね (lily bulb) - both are raw starchy root vegetables with similar energy (99 vs 119 kcal), protein (5.33 vs 3.8g), and fiber profiles; arrowhead is the closest US equivalent to this Asian bulb vegetable",18.3,119.0,99.0,-20.0,1.53,,,,0.0,1.57,182.0,-0.42,-7.9,0.0,0.09,0.003,0.0,0.0,0.056
06297,ゆりね　りん茎　ゆで,野菜類,,True,False,170072,"Yam, cooked, boiled, drained, or baked, without salt",Vegetables and Vegetable Products,high,"ゆりね (lily bulb) is a starchy root vegetable similar to yam; entry 16 matches the energy (117 vs 116 kcal), cooked preparation without salt, and similar carbohydrate-rich profile of boiled/steamed tubers",0.9,117.0,116,-1.0,-1.91,,,-2.1,4.0,-0.38,-20.0,-0.5,4.1,6.0,0.025,-0.042,0.0,0.0,0.02
06298,ようさい　茎葉　生,野菜類,,True,False,168440,"New Zealand spinach, raw",Vegetables and Vegetable Products,high,"ようさい (yōsai/purslane) is a leafy green vegetable; New Zealand spinach raw matches the raw preparation, low energy (14 vs 17 kcal), similar protein (1.5 vs 2.2g), and comparable nutrient profile for a raw leafy green vegetable.",19.4,17.0,14.0,-3.0,-0.7,,1.6,-1.6,-16.0,-0.7,-250.0,-0.12,11.0,,-0.06,-0.07,0.0,0.0,0.23
06299,ようさい　茎葉　ゆで,野菜類,,True,False,170506,"New zealand spinach, cooked, boiled, drained, with salt",Vegetables and Vegetable Products,high,"ようさい (Japanese mustard greens) stems and leaves, boiled matches New Zealand spinach boiled with salt in energy (12-18 kcal), protein (~1.3g), fiber content, and very high vitamin A (3800μg); both are leafy green vegetables prepared by boiling",40.0,18.0,12.0,-6.0,-0.9,,1.13,-2.0,-42.0,-0.34,-168.0,0.01,10.0,,-0.03,0.007,0.0,0.0,0.871
06300,よめな　葉　生,野菜類,,True,False,169965,"Beans, snap, green, microwaved",Vegetables and Vegetable Products,medium,"よめな (yomena/bitter greens) is a leafy vegetable similar to snap beans in being a young plant product; snap green beans microwaved (E=33kcal vs 40kcal, P=2.31g vs 3.4g, fiber-rich profile) is closest match among candidates, though perfect botanical equivalent unavailable in USDA database",19.2,40.0,33.0,-7.0,-1.09,,,-4.4,-55.0,-2.87,-477.0,-0.32,-34.7,,-0.152,-0.245,,,0.008
06302,よもぎ　葉　ゆで,野菜類,,True,False,169965,"Beans, snap, green, microwaved",Vegetables and Vegetable Products,high,"Boiled snap green beans match yomogi leaves (boiled) in energy (33 vs 37 kcal), protein (2.31 vs 4.8g), fiber content, and cooked leafy green vegetable preparation method; best available leafy green vegetable match in USDA database",11.4,37.0,33.0,-4.0,-2.49,,,-4.4,-85.0,-2.17,73.0,-0.02,5.3,,-0.002,-0.015,,,0.008
06303,らっかせい　未熟豆　生,野菜類,,True,False,169284,"Soybeans, mature seeds, sprouted, raw",Vegetables and Vegetable Products,high,"Soybeans, mature seeds, sprouted, raw closely matches immature peanut pods (raw legume with similar protein 13.1g vs 12.0g, fat 6.7g vs 23.9g, and raw preparation state); peanuts are botanically legumes like soybeans with comparable nutrient profile for immature/raw state",86.0,306.0,122,-184.0,1.1,-17.2,,-2.9,52.0,1.2,34.0,-0.03,-4.7,-4.0,-0.2,0.028,0.0,0.0,0.036
06304,らっかせい　未熟豆　ゆで,野菜類,,True,False,168410,"Edamame, frozen, unprepared",Vegetables and Vegetable Products,high,"Edamame (immature soybeans, boiled) is the closest match - both are immature legume pods that are boiled; nutrient profile shows similar protein (11.2g vs 11.9g), fat (4.73g vs 23.2g unprepared, noting cooking reduces fat), and the Japanese item らっかせい未熟豆 refers to immature peanuts/legumes which are nutritionally similar to edamame when boiled",92.9,298.0,109,-189.0,-0.7,-18.47,,0.6,36.0,1.21,192.0,0.22,-9.3,,-0.15,0.135,,,0.015
06308,リーキ　りん茎葉　生,野菜類,,True,False,170005,"Onions, spring or scallions (includes tops and bulb), raw",Vegetables and Vegetable Products,high,"Leek (リーキ) is botanically similar to scallions/spring onions; nutrient profile closely matches onions, spring or scallions (raw) in energy, protein, carbs, and vitamin C content",6.5,30.0,32.0,2.0,0.23,0.09,3.24,0.1,41.0,0.78,46.0,0.09,7.8,5.0,-0.005,0.0,0.0,0.0,0.041
06309,リーキ　りん茎葉　ゆで,野菜類,,True,False,169963,"Beans, snap, green, frozen, cooked, boiled, drained without salt",Vegetables and Vegetable Products,high,"リーキ (leek) boiled matches snap green beans frozen cooked for energy (28 kcal), protein (1.49g vs 1.3g), fat (0.17g), and low salt preparation; both are cooked green vegetables with similar nutrient profiles",0.0,28.0,28.0,0.0,0.19,0.07,3.55,0.4,16.0,0.06,-21.0,-0.06,-4.9,-16.0,-0.015,0.02,0.0,0.0,0.003
06319,ルッコラ　葉　生,野菜類,,True,False,168440,"New Zealand spinach, raw",Vegetables and Vegetable Products,high,"ルッコラ (arugula/rocket) is a leafy green vegetable raw; New Zealand spinach raw matches best on energy (14 vs 17 kcal), protein (1.5 vs 1.9g), fiber content, and leafy vegetable category, despite being different species",19.4,17.0,14.0,-3.0,-0.4,0.1,2.5,-1.1,-112.0,-0.8,-350.0,-0.42,-36.0,,-0.02,-0.04,0.0,0.0,0.33
06311,ルバーブ　葉柄　ゆで,野菜類,,True,False,169988,"Celery, raw",Vegetables and Vegetable Products,medium,"Rhubarb petioles (葉柄) are cooked leafy vegetable stalks with very low energy (14 kcal) and high fiber (2.9g); celery raw is closest match with identical energy (14 kcal), similar low fat/protein profile, and comparable potassium content, though fiber content differs",0.0,14.0,14.0,0.0,0.19,0.07,1.57,-1.3,-24.0,0.0,60.0,0.03,-0.9,-20.0,0.011,0.027,0.0,0.0,0.203
06312,（レタス類）　レタス　土耕栽培　結球葉　生,野菜類,レタス類,True,False,168431,"Lettuce, red leaf, raw",Vegetables and Vegetable Products,high,"Red leaf lettuce raw is the closest match for raw head lettuce (結球葉) with similar energy (13 vs 11 kcal), protein (1.33 vs 0.6g), and comparable nutrient profiles; lettuce varieties have similar nutritional compositions regardless of type",16.7,11.0,13.0,2.0,0.73,,0.56,-0.2,14.0,0.9,-13.0,0.0,-1.3,135.0,0.014,0.047,0.0,0.0,0.064
06361,（レタス類）　レタス　水耕栽培　結球葉　生,野菜類,レタス類,True,False,168440,"New Zealand spinach, raw",Vegetables and Vegetable Products,medium,"Raw leafy green vegetable with similar energy (14 vs 13 kcal), protein (1.5 vs 0.8g), and low fat profile; New Zealand spinach is closest available raw green vegetable despite lettuce being the actual item",7.4,13.0,14.0,1.0,0.7,0.1,0.5,0.4,24.0,0.5,-130.0,0.28,25.0,,0.01,0.1,0.0,0.0,0.33
06313,（レタス類）　サラダな　葉　生,野菜類,レタス類,True,False,168440,"New Zealand spinach, raw",Vegetables and Vegetable Products,high,"Raw leafy green vegetable with very similar energy (14 vs 10 kcal), protein (1.5 vs 1.0g), fat (0.2 vs 0.1g), and low carbohydrate content; New Zealand spinach raw is the closest match to raw salad lettuce leaves in the USDA database",33.3,10.0,14.0,4.0,0.5,0.1,1.8,-0.3,2.0,-1.6,-280.0,0.18,16.0,,-0.02,0.0,0.0,0.0,0.33
06314,（レタス類）　リーフレタス　葉　生,野菜類,レタス類,True,False,168440,"New Zealand spinach, raw",Vegetables and Vegetable Products,high,"New Zealand spinach raw matches leaf lettuce as a raw, leafy green vegetable with very similar energy (14 vs 16 kcal), protein (1.5 vs 1.4g), and minimal fat content per 100g",13.3,16.0,14.0,-2.0,0.1,0.1,1.6,-0.4,0.0,-0.2,-360.0,-0.12,9.0,,-0.06,0.03,0.0,0.0,0.33
06315,（レタス類）　サニーレタス　葉　生,野菜類,レタス類,True,False,168440,"New Zealand spinach, raw",Vegetables and Vegetable Products,high,"New Zealand spinach raw is the closest match - both are raw leafy greens with nearly identical energy (14-15 kcal), protein (1.5-1.2g), fat (0.2-0.1g), and similar nutritional profiles; red/pink leaf lettuce (Sunny Lettuce) and spinach are comparable leafy vegetables in the raw state",6.9,15.0,14.0,-1.0,0.3,0.1,1.9,-0.5,-8.0,-1.0,-280.0,-0.02,13.0,,-0.06,0.03,0.0,0.0,0.33
06362,（レタス類）　サンチュ　葉　生,野菜類,レタス類,True,False,168440,"New Zealand spinach, raw",Vegetables and Vegetable Products,high,"New Zealand spinach raw matches best: similar energy (14 vs 14 kcal), protein (1.5 vs 1.2g), fiber content, raw preparation, and leafy green vegetable category; both are tender raw leaves with comparable nutrient profiles",0.0,14.0,14.0,0.0,0.3,0.0,,-0.5,-4.0,0.3,-340.0,0.18,17.0,,-0.02,0.03,0.0,0.0,0.33
06316,（レタス類）　コスレタス　葉　生,野菜類,レタス類,True,False,746769,"Lettuce, cos or romaine, raw",Vegetables and Vegetable Products,high,"Cos/romaine lettuce raw is the exact food match; nutrient profile aligns well (protein 1.24g vs 1.2g, energy 70kcal vs 16kcal difference likely due to USDA moisture content differences in raw preparation)",125.6,16.0,70.0,54.0,0.04,0.16,2.04,-0.1,6.0,0.45,3.0,-0.05,-3.4,-74.0,0.019,0.012,,,
06317,れんこん　根茎　生,野菜類,,True,False,168454,"Rutabagas, raw",Vegetables and Vegetable Products,medium,"Lotus root is a starchy root vegetable; rutabagas are the closest raw root vegetable match in energy (37 vs 66kcal) and carbohydrate content, though energy is notably lower likely due to USDA database variations",56.3,66.0,37.0,-29.0,-0.82,,-5.58,0.3,23.0,-0.06,-135.0,-0.06,-23.0,-3.0,-0.01,0.03,0.0,0.0,-0.07
06318,れんこん　根茎　ゆで,野菜類,,True,False,170049,"Potatoes, frozen, whole, cooked, boiled, drained, without salt",Vegetables and Vegetable Products,high,"Boiled lotus root (renkon) most closely matches boiled frozen potatoes in energy (66 vs 65 kcal), carbohydrates (13.9 vs 14.5g), and preparation method; both are starchy root vegetables prepared by boiling without added salt",1.5,66.0,65.0,-1.0,0.68,,0.6,-0.9,-13.0,0.44,47.0,-0.05,-8.6,-3.0,0.042,0.025,0.0,0.0,0.051
06371,れんこん　甘酢れんこん,野菜類,,True,False,170067,"Waterchestnuts, chinese, canned, solids and liquids",Vegetables and Vegetable Products,medium,"Lotus root (renkon) is a starchy root vegetable similar to water chestnuts in texture and nutrition; sweet vinegar preparation matches canned vegetable profile with comparable energy (50 vs 66 kcal), carbs (12.3 vs 15.1g), and salt content from pickling (0.02g salt in water chestnuts suggests low sodium baseline before vinegar addition)",27.6,66.0,50.0,-16.0,0.28,,-2.8,0.2,-2.0,0.77,104.0,,-5.7,-3.0,0.011,0.024,0.0,0.0,-1.38
06320,わけぎ　葉　生,野菜類,,True,False,170007,"Onions, welsh, raw",Vegetables and Vegetable Products,high,"Wakegi is a Japanese bunching onion (allium fistulosum) variety; Welsh onions are the direct USDA equivalent with matching energy (34 vs 30 kcal), protein (1.9 vs 1.6g), and similar nutrient profile for raw leafy allium vegetables.",12.5,30.0,34.0,4.0,0.3,,,-0.4,-41.0,0.82,-18.0,0.32,-10.0,,-0.01,-0.01,0.0,0.0,0.043
06321,わけぎ　葉　ゆで,野菜類,,True,False,170007,"Onions, welsh, raw",Vegetables and Vegetable Products,high,"Wakegi (Japanese scallion) leaves boiled matches Welsh onions raw in botanical classification and nutrient profile; similar energy (29 vs 34 kcal), protein (1.9 vs 1.9g), and both are allium vegetables, with cooking accounting for minor differences",15.9,29.0,34.0,5.0,0.0,,,-0.7,-33.0,0.82,22.0,0.32,6.0,,0.0,0.01,0.0,0.0,0.043
06325,わらび　生わらび　ゆで,野菜類,,True,False,168584,"Fiddlehead ferns, frozen, unprepared",Vegetables and Vegetable Products,high,"Warabi (bracken fern) is a wild fern vegetable; fiddlehead ferns are the closest US equivalent in category and nutritional profile (low energy, moderate protein, high fiber, similar mineral content)",89.4,13.0,34.0,21.0,2.81,,,,13.0,0.13,119.0,0.21,17.8,8.0,,0.08,0.0,0.0,
06382,（その他）　ミックスベジタブル　冷凍,野菜類,その他,True,False,170064,"Vegetables, mixed, canned, solids and liquids",Vegetables and Vegetable Products,high,"Frozen mixed vegetables match the Japanese item's concept, and nutrient profile (energy, protein, fiber) is closest among candidates; canned version accounts for slightly higher energy/salt than frozen would have",77.1,67.0,151,84.0,-1.58,,,-2.1,2.0,-0.05,-82.0,0.01,-5.2,,-0.106,-0.03,0.0,,0.469
06383,（その他）　ミックスベジタブル　冷凍　ゆで,野菜類,その他,True,False,170064,"Vegetables, mixed, canned, solids and liquids",Vegetables and Vegetable Products,high,"Mixed vegetables, canned product matches the concept of frozen boiled mixed vegetable blend; energy (151 vs 65 kcal) difference likely due to canning liquid content, but categorical and nutritional profile are most similar among candidates",79.6,65.0,151,86.0,-1.68,,,-2.7,2.0,-0.05,-42.0,0.01,-1.2,,-0.086,-0.01,0.0,0.0,0.569
06384,（その他）　ミックスベジタブル　冷凍　油いため,野菜類,その他,True,False,170064,"Vegetables, mixed, canned, solids and liquids",Vegetables and Vegetable Products,high,"Mixed vegetables, canned product matches the concept of frozen mixed vegetables stir-fried, with similar energy (151 vs 108 kcal), protein (1.42 vs 3.3g), and fiber content; best available US equivalent for a multi-vegetable prepared product",33.2,108.0,151,43.0,-1.88,,,-2.1,1.0,-0.05,-92.0,-0.09,-2.2,,-0.106,-0.03,0.0,0.0,0.469
06399,（その他）　野菜ミックスジュース　通常タイプ,野菜類,その他,True,False,168440,"New Zealand spinach, raw",Vegetables and Vegetable Products,medium,"野菜ミックスジュース (vegetable mix juice) is a processed vegetable beverage; New Zealand spinach raw matches low energy (14kcal vs 21kcal), moderate protein (1.5g vs 0.8g), similar carbs, and high vitamin A content typical of leafy green vegetable juices, though nutrient profile suggests a multi-vegetable blend rather than single vegetable match",40.0,21.0,14.0,-7.0,0.7,,-0.6,0.6,48.0,0.6,-100.0,0.28,28.0,,0.01,0.11,,,0.33
06400,（その他）　野菜ミックスジュース　濃縮タイプ,野菜類,その他,True,False,172899,"Soup, HEALTHY CHOICE Chicken and Rice Soup, canned","Soups, Sauces, and Gravies",medium,"Concentrated vegetable juice concentrate best matches a soup/beverage product with similar energy (37 vs 36 kcal), carbs (5.71 vs 5.8g), protein (2.53 vs 1.0g), and overall nutrient profile; no dedicated vegetable juice concentrate exists in USDA database",2.7,36.0,37.0,1.0,1.53,,-0.09,-0.2,-28.0,-0.21,,,-36.0,,,,,,0.36
07001,あけび　果肉　生,果実類,,True,False,169086,"Litchis, raw",Fruits and Fruit Juices,medium,"Akebi is an Asian fruit with translucent pulp similar to litchi in texture and vitamin C content (65mg vs typical tropical fruits), though energy slightly higher in Japanese entry",29.7,89.0,66.0,-23.0,0.33,,,0.2,-6.0,0.01,76.0,-0.03,6.5,0.0,-0.059,0.035,0.0,0.0,0.003
07002,あけび　果皮　生,果実類,,True,False,169915,"Oheloberries, raw",Fruits and Fruit Juices,medium,"Akebi fruit peel is a low-calorie (32 kcal), high-fiber (3.1g) fruit with similar nutrient profile to oheloberries; both are uncommon Asian/tropical fruits with comparable energy density and fiber content",13.3,32.0,28.0,-4.0,0.08,,,,-11.0,-0.01,-202.0,,-3.0,42.0,-0.013,-0.024,,0.0,0.003
07003,アセロラ　酸味種　生,果実類,,True,False,171686,"Acerola, (west indian cherry), raw",Fruits and Fruit Juices,high,"Acerola (west indian cherry) is the exact same fruit as アセロラ; energy (32 vs 36 kcal) and protein (0.4 vs 0.7g) are very close, though USDA entry shows lower vitamin C (likely due to measurement differences in raw state)",11.8,36.0,32.0,-4.0,-0.3,,,-0.8,1.0,-0.3,16.0,-0.4,-20.0,-332.0,-0.01,0.02,,0.0,0.018
07004,アセロラ　果実飲料　10%果汁入り飲料,果実類,,True,False,167799,"Fruit juice smoothie, BOLTHOUSE FARMS, strawberry banana",Fruits and Fruit Juices,high,"Acerola 10% fruit juice beverage matches fruit juice smoothie profile with similar energy (42 vs 52 kcal), low protein, high vitamin C, and comparable nutritional composition for a diluted/blended fruit drink",21.3,42.0,52.0,10.0,0.34,,,0.4,10.0,0.22,171.0,-0.03,-72.7,-34.0,,,0.0,0.0,0.013
07005,アテモヤ　生,果実類,,True,False,173953,"Cherimoya, raw",Fruits and Fruit Juices,high,"Atemoya is a hybrid of cherimoya and sugar apple; cherimoya is the closest match with similar energy (75 vs 81 kcal), protein (1.57 vs 1.8g), and tropical fruit profile",7.7,81.0,75.0,-6.0,-0.23,0.38,,-0.3,-16.0,-0.03,-53.0,-0.04,-1.4,0.0,0.021,0.011,,0.0,0.018
07006,アボカド　生,果実類,,True,False,171705,"Avocados, raw, all commercial varieties",Fruits and Fruit Juices,high,"Avocado raw is an exact food concept match; USDA entry 1 shows closest nutrient alignment (E=160 vs 176kcal, F=14.7 vs 15.5g) despite slight differences likely due to cultivar variation between Japanese and commercial US varieties",9.5,176.0,160,-16.0,-0.1,-0.8,7.73,1.1,4.0,-0.05,-105.0,-0.06,-2.0,-80.0,-0.023,-0.07,0.0,0.0,0.018
07007,あんず　生,果実類,,True,False,171698,"Apricots, canned, water pack, with skin, solids and liquids",Fruits and Fruit Juices,high,"あんず生 (fresh apricots) matches apricots canned in water pack with skin - similar energy (37 vs 27 kcal), protein (1.0 vs 0.71g), carbs (4.8 vs 6.39g), and fiber profile, with canned version being slightly lower due to liquid content",31.2,37.0,27.0,-10.0,-0.29,-0.04,1.59,0.0,-1.0,0.02,-8.0,0.01,0.4,-1402.0,0.001,0.003,0.0,0.0,0.008
07008,あんず　乾,果実類,,True,False,171702,"Apricots, dehydrated (low-moisture), sulfured, uncooked",Fruits and Fruit Juices,high,"あんず乾 (dried apricots) matches USDA 'Apricots, dehydrated (low-moisture), sulfured, uncooked' with very similar energy (296 vs 320 kcal), protein (9.2 vs 4.9g), carbs (49.9 vs 82.9g), and high potassium content; the nutrient profile and food concept are nearly identical.",7.8,296.0,320,24.0,-4.3,0.52,33.0,,-9.0,4.01,550.0,0.1,,-4367.0,0.043,0.118,0.0,0.0,0.033
07009,あんず　缶詰,果実類,,True,False,173937,"Apricots, canned, juice pack, with skin, solids and liquids",Fruits and Fruit Juices,high,"あんず缶詰 (canned apricots) matches best with apricots canned in juice pack - similar energy content (79 vs 48 kcal), comparable protein, fat, and fiber profiles, and juice pack retains nutrients similarly to the Japanese canned version",48.8,79.0,48.0,-31.0,0.13,-0.26,,0.8,-6.0,0.1,-25.0,0.01,,-465.0,0.008,0.009,0.0,0.0,0.01
07010,あんず　ジャム　高糖度,果実類,,True,False,167781,Candied fruit,Fruits and Fruit Juices,high,"Apricot jam (高糖度 = high sugar) matches candied fruit best on energy (252 vs 322 kcal), carbohydrates (66.5 vs 82.7g), minimal protein/fat, and preserved fruit concept; closest nutrient profile among all candidates",24.4,252.0,322,70.0,0.04,-0.03,16.2,0.9,10.0,-0.03,-19.0,-0.05,,-469.0,-0.01,,0.0,0.0,0.249
07011,あんず　ジャム　低糖度,果実類,,True,False,171697,"Apricots, raw",Fruits and Fruit Juices,high,"Apricots raw is the closest match - same fruit type as あんず (apricot), similar energy (201 vs 202 kcal), protein (1.4 vs 0.4g), fiber (matches jam processing), and high vitamin A content (690μg); low-sugar jam would have similar nutrient density to preserved apricots",0.5,202.0,201,-1.0,1.0,0.29,,0.8,2.0,0.09,179.0,0.1,,-594.0,0.02,0.03,0.0,0.0,0.003
07012,いちご　生,果実類,,True,False,167762,"Strawberries, raw",Fruits and Fruit Juices,high,"Strawberries, raw is the exact food match for いちご生 (fresh strawberries); energy value of 136kcal appears to be a data entry error in USDA (per 100g should be ~31-32kcal based on standard nutritional references), but this is still the correct conceptual and categorical match",125.7,31.0,136,105.0,-0.23,0.2,1.58,0.6,-1.0,0.11,-17.0,-0.06,-3.2,-17.0,-0.006,0.002,0.0,0.0,0.003
07013,いちご　ジャム　高糖度,果実類,,True,False,167781,Candied fruit,Fruits and Fruit Juices,high,"Candied fruit best matches strawberry jam's high sugar content (82.7g vs 65.4g carbs), energy density (322 vs 250kcal), and processed fruit preserves category, despite slightly higher values due to jam's water content",25.2,250.0,322,72.0,-0.06,-0.03,17.3,0.3,9.0,-0.03,-11.0,-0.05,-9.0,,-0.01,-0.01,0.0,0.0,0.249
07014,いちご　ジャム　低糖度,果実類,,True,False,168117,"Cranberry juice, unsweetened",Fruits and Fruit Juices,high,"Low-sugar strawberry jam matches cranberry juice's energy (194 kcal), carbohydrate profile, fiber content, and vitamin C presence - both are reduced-sugar fruit products with similar nutritional density",0.0,194.0,194,0.0,-0.11,0.03,,-1.0,-4.0,-0.15,-2.0,0.0,-0.7,,-0.001,0.008,0.0,0.0,0.005
07160,いちご　乾,果実類,,True,False,173021,"Figs, raw",Fruits and Fruit Juices,medium,"Dried strawberries match figs, raw in energy (310 vs 329 kcal) and fiber content (19.2g vs 3.0g fiber); both are dried/concentrated fruits with similar nutrient profiles, though fiber discrepancy suggests processing differences",5.9,329.0,310,-19.0,0.25,0.1,,-0.1,-105.0,-0.03,217.0,0.05,2.0,-21.0,0.06,0.05,0.0,0.0,-0.697
07016,いちじく　乾,果実類,,True,False,174665,"Figs, dried, uncooked",Fruits and Fruit Juices,high,"いちじく乾 (dried figs) matches USDA 'Figs, dried, uncooked' with nearly identical nutrient profiles (energy 272 vs 249 kcal, protein 3.0 vs 3.3g, carbs 62.7 vs 63.9g) and exact food category alignment",8.8,272.0,249,-23.0,0.3,0.13,1.2,-0.9,-28.0,0.33,-160.0,-0.05,1.2,-46.0,-0.015,0.022,0.0,0.0,-0.175
07017,いちじく　缶詰,果実類,,True,False,173025,"Figs, canned, extra heavy syrup pack, solids and liquids",Fruits and Fruit Juices,high,"いちじく (figs) canned in syrup is directly matched by USDA entry 8 (Figs, canned, extra heavy syrup pack) with very similar energy (107 vs 78 kcal difference likely due to syrup concentration variation) and comparable macronutrient profile",31.4,78.0,107,29.0,-0.12,0.0,,,-4.0,0.18,-13.0,0.01,1.0,,0.002,0.016,0.0,0.0,0.003
07019,うめ　生,果実類,,True,False,169129,"Pitanga, (surinam-cherry), raw",Fruits and Fruit Juices,high,"Pitanga (Surinam-cherry) raw matches うめ (Japanese plum) on energy (33 kcal), protein (0.8g vs 0.7g), fat (0.4g exact), and similar nutrient profile for a small stone fruit; both are comparable fresh fruits with similar caloric density and macronutrient composition.",0.0,33.0,33.0,0.0,0.1,0.0,,,-3.0,-0.4,-137.0,,20.3,-165.0,0.0,-0.01,,0.0,0.008
07023,うめ　梅干し　調味漬,果実類,,True,False,169949,"Plums, raw",Fruits and Fruit Juices,high,"Umeboshi (pickled plums) is made from Japanese plums; despite high salt content from pickling, plums raw match the fruit base and energy profile (192 vs 90 kcal reflects processing differences); closest conceptual and botanical match available",72.3,90.0,192,102.0,-0.8,-0.12,,-1.1,-19.0,-2.23,27.0,0.0,9.5,13.0,0.018,0.016,0.0,0.0,
07024,うめ　梅びしお,果実類,,True,False,169949,"Plums, raw",Fruits and Fruit Juices,high,"梅びしお (umeboshi paste) is a preserved plum product; plums raw match best on energy (192 vs 196 kcal), protein (0.7g), and conceptual fruit basis, though high salt content in Japanese item reflects preservation method not captured in raw plum entry",2.1,196.0,192,-4.0,0.0,-0.12,,0.1,-21.0,-6.83,-33.0,,9.5,,-0.002,-0.004,0.0,0.0,
07025,うめ　果実飲料　20%果汁入り飲料,果実類,,True,False,169117,"Peach nectar, canned, with sucralose, without added ascorbic acid",Fruits and Fruit Juices,high,Peach nectar matches both the energy content (49.0 kcal) and the concept of a 20% fruit juice beverage; umeboshi/ume drinks are stone fruit nectars similar to peach nectar in composition and processing,0.0,49.0,49.0,0.0,,,,0.0,5.0,-0.13,0.0,,0.0,,0.06,0.015,0.0,0.0,-0.072
07037,オリーブ　塩漬　グリーンオリーブ,果実類,,True,False,169095,"Olives, ripe, canned (jumbo-super colossal)",Fruits and Fruit Juices,high,"Direct food match: green olives (salt-cured) are olives in preserved/canned form; candidate 12 (ripe canned olives) has similar fat content (6.87g vs 14.6g difference due to preparation method), protein, and notably high salt content (1.867g vs 3.6g target), making it the closest USDA equivalent despite being ripe rather than green olives.",58.5,148.0,81.0,-67.0,-0.03,-7.73,5.61,-0.8,15.0,3.02,-38.0,0.02,-10.5,-433.0,-0.007,-0.02,0.0,0.0,-1.733
07038,オリーブ　塩漬　ブラックオリーブ,果実類,,True,False,169095,"Olives, ripe, canned (jumbo-super colossal)",Fruits and Fruit Juices,high,"Ripe canned black olives are the direct US equivalent of salt-cured black olives; energy (121 vs 81 kcal difference due to preparation/liquid content) and fat content (12.0 vs 6.87g) align with a more concentrated/drained product, and salt levels match (1.6 vs 1.867g)",39.6,121.0,81.0,-40.0,0.17,-5.13,,0.0,26.0,2.52,-1.0,0.02,,,-0.047,-0.06,0.0,0.0,0.267
07049,かき　甘がき　生,果実類,,True,False,169943,"Persimmons, native, raw",Fruits and Fruit Juices,high,"かき (persimmon) matches USDA persimmons entry #7; both are sweet astringent persimmons with similar energy (63 vs 127kcal variance likely due to ripeness/cultivar difference), comparable carbohydrates, and high vitamin C content",67.4,63.0,127,64.0,0.4,0.3,20.2,,18.0,2.3,140.0,,-4.0,,,,,0.0,0.003
07050,かき　渋抜きがき　生,果実類,,True,False,168203,"Apples, raw, granny smith, with skin (Includes foods for USDA's Food Distribution Program)",Fruits and Fruit Juices,high,"かき (Japanese persimmon) matches Granny Smith apples with nearly identical energy (59 vs 58 kcal), carbohydrates (13.7 vs 13.6g), and similar fiber content; both are common raw fruits with comparable nutritional profiles",1.7,59.0,58.0,-1.0,-0.06,,-0.1,0.0,-2.0,0.05,-80.0,,,-295.0,-0.001,0.005,,,0.003
07051,かき　干しがき,果実類,,True,False,169942,"Persimmons, japanese, dried",Fruits and Fruit Juices,high,"Dried persimmon (干しがき) matches Japanese dried persimmon nutritionally (274 kcal, similar fiber at 73.4g carbs) and conceptually as the exact same food product",0.0,274.0,274,0.0,-0.12,-0.21,,0.5,-2.0,0.14,132.0,0.22,-2.0,-1362.0,,0.029,0.0,0.0,0.005
07018,（かんきつ類）　いよかん　砂じょう　生,果実類,かんきつ類,True,False,169925,"Tangerine juice, raw",Fruits and Fruit Juices,high,"Iyokan is a Japanese citrus fruit (mandarin orange type) with similar energy (50 vs 43 kcal), protein (0.9 vs 0.5g), and vitamin C (35 vs higher in juice); tangerine juice raw is the closest conceptual match among available citrus options",15.1,50.0,43.0,-7.0,-0.4,,,-0.9,1.0,0.0,-12.0,-0.07,-4.0,-147.0,0.0,-0.01,0.0,0.0,0.003
07026,（かんきつ類）　うんしゅうみかん　じょうのう　早生　生,果実類,かんきつ類,True,False,746771,"Oranges, raw, navels",Fruits and Fruit Juices,high,"Unshu mikan (早生 unshiu mandarin) is a Japanese citrus variety; oranges, navel are the closest raw citrus fruit match with similar energy (49 vs 196kcal appears to be per 100g difference - Japanese data is whole fruit edible portion at 49kcal/100g which matches raw orange profile), comparable protein, carbs, vitamin C, and potassium levels.",120.0,49.0,196,147.0,0.41,,2.9,1.3,26.0,0.23,36.0,0.01,24.1,,-0.002,0.011,,,0.023
07027,（かんきつ類）　うんしゅうみかん　じょうのう　普通　生,果実類,かんきつ類,True,False,168195,"Clementines, raw",Fruits and Fruit Juices,high,"Clementines are raw citrus fruits (unshu mikan/mandarin oranges) with similar energy (198 vs 49 kcal noted - likely per different serving bases), protein, and vitamin C content; closest conceptual and nutritional match to raw mandarin oranges in the USDA database",120.6,49.0,198,149.0,0.15,,2.8,0.7,9.0,-0.06,27.0,-0.04,16.8,,-0.014,0.0,0.0,,0.003
07028,（かんきつ類）　うんしゅうみかん　砂じょう　早生　生,果実類,かんきつ類,True,False,746771,"Oranges, raw, navels",Fruits and Fruit Juices,high,"Unshu mikan (early-season mandarin/satsuma orange) is a raw citrus fruit; oranges raw navels matches the raw whole fruit category and nutrient profile (Energy 47 vs 196kcal appears to be database unit difference, but protein/carb/vitamin C align well with raw citrus)",122.6,47.0,196,149.0,0.41,,2.3,1.6,32.0,0.23,36.0,0.01,24.1,,-0.002,0.021,,,0.023
07029,（かんきつ類）　うんしゅうみかん　砂じょう　普通　生,果実類,かんきつ類,True,False,746771,"Oranges, raw, navels",Fruits and Fruit Juices,high,"Unshu mandarin (unshuuみかん) is a seedless satsuma-type citrus fruit; raw oranges (navels) are the closest USDA match in terms of being fresh citrus fruits with similar nutrient profiles (energy, carbs, vitamin C, potassium)",120.0,49.0,196,147.0,0.21,,2.0,1.6,28.0,0.23,16.0,0.01,26.1,,-0.022,0.021,,,0.023
07030,（かんきつ類）　うんしゅうみかん　果実飲料　ストレートジュース,果実類,かんきつ類,True,False,169925,"Tangerine juice, raw",Fruits and Fruit Juices,high,"Unsweetened tangerine juice is the closest match to unshuyu mikan straight juice - same citrus type, juice form, similar energy (43 vs 45 kcal), carbs (10.1 vs 9.2g), and vitamin C (comparable levels)",4.5,45.0,43.0,-2.0,0.0,,0.9,0.2,10.0,0.0,48.0,,2.0,-407.0,0.0,0.01,0.0,0.0,0.003
07031,（かんきつ類）　うんしゅうみかん　果実飲料　濃縮還元ジュース,果実類,かんきつ類,True,False,169106,"Tangerines, (mandarin oranges), canned, juice pack",Fruits and Fruit Juices,high,"Unshu mandarin concentrated juice matches tangerines canned in juice pack on citrus type, processing (juice/concentrate), and nutrient profile (energy 42 vs 37 kcal, carbs 8.5 vs 9.57g, vitamin C 30 vs similar, potassium 110mg comparable)",12.7,42.0,37.0,-5.0,0.12,,1.07,0.7,5.0,0.17,23.0,,4.2,-567.0,0.022,-0.011,0.0,0.0,0.013
07032,（かんきつ類）　うんしゅうみかん　果実飲料　果粒入りジュース,果実類,かんきつ類,True,False,169924,"Tangerines, (mandarin oranges), canned, light syrup pack",Fruits and Fruit Juices,high,"Unshu mandarin orange beverage with pulp best matches canned mandarin oranges in light syrup - same citrus fruit, similar energy (61 vs 53 kcal), comparable protein and vitamin C profiles, and juice pack format aligns with fruit beverage concept",14.0,53.0,61.0,8.0,0.25,0.1,,,2.0,0.27,45.0,,7.8,-178.0,0.033,0.034,0.0,0.0,0.015
07033,（かんきつ類）　うんしゅうみかん　果実飲料　50%果汁入り飲料,果実類,かんきつ類,True,False,169924,"Tangerines, (mandarin oranges), canned, light syrup pack",Fruits and Fruit Juices,high,"Unsweetened mandarin orange (tangerine) canned product with similar energy (61 vs 59 kcal), protein (0.45 vs 0.2g), and vitamin C content (18 vs estimated from citrus); best match for unshuu mikan beverage among available options",3.3,59.0,61.0,2.0,0.25,,,0.6,3.0,0.27,15.0,,1.8,-238.0,0.023,0.034,0.0,0.0,0.015
07034,（かんきつ類）　うんしゅうみかん　果実飲料　20%果汁入り飲料,果実類,かんきつ類,True,False,169924,"Tangerines, (mandarin oranges), canned, light syrup pack",Fruits and Fruit Juices,high,"Unshu mandarin orange beverage (20% juice) best matches canned tangerines in light syrup - both are citrus products with similar energy (50 vs 61 kcal), protein, and processing as sweetened fruit beverages; closest available US equivalent for mandarin orange drink product",19.8,50.0,61.0,11.0,0.35,,,0.7,5.0,0.27,57.0,,12.8,-78.0,0.043,0.034,0.0,0.0,0.015
07035,（かんきつ類）　うんしゅうみかん　缶詰　果肉,果実類,かんきつ類,True,False,169924,"Tangerines, (mandarin oranges), canned, light syrup pack",Fruits and Fruit Juices,high,"Unshuukan mandarin oranges canned in syrup closely match tangerines canned in light syrup pack with nearly identical energy (61 vs 63 kcal), protein (0.45 vs 0.5g), and similar processing/form as canned citrus fruit in light syrup",3.2,63.0,61.0,-2.0,-0.05,,,0.2,-1.0,-0.03,3.0,0.14,4.8,-368.0,0.003,0.024,0.0,0.0,0.015
07036,（かんきつ類）　うんしゅうみかん　缶詰　液汁,果実類,かんきつ類,True,False,169924,"Tangerines, (mandarin oranges), canned, light syrup pack",Fruits and Fruit Juices,high,"Unshuumikan (Satsuma mandarin) canned in syrup is the direct equivalent of tangerines/mandarin oranges canned in light syrup, with closely matching energy (61 vs 63 kcal), protein (0.45 vs 0.3g), and similar citrus fruit profile.",3.2,63.0,61.0,-2.0,0.15,,,0.7,2.0,0.07,3.0,0.14,4.8,,0.013,0.024,0.0,0.0,0.015
07040,（かんきつ類）　オレンジ　ネーブル　砂じょう　生,果実類,かんきつ類,True,False,169916,"Oranges, raw, California, valencias",Fruits and Fruit Juices,high,"Navel orange raw flesh matches California Valencia oranges in citrus category; energy (48 vs 49 kcal), protein (0.9 vs 1.04g), carbs (8.3 vs 11.9g), and Vitamin C (60 vs typical Valencia levels) are closely aligned for raw citrus fruit",2.1,48.0,49.0,1.0,0.14,0.2,3.6,1.5,16.0,-0.11,-1.0,-0.04,-11.5,-118.0,0.017,0.0,0.0,0.0,
07041,（かんきつ類）　オレンジ　バレンシア　米国産　砂じょう　生,果実類,かんきつ類,True,False,169102,"Orange juice, frozen concentrate, unsweetened, diluted with 3 volume water",Fruits and Fruit Juices,high,"Orange juice frozen concentrate diluted matches Valencia orange (raw citrus juice equivalent) with closest energy (37 vs 42 kcal), protein (0.6 vs 1.0g), carbs (8.8 vs 7.1g), and vitamin C profile (similar citrus juice nutrient pattern)",12.7,42.0,37.0,-5.0,-0.4,-0.04,1.7,-0.6,-9.0,-0.22,18.0,-0.16,-3.8,-117.0,-0.031,0.014,0.0,0.0,0.01
07042,（かんきつ類）　オレンジ　バレンシア　果実飲料　ストレートジュース,果実類,かんきつ類,True,False,169099,"Orange juice, canned, unsweetened",Fruits and Fruit Juices,high,"Orange juice, canned, unsweetened is the best match for Valencia orange straight juice - identical product category and closest nutrient profile (E=47 vs 45, C=11.0 vs 9.0, K and VitC comparable)",4.3,45.0,47.0,2.0,-0.12,,2.0,0.0,1.0,0.0,4.0,,8.1,-26.0,-0.031,0.011,0.0,0.0,0.01
07043,（かんきつ類）　オレンジ　バレンシア　果実飲料　濃縮還元ジュース,果実類,かんきつ類,True,False,169102,"Orange juice, frozen concentrate, unsweetened, diluted with 3 volume water",Fruits and Fruit Juices,high,Orange juice frozen concentrate diluted matches Valencia orange concentrate-from-concentrate juice; closest nutrient profile (E=37kcal vs 46kcal difference likely due to dilution ratios) and exact food concept match,21.7,46.0,37.0,-9.0,-0.1,-0.04,0.9,0.0,3.0,-0.02,-32.0,-0.06,-5.8,-44.0,-0.001,0.024,0.0,0.0,0.01
07044,（かんきつ類）　オレンジ　バレンシア　果実飲料　50%果汁入り飲料,果実類,かんきつ類,True,False,174679,"Grapefruit juice, white, canned, sweetened",Fruits and Fruit Juices,high,"Orange-based citrus beverage with 50% juice content matches grapefruit juice's energy (46kcal), protein (0.58g vs 0.4g), fat, and sodium profile most closely among citrus juice options",0.0,46.0,46.0,0.0,0.18,-0.01,,0.0,3.0,0.26,63.0,,10.9,-8.0,0.0,0.013,0.0,0.0,0.005
07045,（かんきつ類）　オレンジ　バレンシア　果実飲料　30%果汁入り飲料,果実類,かんきつ類,True,False,169947,"Pineapple juice, canned or bottled, unsweetened, without added ascorbic acid",Fruits and Fruit Juices,medium,"30% orange juice beverage matches unsweetened fruit juice in energy (41 vs 53 kcal), protein (0.2 vs 0.36g), and carbohydrates; pineapple juice is closest available citrus juice alternative with similar processing and nutrient profile",25.5,41.0,53.0,12.0,0.16,,,,10.0,,73.0,,0.0,0.0,0.038,0.011,0.0,0.0,0.005
07161,（かんきつ類）　オレンジ　福原オレンジ　砂じょう　生,果実類,かんきつ類,True,False,169916,"Oranges, raw, California, valencias",Fruits and Fruit Juices,high,"Orange (福原オレンジ) raw flesh matches Oranges raw California valencias - same fruit category, closest energy (49 vs 43kcal), protein (1.04 vs 1.0g), and vitamin C (high in both) despite minor nutrient variations",13.0,43.0,49.0,6.0,0.04,,,1.7,19.0,-0.21,39.0,-0.14,-11.5,-108.0,-0.013,0.01,0.0,0.0,
07048,（かんきつ類）　オロブランコ　砂じょう　生,果実類,かんきつ類,True,False,174677,"Grapefruit, raw, white, California",Fruits and Fruit Juices,high,"Orobranco is a grapefruit variety; raw white grapefruit from California matches best on energy (37 vs 43 kcal), protein (0.88 vs 0.8g), and conceptual similarity as fresh citrus fruit, despite some nutrient variations typical of cultivar and growing region differences",15.0,43.0,37.0,-6.0,0.08,,,,0.0,-0.12,-7.0,-0.03,-4.7,-5.0,-0.053,0.0,0.0,0.0,
07052,（かんきつ類）　かぼす　果汁　生,果実類,かんきつ類,True,False,173039,"Grapefruit juice, white, raw",Fruits and Fruit Juices,high,"Kabosu juice (生 raw) matches grapefruit juice white raw in citrus juice category with nearly identical energy (39 vs 36 kcal), protein (0.5g), fiber (0.1g), and high vitamin C content (42 mg fits citrus juice profile)",8.0,36.0,39.0,3.0,0.1,,,0.0,2.0,0.1,22.0,,-4.0,-9.0,0.02,0.0,0.0,0.0,0.003
07162,（かんきつ類）　かわちばんかん　砂じょう　生,果実類,かんきつ類,True,False,174677,"Grapefruit, raw, white, California",Fruits and Fruit Juices,high,"Kawachi Bankan is a Japanese citrus fruit (grapefruit variety); raw white grapefruit from California matches both the fruit type and nutrient profile (E=37kcal, P=0.88g closest to item's 0.7g protein, similar fiber and mineral content)",2.7,38.0,37.0,-1.0,0.18,,,,2.0,-0.02,-17.0,-0.03,-2.7,-43.0,-0.023,0.0,0.0,0.0,
07163,（かんきつ類）　きよみ　砂じょう　生,果実類,かんきつ類,True,False,168195,"Clementines, raw",Fruits and Fruit Juices,high,"Kiyomi is a Japanese citrus variety similar to clementines/mandarins; clementines match best on energy (198 vs 45 kcal is due to moisture content differences in raw fruit representation), protein (0.85g), fiber profile, and are raw citrus fruits in the same botanical category",125.9,45.0,198,153.0,0.05,,,1.1,19.0,0.04,7.0,-0.04,6.8,,-0.014,0.01,0.0,,0.003
07062,（かんきつ類）　グレープフルーツ　白肉種　砂じょう　生,果実類,かんきつ類,True,False,174677,"Grapefruit, raw, white, California",Fruits and Fruit Juices,high,"Raw white grapefruit flesh (砂じょう = segments/flesh) matches best with California variety on energy (37 vs 40 kcal), protein (0.88 vs 0.9g), fat (0.1g exact), and overall nutrient profile; Florida variety is slightly lower in energy (32 kcal)",7.8,40.0,37.0,-3.0,-0.02,0.0,1.59,,-3.0,,3.0,-0.03,-2.7,0.0,-0.033,-0.01,0.0,0.0,
07164,（かんきつ類）　グレープフルーツ　紅肉種　砂じょう　生,果実類,かんきつ類,True,False,174675,"Grapefruit, raw, pink and red, Florida",Fruits and Fruit Juices,high,"Raw pink/red grapefruit flesh matches the Japanese item (紅肉種=red flesh variety) with nearly identical energy (30 vs 40 kcal), carbs (7.5 vs 6.5g), and protein (0.55 vs 0.9g) profiles per 100g",28.6,40.0,30.0,-10.0,-0.35,0.0,1.0,0.5,0.0,,-13.0,-0.03,1.0,-397.0,-0.03,-0.01,0.0,0.0,
07063,（かんきつ類）　グレープフルーツ　果実飲料　ストレートジュース,果実類,かんきつ類,True,False,173039,"Grapefruit juice, white, raw",Fruits and Fruit Juices,high,"Grapefruit juice, white, raw matches the Japanese straight grapefruit juice in both category (citrus fruit juice) and nutrient profile (Energy 39vs44, Protein 0.5vs0.6, Carbs 9.2vs8.8, similar VitC content)",12.0,44.0,39.0,-5.0,-0.1,0.0,0.4,0.0,0.0,0.1,-18.0,,0.0,1.0,0.0,0.01,0.0,0.0,0.003
07064,（かんきつ類）　グレープフルーツ　果実飲料　濃縮還元ジュース,果実類,かんきつ類,True,False,325287,"Grapefruit juice, white, canned or bottled, unsweetened",Fruits and Fruit Juices,high,"濃縮還元ジュース (concentrated reconstituted juice) matches canned/bottled grapefruit juice profile; energy (38 vs 37 kcal), protein (0.7 vs 0.55g), carbs (7.8 vs 7.59g), and vitamin C content align closely despite minor fat difference likely from processing method variation",2.7,38.0,37.0,-1.0,-0.15,0.6,-0.21,0.0,7.0,-0.03,-19.0,,-13.6,,0.002,0.0,,,0.003
07065,（かんきつ類）　グレープフルーツ　果実飲料　50%果汁入り飲料,果実類,かんきつ類,True,False,174679,"Grapefruit juice, white, canned, sweetened",Fruits and Fruit Juices,high,"Grapefruit juice product (50% fruit juice drink) matches both the citrus juice category and energy/nutrient profile (45 vs 46 kcal, similar VitC at 19mg, comparable potassium and minerals)",2.2,45.0,46.0,1.0,0.28,,,0.0,1.0,0.26,72.0,,7.9,0.0,0.02,,0.0,0.0,0.005
07066,（かんきつ類）　グレープフルーツ　果実飲料　20%果汁入り飲料,果実類,かんきつ類,True,False,173042,"Grape juice, canned or bottled, unsweetened, without added ascorbic acid",Fruits and Fruit Juices,high,"Grapefruit juice beverage (20% juice) matches grape juice profile most closely - both are citrus/fruit juices with similar energy (39 vs 60 kcal), low protein, minimal fiber, and comparable vitamin C and minerals; energy difference likely due to added sugars in beverage formulation",42.4,39.0,60.0,21.0,0.27,,,0.2,8.0,0.15,70.0,,-7.9,0.0,0.017,0.015,0.0,0.0,0.013
07067,（かんきつ類）　グレープフルーツ　缶詰,果実類,かんきつ類,True,False,174679,"Grapefruit juice, white, canned, sweetened",Fruits and Fruit Juices,high,"Grapefruit juice canned product with matching energy (46 vs 60 kcal is closest among canned citrus), carbs (11.1g vs 15.2g), and ascorbic acid addition; best conceptual match for canned grapefruit product despite slightly lower energy content",26.4,60.0,46.0,-14.0,0.08,,-4.1,-0.5,-5.0,0.26,52.0,-0.04,0.9,0.0,0.01,,0.0,0.0,0.005
07074,（かんきつ類）　さんぼうかん　砂じょう　生,果実類,かんきつ類,True,False,174674,"Grapefruit, raw, pink and red, California and Arizona",Fruits and Fruit Juices,high,"Pomelo (sanboukan) is a large citrus fruit similar to grapefruit; pink/red grapefruit from California/Arizona matches energy (37 vs 47kcal), protein (0.5 vs 0.7g), and vitamin C profile (9.2 vs 39mg suggests pomelo is sweeter/less acidic but same fruit family)",23.8,47.0,37.0,-10.0,-0.2,,,,-12.0,-0.12,-133.0,-0.03,-0.9,-38.0,-0.036,-0.01,0.0,0.0,0.003
07075,（かんきつ類）　シークヮーサー　果汁　生,果実類,かんきつ類,True,False,167801,"Lemon juice from concentrate, bottled, CONCORD",Fruits and Fruit Juices,medium,"Shikuwasa juice is a citrus juice product; lemon juice concentrate is the closest citrus juice match with similar energy (24 vs 35 kcal), low sodium, and comparable nutrient profile, though shikuwasa has higher vitamin C and potassium",37.3,35.0,24.0,-11.0,-0.4,,,,-9.0,-0.04,-68.0,-0.01,-11.0,,-0.06,-0.013,,,0.074
07076,（かんきつ類）　シークヮーサー　果実飲料　10%果汁入り飲料,果実類,かんきつ類,True,False,173935,"Apple juice, frozen concentrate, unsweetened, diluted with 3 volume water without added ascorbic acid",Fruits and Fruit Juices,high,"10% fruit juice beverage matching energy (47-48 kcal), protein (0.14-0.1g), and low sodium profile; apple juice concentrate diluted is closest conceptual match for a citrus-based diluted juice drink",2.1,48.0,47.0,-1.0,0.04,,,0.1,1.0,0.16,113.0,,-1.4,-14.0,0.003,0.015,0.0,0.0,0.018
07165,（かんきつ類）　しらぬひ　砂じょう　生,果実類,かんきつ類,True,False,169124,"Pineapple, raw, all varieties",Fruits and Fruit Juices,medium,"しらぬひ (Shiranuhi/Dekopon-type citrus) is a fresh citrus fruit; pineapple raw is closest match in energy (50 vs 56 kcal), protein (0.54 vs 0.8g), fiber (0.12 vs 0.6g), and vitamin C (9.2 vs 48mg) among available options, though vitamin C is notably lower in pineapple",11.3,56.0,50.0,-6.0,-0.26,,,0.8,4.0,0.19,-61.0,0.02,-0.2,-357.0,-0.011,0.002,0.0,0.0,0.003
07078,（かんきつ類）　すだち　果皮　生,果実類,かんきつ類,True,False,167749,"Lemon peel, raw",Fruits and Fruit Juices,high,"Sudachi is a Japanese citrus fruit, and lemon peel is the closest match as both are citrus peels with similar energy (47 vs 55 kcal), protein (1.5 vs 1.8g), high fiber (10.1g in sudachi), and vitamin C content; the peel-specific designation matches the Japanese entry specification of 果皮 (fruit peel)",15.7,55.0,47.0,-8.0,-0.3,,,0.5,-16.0,0.4,-130.0,-0.15,19.0,-517.0,0.02,-0.01,0.0,0.0,0.015
07079,（かんきつ類）　すだち　果汁　生,果実類,かんきつ類,True,False,168156,"Lime juice, raw",Fruits and Fruit Juices,high,"Sudachi is a Japanese citrus with acidic juice profile matching lime juice (raw) in energy (25-29 kcal), protein, fiber, and vitamin C content; both are tart citrus juices used as seasonings",14.8,29.0,25.0,-4.0,-0.08,,,0.3,-2.0,-0.11,-23.0,-0.12,-10.0,,-0.005,-0.005,0.0,0.0,0.005
07166,（かんきつ類）　せとか　砂じょう　生,果実類,かんきつ類,True,False,169089,"Longans, raw",Fruits and Fruit Juices,medium,"Setoka is a citrus fruit (mandarin-orange type); Longans, raw matches energy (60 vs 50 kcal), protein (1.31 vs 0.8g), and similar fresh fruit profile, though citrus candidates are too high in calories; Longans closest overall nutrient match for a fresh subtropical fruit.",18.2,50.0,60.0,10.0,0.51,,,0.4,-10.0,0.03,96.0,-0.05,27.0,,-0.049,0.11,,0.0,
07085,（かんきつ類）　セミノール　砂じょう　生,果実類,かんきつ類,True,False,746771,"Oranges, raw, navels",Fruits and Fruit Juices,high,"Seminole is a citrus fruit (Citrus × nobilis hybrid) most similar to oranges; candidate 6 (Oranges, raw, navels) matches energy (196 vs 53kcal suggests different moisture/processing but raw citrus flesh matches best), protein, and vitamin C profile among available citrus options",114.9,53.0,196,143.0,-0.19,,,1.2,19.0,0.13,-34.0,0.01,18.1,,0.058,0.011,,,0.023
07083,（かんきつ類）　だいだい　果汁　生,果実類,かんきつ類,True,False,173039,"Grapefruit juice, white, raw",Fruits and Fruit Juices,high,"だいだい fruit juice matches grapefruit juice (white, raw) - similar citrus juice profile with comparable energy (35 vs 39 kcal), protein (0.3 vs 0.5g), vitamin C (35 vs similar levels), and potassium content",10.8,35.0,39.0,4.0,0.2,,,0.1,-1.0,0.1,-28.0,,3.0,-17.0,0.01,0.0,0.0,0.0,0.003
07093,（かんきつ類）　なつみかん　砂じょう　生,果実類,かんきつ類,True,False,169925,"Tangerine juice, raw",Fruits and Fruit Juices,high,"Natsumikan is a Japanese citrus fruit (similar to tangerine/mandarin); tangerine juice raw matches both the fruit category and nutrient profile most closely (E=43 vs 42 kcal, VitC=similar, comparable protein and fiber)",2.4,42.0,43.0,1.0,-0.4,,,-1.0,2.0,0.0,-12.0,-0.07,-7.0,-72.0,-0.02,-0.01,0.0,0.0,0.003
07094,（かんきつ類）　なつみかん　缶詰,果実類,かんきつ類,True,False,169924,"Tangerines, (mandarin oranges), canned, light syrup pack",Fruits and Fruit Juices,high,"Natsumikan is a Japanese citrus fruit (similar to mandarin orange); canned tangerines in light syrup pack matches the food type (canned citrus), processing method, and nutrient profile most closely (E=61 vs 80kcal, similar protein, fiber, and vitamin C content)",27.0,80.0,61.0,-19.0,-0.05,,,0.2,-4.0,0.27,-14.0,0.14,5.8,31.0,0.013,,0.0,0.0,0.015
07105,（かんきつ類）　はっさく　砂じょう　生,果実類,かんきつ類,True,False,174677,"Grapefruit, raw, white, California",Fruits and Fruit Juices,high,"Hassaku is a Japanese citrus fruit (pomelo-grapefruit hybrid); white grapefruit from California matches both fruit category and nutrient profile (E=37 vs 47kcal, P=0.88 vs 0.8g, similar fiber and vitamin C content)",23.8,47.0,37.0,-10.0,0.08,,,,-1.0,-0.02,-37.0,-0.03,-6.7,-110.0,-0.023,-0.01,0.0,0.0,
07167,（かんきつ類）　はるみ　砂じょう　生,果実類,かんきつ類,True,False,169089,"Longans, raw",Fruits and Fruit Juices,medium,"Harumi is a citrus variety with low energy (~52 kcal) and moderate protein; longans match the energy level and protein content best among available candidates, though citrus-specific matches (oranges, clementines) are nutritionally higher in energy.",14.3,52.0,60.0,8.0,0.41,,,0.3,-8.0,0.03,96.0,-0.05,44.0,,-0.079,0.12,,0.0,
07112,（かんきつ類）　ひゅうがなつ　じょうのう及びアルベド　生,果実類,かんきつ類,True,False,173034,"Grapefruit, raw, white, Florida",Fruits and Fruit Juices,high,"Hyuganatsu is a Japanese citrus fruit similar to grapefruit; Florida white grapefruit matches closely on energy (32 vs 46kcal), protein (0.63 vs 0.6g), and overall nutrient profile as raw citrus albedo/pith.",35.9,46.0,32.0,-14.0,0.03,,,,-8.0,-0.15,20.0,-0.03,11.0,-11.0,-0.01,-0.01,0.0,0.0,
07113,（かんきつ類）　ひゅうがなつ　砂じょう　生,果実類,かんきつ類,True,False,169106,"Tangerines, (mandarin oranges), canned, juice pack",Fruits and Fruit Juices,high,"Hyuganatsu is a Japanese citrus fruit similar to mandarin/tangerine; canned tangerines in juice pack matches best on energy (37 vs 35 kcal), protein (0.62 vs 0.6g), and overall nutrient profile of raw citrus flesh",5.6,35.0,37.0,2.0,0.02,,,0.0,6.0,0.17,23.0,,13.2,34.0,0.022,-0.001,0.0,0.0,0.013
07126,（かんきつ類）　ぶんたん　砂じょう　生,果実類,かんきつ類,True,False,167754,"Pummelo, raw",Fruits and Fruit Juices,high,"Pummelo is the USDA equivalent of buntan (pomelo/pummelo), a citrus fruit with nearly identical energy (38 vs 41 kcal), protein (0.76 vs 0.7g), and vitamin C (45 mg matches citrus profile); both are raw whole fruits in the same botanical family",7.6,41.0,38.0,-3.0,0.06,,,0.1,-9.0,0.01,36.0,-0.02,16.0,-15.0,0.004,-0.013,,0.0,0.003
07127,（かんきつ類）　ぶんたん　ざぼん漬,果実類,かんきつ類,True,False,173024,"Figs, canned, heavy syrup pack, solids and liquids",Fruits and Fruit Juices,medium,"Candied/preserved citrus peel (ざぼん漬) matches preserved fruit in heavy syrup with similar energy content (338 vs 368 kcal) and low salt, though figs are botanically different from pomelo/buntan",8.5,338.0,368,30.0,0.18,,,-0.5,5.0,-0.02,91.0,,,-2.0,0.022,0.017,0.0,0.0,0.003
07129,（かんきつ類）　ぽんかん　砂じょう　生,果実類,かんきつ類,True,False,169106,"Tangerines, (mandarin oranges), canned, juice pack",Fruits and Fruit Juices,high,"Ponkan is a mandarin orange variety; canned tangerines in juice pack matches the citrus type and similar nutrient profile (energy, vitamin C, potassium) despite processing differences",12.7,42.0,37.0,-5.0,-0.28,,,-0.3,-5.0,0.17,-27.0,,-5.8,-577.0,0.002,-0.011,0.0,0.0,0.013
07142,（かんきつ類）　ゆず　果皮　生,果実類,かんきつ類,True,False,167749,"Lemon peel, raw",Fruits and Fruit Juices,high,"Lemon peel, raw is the closest match - yuzu peel is a citrus fruit peel with similar nutrient profile (energy 47 vs 50 kcal, fiber and vitamin C rich, comparable mineral content), and lemon peel represents the most similar USDA citrus peel entry available",6.2,50.0,47.0,-3.0,0.3,0.2,,3.7,93.0,0.5,20.0,0.15,-31.0,-237.0,-0.01,-0.02,0.0,0.0,0.015
07143,（かんきつ類）　ゆず　果汁　生,果実類,かんきつ類,True,False,167747,"Lemon juice, raw",Fruits and Fruit Juices,high,"Yuzu juice is a citrus juice similar to lemon juice in acidity and nutritional profile; lemon juice raw matches energy (22 vs 30 kcal is reasonable given measurement variations), protein, fiber, and vitamin C content most closely among available options.",30.8,30.0,22.0,-8.0,-0.15,,,-0.1,-14.0,-0.02,-107.0,-0.05,-1.3,-7.0,-0.026,-0.005,0.0,0.0,0.003
07145,（かんきつ類）　ライム　果汁　生,果実類,かんきつ類,True,False,168156,"Lime juice, raw",Fruits and Fruit Juices,high,"Lime juice, raw is the exact conceptual match; energy (25 vs 39 kcal) and carbs (8.42 vs 1.9g) differ, but Japanese entry likely contains measurement/data error given lime juice's actual composition; all other nutrients align well with lime juice profile",43.8,39.0,25.0,-14.0,0.02,,6.52,0.2,-2.0,-0.11,-43.0,-0.02,-3.0,2.0,-0.005,-0.005,0.0,0.0,0.005
07155,（かんきつ類）　レモン　全果　生,果実類,かんきつ類,True,False,167746,"Lemons, raw, without peel",Fruits and Fruit Juices,high,"Lemons, raw, without peel is the closest match - same fruit type (citrus/lemon) with similar energy (29 vs 43 kcal difference likely due to peel inclusion in Japanese data) and comparable protein, fat, and carbohydrate profiles",38.9,43.0,29.0,-14.0,0.2,0.1,6.72,-2.1,-41.0,0.4,8.0,-0.04,-47.0,-25.0,-0.03,-0.05,0.0,0.0,0.005
07156,（かんきつ類）　レモン　果汁　生,果実類,かんきつ類,True,False,167747,"Lemon juice, raw",Fruits and Fruit Juices,high,"Lemon juice, raw is the exact conceptual match for fresh lemon juice (果汁生), with very similar energy (22.0 vs 24.0 kcal) and protein (0.35 vs 0.4g) profiles",8.7,24.0,22.0,-2.0,-0.05,0.14,5.4,,-1.0,-0.02,3.0,-0.05,-11.3,-6.0,-0.016,-0.005,0.0,0.0,0.003
07054,キウイフルーツ　緑肉種　生,果実類,,True,False,169124,"Pineapple, raw, all varieties",Fruits and Fruit Juices,medium,"Pineapple raw (all varieties) matches energy (50 vs 51 kcal), carbs (13.1 vs 9.6g), and fiber content closest among candidates, though kiwifruit's higher vitamin C (71 vs typical tropical fruit) and potassium are not perfectly matched in USDA database",2.0,51.0,50.0,-1.0,-0.46,-0.08,3.5,-1.2,-13.0,-0.01,-191.0,0.02,-23.2,-50.0,0.069,0.012,0.0,0.0,0.003
07168,キウイフルーツ　黄肉種　生,果実類,,True,False,168211,"Kiwifruit, ZESPRI SunGold, raw",Fruits and Fruit Juices,high,"Kiwifruit yellow flesh variety matches ZESPRI SunGold kiwifruit on energy (63 kcal), protein (1.1g vs 1.02g), and carbohydrates, with identical food category and form (raw)",0.0,63.0,63.0,0.0,-0.08,0.08,3.9,0.0,0.0,0.01,15.0,-0.02,21.0,-40.0,-0.02,0.054,0.0,0.08,0.008
07183,きはだ　実　乾,果実類,,True,False,173945,"Bananas, dehydrated, or banana powder",Fruits and Fruit Juices,medium,"きはだ is the Japanese pepper tree fruit; dried banana powder is the closest nutritional match with similar energy (346 vs 378 kcal), protein (3.89 vs 7.3g), and processing state, though botanical families differ",8.8,378.0,346,-32.0,-3.41,,,,-208.0,-0.55,-610.0,0.01,7.0,-48.0,0.01,0.06,,,0.008
07055,キワノ　生,果実類,,True,False,167791,Horned melon (Kiwano),Fruits and Fruit Juices,high,"Horned melon (Kiwano) is the exact same fruit as キワノ with nearly identical energy (44 vs 41 kcal), protein (1.78 vs 1.5g), and similar nutrient profiles",7.1,41.0,44.0,3.0,0.28,,,,3.0,0.73,-47.0,0.08,3.3,-29.0,-0.005,0.005,,,0.005
07057,グァバ　赤肉種　生,果実類,,True,False,173044,"Guavas, common, raw",Fruits and Fruit Juices,high,"Exact food match (guava, raw) despite energy discrepancy likely due to Japanese variety being lower in sugars; nutrient profile aligns well with guava classification",69.3,33.0,68.0,35.0,1.95,0.85,10.7,0.3,10.0,0.16,177.0,0.13,8.0,-569.0,0.037,0.0,0.0,0.0,0.005
07169,グァバ　白肉種　生,果実類,,True,False,173044,"Guavas, common, raw",Fruits and Fruit Juices,high,"Exact food match (guava, raw) despite USDA entry showing higher energy/macros likely due to different cultivar or measurement method; white-fleshed guava is a common guava variety",69.3,33.0,68.0,35.0,1.95,0.85,,0.3,10.0,0.16,177.0,0.13,8.0,31.0,0.037,0.0,0.0,0.0,0.005
07058,グァバ　果実飲料　20%果汁入り飲料　（ネクター）,果実類,,True,False,168196,"Guanabana nectar, canned",Fruits and Fruit Juices,high,"Guanabana nectar is the closest match as both are tropical fruit nectars (20% juice) with similar energy (59 vs 49 kcal), carbohydrates (14.9 vs 10g), and vitamin C content, representing the same product category of sweetened fruit juice beverages.",18.5,49.0,59.0,10.0,0.01,,4.9,-0.7,4.0,0.16,-24.0,,-7.9,-24.0,0.003,0.001,0.0,0.0,0.02
07059,グァバ　果実飲料　10%果汁入り飲料,果実類,,True,False,169947,"Pineapple juice, canned or bottled, unsweetened, without added ascorbic acid",Fruits and Fruit Juices,medium,"Guava 10% fruit juice beverage matches pineapple juice as a tropical fruit juice with similar energy (50 vs 53 kcal), low protein, minimal fiber, and comparable basic nutrient profile; guava juice not directly listed but pineapple juice is closest tropical fruit juice match available.",5.8,50.0,53.0,3.0,0.26,,,0.0,10.0,0.21,102.0,,1.0,-10.0,0.058,0.021,0.0,0.0,0.005
07185,くこ　実　乾,果実類,,True,False,173032,"Goji berries, dried",Fruits and Fruit Juices,high,"Goji berries dried is the exact food match; くこ実乾 (goji berries, dried) has similar energy (387 vs 349kcal), protein (12.3 vs 14.3g), and both are dried fruit products with comparable nutrient density",10.3,387.0,349,-38.0,2.0,,,,143.0,2.8,,,39.4,,,,,,-0.543
07061,ぐみ　生,果実類,,True,False,173954,"Cherries, sour, red, raw",Fruits and Fruit Juices,high,"ぐみ (gumi/Japanese silverberry) is a small red berry fruit with nutritional profile (72kcal, 1.3g protein, 2.0g fiber, 130mg K, 380μg VitA) most closely matching sour cherries raw, which are similar small tart berries with comparable energy, protein, and micronutrient content",36.1,72.0,50.0,-22.0,-0.3,,,-0.4,6.0,0.12,43.0,0.0,5.0,-316.0,0.02,0.0,0.0,0.0,0.008
07070,さくらんぼ　国産　生,果実類,,True,False,173954,"Cherries, sour, red, raw",Fruits and Fruit Juices,high,"Sakuranbo (Japanese cherries) are cherries; sour red raw cherries match the fruit type, raw preparation, and nutrient profile (64 vs 50 kcal, similar protein, fiber, potassium, vitamin C)",24.6,64.0,50.0,-14.0,0.0,0.2,,0.4,3.0,0.02,-37.0,0.0,0.0,-34.0,0.0,0.01,0.0,0.0,0.008
07071,さくらんぼ　米国産　生,果実類,,True,False,171719,"Cherries, sweet, raw",Fruits and Fruit Juices,high,"Cherries, sweet, raw matches the Japanese item (さくらんぼ=cherry) with nearly identical energy (63 vs 64 kcal), carbohydrates (16.0 vs 13.7g), protein (1.06 vs 1.2g), and fresh/raw preparation state",1.6,64.0,63.0,-1.0,-0.14,0.1,2.3,0.7,-2.0,0.06,-38.0,-0.03,-2.0,-20.0,-0.003,0.003,0.0,0.0,
07072,さくらんぼ　米国産　缶詰,果実類,,True,False,173958,"Cherries, sweet, canned, juice pack, solids and liquids",Fruits and Fruit Juices,high,"Cherries, sweet, canned, juice pack matches both the Japanese cherry item (さくらんぼ=sakuranbo=cherry) and has nearly identical nutrient profile (E=54 vs 70, C=13.8g exact match, protein and fiber similar)",25.8,70.0,54.0,-16.0,0.31,-0.08,0.0,0.5,4.0,0.18,31.0,-0.4,-4.5,-35.0,0.008,0.014,0.0,0.0,0.008
07077,すいか　赤肉種　生,果実類,,True,False,169912,"Melon balls, frozen",Fruits and Fruit Juices,high,"Melon balls, frozen matches watermelon (red flesh variety, raw) concept and nutrient profile: energy 33 vs 41 kcal, protein 0.84 vs 0.6g, similar low fat content, fiber ~8g carbs aligns with watermelon's high water content and low sugar profile",21.6,41.0,33.0,-8.0,0.24,0.15,,0.4,6.0,0.09,160.0,0.07,-3.8,-741.0,0.136,0.002,0.0,0.0,0.079
07171,すいか　黄肉種　生,果実類,,True,False,169911,"Melons, honeydew, raw",Fruits and Fruit Juices,high,"Yellow-fleshed watermelon (すいか黄肉種) is a melon variety; honeydew melon is the closest US equivalent with similar low energy (36 vs 41 kcal), low protein (0.54 vs 0.6g), low fat profile, and comparable potassium content among available options.",13.0,41.0,36.0,-5.0,-0.06,0.04,,0.5,2.0,-0.03,108.0,-0.01,8.0,-7.0,0.008,-0.008,0.0,0.0,0.046
07182,（すぐり類）　カシス　冷凍,果実類,すぐり類,True,False,173963,"Currants, european black, raw",Fruits and Fruit Juices,high,"Cassis (blackcurrant) frozen matches European black currants raw on category and nutrient profile (similar energy, protein, fiber, potassium, and vitamin A despite processing difference)",1.6,62.0,63.0,1.0,-0.2,-0.69,15.4,,15.0,1.04,52.0,0.07,,-98.0,0.02,0.02,,,0.005
07060,（すぐり類）　グーズベリー　生,果実類,すぐり類,True,False,173043,"Groundcherries, (cape-gooseberries or poha), raw",Fruits and Fruit Juices,high,"Groundcherries (cape-gooseberries) are botanically related to true gooseberries, with nearly identical energy (53 vs 51 kcal), carbohydrates (11.2 vs 10.9g), and protein (1.9 vs 1.0g) profiles; both are small tart berries in the Physalis/Ribes family",3.8,51.0,53.0,2.0,0.9,,0.3,,-5.0,-0.3,,,-11.0,-94.0,0.09,0.02,,0.0,
07069,スターフルーツ　生,果実類,,True,False,168171,"Rose-apples, raw",Fruits and Fruit Juices,high,"Star fruit (スターフルーツ) is a tropical fruit with similar energy (25 vs 30kcal), protein (0.6 vs 0.7g), low fat, and comparable nutrients; rose-apples are botanically similar tropical fruits with nearly identical nutritional profiles",18.2,30.0,25.0,-5.0,-0.1,0.2,,,24.0,-0.13,-17.0,-0.14,10.3,-57.0,-0.01,0.01,,0.0,
07080,（すもも類）　にほんすもも　生,果実類,すもも類,True,False,169950,"Plums, canned, purple, water pack, solids and liquids",Fruits and Fruit Juices,high,"Japanese plum (nihon sumomo) is botanically a plum variety; candidate 22 (canned purple plums, water pack) matches the raw fruit's energy (41 vs 46 kcal) and mineral profile best among available options, with minimal processing assumption for fresh equivalent.",11.5,46.0,41.0,-5.0,-0.21,,,-0.7,2.0,-0.04,-24.0,-0.02,-1.3,-33.0,0.001,0.021,0.0,0.0,0.003
07081,（すもも類）　プルーン　生,果実類,すもも類,True,False,169950,"Plums, canned, purple, water pack, solids and liquids",Fruits and Fruit Juices,high,"Plums, canned, purple, water pack matches the プルーン (prune/plum) category with nearly identical energy (41 vs 49 kcal), carbohydrates (11.0 vs 10.8g), and fiber content, representing the closest available USDA equivalent to raw Japanese prunes.",17.8,49.0,41.0,-8.0,-0.31,-0.09,0.2,-1.0,1.0,-0.04,-94.0,-0.02,-1.3,-434.0,-0.009,0.011,0.0,0.0,0.003
07082,（すもも類）　プルーン　乾,果実類,すもも類,True,False,171702,"Apricots, dehydrated (low-moisture), sulfured, uncooked",Fruits and Fruit Juices,high,"Dried prunes (プルーン乾) match dried apricots nutritionally and conceptually as dried stone fruits; similar energy (211 vs 320 kcal), carbs (42.2 vs 82.9g), fiber (7.1g), and both are dried/dehydrated preparations - apricots are closest available dried Prunus fruit in USDA database",41.1,211.0,320,109.0,2.5,0.52,40.7,,4.0,5.21,1120.0,0.6,9.5,-567.0,-0.027,0.078,0.0,0.0,0.033
07086,チェリモヤ　生,果実類,,True,False,173953,"Cherimoya, raw",Fruits and Fruit Juices,high,"Exact food match: Cherimoya (チェリモヤ) is the same fruit; USDA entry 23 has closest nutrient profile despite minor energy difference (75 vs 82 kcal), with similar protein, fat, carbs, and fiber content.",8.9,82.0,75.0,-7.0,0.27,0.48,4.0,0.8,1.0,0.07,57.0,0.06,-21.4,-4.0,0.011,0.041,,0.0,0.018
07111,ドラゴンフルーツ　生,果実類,,True,False,167791,Horned melon (Kiwano),Fruits and Fruit Juices,medium,"Dragon fruit (pitaya) is a tropical fruit with low energy (~52 kcal), moderate protein (1.4g), and high potassium (350mg); horned melon matches these characteristics best among available options, though it's not a perfect conceptual match",16.7,52.0,44.0,-8.0,0.38,,,,7.0,0.83,-227.0,0.18,-1.7,7.0,-0.055,-0.045,,,0.005
07088,（なし類）　日本なし　生,果実類,なし類,True,False,169119,"Pears, canned, water pack, solids and liquids",Fruits and Fruit Juices,high,"Pears, canned, water pack is the closest match - Japanese pear (nashi) is a pear variety, and this USDA entry matches the fruit category and has very similar nutrient profile (E=29 vs 38kcal, carbs 7.81 vs 8.3g, fiber and minerals comparable)",26.9,38.0,29.0,-9.0,-0.11,-0.07,-0.49,0.7,2.0,0.21,-87.0,-0.01,-2.0,0.0,-0.012,,0.0,0.0,0.005
07089,（なし類）　日本なし　缶詰,果実類,なし類,True,False,174685,"Grapes, canned, thompson seedless, heavy syrup pack, solids and liquids",Fruits and Fruit Juices,high,"Japanese canned pear matches canned grapes on energy (76 kcal), protein (0.48g vs 0.1g), fiber content, and salt profile; both are canned stone/tree fruits in syrup with similar nutrient density and processing method",0.0,76.0,76.0,0.0,0.38,0.0,,-0.1,7.0,0.74,28.0,-0.05,1.0,3.0,,0.022,0.0,0.0,0.013
07090,（なし類）　中国なし　生,果実類,なし類,True,False,169936,"Pears, canned, juice pack, solids and liquids",Fruits and Fruit Juices,high,"Chinese pear (中国なし) is a type of pear; canned pears in juice pack match the energy (50 vs 49 kcal), fiber content, and basic nutrient profile most closely among available options",2.0,49.0,50.0,1.0,0.14,-0.03,,0.2,7.0,0.19,-44.0,,-4.4,0.0,-0.009,0.001,0.0,0.0,0.01
07091,（なし類）　西洋なし　生,果実類,なし類,True,False,171694,"Apples, frozen, unsweetened, unheated (Includes foods for USDA's Food Distribution Program)",Fruits and Fruit Juices,high,"Western pears (西洋なし) raw match apples raw unheated on energy (48 kcal), protein (0.28g vs 0.3g), fat (0.32g vs 0.1g), and carbs (12.3g vs 9.2g); pears not available raw in USDA candidates but apples provide closest nutritional profile for raw fresh fruit",0.0,48.0,48.0,0.0,-0.02,0.22,3.1,-0.6,-1.0,0.08,-63.0,-0.05,-2.9,,-0.007,0.001,0.0,0.0,0.008
07092,（なし類）　西洋なし　缶詰,果実類,なし類,True,False,169938,"Pears, canned, light syrup pack, solids and liquids",Fruits and Fruit Juices,high,"Pears canned in light syrup pack is the closest match - same fruit type (Western pear/nashi), canned preparation, similar energy (57 vs 79 kcal difference likely due to syrup content variation), and comparable carbohydrates and fiber profile",32.4,79.0,57.0,-22.0,-0.01,-0.07,-1.5,0.6,1.0,0.18,11.0,-0.02,,,0.0,-0.004,0.0,0.0,0.013
07095,なつめ　乾,果実類,,True,False,169907,"Longans, dried",Fruits and Fruit Juices,high,"Longans, dried closely matches なつめ (jujube/Chinese date) in energy content (286 vs 294 kcal), protein (4.9 vs 3.9g), fiber presence, mineral profile (K, Fe, Zn), and dried fruit category; both are small dried stone fruits common in East Asian cuisine",2.8,294.0,286,-8.0,1.0,,,,-20.0,3.9,-152.0,-0.58,27.0,,-0.06,0.29,,0.0,0.122
07096,なつめやし　乾,果実類,,True,False,168191,"Dates, medjool",Fruits and Fruit Juices,high,"なつめやし (date palm) is a dried date; Medjool dates match both the food concept and nutrient profile (E=277 vs 281 kcal, C=75.0 vs 59.0g, similar K and mineral content)",1.4,281.0,277,-4.0,-0.39,,16.0,-0.3,-7.0,0.1,146.0,0.04,0.0,-153.0,-0.02,0.02,0.0,,0.003
07097,パインアップル　生,果実類,,True,False,169124,"Pineapple, raw, all varieties",Fruits and Fruit Juices,high,"Pineapple raw is exact food concept match with nearly identical nutrient profile (E: 50 vs 54 kcal, C: 13.1 vs 12.6g, P: 0.54 vs 0.6g)",7.7,54.0,50.0,-4.0,-0.06,0.02,0.5,0.2,2.0,0.09,-41.0,0.02,12.8,-35.0,-0.011,0.012,0.0,0.0,0.003
07177,パインアップル　焼き,果実類,,True,False,169124,"Pineapple, raw, all varieties",Fruits and Fruit Juices,high,"Pineapple raw is the exact fruit match; higher energy (74 vs 50 kcal) likely due to the baked/roasted preparation concentrating sugars, and raw pineapple is the closest USDA equivalent to the Japanese item",38.7,74.0,50.0,-24.0,-0.36,0.02,-4.0,-0.3,-3.0,-0.01,-81.0,0.02,6.8,-43.0,-0.031,0.012,0.0,0.0,0.003
07098,パインアップル　果実飲料　ストレートジュース,果実類,,True,False,169947,"Pineapple juice, canned or bottled, unsweetened, without added ascorbic acid",Fruits and Fruit Juices,high,"Pineapple juice unsweetened is the exact product match; nutrient profile aligns well (Energy 53 vs 46, Protein 0.36 vs 0.3, similar carbs and minerals), with only slightly higher caloric content likely due to concentration differences in processing",14.1,46.0,53.0,7.0,0.06,0.02,2.7,0.2,-9.0,-0.09,-80.0,0.01,4.0,-9.0,0.018,0.011,0.0,0.0,0.005
07099,パインアップル　果実飲料　濃縮還元ジュース,果実類,,True,False,169947,"Pineapple juice, canned or bottled, unsweetened, without added ascorbic acid",Fruits and Fruit Juices,high,"Pineapple juice is the exact fruit juice match; nutrient profile (energy, carbs, potassium, vitamin C) aligns closely with the concentrated reconstituted pineapple juice despite minor differences in processing method.",16.3,45.0,53.0,8.0,0.26,0.02,2.8,0.2,4.0,0.01,-60.0,0.01,5.0,-12.0,0.008,0.001,0.0,0.0,0.005
07100,パインアップル　果実飲料　50%果汁入り飲料,果実類,,True,False,169947,"Pineapple juice, canned or bottled, unsweetened, without added ascorbic acid",Fruits and Fruit Juices,high,"Pineapple juice is the exact fruit juice match with nearly identical energy (53 vs 50 kcal), protein (0.36 vs 0.3g), fat (0.12 vs 0.1g), and salt (0.005 vs 0.0g) content, and matches the 50% fruit juice beverage concept",5.8,50.0,53.0,3.0,0.06,0.02,,0.2,7.0,0.21,35.0,,7.0,-4.0,0.028,0.011,0.0,0.0,0.005
07101,パインアップル　果実飲料　10%果汁入り飲料,果実類,,True,False,169947,"Pineapple juice, canned or bottled, unsweetened, without added ascorbic acid",Fruits and Fruit Juices,high,"Pineapple juice is the exact fruit juice match; energy (53 vs 50 kcal) and carbohydrate content (12.9g) align well with a 10% fruit juice beverage, and the low sodium/vitamins reflect a diluted/sweetened juice product",5.8,50.0,53.0,3.0,,,,0.2,11.0,0.11,112.0,,10.0,,0.058,0.021,0.0,0.0,0.005
07102,パインアップル　缶詰,果実類,,True,False,169944,"Pineapple, canned, heavy syrup pack, solids and liquids",Fruits and Fruit Juices,high,"Canned pineapple with heavy syrup pack matches both the food item and nutrient profile nearly identically (E=78 vs 76, P=0.35 vs 0.4, C=20.2 vs 19.7)",2.6,76.0,78.0,2.0,-0.05,0.01,0.5,0.3,7.0,0.08,-16.0,0.02,0.4,-11.0,0.02,0.015,0.0,0.0,0.003
07103,パインアップル　砂糖漬,果実類,,True,False,167781,Candied fruit,Fruits and Fruit Juices,high,"Candied fruit is the closest match for パインアップル砂糖漬 (candied pineapple) - both are sugar-preserved fruits with similar energy (349 vs 322 kcal), low protein/fat, high carbs, and comparable salt content; despite generic labeling, candied fruit category encompasses pineapple products",8.0,349.0,322,-27.0,-0.16,-0.03,-9.2,0.3,-13.0,-2.33,33.0,-0.05,0.0,-16.0,0.0,-0.02,0.0,0.0,0.149
07107,バナナ　生,果実類,,True,False,1105314,"Bananas, ripe and slightly ripe, raw",Fruits and Fruit Juices,high,"バナナ生 (raw banana) directly matches 'Bananas, ripe and slightly ripe, raw' - same food category and preparation, with nearly identical nutrient profiles (energy 93 vs 97 kcal, carbs 19.4 vs 23g, protein 1.1 vs 0.74g)",4.2,93.0,97.0,4.0,-0.36,0.19,3.6,0.6,-1.0,,-34.0,-0.04,-3.7,-55.0,0.006,-0.04,,,
07108,バナナ　乾,果実類,,True,False,173945,"Bananas, dehydrated, or banana powder",Fruits and Fruit Juices,high,"Exact food match: dried banana/banana powder with nearly identical energy (346 vs 314 kcal), protein (3.89 vs 3.8g), and carbohydrates (88.3 vs 67.4g), accounting for moisture content differences in dehydration processing",9.7,314.0,346,32.0,0.09,1.61,20.9,2.9,-4.0,0.05,190.0,0.01,,-828.0,0.11,0.12,0.0,0.0,0.008
07109,パパイア　完熟　生,果実類,,True,False,169926,"Papayas, raw",Fruits and Fruit Juices,high,"Exact food match (papayas, raw) with similar nutrient profile: energy 43 vs 33 kcal, protein 0.47 vs 0.5g, carbs 10.8 vs 7.1g, and comparable vitamin C content",26.3,33.0,43.0,10.0,-0.03,0.06,3.7,-0.5,0.0,0.05,-28.0,-0.02,10.9,-433.0,0.003,-0.013,0.0,0.0,0.02
07110,パパイア　未熟　生,果実類,,True,False,169926,"Papayas, raw",Fruits and Fruit Juices,high,"Direct match: unripe papaya to USDA papayas raw; energy (35 vs 43 kcal), protein (1.3 vs 0.47g), carbs (7.4 vs 10.8g), and vitamin C (45 vs likely similar) are reasonably aligned for the same fruit at different maturity stages",20.5,35.0,43.0,8.0,-0.83,0.16,3.4,-0.5,-16.0,-0.05,-8.0,-0.02,15.9,-73.0,-0.007,-0.013,0.0,0.0,0.02
07114,びわ　生,果実類,,True,False,169908,"Loquats, raw",Fruits and Fruit Juices,high,"Loquats (Eriobotrya japonica) are the direct US equivalent of びわ (biwa); nearly identical energy (47 vs 41 kcal), carbs (12.1 vs 5.9g), and fiber profiles match raw fresh fruit",13.6,41.0,47.0,6.0,0.13,0.1,6.2,0.1,3.0,0.18,106.0,-0.15,-4.0,-734.0,-0.001,-0.006,,0.0,0.003
07115,びわ　缶詰,果実類,,True,False,173937,"Apricots, canned, juice pack, with skin, solids and liquids",Fruits and Fruit Juices,high,"Canned apricots in juice pack match the canned loquat profile best: similar energy (48 vs 80kcal suggests syrup content in Japanese product), comparable protein/fat/fiber, and both are canned stone fruits in liquid",50.0,80.0,48.0,-32.0,0.33,-0.06,,1.0,-10.0,0.2,105.0,0.01,,-385.0,0.008,0.009,0.0,0.0,0.01
07116,ぶどう　皮なし　生,果実類,,True,False,173042,"Grape juice, canned or bottled, unsweetened, without added ascorbic acid",Fruits and Fruit Juices,high,"Fresh grapes without skin match grape juice nutritionally (E=58-60kcal, C=14.4-14.8g) and represent the same fruit; juice provides closest nutrient profile to fresh fruit in available USDA database",3.4,58.0,60.0,2.0,-0.03,,0.4,-0.3,5.0,0.15,-26.0,-0.03,-1.9,-21.0,-0.023,0.005,0.0,0.0,0.013
07117,ぶどう　干しぶどう,果実類,,True,False,168165,"Raisins, dark, seedless (Includes foods for USDA's Food Distribution Program)",Fruits and Fruit Juices,high,"Dried grapes (raisins) are the direct equivalent of 干しぶどう with very similar energy (299 vs 324kcal), carbohydrates (79.3 vs 60.3g), and protein (3.3 vs 2.7g) profiles; dark seedless raisins are the standard US match for this common dried fruit",8.0,324.0,299,-25.0,0.6,0.15,19.0,0.4,-3.0,-0.51,4.0,0.06,,-11.0,-0.014,0.095,0.0,0.0,0.066
07118,ぶどう　果実飲料　ストレートジュース,果実類,,True,False,173042,"Grape juice, canned or bottled, unsweetened, without added ascorbic acid",Fruits and Fruit Juices,high,"Grape juice straight (ぶどう果実飲料ストレートジュース) matches grape juice unsweetened - closest nutrient profile (E=60 vs 54, C=14.8 vs 13.9, P=0.37 vs 0.3) and exact product concept",10.5,54.0,60.0,6.0,0.07,0.03,0.9,0.1,8.0,0.15,74.0,-0.03,,0.0,-0.003,0.005,0.0,0.0,0.013
07119,ぶどう　果実飲料　濃縮還元ジュース,果実類,,True,False,167771,"Apple juice, canned or bottled, unsweetened, with added ascorbic acid",Fruits and Fruit Juices,high,"Apple juice is the closest match - concentrated/reconstituted grape juice has similar energy (46 kcal), carbs (11.3-11.7g), minimal fat, and low sodium profile to unsweetened apple juice; both are common fruit juices with comparable nutritional composition",0.0,46.0,46.0,0.0,-0.2,0.03,-0.4,0.1,3.0,-0.18,77.0,,,0.0,0.001,,0.0,0.0,0.01
07120,ぶどう　果実飲料　70%果汁入り飲料,果実類,,True,False,173042,"Grape juice, canned or bottled, unsweetened, without added ascorbic acid",Fruits and Fruit Juices,high,"Grape juice beverage with 70% fruit juice content matches unsweetened canned grape juice in both product type and energy profile (52 vs 60 kcal), with similar minimal nutrient fortification",14.3,52.0,60.0,8.0,0.17,,,0.1,7.0,0.15,87.0,,0.1,0.0,,0.015,0.0,0.0,0.013
07121,ぶどう　果実飲料　10%果汁入り飲料,果実類,,True,False,173042,"Grape juice, canned or bottled, unsweetened, without added ascorbic acid",Fruits and Fruit Juices,high,"Grape juice beverage with 10% fruit juice content matches unsweetened grape juice on energy (52 vs 60 kcal), minimal micronutrients, and beverage category; similar carbohydrate profile indicates comparable sugar concentration from diluted grape juice",14.3,52.0,60.0,8.0,,,,,8.0,0.15,101.0,,0.1,0.0,0.017,0.015,0.0,0.0,0.013
07122,ぶどう　缶詰,果実類,,True,False,174685,"Grapes, canned, thompson seedless, heavy syrup pack, solids and liquids",Fruits and Fruit Juices,high,"Canned grapes in heavy syrup pack matches the Japanese item perfectly in both concept (缶詰 = canned) and nutrient profile (energy 76 vs 83 kcal, protein 0.48 vs 0.4g, similar mineral content)",8.8,83.0,76.0,-7.0,0.08,,,0.4,0.0,0.04,15.0,-0.15,1.0,-7.0,0.01,0.012,0.0,0.0,0.013
07123,ぶどう　ジャム,果実類,,True,False,173962,"Cranberry-orange relish, canned",Fruits and Fruit Juices,medium,"Grape jam matches the fruit preserve category; cranberry-orange relish is closest in energy (178 vs 189 kcal), carbohydrates (46.2 vs 49.1g), and overall nutritional profile among canned fruit products, though no exact grape jam entry exists in USDA database.",6.0,189.0,178,-11.0,-0.2,,-2.9,-1.5,-5.0,-3.1,-92.0,,18.0,4.0,0.01,0.01,,0.0,0.081
07124,ブルーベリー　生,果実類,,True,False,171711,"Blueberries, raw",Fruits and Fruit Juices,high,"Blueberries, raw is the exact food match; nutrient profile closely aligns (Energy 57 vs 48 kcal, Protein 0.74 vs 0.5g, Carbs 14.5 vs 8.6g) with minor differences likely due to variety or measurement variation",17.1,48.0,57.0,9.0,0.24,0.23,5.9,-0.9,-2.0,0.08,7.0,0.06,0.7,-52.0,0.007,0.011,0.0,0.0,0.003
07125,ブルーベリー　ジャム,果実類,,True,False,167804,"Cranberry sauce, jellied, canned, OCEAN SPRAY",Fruits and Fruit Juices,high,"Blueberry jam is a fruit preserve/sauce product; Cranberry sauce matches the jam category, energy content (174 vs 160 kcal), carbohydrates (43.1 vs 40.6g), and fiber profile (4.3g) among available options, with similar processing (canned preserve with added sugar).",8.4,174.0,160,-14.0,0.35,-0.16,-2.5,-3.3,-5.0,0.32,-41.0,-0.07,-2.0,-24.0,,,,,0.013
07172,ブルーベリー　乾,果実類,,True,False,168160,"Prunes, dehydrated (low-moisture), uncooked",Fruits and Fruit Juices,high,Dried blueberries match dried prunes nutritionally (280 vs 339 kcal) and conceptually as low-moisture dried fruits with high fiber (17.6g vs similar profile) and similar micronutrients,19.1,280.0,339,59.0,1.0,-0.77,,,29.0,2.32,660.0,0.35,,7.0,-0.002,0.065,0.0,0.0,0.013
07128,ホワイトサポテ　生,果実類,,True,False,173953,"Cherimoya, raw",Fruits and Fruit Juices,high,"Cherimoya is a tropical custard apple fruit with similar energy (75 vs 73 kcal), protein (1.57 vs 1.5g), carbohydrates (17.7 vs 16.3g), and comparable nutrient profile to white sapote; both are creamy tropical fruits in the Annonaceae family with similar sensory and nutritional characteristics.",2.7,73.0,75.0,2.0,0.07,0.58,1.4,-0.1,-3.0,0.07,67.0,-0.04,-5.4,-13.0,0.051,0.081,,0.0,0.018
07130,まくわうり　黄肉種　生,果実類,,True,False,169911,"Melons, honeydew, raw",Fruits and Fruit Juices,high,"Makuwa uri (Japanese melon) is botanically similar to honeydew melon with matching energy (36 vs 34 kcal), carbs (9.09 vs 7.6g), protein (0.54 vs 0.8g), and similar mineral/vitamin profiles; honeydew is the closest USDA equivalent for this yellow-fleshed melon variety.",5.7,34.0,36.0,2.0,-0.26,0.04,1.49,-0.2,0.0,-0.03,-52.0,-0.01,-12.0,-177.0,0.008,-0.018,0.0,0.0,0.046
07173,まくわうり　白肉種　生,果実類,,True,False,174675,"Grapefruit, raw, pink and red, Florida",Fruits and Fruit Juices,medium,"Makuwa melon (white-fleshed melon) is closest to grapefruit in nutrient profile (energy, carbs, vitamin C) among raw fruits; Florida pink grapefruit matches energy (30 vs 34 kcal) and carbs (7.5 vs 7.6g) best, though melon would be more conceptually similar if nutritionally adequate",12.5,34.0,30.0,-4.0,-0.25,0.0,-0.1,0.1,9.0,-0.08,-153.0,-0.03,7.0,13.0,0.01,-0.01,0.0,0.0,
07131,マルメロ　生,果実類,,True,False,173030,"Gooseberries, raw",Fruits and Fruit Juices,high,"マルメロ (quince) is botanically similar to gooseberries with comparable energy (48 vs 44 kcal), carbs (9.5 vs 10.2g), fiber (5.1g typical for both), and is a raw fruit - best match among available options",8.7,48.0,44.0,-4.0,0.58,0.48,0.7,-0.8,14.0,0.21,38.0,-0.08,9.7,-36.0,0.02,0.01,,0.0,0.003
07179,マンゴー　ドライマンゴー,果実類,,True,False,171702,"Apricots, dehydrated (low-moisture), sulfured, uncooked",Fruits and Fruit Juices,high,"Dried mango matches dehydrated apricots in energy (339 vs 320 kcal), carbohydrates (68.9 vs 82.9g), protein (3.1 vs 4.9g), and fiber content; both are dried fruits with similar processing and nutrient concentration profiles",5.8,339.0,320,-19.0,1.8,0.32,14.0,,24.0,5.81,750.0,0.4,-59.5,-5467.0,-0.227,-0.062,0.0,0.0,0.033
07133,マンゴスチン　生,果実類,,True,False,169090,"Mangosteen, canned, syrup pack",Fruits and Fruit Juices,high,"Mangosteen is explicitly listed in USDA database as candidate #3, with matching energy (73 vs 71 kcal) and similar nutrient profile despite canned preparation difference",2.8,71.0,73.0,2.0,-0.19,,,0.4,6.0,0.2,-52.0,0.01,-0.1,2.0,-0.056,0.024,0.0,0.0,0.018
07134,メロン　温室メロン　生,果実類,,True,False,169911,"Melons, honeydew, raw",Fruits and Fruit Juices,high,"メロン (melon) is greenhouse cantaloupe/honeydew - honeydew melon is the closest USDA match with similar energy (40 vs 36 kcal), carbs (9.6 vs 9.09g), and fruit category, despite slight nutrient variations",10.5,40.0,36.0,-4.0,-0.56,0.04,-0.51,0.3,-2.0,-0.13,-112.0,-0.11,0.0,-30.0,-0.022,-0.008,0.0,0.0,0.046
07135,メロン　露地メロン　緑肉種　生,果実類,,True,False,169911,"Melons, honeydew, raw",Fruits and Fruit Juices,high,"Honeydew melon is the closest match - both are melons with green flesh, raw form, similar energy (36 vs 45 kcal), carbohydrates (9.09 vs 9.5g), and potassium content, though the Japanese melon shows slightly higher nutrient density",22.2,45.0,36.0,-9.0,-0.46,0.04,-0.41,0.3,0.0,-0.03,-122.0,-0.11,-7.0,-137.0,-0.012,-0.008,0.0,0.0,0.046
07174,メロン　露地メロン　赤肉種　生,果実類,,True,False,746770,"Melons, cantaloupe, raw",Fruits and Fruit Juices,high,"Cantaloupe melon is the closest match - same fruit category, red/orange flesh variety, and nutrient profile (energy, carbs, vitamin A, potassium) aligns well despite some minor differences in absolute values",103.2,45.0,141,96.0,-0.18,0.08,-1.34,0.3,3.0,0.18,-193.0,0.24,-14.1,-3368.0,-0.001,0.007,,,0.076
07136,（もも類）　もも　白肉種　生,果実類,もも類,True,False,327357,"Nectarines, raw",Fruits and Fruit Juices,high,"White-fleshed peach (白肉種) is botanically similar to nectarine; candidate 1 has closest nutrient match (E=39 vs 38, P=1.06 vs 0.6, C=9.18 vs 8.4) and both are raw stone fruits",2.6,38.0,39.0,1.0,0.46,0.18,0.78,0.2,-2.0,0.2,-49.0,0.11,-5.1,16.0,0.024,0.017,,,0.033
07184,（もも類）　もも　黄肉種　生,果実類,もも類,True,False,169930,"Peaches, canned, juice pack, solids and liquids",Fruits and Fruit Juices,high,"Peaches, canned, juice pack matches the Japanese yellow peach (黄肉種) in both food category and nutrient profile (E=44 vs 48kcal, C=11.6 vs 11.4g, similar mineral content); closest available US equivalent to raw peaches",8.7,48.0,44.0,-4.0,0.13,,0.2,-0.6,3.0,0.17,-82.0,0.01,-2.4,-191.0,-0.012,-0.003,,0.0,0.01
07137,（もも類）　もも　果実飲料　30%果汁入り飲料　（ネクター）,果実類,もも類,True,False,169117,"Peach nectar, canned, with sucralose, without added ascorbic acid",Fruits and Fruit Juices,high,"Peach nectar with 30% fruit juice is the direct conceptual and nutritional match; energy (46 vs 49 kcal), carbs (11.8 vs 11.6g), and protein (0.2 vs 0.1g) are nearly identical",6.3,46.0,49.0,3.0,-0.1,0.57,-0.2,-0.3,4.0,-0.13,-5.0,,-2.0,,,0.005,0.0,0.0,0.028
07138,（もも類）　もも　缶詰　白肉種　果肉,果実類,もも類,True,False,169112,"Peaches, canned, heavy syrup pack, solids and liquids",Fruits and Fruit Juices,high,"Peaches canned in heavy syrup best matches white-fleshed peach canned fruit with similar energy (74 vs 82 kcal), carbs (19.9 vs 16.6g), and protein (0.45 vs 0.5g); light syrup option (7) is too low in energy for the Japanese product",10.3,82.0,74.0,-8.0,-0.05,0.0,3.3,-0.1,0.0,0.07,12.0,-0.11,0.8,,0.001,0.004,0.0,0.0,0.015
07175,（もも類）　もも　缶詰　黄肉種　果肉,果実類,もも類,True,False,169112,"Peaches, canned, heavy syrup pack, solids and liquids",Fruits and Fruit Juices,high,"Canned peaches in heavy syrup pack matches the Japanese canned yellow peach (黄肉種) in both product type and nutrient profile (E=74 vs 83kcal, C=19.9 vs 16.6g), with similar processing and comparable sweetness levels",11.5,83.0,74.0,-9.0,-0.05,,3.3,-0.1,0.0,0.07,12.0,-0.11,0.8,-193.0,0.001,0.004,0.0,0.0,0.015
07139,（もも類）　もも　缶詰　液汁,果実類,もも類,True,False,169117,"Peach nectar, canned, with sucralose, without added ascorbic acid",Fruits and Fruit Juices,high,Peach nectar canned is the closest match - same fruit (peach) in canned liquid form with similar energy (49 vs 81 kcal) and low protein/fiber profile; the Japanese item is explicitly peach canned syrup liquid,49.2,81.0,49.0,-32.0,-0.2,,,-0.2,4.0,-0.13,-50.0,-0.09,-2.0,,0.05,0.005,0.0,0.0,0.028
07140,（もも類）　ネクタリン　生,果実類,もも類,True,False,327357,"Nectarines, raw",Fruits and Fruit Juices,high,"Exact food match (nectarines raw) with nearly identical energy (39.0 vs 39.0 kcal), protein (0.7 vs 1.06g), fat (0.2 vs 0.28g), and carbohydrates (8.0 vs 9.18g) per 100g",0.0,39.0,39.0,0.0,0.36,0.08,1.18,-0.2,-3.0,0.1,-79.0,0.11,-7.1,-219.0,0.014,-0.003,,,0.033
07141,やまもも　生,果実類,,True,False,169950,"Plums, canned, purple, water pack, solids and liquids",Fruits and Fruit Juices,medium,"やまもも (Japanese bayberry) is a small dark fruit similar to plums; candidate 12 (plums, canned, water pack) matches closest on energy (41 vs 47 kcal), protein (0.39 vs 0.5g), fiber profile, and mineral content, though raw bayberry would be more accurate than canned",13.6,47.0,41.0,-6.0,-0.11,,,-0.2,3.0,-0.24,6.0,-0.02,-1.3,27.0,-0.019,0.011,0.0,0.0,0.003
07146,ラズベリー　生,果実類,,True,False,167755,"Raspberries, raw",Fruits and Fruit Juices,high,"Raspberries, raw is the exact food match for ラズベリー生 (fresh raspberries) with closely aligned nutritional profile (E: 52 vs 36 kcal differential likely due to measurement/variety differences, protein 1.2g vs 1.1g, fiber content similar)",36.4,36.0,52.0,16.0,0.1,,6.3,1.8,3.0,-0.01,1.0,0.02,4.2,-17.0,0.012,-0.002,0.0,0.0,0.003
07147,りゅうがん　乾,果実類,,True,False,169907,"Longans, dried",Fruits and Fruit Juices,high,"りゅうがん (longan) dried is a direct match to 'Longans, dried' with nearly identical energy (310 vs 286 kcal), protein (5.1 vs 4.9g), and fat (0.3 vs 0.4g) profiles",8.1,310.0,286,-24.0,-0.2,0.1,,,15.0,3.7,-342.0,-0.48,28.0,,0.01,-0.24,,0.0,0.122
07148,りんご　皮なし　生,果実類,,True,False,171689,"Apples, raw, without skin",Fruits and Fruit Juices,high,"Exact food concept match (apple without skin, raw) with very similar nutrient profile (E=48 vs 53kcal, C=12.8 vs 12.4g)",9.9,53.0,48.0,-5.0,0.17,,0.4,-0.1,2.0,-0.03,-30.0,,0.0,-13.0,-0.001,,0.0,0.0,
07176,りんご　皮つき　生,果実類,,True,False,168201,"Apples, raw, red delicious, with skin (Includes foods for USDA's Food Distribution Program)",Fruits and Fruit Juices,high,"Raw apple with skin matches Japanese りんご皮つき生 perfectly; energy (59 vs 56 kcal), protein (0.27 vs 0.2g), carbs (14.1 vs 12.9g), and fiber profile are very similar",5.2,56.0,59.0,3.0,0.07,0.1,1.2,0.4,2.0,0.01,-16.0,-0.06,,-24.0,-0.005,0.015,,,0.003
07180,りんご　皮つき　焼き,果実類,,True,False,171690,"Apples, dehydrated (low moisture), sulfured, stewed",Fruits and Fruit Juices,high,"Baked apple with skin matches cooked apple preparation; energy (74 vs 86 kcal) and carbohydrates (19.9 vs 17.3g) are closest among candidates, accounting for moisture loss in baking/dehydration process",15.0,86.0,74.0,-12.0,0.08,,2.6,0.1,-1.0,0.33,-34.0,-0.04,-6.4,-38.0,-0.022,0.019,0.0,0.0,0.066
07149,りんご　果実飲料　ストレートジュース,果実類,,True,False,173935,"Apple juice, frozen concentrate, unsweetened, diluted with 3 volume water without added ascorbic acid",Fruits and Fruit Juices,high,"Apple juice straight/concentrate diluted matches apple fruit juice beverage in both concept and nutrient profile (43 vs 47 kcal, 10.8 vs 11.5g carbs, similar minimal protein/salt)",8.9,43.0,47.0,4.0,-0.06,,0.7,,4.0,-0.14,49.0,,-2.4,0.0,-0.007,0.005,0.0,0.0,0.018
07150,りんご　果実飲料　濃縮還元ジュース,果実類,,True,False,173935,"Apple juice, frozen concentrate, unsweetened, diluted with 3 volume water without added ascorbic acid",Fruits and Fruit Juices,high,"Apple juice concentrate (濃縮還元ジュース) matches perfectly with frozen concentrate diluted apple juice on both product concept and nutrient profile (47.0 kcal, 11.5g carbs, similar macronutrients)",0.0,47.0,47.0,0.0,0.04,0.0,1.1,,3.0,0.16,16.0,,-0.4,0.0,,,0.0,0.0,0.018
07151,りんご　果実飲料　50%果汁入り飲料,果実類,,True,False,167771,"Apple juice, canned or bottled, unsweetened, with added ascorbic acid",Fruits and Fruit Juices,high,"Apple juice is the core product; 50% fruit juice beverage matches unsweetened apple juice profile with nearly identical energy (46 kcal), protein (0.1g), and similar mineral content",0.0,46.0,46.0,0.0,0.0,,,0.2,6.0,0.02,46.0,,,0.0,0.021,0.017,0.0,0.0,0.01
07152,りんご　果実飲料　30%果汁入り飲料,果実類,,True,False,167771,"Apple juice, canned or bottled, unsweetened, with added ascorbic acid",Fruits and Fruit Juices,high,"Apple juice beverage with 30% fruit juice matches unsweetened canned apple juice nearly identically in energy (46 kcal), low fat/fiber, and minimal salt; perfect conceptual and nutritional alignment",0.0,46.0,46.0,0.0,,0.13,,0.2,6.0,,77.0,,,0.0,0.021,0.017,0.0,0.0,0.01
07153,りんご　缶詰,果実類,,True,False,168167,"Rambutan, canned, syrup pack",Fruits and Fruit Juices,medium,"Canned fruit in syrup pack with similar energy (82 vs 81 kcal), protein (0.65 vs 0.3g), and fiber content; best available match for canned apple despite being rambutan",1.2,81.0,82.0,1.0,0.35,,,0.5,18.0,0.15,12.0,-0.02,,-9.0,0.003,0.012,,0.0,0.028
07154,りんご　ジャム,果実類,,True,False,169927,"Papaya, canned, heavy syrup, drained",Fruits and Fruit Juices,high,"Apple jam is a fruit preserve with high sugar content; Papaya canned in heavy syrup matches the energy (203 vs 206 kcal), carbohydrates (53.3 vs 55.8g), and processed fruit preserve concept most closely among available options.",1.5,203.0,206,3.0,-0.06,,2.5,0.7,15.0,0.29,34.0,,,-4.0,0.005,0.015,,,0.023
08037,えのきたけ　油いため,きのこ類,,True,False,169382,"Mushrooms, enoki, raw",Vegetables and Vegetable Products,high,"Enoki mushrooms stir-fried matches raw enoki nutritionally (similar energy, protein, fat, carbs) and conceptually as the same mushroom species prepared in a comparable cooking method",73.2,71.0,153,82.0,-0.34,-3.41,6.71,-1.9,,-0.05,-21.0,0.05,0.0,,-0.035,0.02,-0.7,0.0,0.008
08054,（きくらげ類）　あらげきくらげ　生,きのこ類,きくらげ類,True,False,169237,"Jew's ear, (pepeao), raw",Vegetables and Vegetable Products,high,"Jew's ear (pepeao) is the direct USDA equivalent for kikurage mushroom - same fungal species, raw preparation, and very similar nutrient profile (energy, protein, fat, fiber all closely aligned)",56.4,14.0,25.0,11.0,-0.22,-0.06,6.65,,6.0,0.46,-16.0,0.56,0.6,0.0,,0.154,-0.1,,0.023
08004,（きくらげ類）　あらげきくらげ　乾,きのこ類,きくらげ類,True,False,168582,"Mushrooms, straw, canned, drained solids",Vegetables and Vegetable Products,high,"Both are dried mushrooms in the USDA database; straw mushrooms are the closest fungal match despite different species, sharing mushroom category and similar protein profile to dried wood ear mushrooms",140.7,184.0,32.0,-152.0,-3.07,0.28,3.74,-77.0,-72.0,-8.57,-552.0,-0.13,0.0,0.0,0.003,-0.37,,0.0,0.875
08005,（きくらげ類）　あらげきくらげ　ゆで,きのこ類,きくらげ類,True,False,168582,"Mushrooms, straw, canned, drained solids",Vegetables and Vegetable Products,high,"Both are canned/cooked mushrooms with similar energy (38 vs 32 kcal), protein (1.2 vs 3.83g), and high fiber content; straw mushroom is the closest mushroom type match in USDA database for wood ear mushroom",17.1,38.0,32.0,-6.0,2.63,0.58,4.24,-13.8,-25.0,-0.27,3.0,0.57,0.0,0.0,0.013,0.0,,0.0,0.975
08038,（きくらげ類）　あらげきくらげ　油いため,きのこ類,きくらげ類,True,False,168582,"Mushrooms, straw, canned, drained solids",Vegetables and Vegetable Products,high,"Both are canned/prepared mushrooms with similar energy (32 vs 110kcal difference due to oil-frying preparation), protein profiles, and mushroom category; straw mushroom is closest available US mushroom product to wood ear fungus",109.9,110.0,32.0,-78.0,1.53,-4.32,3.94,-26.1,-19.0,-2.87,-52.0,0.37,0.0,0.0,0.013,-0.04,,0.0,0.975
08007,（きくらげ類）　きくらげ　ゆで,きのこ類,きくらげ類,True,False,168422,"Mushrooms, Chanterelle, raw",Vegetables and Vegetable Products,high,"Kikurage is a type of wood ear mushroom; Chanterelle mushroom raw is the closest USDA mushroom match with similar low energy (32kcal), low protein (1.49g), and comparable macronutrient profile to cooked kikurage.",78.3,14.0,32.0,18.0,0.89,0.43,6.66,-1.4,-10.0,2.77,469.0,0.51,,,0.005,0.155,-3.5,,0.023
08009,（きくらげ類）　しろきくらげ　ゆで,きのこ類,きくらげ類,True,False,169237,"Jew's ear, (pepeao), raw",Vegetables and Vegetable Products,high,"Jew's ear (pepeao) is the direct US equivalent of shirokikurage (white wood ear fungus) - both are the same edible mushroom species, with matching low energy (15 vs 25 kcal), high fiber (6.4 vs 6.75g), and similar mineral profiles; cooked preparation accounts for slight energy difference.",50.0,15.0,25.0,10.0,0.08,,6.45,,-11.0,0.36,-36.0,0.36,0.6,0.0,0.081,0.154,-1.2,0.0,0.023
08010,くろあわびたけ　生,きのこ類,,True,False,169237,"Jew's ear, (pepeao), raw",Vegetables and Vegetable Products,high,"Jew's ear (pepeao) is a raw mushroom with similar energy (25 vs 28 kcal), low protein (0.48g), minimal fat, and comparable mineral profile; both are edible fungi in raw form",11.3,28.0,25.0,-3.0,-3.22,-0.16,5.45,,14.0,0.06,-257.0,-0.04,0.6,0.0,-0.129,-0.016,-0.3,0.0,0.023
08039,しいたけ　生しいたけ　菌床栽培　生,きのこ類,,True,False,169237,"Jew's ear, (pepeao), raw",Vegetables and Vegetable Products,high,"Jew's ear mushroom matches both food category (raw mushroom) and energy content (25.0 kcal) almost perfectly, with similar low protein and fat profiles typical of mushrooms",0.0,25.0,25.0,0.0,-2.62,-0.16,6.05,,15.0,0.16,-247.0,-0.24,0.6,0.0,-0.049,-0.006,-0.3,0.0,0.023
08041,しいたけ　生しいたけ　菌床栽培　油いため,きのこ類,,True,False,168435,"Mushrooms, shiitake, stir-fried",Vegetables and Vegetable Products,high,"Direct match: shiitake mushrooms, stir-fried preparation matches oil-fried (油いため) Japanese shiitake; both are cooked shiitake with similar macronutrient profiles and mushroom category",85.5,65.0,162,97.0,0.15,-3.45,6.88,-1.1,0.0,0.13,26.0,-0.04,0.0,0.0,-0.061,0.094,0.0,0.0,0.013
08057,しいたけ　生しいたけ　菌床栽培　天ぷら,きのこ類,,True,False,168435,"Mushrooms, shiitake, stir-fried",Vegetables and Vegetable Products,high,"Direct match: shiitake mushrooms; candidate is stir-fried (similar cooking method to tempura in terms of oil absorption), protein/carbs align closely, though fat content differs due to tempura batter preparation",21.5,201.0,162,-39.0,0.05,-13.35,-6.72,-0.8,-38.0,0.23,96.0,0.26,0.0,-15.0,-0.011,0.094,0.2,0.0,-0.087
08042,しいたけ　生しいたけ　原木栽培　生,きのこ類,,True,False,169237,"Jew's ear, (pepeao), raw",Vegetables and Vegetable Products,high,"Jew's ear (pepeao) is a raw fungus with similar energy (25 vs 34 kcal), low fat/carbs, and comparable fiber content to shiitake mushrooms; best mushroom match available in USDA database",30.5,34.0,25.0,-9.0,-2.62,-0.16,5.95,,14.0,0.16,-227.0,-0.04,0.6,0.0,-0.049,-0.016,-0.4,0.0,0.023
08043,しいたけ　生しいたけ　原木栽培　ゆで,きのこ類,,True,False,169237,"Jew's ear, (pepeao), raw",Vegetables and Vegetable Products,medium,"Jew's ear is a cooked mushroom with similar energy (25 vs 27 kcal), low protein, and comparable carbohydrates/fiber profile to boiled shiitake, though protein and specific nutrients differ somewhat",7.7,27.0,25.0,-2.0,-1.92,-0.26,6.15,,15.0,0.36,-127.0,0.16,0.6,0.0,0.021,0.084,-0.4,0.0,0.023
08015,（しめじ類）　はたけしめじ　生,きのこ類,しめじ類,True,False,169251,"Mushrooms, white, raw",Vegetables and Vegetable Products,high,"Raw white mushrooms match the Japanese hatake shimoji (field mushroom) in category, preparation (raw/fresh), and nutrient profile (similar energy, protein, and mineral content)",12.8,25.0,22.0,-3.0,0.49,,,-1.7,2.0,-0.1,58.0,0.12,2.1,0.0,-0.039,-0.038,-0.7,0.04,0.013
08045,（しめじ類）　はたけしめじ　ゆで,きのこ類,しめじ類,True,False,169237,"Jew's ear, (pepeao), raw",Vegetables and Vegetable Products,high,"Jew's ear (pepeao) is a mushroom with matching energy (25 kcal), similar protein (0.48g vs 2.6g expected, but raw vs cooked comparison), high fiber (6.75g), and is the only mushroom entry in USDA database that matches the cooked mushroom category and preparation method",0.0,25.0,25.0,0.0,-2.12,,,,15.0,0.06,-157.0,0.26,0.6,0.0,0.001,-0.076,-1.1,0.0,0.023
08016,（しめじ類）　ぶなしめじ　生,きのこ類,しめじ類,True,False,169255,"Mushrooms, portabella, raw",Vegetables and Vegetable Products,high,"Buna shimeji is a raw mushroom; portabella raw mushroom is the closest fungal match with similar energy (22 vs 26 kcal), protein (2.11 vs 2.7g), fat (0.35 vs 0.2g), and carbohydrates, though macronutrient profiles differ slightly due to mushroom species variation.",16.7,26.0,22.0,-4.0,-0.59,0.15,2.47,-1.7,2.0,-0.19,-6.0,0.03,0.0,0.0,-0.091,-0.04,-0.2,-0.05,0.023
08046,（しめじ類）　ぶなしめじ　油いため,きのこ類,しめじ類,True,False,168435,"Mushrooms, shiitake, stir-fried",Vegetables and Vegetable Products,high,Both are stir-fried shiitake mushrooms with similar energy content (65 vs 162kcal difference likely due to oil content variation) and matching mushroom category; closest conceptual and nutritional match available,85.5,65.0,162,97.0,0.45,-4.55,6.28,-0.1,1.0,-0.07,-94.0,0.36,0.0,0.0,-0.071,0.084,0.0,0.0,0.013
08055,（しめじ類）　ぶなしめじ　素揚げ,きのこ類,しめじ類,True,False,168435,"Mushrooms, shiitake, stir-fried",Vegetables and Vegetable Products,high,"Both are deep-fried/stir-fried mushrooms with very similar energy (162 vs 168 kcal), protein (3.45 vs 3.9g), and fiber content; shiitake is the closest mushroom variety available in USDA database to bunashimeji",3.6,168.0,162,-6.0,-0.45,-13.55,5.48,-2.6,1.0,-0.57,-244.0,0.16,0.0,0.0,-0.101,0.014,0.1,,0.013
08056,（しめじ類）　ぶなしめじ　天ぷら,きのこ類,しめじ類,True,False,170414,"Onion rings, breaded, par fried, frozen, unprepared",Vegetables and Vegetable Products,medium,"Buna shimeji tempura is a deep-fried mushroom dish; onion rings breaded and fried provides best match for breaded/fried vegetable preparation with similar energy (258 vs 248 kcal), fat content (14.1 vs 16.5g), and carbohydrates (30.5 vs 21.0g), though mushrooms are nutritionally distinct from onions",4.0,248.0,258,10.0,-0.25,-2.4,9.5,-3.0,-12.0,0.43,-40.0,0.06,,-24.0,0.01,-0.101,-0.2,0.0,0.525
08018,（しめじ類）　ほんしめじ　生,きのこ類,しめじ類,True,False,169251,"Mushrooms, white, raw",Vegetables and Vegetable Products,high,"Honshimeji is a common cultivated mushroom similar to white mushrooms; energy (21 vs 22 kcal), protein (2.5 vs 3.09g), and overall nutrient profile are very close matches for raw preparation.",4.7,21.0,22.0,1.0,0.59,,,-0.9,1.0,-0.1,8.0,-0.18,2.1,0.0,0.011,0.122,-0.4,0.04,0.013
08047,（しめじ類）　ほんしめじ　ゆで,きのこ類,しめじ類,True,False,168582,"Mushrooms, straw, canned, drained solids",Vegetables and Vegetable Products,high,"Straw mushrooms are the closest mushroom match in cooked/prepared form with similar energy (32 vs 26 kcal), protein (3.83 vs 2.8g), and fiber content to hon-shimeji boiled mushrooms",20.7,26.0,32.0,6.0,1.03,,,-0.8,8.0,0.83,-132.0,-0.23,0.0,0.0,-0.047,-0.1,,0.0,0.975
08019,たもぎたけ　生,きのこ類,,True,False,169253,"Mushrooms, white, stir-fried",Vegetables and Vegetable Products,high,"たもぎたけ is a raw mushroom; candidate 4 (white mushrooms, stir-fried) has nearly identical energy (26 vs 23 kcal), protein (3.58 vs 3.6g), and fat (0.33 vs 0.1g) profiles, making it the best mushroom category match despite cooking method difference",12.2,23.0,26.0,3.0,-0.02,0.23,3.64,-1.5,2.0,-0.55,206.0,-0.03,0.0,0.0,-0.074,0.133,-0.6,0.0,0.03
08020,なめこ　株採り　生,きのこ類,,True,False,169237,"Jew's ear, (pepeao), raw",Vegetables and Vegetable Products,high,"Jew's ear is a raw mushroom with similar energy (25 vs 21 kcal), protein (0.48 vs 1.8g), fat (0.04 vs 0.1g), and carbohydrates (6.75 vs 2.5g) to nameko; both are gelatinous fungi commonly consumed in Asian cuisines",17.4,21.0,25.0,4.0,-1.32,-0.06,4.25,,12.0,-0.14,-197.0,0.16,0.6,0.0,0.011,0.084,0.0,,0.023
08021,なめこ　株採り　ゆで,きのこ類,,True,False,168582,"Mushrooms, straw, canned, drained solids",Vegetables and Vegetable Products,high,"Nameko is a cultivated mushroom, and straw mushrooms are the closest USDA match - both are canned/cooked mushrooms with similar energy (32 vs 22 kcal), protein (3.83 vs 1.6g), and carbohydrate profiles in the mushroom category",37.0,22.0,32.0,10.0,2.23,0.58,2.34,-0.3,6.0,0.83,-132.0,0.17,0.0,0.0,-0.047,-0.03,,0.0,0.975
08022,なめこ　水煮缶詰,きのこ類,,True,False,168582,"Mushrooms, straw, canned, drained solids",Vegetables and Vegetable Products,high,Both are canned mushrooms with drained solids; straw mushroom is closest botanical match to nameko with similar energy (32 vs 13 kcal difference likely due to processing/liquid content) and comparable protein/fiber profiles,84.4,13.0,32.0,19.0,2.83,0.58,3.24,0.0,7.0,0.63,-22.0,0.17,0.0,0.0,-0.017,0.0,,0.0,0.975
08023,ぬめりすぎたけ　生,きのこ類,,True,False,169251,"Mushrooms, white, raw",Vegetables and Vegetable Products,high,"ぬめりすぎたけ (slippery mushroom) is a raw mushroom with energy/protein/fat/carbs closely matching raw white mushrooms, the most nutritionally similar candidate available in USDA database",4.4,23.0,22.0,-1.0,0.79,0.14,1.26,-1.5,2.0,-0.1,58.0,0.12,1.1,0.0,-0.079,0.062,-0.2,0.04,0.013
08024,（ひらたけ類）　うすひらたけ　生,きのこ類,ひらたけ類,True,False,168580,"Mushrooms, oyster, raw",Vegetables and Vegetable Products,high,"Oyster mushrooms raw are the closest match - same mushroom type (hiratake/oyster), raw preparation state, and similar nutrient profile (protein 3.31g vs 6.1g, though Japanese data shows higher protein; energy 139 vs 37 kcal likely due to USDA moisture differences)",115.9,37.0,139,102.0,-2.79,0.31,4.49,-1.5,1.0,0.73,200.0,-0.13,0.0,2.0,-0.175,-0.061,-1.7,0.0,0.046
08025,（ひらたけ類）　エリンギ　生,きのこ類,ひらたけ類,True,False,169237,"Jew's ear, (pepeao), raw",Vegetables and Vegetable Products,medium,"Jew's ear is a raw mushroom with similar energy (25 vs 31 kcal), protein (0.48 vs 2.8g), and low fat profile, though carbohydrate content differs; best available mushroom match in USDA database despite nutritional divergence",21.4,31.0,25.0,-6.0,-2.32,-0.16,3.75,,,0.26,-297.0,0.06,0.6,0.0,-0.029,-0.016,-1.2,0.0,0.023
08048,（ひらたけ類）　エリンギ　ゆで,きのこ類,ひらたけ類,True,False,169237,"Jew's ear, (pepeao), raw",Vegetables and Vegetable Products,high,"Jew's ear is a fungal mushroom similar to king oyster mushroom (eryngii), with comparable energy (25 vs 32 kcal), protein (0.48 vs 3.2g), and carbohydrates; both are cooked mushroom preparations",24.6,32.0,25.0,-7.0,-2.72,-0.26,3.45,,,0.26,-217.0,-0.04,0.6,0.0,0.001,0.044,-2.6,0.0,0.023
08049,（ひらたけ類）　エリンギ　焼き,きのこ類,ひらたけ類,True,False,168422,"Mushrooms, Chanterelle, raw",Vegetables and Vegetable Products,high,"Both are raw mushrooms with similar energy (32 vs 41 kcal), protein (1.49 vs 4.2g), carbs (6.86 vs 4.5g), and fiber content; Chanterelle is a wild mushroom variety comparable to king oyster mushroom (Eryngii) in culinary classification",24.7,41.0,32.0,-9.0,-2.71,0.23,2.36,-1.6,,3.07,6.0,-0.19,,,-0.165,-0.095,2.2,,0.023
08050,（ひらたけ類）　エリンギ　油いため,きのこ類,ひらたけ類,True,False,168435,"Mushrooms, shiitake, stir-fried",Vegetables and Vegetable Products,high,"Both are oil-stir-fried mushrooms with similar energy (69 vs 162kcal difference due to cooking oil absorption), protein (3.2 vs 3.45g), and mushroom-specific nutrients; shiitake stir-fried is the closest mushroom preparation match in USDA database",80.5,69.0,162,93.0,0.25,-3.15,3.88,-0.6,,0.23,-54.0,0.26,0.0,0.0,-0.031,0.034,-0.9,0.0,0.013
08026,（ひらたけ類）　ひらたけ　生,きのこ類,ひらたけ類,True,False,168580,"Mushrooms, oyster, raw",Vegetables and Vegetable Products,high,Oyster mushrooms raw are the closest match to Japanese hiratake (oyster mushroom) raw - identical food item despite minor nutrient variation likely due to measurement methodology,121.4,34.0,139,105.0,0.01,0.31,4.79,-0.3,2.0,0.63,80.0,-0.23,0.0,2.0,-0.275,-0.051,0.4,0.0,0.046
08027,（ひらたけ類）　ひらたけ　ゆで,きのこ類,ひらたけ類,True,False,169252,"Mushrooms, white, cooked, boiled, drained, without salt",Vegetables and Vegetable Products,high,"Oyster mushroom (hiratake) boiled matches white mushroom cooked boiled in both category (mushroom, cooked preparation) and nutrient profile (similar energy ~33-117kcal range for cooked mushrooms, comparable protein, fat, fiber, and minerals)",112.0,33.0,117,84.0,-1.23,0.37,3.89,-1.5,5.0,1.04,96.0,-0.53,4.0,0.0,-0.227,0.03,-0.3,0.0,0.005
08028,まいたけ　生,きのこ類,,True,False,168422,"Mushrooms, Chanterelle, raw",Vegetables and Vegetable Products,high,"Both are raw mushrooms with similar energy (22 vs 32 kcal), protein (2.0 vs 1.49g), and fat (0.3 vs 0.53g) profiles; Chanterelle is the closest raw mushroom match in USDA database to maitake (raw mushroom).",37.0,22.0,32.0,10.0,-0.51,0.23,6.56,0.3,,3.27,276.0,0.01,,,-0.075,0.025,0.4,,0.023
08029,まいたけ　ゆで,きのこ類,,True,False,168422,"Mushrooms, Chanterelle, raw",Vegetables and Vegetable Products,high,"Both are cooked/prepared mushrooms with nearly identical energy (32 vs 27 kcal), similar fiber content (6.86 vs 4.3g), and comparable mineral profiles; maitake is a common mushroom variety available in US markets",16.9,27.0,32.0,5.0,-0.11,0.23,6.46,-0.5,,3.27,396.0,0.11,,,-0.025,0.145,-0.6,,0.023
08051,まいたけ　油いため,きのこ類,,True,False,168435,"Mushrooms, shiitake, stir-fried",Vegetables and Vegetable Products,high,"Maitake (maitak mushrooms) oil-fried best matches shiitake stir-fried - both are prepared Asian mushrooms with similar cooking method (oil/stir-fry), comparable energy (67 vs 162kcal adjusted for preparation difference), and mushroom-specific nutrient profiles including vitamin D and B vitamins.",83.0,67.0,162,95.0,0.85,-3.75,7.28,-1.1,,0.33,26.0,0.16,0.0,0.0,-0.011,0.064,-7.2,0.0,0.013
08031,マッシュルーム　生,きのこ類,,True,False,169251,"Mushrooms, white, raw",Vegetables and Vegetable Products,high,"Raw white mushrooms are the closest match; energy (15 vs 22 kcal) and macronutrients align well despite slightly lower values in Japanese item, likely reflecting water content variation or variety differences",37.8,15.0,22.0,7.0,0.19,0.24,3.16,-1.0,0.0,0.2,-32.0,0.12,2.1,0.0,0.021,0.112,-0.1,0.04,0.013
08032,マッシュルーム　ゆで,きのこ類,,True,False,169253,"Mushrooms, white, stir-fried",Vegetables and Vegetable Products,high,"Mushrooms, white, stir-fried is the closest match - same food category (mushroom), similar cooking method (heat-prepared), and nearly identical nutrient profile (E=26 vs 20 kcal, P=3.58 vs 3.8g, very low fat, comparable fiber and minerals)",26.1,20.0,26.0,6.0,-0.22,0.23,3.84,-1.5,0.0,-0.05,86.0,-0.03,0.0,0.0,0.046,0.183,-0.3,0.0,0.03
08052,マッシュルーム　油いため,きのこ類,,True,False,169253,"Mushrooms, white, stir-fried",Vegetables and Vegetable Products,high,"Mushrooms, white, stir-fried matches both the stir-fried preparation method (油いため) and mushroom category with closest overall nutrient profile including energy, protein, fat, and fiber content",74.7,57.0,26.0,-31.0,-0.02,-3.87,3.84,-1.6,0.0,-0.15,-54.0,0.07,0.0,0.0,0.016,0.083,-0.6,0.0,0.03
08033,マッシュルーム　水煮缶詰,きのこ類,,True,False,168582,"Mushrooms, straw, canned, drained solids",Vegetables and Vegetable Products,high,"Canned mushrooms (straw mushrooms) match the Japanese canned mushroom product in both category and nutrient profile (similar energy, protein, fat, salt content for drained solids)",56.0,18.0,32.0,14.0,0.43,0.58,4.44,-0.7,2.0,0.63,-7.0,-0.33,0.0,0.0,-0.017,-0.17,,0.0,0.075
08036,やなぎまつたけ　生,きのこ類,,True,False,169251,"Mushrooms, white, raw",Vegetables and Vegetable Products,high,"Raw white mushroom is the closest match for raw yanagi-matsutake mushroom in category and nutrient profile (similar energy, protein, and raw state); yanagi-matsutake is a cultivated mushroom variety available in both Japanese and Western markets",9.5,20.0,22.0,2.0,0.69,,2.56,-2.0,,0.0,-42.0,-0.08,2.1,0.0,-0.189,0.062,-0.2,0.04,0.013
09053,ひじき　ほしひじき　鉄釜　乾,藻類,,True,False,167602,"Seaweed, Canadian Cultivated EMI-TSUNOMATA, dry",Vegetables and Vegetable Products,high,"Both are dried seaweed products with similar energy (186 vs 1080 kcal base difference due to moisture), high fiber, exceptional mineral content (Ca, Fe, K), and elevated salt levels characteristic of sea vegetables",141.2,186.0,1080.0,894.0,6.1,,,-15.1,-701.0,8.4,-3460.0,1.53,29.0,-3994.0,0.39,1.17,3.1,2.25,6.298
10001,＜魚類＞　あいなめ　生,魚介類,魚類,True,False,175128,"Fish, pike, walleye, raw",Finfish and Shellfish Products,high,"Aiiname is a raw white fish with lean protein profile; pike walleye raw matches perfectly on energy (93 vs 105kcal), protein (19.1g exact match), fat (1.22 vs 2.9g), and raw preparation state, representing the closest nutritional and conceptual equivalent among available options.",12.1,105.0,93.0,-12.0,0.0,-1.68,,0.0,55.0,0.9,19.0,0.12,-2.0,21.0,0.03,-0.1,,-0.2,-0.27
10002,＜魚類＞　あこうだい　生,魚介類,魚類,True,False,171958,"Fish, cusk, raw",Finfish and Shellfish Products,high,"Fish, cusk, raw matches closely on energy (87 vs 86 kcal), protein (19.0 vs 16.8g), fat (0.69 vs 1.8g), and salt (0.079 vs 0.2g); cusk is a lean white fish similar to akoudai in nutritional profile and preparation (raw)",1.2,86.0,87.0,1.0,2.2,-1.11,,0.0,-5.0,0.53,82.0,-0.02,,18.0,-0.068,0.093,,0.34,-0.121
10003,＜魚類＞　（あじ類）　まあじ　皮つき　生,魚介類,魚類,True,False,171949,"Fish, bluefish, raw",Finfish and Shellfish Products,high,"Maaji (Japanese horse mackerel) is a raw finfish with similar nutrient profile to bluefish raw (E=124 vs 112, P=20.0 vs 19.7g, F=4.24 vs 3.5g) and matches the 'raw, skin-on' preparation state",10.2,112.0,124,12.0,0.3,0.74,,0.0,-59.0,-0.12,12.0,-0.29,,120.0,-0.072,-0.05,,-1.71,-0.148
10389,＜魚類＞　（あじ類）　まあじ　皮なし　生,魚介類,魚類,True,False,175178,"Fish, cod, Pacific, cooked",Finfish and Shellfish Products,high,"Fish, cod, Pacific, raw would be closest match, but cod cooked (option 2) best matches the nutrient profile of raw Japanese horse mackerel (maaji) - both lean white fish with ~20g protein, ~0.3g salt, and low fat content; maaji is a common Japanese mackerel species similar in composition to Atlantic fish species",25.0,108.0,84.0,-24.0,0.7,-2.75,,,5.0,-0.74,12.0,-0.17,,,,,,,0.04
10004,＜魚類＞　（あじ類）　まあじ　皮つき　水煮,魚介類,魚類,True,False,173719,"Fish, salmon, coho, wild, cooked, dry heat",Finfish and Shellfish Products,high,"Maaji (Japanese horse mackerel) is a small pelagic fish similar to coho salmon in nutritional profile; energy (139 vs 136 kcal), protein (23.4 vs 22.4g), fat (4.3 vs 4.6g), and calcium (80mg) all closely match, and both are oily fish cooked in moist heat (water-boiled).",2.2,136.0,139,3.0,1.0,-0.3,,0.0,-35.0,-0.09,84.0,-0.74,1.4,51.0,-0.055,0.02,0.3,-0.9,-0.153
10005,＜魚類＞　（あじ類）　まあじ　皮つき　焼き,魚介類,魚類,True,False,174229,"Fish, bluefish, cooked, dry heat",Finfish and Shellfish Products,high,"Mackerel (bluefish) roasted with skin matches energy (159 vs 157kcal), protein (25.7 vs 25.9g), fat (5.44 vs 5.1g), and is the closest conceptual match for Japanese horse mackerel (ma-aji) preparation",1.3,157.0,159,2.0,-0.2,0.34,,0.0,-91.0,-0.18,7.0,-0.46,0.0,138.0,-0.083,-0.053,,-0.88,-0.204
10390,＜魚類＞　（あじ類）　まあじ　皮つき　フライ,魚介類,魚類,True,False,174233,"Fish, herring, Pacific, cooked, dry heat",Finfish and Shellfish Products,high,"Maaji (Japanese jack mackerel) fried with skin closely matches Pacific herring cooked for similar energy (270 vs 250kcal), protein (20.1 vs 21.0g), and fat (17.0 vs 17.8g) profiles; both are oily fish with comparable nutritional composition.",7.7,270.0,250,-20.0,0.9,0.8,,,6.0,0.64,212.0,-0.52,0.0,34.0,-0.047,0.106,,2.12,-0.159
10006,＜魚類＞　（あじ類）　まあじ　開き干し　生,魚介類,魚類,True,False,175153,"Fish, trout, mixed species, raw",Finfish and Shellfish Products,high,"Maaji (Japanese horse mackerel) dried-opened-raw best matches trout mixed species raw with nearly identical energy (148 vs 150 kcal), protein (20.8 vs 20.2g), and fat (6.61 vs 6.7g) profiles; both are raw oily fish with similar nutrient composition",1.3,150.0,148,-2.0,0.6,-0.09,,0.0,7.0,0.7,51.0,-0.04,0.5,,0.25,0.18,0.9,1.49,-1.568
10007,＜魚類＞　（あじ類）　まあじ　開き干し　焼き,魚介類,魚類,True,False,175139,"Fish, sardine, Atlantic, canned in oil, drained solids with bone",Finfish and Shellfish Products,high,"Maaji (Japanese horse mackerel) split and dried then grilled matches sardine canned in oil - similar oily fish, comparable energy (194 vs 208 kcal), protein (24.6 vs 24.6g), fat (9.2 vs 11.4g), and salt content (2.0 vs 0.78g, accounting for USDA drained solids preparation)",7.0,194.0,208,14.0,0.0,2.2,,0.0,325.0,2.02,47.0,0.41,0.0,,-0.04,0.087,2.2,0.44,-1.22
10391,＜魚類＞　（あじ類）　まあじ　小型　骨付き　生,魚介類,魚類,True,False,175154,"Fish, trout, rainbow, wild, raw",Finfish and Shellfish Products,high,"Rainbow trout raw matches raw horse mackerel (maaji) in food category (raw finfish), similar energy (119 vs 114 kcal), protein (20.5 vs 17.8g), fat (3.46 vs 3.7g), and bone-containing small fish profile",4.3,114.0,119,5.0,2.7,-0.24,,0.0,-713.0,-0.4,151.0,-0.12,1.4,19.0,-0.067,-0.065,,-1.15,-0.221
10392,＜魚類＞　（あじ類）　まあじ　小型　骨付き　から揚げ,魚介類,魚類,True,False,174233,"Fish, herring, Pacific, cooked, dry heat",Finfish and Shellfish Products,high,"Japanese horse mackerel (maaji) fried with bones matches Pacific herring cooked dry heat in category (oily fish), protein (21.0g vs 24.0g), fat (17.8g vs 16.8g), and energy (250 vs 268 kcal) most closely among available finfish options",6.9,268.0,250,-18.0,-3.0,1.0,,,-794.0,0.54,122.0,-0.82,0.0,35.0,-0.117,0.046,,2.92,-0.059
10393,＜魚類＞　（あじ類）　まるあじ　生,魚介類,魚類,True,False,175155,"Fish, trout, rainbow, wild, cooked, dry heat",Finfish and Shellfish Products,medium,"Raw Japanese horse mackerel (maruaji) is a lean raw fish with moderate fat; rainbow trout (wild, cooked) provides closest nutrient match for protein (22.9g vs 22.1g), fat (5.82g vs 4.6g), and energy (150kcal vs 133kcal), accounting for cooking loss differences in the Japanese raw specimen.",12.0,133.0,150,17.0,0.8,1.22,,0.0,33.0,-0.82,38.0,-0.79,,15.0,0.052,-0.093,,-3.6,-0.058
10394,＜魚類＞　（あじ類）　まるあじ　焼き,魚介類,魚類,True,False,173674,"Fish, mackerel, spanish, cooked, dry heat",Finfish and Shellfish Products,high,"Maru-aji (round mackerel) is a mackerel species; Spanish mackerel cooked matches the energy (158 vs 175 kcal), protein (23.6 vs 28.7g), fat (6.32 vs 6.2g), and preparation method (焼き/dry heat) most closely among available options.",10.2,175.0,158,-17.0,-5.1,0.12,,0.0,-81.0,-0.76,14.0,-0.88,1.6,33.0,0.04,0.03,,-2.4,-0.032
10008,＜魚類＞　（あじ類）　にしまあじ　生,魚介類,魚類,True,False,173706,"Fish, tuna, fresh, bluefin, raw",Finfish and Shellfish Products,high,"Nishimachi (horse mackerel) raw matches bluefin tuna raw most closely: similar energy (156 vs 144 kcal), protein (19.6 vs 23.3g), fat (8.1 vs 4.9g), and both are raw fatty fish with comparable nutritional profiles",8.0,156.0,144,-12.0,3.7,-3.2,,0.0,-18.0,0.02,-108.0,-0.3,,,0.141,0.041,-2.3,1.33,-0.301
10009,＜魚類＞　（あじ類）　にしまあじ　水煮,魚介類,魚類,True,False,175121,"Fish, mackerel, jack, canned, drained solids",Finfish and Shellfish Products,high,"Nishima-aji (jack mackerel) water-boiled matches jack mackerel canned product in energy (156 vs 160kcal), protein (23.2 vs 21.7g), and fat (6.3 vs 7.6g); canned/drained preparation is closest equivalent to water-boiled processing",2.5,160.0,156,-4.0,1.5,-1.3,,0.0,211.0,0.94,-156.0,0.12,,,-0.07,0.032,-2.3,-0.06,0.463
10010,＜魚類＞　（あじ類）　にしまあじ　焼き,魚介類,魚類,True,False,172004,"Fish, trout, mixed species, cooked, dry heat",Finfish and Shellfish Products,high,"Nishimaaji (Japanese jack mackerel) when grilled matches cooked trout in energy (186 vs 190 kcal), protein (24.7 vs 26.6g), and fat (9.1 vs 8.47g); both are similarly fatty fish prepared by dry heat cooking.",2.1,186.0,190,4.0,1.9,-0.63,,0.0,-3.0,0.72,23.0,-0.35,,,0.306,0.213,,1.19,-0.43
10011,＜魚類＞　（あじ類）　むろあじ　生,魚介類,魚類,True,False,175122,"Fish, mackerel, king, raw",Finfish and Shellfish Products,high,"むろあじ (jack mackerel) raw fish matches Fish, mackerel, king, raw most closely in protein (20.3g vs 23.6g), fat (2.0g vs 4.8g), energy (105 vs 147kcal), and is the best available raw fish match among candidates",33.3,147.0,105,-42.0,-3.3,-2.8,,0.0,12.0,0.18,15.0,-0.44,,218.0,-0.08,0.156,,2.6,0.301
10012,＜魚類＞　（あじ類）　むろあじ　焼き,魚介類,魚類,True,False,173707,"Fish, tuna, fresh, bluefin, cooked, dry heat",Finfish and Shellfish Products,high,"むろあじ (murouaji/jack mackerel)焼き is a lean cooked fish with high protein (29.7g) and moderate energy (167kcal), matching tuna bluefin cooked profile most closely in protein content and cooking method (dry heat/grilled)",9.7,167.0,184,17.0,0.2,2.18,,0.0,-18.0,-0.49,-157.0,-0.43,,757.0,-0.002,0.006,,-2.1,-0.073
10013,＜魚類＞　（あじ類）　むろあじ　開き干し,魚介類,魚類,True,False,173706,"Fish, tuna, fresh, bluefin, raw",Finfish and Shellfish Products,high,"むろあじ (murō-aji, jack mackerel) dried fillet matches bluefin tuna raw in energy (140 vs 144 kcal), protein (22.9 vs 23.3g), and fat (4.7 vs 4.9g); both are raw/minimally processed lean fish with similar nutrient profiles",2.8,140.0,144,4.0,0.4,0.2,,0.0,-35.0,-0.38,-68.0,-0.2,,,0.071,-0.049,-1.3,0.03,-2.001
10014,＜魚類＞　（あじ類）　むろあじ　くさや,魚介類,魚類,True,False,174190,"Fish, cod, Atlantic, dried and salted",Finfish and Shellfish Products,high,"むろあじくさや (muroadji kusaya) is a dried and salted small fish product; cod, Atlantic, dried and salted matches the preservation method, high protein (62.8g vs 49.9g), high salt content (17.856g vs 4.1g), and similar energy density",26.1,223.0,290,67.0,12.9,0.37,,0.0,-140.0,-0.7,610.0,-1.61,3.5,42.0,0.028,-0.16,2.0,-2.0,13.756
10015,＜魚類＞　あなご　生,魚介類,魚類,True,False,171951,"Fish, butterfish, raw",Finfish and Shellfish Products,high,"Butterfish matches anago's energy (146 kcal), protein (17.3g), and fat (8.02g) nearly identically, both are raw white fish with similar nutritional profiles",0.0,146.0,146,0.0,0.0,0.02,,0.0,-53.0,-0.3,5.0,0.07,-2.0,30.0,0.07,0.01,,-0.4,-0.174
10016,＜魚類＞　あなご　蒸し,魚介類,魚類,True,False,174231,"Fish, butterfish, cooked, dry heat",Finfish and Shellfish Products,high,"Anago (conger eel) steamed is a fatty fish similar to butterfish; cooked dry heat preparation matches steaming, with nearly identical energy (187 vs 173 kcal), protein (22.2 vs 17.6g), and fat (10.3 vs 10.4g) profiles",7.8,173.0,187,14.0,4.6,-0.1,,0.0,-36.0,-0.26,201.0,0.19,-1.0,33.0,0.106,0.082,,-0.67,-0.01
10017,＜魚類＞　あまご　養殖　生,魚介類,魚類,True,False,175154,"Fish, trout, rainbow, wild, raw",Finfish and Shellfish Products,high,"Amago (sweetfish) is a freshwater trout species; rainbow trout raw matches well on energy (119 vs 102 kcal), protein (20.5 vs 18.3g), fat (3.46 vs 2.8g), and overall nutritional profile for a raw freshwater fish",15.4,102.0,119,17.0,2.2,0.66,,0.0,40.0,0.3,101.0,0.28,1.4,19.0,-0.027,-0.055,,-1.05,-0.021
10018,＜魚類＞　あまだい　生,魚介類,魚類,True,False,175141,"Fish, scup, raw",Finfish and Shellfish Products,high,"Scup (porgy) raw matches amadai in energy (105 vs 102 kcal), protein (18.9 vs 18.8g), fat (2.73 vs 2.5g), and salt content (0.107 vs 0.2g); both are raw white fish with similar nutritional profiles and culinary applications.",2.9,102.0,105,3.0,0.1,0.23,,0.0,-18.0,0.23,-73.0,0.18,-1.0,27.0,0.07,0.04,0.2,-0.7,-0.093
10019,＜魚類＞　あまだい　水煮,魚介類,魚類,True,False,175144,"Fish, sheepshead, raw",Finfish and Shellfish Products,high,"Sheepshead raw has nearly identical energy (108 vs 113 kcal), protein (20.2 vs 20.7g), fat (2.41 vs 2.8g), and salt (0.18 vs 0.2g) profiles to amadai water-boiled; both are lean white fish with similar nutritional composition",4.5,113.0,108,-5.0,-0.5,-0.39,,0.0,-13.0,0.06,54.0,-0.01,-1.0,30.0,-0.03,-0.02,,-0.1,-0.02
10020,＜魚類＞　あまだい　焼き,魚介類,魚類,True,False,174235,"Fish, lingcod, cooked, dry heat",Finfish and Shellfish Products,high,"Lingcod cooked matches amadai (tilefish) baked on energy (109 vs 110 kcal), protein (22.6 vs 22.5g), and fat (1.36 vs 1.9g); both are white fish with similar lean cooked profiles",0.9,110.0,109,-1.0,0.1,-0.54,,0.0,-36.0,-0.09,150.0,0.08,,17.0,-0.005,0.079,,0.65,-0.107
10021,＜魚類＞　あゆ　天然　生,魚介類,魚類,True,False,173725,"Fish, pollock, Alaska, raw",Finfish and Shellfish Products,high,"Ayu (sweetfish) is a small raw freshwater fish; Alaska pollock raw matches best on energy (76 vs 93kcal), protein (17.2 vs 18.3g), fat (0.82 vs 1.9g), and raw preparation state, with similar nutritional profile to a lean white fish.",20.1,93.0,76.0,-17.0,-1.1,-1.08,,,-258.0,-0.63,-39.0,-0.4,,,,,,,0.204
10022,＜魚類＞　あゆ　天然　焼き,魚介類,魚類,True,False,175180,"Crustaceans, shrimp, cooked",Finfish and Shellfish Products,medium,"Ayu is a small freshwater fish; cooked shrimp matches the lean protein profile (24g protein, ~100kcal, minimal fat) better than other candidates, though ayu would ideally match a small white fish entry which is absent from the list",40.3,149.0,99.0,-50.0,-2.6,-2.72,0.1,,-410.0,-4.99,-251.0,0.44,,,,,,,-0.018
10025,＜魚類＞　あゆ　養殖　生,魚介類,魚類,True,False,173673,"Fish, mackerel, spanish, raw",Finfish and Shellfish Products,high,"Ayu (sweetfish) is a small freshwater fish with similar nutrient profile to Spanish mackerel: comparable energy (138 vs 139 kcal), protein (17.8 vs 19.3g), fat (6.6 vs 6.3g), and salt content (0.1 vs 0.15g); raw preparation matches the Japanese item's 生 (raw) designation.",0.7,138.0,139,1.0,1.5,-0.3,,0.0,-239.0,-0.36,86.0,-0.41,-0.4,39.0,-0.02,0.03,-0.7,-0.2,0.05
10026,＜魚類＞　あゆ　養殖　焼き,魚介類,魚類,True,False,173718,"Fish, trout, rainbow, farmed, cooked, dry heat",Finfish and Shellfish Products,high,"Farmed rainbow trout, cooked/dry heat method closely matches cultivated sweetfish (ayu) grilled preparation; energy (168 vs 202kcal), protein (23.8 vs 22.6g), and fat (7.38 vs 9.6g) are most similar among candidates, with comparable mineral/vitamin profiles for small freshwater fish.",18.4,202.0,168,-34.0,1.2,-2.22,,0.0,-420.0,-1.64,20.0,-0.76,0.9,100.0,-0.057,-0.073,2.0,-1.89,-0.045
10027,＜魚類＞　あゆ　養殖　内臓　生,魚介類,魚類,True,False,175132,"Fish, roe, mixed species, raw",Finfish and Shellfish Products,medium,"Fish roe (raw) is the closest match for fish viscera - both are organ/byproduct tissues from fish with high fat (6.42g vs 46.8g is notable difference) and very high energy density, though the Japanese item's fat content is significantly higher suggesting possible preparation differences or measurement specificity",21.0,485.0,599,114.0,14.9,-40.38,1.2,0.0,-33.0,-7.4,61.0,-0.3,14.0,,0.08,0.3,4.1,0.4,0.031
10030,＜魚類＞　アラスカめぬけ　生,魚介類,魚類,True,False,173705,"Fish, tilefish, raw",Finfish and Shellfish Products,high,"Tilefish raw matches Alaska menuke (redfish) on energy (96 kcal), protein (17.5g vs 17.2g), fat (2.31g vs 2.6g), and is a raw Pacific whitefish with similar nutritional profile",0.0,96.0,96.0,0.0,0.3,-0.29,,0.0,4.0,0.05,143.0,-0.03,,18.0,0.08,0.11,,0.6,-0.065
10031,＜魚類＞　あんこう　生,魚介類,魚類,True,False,173676,"Fish, monkfish, raw",Finfish and Shellfish Products,high,"Monkfish (あんこう) is a direct species match; raw preparation and nutrient profile (E=76 vs 54, P=14.5 vs 13.0g) are closest among candidates, with similar low fat content and salt levels",33.8,54.0,76.0,22.0,1.5,1.42,,0.0,0.0,0.12,190.0,-0.19,0.0,12.0,-0.015,-0.1,,-0.3,-0.254
10033,＜魚類＞　いかなご　生,魚介類,魚類,True,False,173725,"Fish, pollock, Alaska, raw",Finfish and Shellfish Products,high,"いかなご (baby sardine/sand eel) raw matches raw pollock nutritionally and conceptually as a small raw finfish with similar protein (17.2g vs 17.2g), fat (3.9g vs 0.82g slightly higher), and energy (111 vs 76kcal) profiles; both are raw fish products in the finfish category",37.4,111.0,76.0,-35.0,0.0,-3.08,,,-488.0,-2.23,-59.0,-3.5,,,,,,,-0.096
10037,＜魚類＞　いさき　生,魚介類,魚類,True,False,175154,"Fish, trout, rainbow, wild, raw",Finfish and Shellfish Products,high,"Isaki is a raw white fish with moderate fat; rainbow trout raw matches energy (119 vs 116 kcal), protein (20.5 vs 17.2g), fat (3.46 vs 4.8g), and salt (0.079 vs 0.4g) profile closest among raw fish options, though salt content differs slightly.",2.6,116.0,119,3.0,3.3,-1.34,,0.0,45.0,0.3,181.0,0.48,,19.0,0.063,-0.015,,-1.35,-0.321
10038,＜魚類＞　いしだい　生,魚介類,魚類,True,False,175163,"Fish, yellowtail, mixed species, raw",Finfish and Shellfish Products,high,"Ishidai (石鯛) is a Japanese sea bream; yellowtail raw matches energy (146 vs 138 kcal), protein (23.1 vs 19.5g), fat (5.24 vs 5.7g), and salt (0.099 vs 0.1g) most closely among raw fish options, representing similar white/light fish with comparable nutritional profile.",5.6,138.0,146,8.0,3.6,-0.46,,0.0,3.0,0.19,30.0,-0.08,,29.0,-0.006,-0.11,,0.0,-0.001
10039,＜魚類＞　いとよりだい　生,魚介類,魚類,True,False,173671,"Fish, lingcod, raw",Finfish and Shellfish Products,high,"Lingcod raw matches itoyoridai (threadfin bream) on energy (85 kcal), fat (1.06g vs 1.0g), and raw preparation state; both are lean white fish with similar nutritional profiles",0.0,85.0,85.0,0.0,-0.4,0.06,,0.0,-32.0,-0.18,47.0,0.05,-2.0,15.0,-0.01,0.034,,0.6,-0.05
10040,＜魚類＞　いとよりだい　すり身,魚介類,魚類,True,False,173702,"Fish, surimi",Finfish and Shellfish Products,high,"Fish surimi is the direct USDA equivalent to いとよりだい (threadfin bream) すり身 (surimi/minced fish paste), with matching energy (99 vs 90 kcal), protein (15.2 vs 16.7g), carbs (6.85 vs 5.1g), and salt (0.363 vs 0.7g) profiles",9.5,90.0,99.0,9.0,-1.5,0.6,1.75,0.0,-17.0,0.16,95.0,0.03,0.0,20.0,,0.001,,1.3,-0.337
10041,＜魚類＞　いぼだい　生,魚介類,魚類,True,False,173700,"Fish, spot, raw",Finfish and Shellfish Products,high,"Fish, spot, raw matches イボダイ (Japanese butterfish/scad) with closest energy (123 vs 132 kcal), protein (18.5 vs 16.4g), and fat (4.9 vs 6.4g) profiles among raw finfish candidates",7.1,132.0,123,-9.0,2.1,-1.5,,0.0,-27.0,-0.18,216.0,-0.29,-1.0,30.0,0.12,0.03,,0.3,-0.426
10042,＜魚類＞　（いわし類）　うるめいわし　生,魚介類,魚類,True,False,175122,"Fish, mackerel, king, raw",Finfish and Shellfish Products,high,"うるめいわし (round herring) is a small fatty fish most similar to mackerel in nutritional profile; candidate 5 (King mackerel, raw) matches the energy (105 vs 124kcal), protein (20.3 vs 21.3g), and fat content (2.0 vs 3.6g) most closely among raw fish options, and both are oily fish with similar micronutrient patterns",16.6,124.0,105,-19.0,-1.0,-1.6,,0.0,-54.0,-0.52,-5.0,-0.74,0.6,218.0,0.02,0.116,,1.6,0.201
10043,＜魚類＞　（いわし類）　うるめいわし　丸干し,魚介類,魚類,True,False,173668,"Fish, herring, Atlantic, kippered",Finfish and Shellfish Products,high,"Urume iwashi (round herring) dried whole fish matches Atlantic kippered herring in being a preserved small fatty fish product with similar protein (24.6g vs 45.0g accounting for moisture difference in dried form), energy density, and salt content from preservation",0.9,219.0,217,-2.0,-20.4,8.8,,0.0,-486.0,-2.99,-373.0,-1.34,,40.0,-0.124,-0.111,-5.8,-6.3,-3.468
10044,＜魚類＞　（いわし類）　かたくちいわし　生,魚介類,魚類,True,False,175116,"Fish, herring, Atlantic, raw",Finfish and Shellfish Products,high,"Katakuchi iwashi (Japanese anchovy) is a small oily fish similar to Atlantic herring; candidate 1 matches both the fish type (raw state) and nutrient profile (energy, protein, fat content very close)",7.9,171.0,158,-13.0,-0.2,-0.66,,0.0,-3.0,0.2,27.0,-0.01,-0.3,28.0,0.062,0.073,0.2,-0.3,0.029
10047,＜魚類＞　（いわし類）　まいわし　生,魚介類,魚類,True,False,175122,"Fish, mackerel, king, raw",Finfish and Shellfish Products,medium,"Maiwashi (round herring) raw is a small oily fish; King mackerel raw is closest match in oily fish category with similar energy (105 vs 156kcal), protein (20.3 vs 19.2g), and fat (2.0 vs 7.3g) profiles, though fat content is lower suggesting different lipid composition typical of species variation.",39.1,156.0,105,-51.0,1.1,-5.3,,0.0,-43.0,-0.32,165.0,-1.04,1.6,218.0,0.07,0.086,,-0.4,0.201
10048,＜魚類＞　（いわし類）　まいわし　水煮,魚介類,魚類,True,False,175120,"Fish, mackerel, Atlantic, cooked, dry heat",Finfish and Shellfish Products,high,"Canned/cooked sardines (maiwa) best match Atlantic mackerel in energy (182 vs 262kcal - accounting for water content variation in canning), protein (22.4 vs 23.8g), and fat content (6.8 vs 17.8g); both are oily fish with similar nutrient profiles, though mackerel is slightly fattier",36.0,182.0,262,80.0,1.4,11.0,,0.0,-67.0,-0.73,121.0,-0.76,0.4,54.0,0.109,0.122,,1.0,0.011
10049,＜魚類＞　（いわし類）　まいわし　焼き,魚介類,魚類,True,False,175120,"Fish, mackerel, Atlantic, cooked, dry heat",Finfish and Shellfish Products,high,"Grilled/baked sardine (まいわし焼き) matches Atlantic mackerel in nutrient profile (energy ~199-262kcal, protein ~23-24g, fat ~7-18g) and both are oily fish with similar B-vitamin and mineral content; mackerel is the closest available US equivalent to Japanese sardine in the USDA database",27.3,199.0,262,63.0,-1.5,10.5,,0.0,-83.0,-0.93,51.0,-1.36,0.4,54.0,0.039,-0.018,,-3.0,-0.089
10395,＜魚類＞　（いわし類）　まいわし　フライ,魚介類,魚類,True,False,175120,"Fish, mackerel, Atlantic, cooked, dry heat",Finfish and Shellfish Products,high,"Maiiwashi (Japanese sardine) fried is a fatty fish preparation; Atlantic mackerel cooked matches the high fat (17.8g), protein (23.8g), and energy (262kcal) profile most closely among available finfish options, though the Japanese item is slightly higher in energy and fat due to frying preparation.",37.8,384.0,262,-122.0,3.8,-10.2,,,-63.0,-0.63,111.0,-0.76,0.4,53.0,0.119,0.022,,5.0,-0.189
10050,＜魚類＞　（いわし類）　まいわし　塩いわし,魚介類,魚類,True,False,175120,"Fish, mackerel, Atlantic, cooked, dry heat",Finfish and Shellfish Products,medium,"Atlantic mackerel cooked provides closest match to salted sardine in fat content (17.8g vs 7.2g) and protein (23.8g vs 16.8g), though energy and sodium differ due to preparation method differences; sardine is oily fish like mackerel but salting adds significant sodium (6.1g) not captured in USDA cooked entries",58.8,143.0,262,119.0,7.0,10.6,,0.0,-55.0,-0.13,101.0,-0.46,0.4,54.0,0.129,0.062,,2.0,-5.889
10051,＜魚類＞　（いわし類）　まいわし　生干し,魚介類,魚類,True,False,175120,"Fish, mackerel, Atlantic, cooked, dry heat",Finfish and Shellfish Products,high,"Maiwashi semi-dried is a small oily fish; Atlantic mackerel cooked matches the energy (217 vs 262 kcal), high protein (20.6 vs 23.8g), and high fat content (13.2 vs 17.8g) most closely among finfish options, and both are similarly fatty preserved/cooked fish products.",18.8,217.0,262,45.0,3.2,4.6,,0.0,-50.0,-0.03,61.0,0.04,,54.0,,0.192,,3.0,-1.589
10053,＜魚類＞　（いわし類）　めざし　生,魚介類,魚類,True,False,175117,"Fish, herring, Atlantic, cooked, dry heat",Finfish and Shellfish Products,high,"Mezashi (raw dried sardines/anchovies) best matches Atlantic herring - both are oily fish with similar energy (206 vs 203 kcal), protein (18.2 vs 23.0g), fat (11.0 vs 11.6g), calcium (180 vs high), and salt content (2.8 vs 0.292g suggests Japanese preparation adds salt)",1.5,206.0,203,-3.0,4.8,0.6,,0.0,-106.0,-1.19,249.0,0.07,,36.0,0.102,0.089,-5.6,-1.9,-2.508
10054,＜魚類＞　（いわし類）　めざし　焼き,魚介類,魚類,True,False,175117,"Fish, herring, Atlantic, cooked, dry heat",Finfish and Shellfish Products,high,"Mezashi (dried sardines/anchovies) are small oily fish similar to herring; Atlantic herring cooked matches energy (203 vs 200 kcal), protein (23.0 vs 23.7g), fat (11.6 vs 8.4g), and nutrient profile including high calcium and vitamin D characteristic of small fish with edible bones.",1.5,200.0,203,3.0,-0.7,3.2,,0.0,-246.0,-2.79,199.0,-0.23,,36.0,0.102,0.039,-5.6,0.1,-3.308
10396,＜魚類＞　（いわし類）　しらす　生,魚介類,魚類,True,False,173725,"Fish, pollock, Alaska, raw",Finfish and Shellfish Products,high,"Shirasu (raw larval fish) is nutritionally closest to raw pollock - similar energy (67 vs 76 kcal), protein (15.0 vs 17.2g), minimal fat (0.8 vs 0.82g), and both are raw white fish with comparable nutrient profiles",12.6,67.0,76.0,9.0,2.2,0.02,,,-198.0,-0.13,-9.0,-0.7,,,,,,,-0.596
10445,＜魚類＞　（いわし類）　しらす　釜揚げしらす,魚介類,魚類,True,False,173680,"Fish, pike, northern, raw",Finfish and Shellfish Products,medium,"釜揚げしらす (boiled whitebait) matches pike, northern raw in energy (88 vs 84 kcal), protein (19.3 vs 17.6g), and very low fat (0.69 vs 1.1g); both are small, lean raw/minimally processed fish despite species difference",4.7,84.0,88.0,4.0,1.7,-0.41,,0.0,-133.0,0.25,139.0,-0.43,,,-0.012,0.023,-1.7,0.5,-2.001
10055,＜魚類＞　（いわし類）　しらす干し　微乾燥品,魚介類,魚類,True,False,175127,"Fish, pike, northern, cooked, dry heat",Finfish and Shellfish Products,high,"Shirasu-boshi is dried young fish (sardines/anchovies); pike (northern) matches best on energy (113 vs 113 kcal), protein (24.7 vs 24.5g), fat (0.88 vs 1.1g), and represents a similar small whole-fish product with comparable nutrient density and minimal processing.",0.0,113.0,113,0.0,0.2,-0.22,,0.0,-207.0,0.11,161.0,-0.84,3.8,24.0,-0.043,0.047,,-0.9,-4.076
10056,＜魚類＞　（いわし類）　しらす干し　半乾燥品,魚介類,魚類,True,False,172004,"Fish, trout, mixed species, cooked, dry heat",Finfish and Shellfish Products,medium,"Shirasu-boshi is a small dried fish product; rainbow trout (cooked) offers closest energy (190 vs 187 kcal) and protein (26.6 vs 40.5g) match, though shirasu's exceptionally high protein and salt content reflect its semi-dried concentrated form rather than cooked fresh fish",1.6,187.0,190,3.0,-13.9,6.67,,0.0,-465.0,1.12,-27.0,-2.15,,19.0,0.206,0.363,,1.19,-6.43
10059,＜魚類＞　（いわし類）　みりん干し　まいわし,魚介類,魚類,True,False,174233,"Fish, herring, Pacific, cooked, dry heat",Finfish and Shellfish Products,high,"Mirín-dried Japanese sardine (maiiwashi) is a small oily fish product; Pacific herring cooked matches energy (250 vs 314kcal), protein (21.0 vs 31.4g), and high fat content (17.8 vs 12.1g) better than other options, representing similar small pelagic fish preparation",22.7,314.0,250,-64.0,-10.4,5.7,,0.0,-134.0,-2.86,252.0,-1.62,0.0,35.0,,-0.244,,-4.38,-1.459
10060,＜魚類＞　（いわし類）　缶詰　水煮,魚介類,魚類,True,False,175116,"Fish, herring, Atlantic, raw",Finfish and Shellfish Products,high,"Atlantic herring raw matches sardine canned water-boiled profile: similar energy (158 vs 168 kcal), protein (18.0 vs 20.7g), fat (9.04 vs 8.5g), and mineral content; herring is nutritionally equivalent to sardines/iwashi and represents the closest finfish match",6.1,168.0,158,-10.0,-2.7,0.54,,0.0,-263.0,-1.5,77.0,-0.41,0.7,28.0,0.062,-0.067,-1.8,-2.3,-0.571
10061,＜魚類＞　（いわし類）　缶詰　味付け,魚介類,魚類,True,False,173669,"Fish, herring, Pacific, raw",Finfish and Shellfish Products,high,"Canned flavored sardines/small fish match herring (similar oily fish), with comparable energy (203 vs 195 kcal), protein (20.4 vs 16.4g), fat (10.3 vs 13.9g), and notably high vitamin D (20μg) and B12 (13μg) characteristic of canned small fish products",4.0,203.0,195,-8.0,-4.0,3.6,,0.0,-287.0,-1.18,183.0,-1.37,0.0,32.0,0.03,-0.1,,-3.0,-1.212
10062,＜魚類＞　（いわし類）　缶詰　トマト漬,魚介類,魚類,True,False,173669,"Fish, herring, Pacific, raw",Finfish and Shellfish Products,medium,"Canned sardines/small fish in tomato sauce matches Pacific herring nutritionally (energy, protein, fat) better than other options, though exact species and processing differ; soup and crustacean candidates are inappropriate category matches.",15.5,167.0,195,28.0,-1.1,4.3,,0.0,-277.0,-0.78,113.0,-1.17,0.0,,0.05,-0.05,,0.0,-0.512
10063,＜魚類＞　（いわし類）　缶詰　油漬,魚介類,魚類,True,False,175179,"Crustaceans, shrimp, raw",Finfish and Shellfish Products,medium,Canned sardines in oil match energy (351 vs 356kcal) and protein (20.3 vs 20.1g) well; shrimp is closest finfish alternative despite fat profile difference due to oil-packed preparation of Japanese item,1.4,351.0,356,5.0,-0.2,-28.59,,,-286.0,-0.88,-16.0,-0.76,,,,,,,-0.498
10064,＜魚類＞　（いわし類）　缶詰　かば焼,魚介類,魚類,True,False,173669,"Fish, herring, Pacific, raw",Finfish and Shellfish Products,high,"Canned sardine/herring kabayaki (grilled small fish in sweet sauce) best matches Pacific herring raw; similar energy (234 vs 195kcal), protein (16.2 vs 16.4g), fat (14.0 vs 13.9g), and fish category despite processing differences",18.2,234.0,195,-39.0,0.2,-0.1,,0.0,-137.0,-0.88,153.0,-0.67,0.0,32.0,0.05,-0.04,,-2.0,-1.312
10397,＜魚類＞　（いわし類）　缶詰　アンチョビ,魚介類,魚類,True,False,173668,"Fish, herring, Atlantic, kippered",Finfish and Shellfish Products,high,"Fish, herring, Atlantic, kippered is a canned/preserved small fish product with closest nutrient match (E=217 vs 157kcal, P=24.6 vs 24.2g, F=12.4 vs 6.0g) and shares the preserved/canned fish preparation method of anchovy; anchovy is a small herring-family fish commonly canned",32.1,157.0,217,60.0,0.4,6.4,,0.0,-66.0,-1.09,307.0,-2.34,1.0,40.0,0.126,0.009,0.5,4.7,-10.768
10065,＜魚類＞　いわな　養殖　生,魚介類,魚類,True,False,175181,"Fish, trout, brook, raw, New York State",Finfish and Shellfish Products,high,"Iwana (char/trout) is a freshwater fish similar to brook trout; raw preparation and nutrient profile (110kcal, 21.2g protein, 2.73g fat, low salt 0.114g) closely match the Japanese farmed iwana data",8.5,101.0,110,9.0,2.2,-0.07,,,-14.0,0.08,37.0,-0.25,,,0.047,-0.019,,-1.43,0.014
10066,＜魚類＞　うぐい　生,魚介類,魚類,True,False,173725,"Fish, pollock, Alaska, raw",Finfish and Shellfish Products,high,"うぐい (ugui/Japanese dace) is a raw freshwater fish with nutrient profile (93kcal, 20.1g protein, 1.2g fat) matching Alaska pollock raw (76kcal, 17.2g protein, 0.82g fat) - best available lean raw fish match despite slight energy difference",20.1,93.0,76.0,-17.0,-2.9,-0.38,,,-57.0,-0.43,-9.0,-3.0,,,,,,,0.204
10067,＜魚類＞　うなぎ　養殖　生,魚介類,魚類,True,False,171951,"Fish, butterfish, raw",Finfish and Shellfish Products,high,"Farmed freshwater eel (unagi) is a fatty fish; butterfish raw matches the energy (146 vs 228kcal accounting for moisture difference in raw preparation), fat content (8.02 vs 16.1g), protein (17.3 vs 17.1g), and mineral profile most closely among available candidates",43.9,228.0,146,-82.0,0.2,-8.08,,0.0,-108.0,0.0,145.0,-0.63,-2.0,29.0,-0.25,-0.33,,-1.6,0.026
10068,＜魚類＞　うなぎ　きも　生,魚介類,魚類,True,False,174215,"Mollusks, cuttlefish, mixed species, raw",Finfish and Shellfish Products,medium,"Both are raw mollusk/seafood products with similar protein (13.0g vs 16.2g), fat (4.1g vs 0.7g), and energy (102 vs 79 kcal) profiles; cuttlefish is the closest available seafood match to eel liver in the USDA database, though eel liver's higher fat content is not perfectly matched.",25.4,102.0,79.0,-23.0,3.2,-3.4,-2.68,0.0,71.0,1.42,154.0,-0.97,3.3,113.0,-0.291,0.16,,0.3,0.545
10069,＜魚類＞　うなぎ　白焼き,魚介類,魚類,True,False,174240,"Fish, sablefish, cooked, dry heat",Finfish and Shellfish Products,high,"Unagi (eel) white-grilled matches sablefish cooked dry heat best: similar energy (250 vs 300 kcal), protein (17.2 vs 20.7g), fat (19.6 vs 22.6g), and cooking method; eel and sablefish have comparable fat profiles and are both fatty fish",18.2,300.0,250,-50.0,-3.5,-3.0,,0.0,-95.0,0.64,159.0,-1.49,,102.0,-0.428,-0.335,,-1.26,-0.117
10071,＜魚類＞　うまづらはぎ　生,魚介類,魚類,True,False,173725,"Fish, pollock, Alaska, raw",Finfish and Shellfish Products,high,"うまづらはぎ (filefish) is a lean white fish with similar energy (75 vs 76 kcal), protein (18.2 vs 17.2g), and very low fat (0.2 vs 0.82g) profile to raw Alaska pollock; raw preparation state matches",1.3,75.0,76.0,1.0,-1.0,0.62,,,-38.0,-0.13,11.0,-0.1,,,,,,,-0.096
10072,＜魚類＞　うまづらはぎ　味付け開き干し,魚介類,魚類,True,False,172005,"Fish, tuna, skipjack, fresh, cooked, dry heat",Finfish and Shellfish Products,high,"うまづらはぎ (filefish) is a lean white fish; skipjack tuna matches best on protein (58.9g vs 28.2g adjusted for moisture), very low fat (1.1g vs 1.29g), and energy profile of dried/seasoned preparation",74.6,289.0,132,-157.0,-30.7,0.19,,0.0,-153.0,0.1,212.0,-1.35,1.0,18.0,0.018,0.072,,-1.81,-5.981
10073,＜魚類＞　えい　生,魚介類,魚類,True,False,173725,"Fish, pollock, Alaska, raw",Finfish and Shellfish Products,high,"えい (ray/skate) is a raw fish with very lean profile; Alaska pollock raw matches best on energy (76 vs 79 kcal), protein (17.2 vs 19.1g), minimal fat (0.82 vs 0.1g), and salt content (0.404 vs 0.7g) among available raw fish options",3.9,79.0,76.0,-3.0,-1.9,0.72,,,8.0,-0.63,221.0,-0.1,,,,,,,-0.296
10074,＜魚類＞　えそ　生,魚介類,魚類,True,False,171958,"Fish, cusk, raw",Finfish and Shellfish Products,high,"Cusk raw matches えそ (lizardfish) raw - both are lean white fish with nearly identical energy (87 kcal), protein (19-20.1g), fat (0.69-0.6g), and salt content (0.079-0.3g)",0.0,87.0,87.0,0.0,-1.1,0.09,,0.0,-70.0,0.53,12.0,-0.02,-2.0,18.0,-0.028,0.033,,-0.66,-0.221
10075,＜魚類＞　おいかわ　生,魚介類,魚類,True,False,173725,"Fish, pollock, Alaska, raw",Finfish and Shellfish Products,medium,"Oikawa is a small raw freshwater fish; raw pollock has closest nutrient profile (protein 17.2g vs 19.2g, fat 0.82g vs 4.7g, energy 76 vs 124kcal) among available options, though energy and fat content differ notably",48.0,124.0,76.0,-48.0,-2.0,-3.88,,,-33.0,-0.33,91.0,-2.1,,,,,,,0.304
10076,＜魚類＞　おおさが　生,魚介類,魚類,True,False,173675,"Fish, milkfish, raw",Finfish and Shellfish Products,high,"Fish, milkfish, raw matches both the raw fish category and nutrient profile (E=148 vs 131, P=20.5 vs 16.3, F=6.73 vs 6.6), with milkfish being a common Asian fish similar to おおさが (Japanese pompano/trevally species)",12.2,131.0,148,17.0,4.2,0.13,,0.0,35.0,0.12,-18.0,0.42,-1.0,30.0,0.003,0.024,,0.1,-0.017
10077,＜魚類＞　おこぜ　生,魚介類,魚類,True,False,171958,"Fish, cusk, raw",Finfish and Shellfish Products,high,"おこぜ (scorpionfish) is a raw white fish; cusk raw matches energy (87 vs 81 kcal), protein (19.0g vs 19.6g), very low fat (0.69g vs 0.1g), and salt content (0.079g vs 0.2g) most closely among raw fish candidates",7.1,81.0,87.0,6.0,-0.6,0.59,,0.0,-21.0,0.43,32.0,-0.32,0.0,18.0,0.032,0.013,,0.44,-0.121
10078,＜魚類＞　おひょう　生,魚介類,魚類,True,False,173680,"Fish, pike, northern, raw",Finfish and Shellfish Products,high,"Pike (northern) raw matches おひょう (halibut) raw on energy (88 vs 93 kcal), protein (19.3 vs 19.9g), fat (0.69 vs 1.2g), and salt (0.099 vs 0.2g) - both are lean white fish with similar nutritional profiles",5.5,93.0,88.0,-5.0,-0.6,-0.51,,0.0,50.0,0.45,-141.0,0.17,,21.0,-0.032,-0.007,-0.5,-0.1,-0.101
10079,＜魚類＞　かさご　生,魚介類,魚類,True,False,173678,"Fish, perch, mixed species, raw",Finfish and Shellfish Products,high,"Kasago (scorpionfish) is a raw white fish with lean protein profile matching perch - raw state, similar energy (91 vs 83 kcal), protein (19.4g vs 19.3g), fat (0.92g vs 0.9g), and salt content (0.157g vs 0.3g, accounting for preparation differences)",9.2,83.0,91.0,8.0,0.1,0.02,,0.0,23.0,0.6,-41.0,0.61,0.7,9.0,0.04,0.04,1.0,0.7,-0.143
10080,＜魚類＞　かじか　生,魚介類,魚類,True,False,173725,"Fish, pollock, Alaska, raw",Finfish and Shellfish Products,high,"Raw fish item (kajika) best matches raw pollock - both are raw finfish with similar energy (~98 vs 76 kcal), protein (~15 vs 17.2g), and low fat profiles; kajika is a Japanese sculpin fish similar in nutritional composition to pollock",25.3,98.0,76.0,-22.0,2.2,-2.58,,,-508.0,-2.53,71.0,-1.3,,,,,,,0.104
10081,＜魚類＞　かじか　水煮,魚介類,魚類,True,False,175180,"Crustaceans, shrimp, cooked",Finfish and Shellfish Products,medium,"Kajika is a sculpin fish prepared as boiled/water-cooked product; while shrimp cooked has similar protein (24.0g vs 15.8g) and low fat profile, it's the closest finfish/shellfish match in USDA database despite energy being slightly lower and shrimp having higher protein than the Japanese item",8.7,108.0,99.0,-9.0,8.2,-3.82,0.0,,-560.0,-2.09,49.0,-0.66,,,,,,,0.082
10083,＜魚類＞　（かじき類）　くろかじき　生,魚介類,魚類,True,False,171959,"Fish, mahimahi, raw",Finfish and Shellfish Products,high,"Kurokajiki (black marlin) is a raw fish similar to mahimahi; entry 24 (mahimahi, raw) matches closely on energy (85 vs 93 kcal), protein (18.5 vs 22.9g), fat (0.7 vs 0.1g), and salt (0.224 vs 0.2g) with raw preparation state matching the Japanese entry",9.0,93.0,85.0,-8.0,-4.4,0.6,,0.0,10.0,0.63,26.0,-0.24,-1.0,54.0,-0.03,0.01,,-0.9,0.024
10084,＜魚類＞　（かじき類）　まかじき　生,魚介類,魚類,True,False,173671,"Fish, lingcod, raw",Finfish and Shellfish Products,high,"Mackerel (makajiki) is a raw fish similar to lingcod; raw lingcod matches the raw preparation, energy (85 vs 107kcal), protein (17.7 vs 23.1g), and fat (1.06 vs 1.4g) most closely among available raw fish options.",22.9,107.0,85.0,-22.0,-5.4,-0.34,,0.0,9.0,-0.28,57.0,-0.15,-2.0,15.0,-0.06,0.044,,-0.7,-0.05
10085,＜魚類＞　（かじき類）　めかじき　生,魚介類,魚類,True,False,173673,"Fish, mackerel, spanish, raw",Finfish and Shellfish Products,high,"めかじき (striped marlin) is a lean-to-moderate fat fish; Spanish mackerel matches closely on energy (139 vs 139 kcal), protein (19.3 vs 19.2g), fat (6.3 vs 6.6g), and salt (0.15 vs 0.2g) with same raw preparation state",0.0,139.0,139,0.0,0.1,-0.3,,0.0,8.0,-0.06,6.0,-0.21,0.6,39.0,0.07,0.08,-1.5,0.5,-0.05
10398,＜魚類＞　（かじき類）　めかじき　焼き,魚介類,魚類,True,False,174248,"Fish, yellowtail, mixed species, cooked, dry heat",Finfish and Shellfish Products,high,"Mekaジki (striped marlin) is a lean game fish similar to yellowtail in nutrient profile; option 10 matches energy (187 vs 202kcal), protein (29.7 vs 27.5g), fat (6.72 vs 9.8g), and salt (0.127 vs 0.3g) most closely among cooked fish options.",7.7,202.0,187,-15.0,2.2,-3.08,,0.0,24.0,0.03,-92.0,-0.23,2.9,31.0,0.105,-0.059,,-1.15,-0.173
10086,＜魚類＞　（かつお類）　かつお　春獲り　生,魚介類,魚類,True,False,171949,"Fish, bluefish, raw",Finfish and Shellfish Products,high,"Bonito (かつお) is a raw fish similar to bluefish in nutritional profile and fat content; Fish, bluefish, raw matches energy (124 vs 108 kcal), protein (20.0 vs 25.8g), and low fat (4.24 vs 0.4g) closest among raw fish options, accounting for species differences",13.8,108.0,124,16.0,-5.8,3.84,,0.0,-4.0,-1.42,-58.0,0.01,,120.0,-0.072,-0.09,,-3.01,0.052
10087,＜魚類＞　（かつお類）　かつお　秋獲り　生,魚介類,魚類,True,False,175155,"Fish, trout, rainbow, wild, cooked, dry heat",Finfish and Shellfish Products,high,"Raw bonito (autumn-caught) matches rainbow trout wild cooked most closely on energy (150 vs 150 kcal), protein (25.0 vs 22.9g), fat (4.9 vs 5.82g), and overall nutrient profile; both are oily fish with similar micronutrient patterns",0.0,150.0,150,0.0,-2.1,0.92,,0.0,78.0,-1.52,68.0,-0.39,,15.0,0.052,-0.063,,-2.3,0.042
10088,＜魚類＞　（かつお類）　そうだがつお　生,魚介類,魚類,True,False,175122,"Fish, mackerel, king, raw",Finfish and Shellfish Products,high,"Souда-gatsu (striped bonito) is a raw fish similar to mackerel; king mackerel raw matches energy (105 vs 126kcal), protein (20.3 vs 25.7g), fat (2.0 vs 2.1g), and salt content (0.401 vs 0.2g) most closely among available raw fish options",18.2,126.0,105,-21.0,-5.4,-0.1,,0.0,8.0,-0.82,85.0,-0.64,,218.0,-0.07,0.186,,3.6,0.201
10089,＜魚類＞　（かつお類）　加工品　なまり,魚介類,魚類,True,False,174236,"Fish, mackerel, king, cooked, dry heat",Finfish and Shellfish Products,high,"なまり (namiri) is a processed bonito/skipjack tuna product; Fish, mackerel, king, cooked matches best on energy (134 vs 126 kcal), protein (26.0g vs 29.8g), very low fat (2.56g vs 0.4g), and overall nutrient profile of a lean, cooked fish product",6.2,126.0,134,8.0,-3.8,2.16,,0.0,29.0,-1.42,258.0,-0.18,1.6,252.0,-0.075,0.4,,-3.0,0.216
10090,＜魚類＞　（かつお類）　加工品　なまり節,魚介類,魚類,True,False,173707,"Fish, tuna, fresh, bluefin, cooked, dry heat",Finfish and Shellfish Products,high,"Namari-bushi is a semi-dried bonito product; bluefin tuna (cooked, dry heat) best matches the high protein (29.9g vs 38g), low fat (6.28g vs 0.7g), and similar energy content (184 vs 162 kcal) of this processed fish product, accounting for moisture loss in the Japanese item",12.7,162.0,184,22.0,-8.1,5.58,,0.0,-10.0,-3.69,-307.0,-0.43,0.0,757.0,-0.122,0.056,,-0.1,-0.073
10446,＜魚類＞　（かつお類）　加工品　裸節,魚介類,魚類,True,False,174190,"Fish, cod, Atlantic, dried and salted",Finfish and Shellfish Products,high,"裸節 (katsuobushi/bonito block) is a dried fish product; cod, Atlantic, dried and salted matches the dried fish concept with comparable high protein (62.8g vs 71.6g), moderate energy, and low fat profile despite salt difference",6.3,309.0,290,-19.0,-8.8,0.27,,0.0,145.0,-4.0,680.0,-0.31,,,0.258,-0.11,-2.7,-6.0,17.056
10091,＜魚類＞　（かつお類）　加工品　かつお節,魚介類,魚類,True,False,174190,"Fish, cod, Atlantic, dried and salted",Finfish and Shellfish Products,high,"Katsuobushi is dried bonito (skipjack tuna), a heavily processed dried fish product most similar to dried and salted cod in processing method, protein content (77.1g vs 62.8g), energy density (332 vs 290 kcal), and low fat/carb profiles",13.5,332.0,290,-42.0,-14.3,0.57,,0.0,132.0,-3.0,520.0,-1.21,3.5,42.0,-0.282,-0.11,-2.0,-5.0,17.556
10094,＜魚類＞　（かつお類）　加工品　角煮,魚介類,魚類,True,False,172005,"Fish, tuna, skipjack, fresh, cooked, dry heat",Finfish and Shellfish Products,high,"Skipjack tuna (katsuo) cooked dry heat matches the Japanese katsuo kakuni in species, high protein (28.2g vs 31.0g), very low fat (1.29g vs 1.1g), and similar energy profile (132 vs 221kcal; the Japanese item's higher energy likely from processing/added ingredients in kakuni preparation)",50.4,221.0,132,-89.0,-2.8,0.19,,0.0,27.0,-4.4,232.0,0.35,1.0,18.0,-0.112,0.002,,-1.81,-3.681
10096,＜魚類＞　（かつお類）　缶詰　味付け　フレーク,魚介類,魚類,True,False,175121,"Fish, mackerel, jack, canned, drained solids",Finfish and Shellfish Products,high,"Canned, flavored fish flakes match jack mackerel canned product in both processing method and nutrient profile (similar energy, protein, fat, and salt content from seasoning)",11.5,139.0,156,17.0,4.8,3.9,,0.0,212.0,-0.56,-86.0,0.32,0.9,130.0,-0.1,0.082,-1.7,-1.36,-0.737
10097,＜魚類＞　（かつお類）　缶詰　油漬　フレーク,魚介類,魚類,True,False,173685,"Fish, sablefish, smoked",Finfish and Shellfish Products,high,"Canned fish in oil matches the oil-packed flaked skipjack tuna profile; sablefish smoked has comparable energy (257 vs 289kcal), fat content (20.1 vs 23.4g), and salt levels (1.872 vs 0.9g) - closest nutritional match among available options",11.7,289.0,257,-32.0,-1.2,-3.3,,0.0,45.0,0.79,241.0,-0.07,0.0,122.0,0.01,0.01,,-0.8,0.972
10098,＜魚類＞　かます　生,魚介類,魚類,True,False,173700,"Fish, spot, raw",Finfish and Shellfish Products,high,"Spot fish raw matches カマス (Japanese horse mackerel/needlefish) in energy (123 vs 137 kcal), protein (18.5 vs 18.9g), fat (4.9 vs 6.4g), and raw preparation state; both are similar medium-sized coastal fish with comparable nutritional profiles",10.8,137.0,123,-14.0,-0.4,-1.5,,0.0,-27.0,0.02,176.0,0.01,,30.0,0.13,0.08,,0.7,-0.226
10099,＜魚類＞　かます　焼き,魚介類,魚類,True,False,174242,"Fish, seatrout, mixed species, cooked, dry heat",Finfish and Shellfish Products,high,"かます (Japanese horse mackerel/trumpetfish) grilled matches seatrout cooked dry heat with nearly identical energy (134 vs 133kcal), protein (23.3 vs 21.5g), fat (4.1 vs 4.63g), and salt content (0.4 vs 0.188g); both are medium-sized finfish with similar nutritional profiles when cooked.",0.7,134.0,133,-1.0,-1.8,0.53,,0.0,-37.0,-0.15,77.0,-0.02,,35.0,0.039,0.067,,0.16,-0.212
10100,＜魚類＞　（かれい類）　まがれい　生,魚介類,魚類,True,False,173671,"Fish, lingcod, raw",Finfish and Shellfish Products,high,"Lingcod raw matches magarei (flatfish) - similar energy (85 vs 89 kcal), protein (17.7 vs 19.6g), low fat (1.06 vs 1.0g), and raw preparation state",4.6,89.0,85.0,-4.0,-1.9,0.06,,0.0,-29.0,0.12,107.0,-0.35,-1.0,15.0,0.0,-0.236,,0.5,-0.15
10101,＜魚類＞　（かれい類）　まがれい　水煮,魚介類,魚類,True,False,173726,"Fish, pollock, Alaska, cooked",Finfish and Shellfish Products,high,"Flounder (magare-i) is a lean whitefish similar to pollock; cooked Alaska pollock matches the water-boiled preparation with nearly identical energy (86.6 vs 97.0 kcal), protein (19.4 vs 21.4g), and fat (0.995 vs 0.9g) profiles",11.3,97.0,86.6,-10.4,-2.0,0.095,,,-43.0,-0.01,44.0,-0.46,,,,,,,0.122
10102,＜魚類＞　（かれい類）　まがれい　焼き,魚介類,魚類,True,False,174237,"Fish, pollock, Atlantic, cooked, dry heat",Finfish and Shellfish Products,high,"Magarei (flatfish/flounder) baked closely matches Atlantic pollock cooked by dry heat in energy (104 vs 118 kcal), protein (23.4 vs 24.9g), fat (1.0 vs 1.26g), and salt content (0.3 vs 0.279g); both are lean white fish prepared by dry cooking methods",12.6,104.0,118,14.0,1.5,0.26,,0.0,7.0,0.29,86.0,-0.4,-1.0,12.0,0.024,-0.185,,-0.42,-0.021
10103,＜魚類＞　（かれい類）　まこがれい　生,魚介類,魚類,True,False,171958,"Fish, cusk, raw",Finfish and Shellfish Products,high,"Makogarei (flounder/flatfish) raw matches cusk raw closely on energy (87 vs 86 kcal), protein (19.0 vs 18.0g), fat (0.69 vs 1.3g), and salt (0.079 vs 0.3g); both are lean white fish species with similar nutritional profiles",1.2,86.0,87.0,1.0,1.0,-0.61,,0.0,-36.0,0.43,72.0,-0.42,-1.0,14.0,-0.078,-0.187,,-0.76,-0.221
10399,＜魚類＞　（かれい類）　まこがれい　焼き,魚介類,魚類,True,False,171997,"Fish, pike, walleye, cooked, dry heat",Finfish and Shellfish Products,high,"Makogarei (flounder) is a lean white fish; walleye pike matches closely on energy (119 vs 138 kcal), protein (24.5 vs 28.5g), and very low fat (1.56 vs 2.0g) profile for grilled/baked preparation",14.8,138.0,119,-19.0,-4.0,-0.44,,0.0,66.0,0.87,9.0,-0.41,-1.0,22.0,0.142,-0.245,,-0.69,-0.335
10104,＜魚類＞　（かれい類）　子持ちがれい　生,魚介類,魚類,True,False,173700,"Fish, spot, raw",Finfish and Shellfish Products,high,"Fish, spot, raw matches子持ちがれい (flounder with roe) on energy (123 vs 123kcal), protein (18.5 vs 19.9g), fat (4.9 vs 4.8g), and raw preparation state; spot is a similar small raw fish with comparable nutrient profile",0.0,123.0,123,0.0,-1.4,0.1,,0.0,-6.0,0.12,206.0,-0.29,-4.0,30.0,-0.03,0.02,,-1.3,-0.126
10105,＜魚類＞　（かれい類）　子持ちがれい　水煮,魚介類,魚類,True,False,174235,"Fish, lingcod, cooked, dry heat",Finfish and Shellfish Products,high,"Flounder (flatfish like karei) boiled in water matches lingcod cooked in terms of lean white fish profile with similar energy (109 vs 137kcal), high protein (22.6 vs 22.3g), and low fat (1.36 vs 5.3g); cooked preparation and mineral content align well.",22.8,137.0,109,-28.0,0.3,-3.94,,0.0,-22.0,0.11,290.0,-0.42,-3.0,17.0,-0.215,-0.081,,-0.75,-0.007
10106,＜魚類＞　（かれい類）　干しかれい,魚介類,魚類,True,False,175178,"Fish, cod, Pacific, cooked",Finfish and Shellfish Products,high,"干しかれい (dried flatfish) best matches Pacific cod - similar lean white fish profile with comparable protein (20.2g vs 20.4g), low fat (2.5g vs 0.25g), and energy (104 vs 84 kcal); cod is a common flatfish substitute and the dried preparation explains slightly higher nutrient concentration",21.3,104.0,84.0,-20.0,0.2,-2.25,,,-23.0,0.06,92.0,0.03,,,,,,,-0.76
10107,＜魚類＞　かわはぎ　生,魚介類,魚類,True,False,173725,"Fish, pollock, Alaska, raw",Finfish and Shellfish Products,high,"かわはぎ (filefish) is a raw white fish with low fat content; Alaska pollock raw matches energy (76 vs 77 kcal), protein (17.2 vs 18.8g), and fat (0.82 vs 0.3g) profiles most closely among raw fish candidates, though pollock is slightly leaner overall.",1.3,77.0,76.0,-1.0,-1.6,0.52,,,-1.0,0.07,-49.0,0.0,,,,,,,0.104
10108,＜魚類＞　かんぱち　三枚おろし　生,魚介類,魚類,True,False,175154,"Fish, trout, rainbow, wild, raw",Finfish and Shellfish Products,high,"Kampachi (amberjack) is a raw fish similar to rainbow trout in nutritional profile; candidate 3 matches almost exactly on energy (119 vs 119 kcal), protein (20.5 vs 21.0g), fat (3.46 vs 3.5g), and is raw preparation like the Japanese item.",0.0,119.0,119,0.0,-0.5,-0.04,,0.0,52.0,0.1,-9.0,0.38,,19.0,-0.027,-0.055,,-0.85,-0.121
10424,＜魚類＞　かんぱち　背側　生,魚介類,魚類,True,False,175156,"Fish, tuna, fresh, skipjack, raw",Finfish and Shellfish Products,high,"Kampachi (yellowtail) raw matches skipjack tuna raw most closely in energy (103 vs 95 kcal), protein (22.0 vs 22.2g), fat (1.01 vs 0.9g), and salt content (0.094 vs 0.1g); both are raw pelagic fish with similar nutritional profiles",8.1,95.0,103,8.0,-0.2,0.11,,0.0,23.0,0.85,-63.0,0.42,0.0,16.0,-0.117,0.02,,0.9,-0.006
10109,＜魚類＞　きす　生,魚介類,魚類,True,False,173725,"Fish, pollock, Alaska, raw",Finfish and Shellfish Products,high,"きす (kisu/Japanese sillago) is a raw white fish with very lean profile; pollock raw matches energy (76 vs 73 kcal), protein (17.2 vs 18.5g), and minimal fat (0.82g), making it the closest nutritional and conceptual match among raw finfish options",4.0,73.0,76.0,3.0,-1.3,0.72,,,-15.0,0.17,-9.0,0.0,,,,,,,0.104
10400,＜魚類＞　きす　天ぷら,魚介類,魚類,True,False,175143,"Fish, shark, mixed species, cooked, batter-dipped and fried",Finfish and Shellfish Products,high,"Kisu (Japanese sillago) is a small white fish similar to shark in texture and fat content; shark batter-fried matches the tempura preparation, cooking method, and nutrient profile (228kcal vs 234kcal, protein 18.6g vs 18.4g, fat 13.8g vs 14.0g, carbs 6.39g vs 8.4g, salt 0.31g vs 0.3g) most closely",2.6,234.0,228,-6.0,0.2,-0.2,-2.01,-0.7,-40.0,0.91,-175.0,-0.02,-1.0,40.0,-0.018,0.037,,-0.79,0.01
10110,＜魚類＞　きちじ　生,魚介類,魚類,True,False,174240,"Fish, sablefish, cooked, dry heat",Finfish and Shellfish Products,high,"Sablefish (black cod) raw is a fatty fish matching きちじ's high fat content (19.4g), protein (13.6g), and energy (238kcal); cooked sablefish (250kcal, 19.6g fat) is closest nutrient match for this oily raw fish species.",4.9,238.0,250,12.0,3.6,0.2,,0.0,13.0,1.34,209.0,0.01,-2.0,102.0,0.092,0.045,,0.44,-0.017
10111,＜魚類＞　きびなご　生,魚介類,魚類,True,False,173725,"Fish, pollock, Alaska, raw",Finfish and Shellfish Products,high,"きびなご (Japanese silver-stripe round herring) is a small raw fish with similar energy (76 vs 85 kcal), protein (17.2 vs 18.8g), and fat (0.82 vs 0.8g) profile to raw Alaska pollock, the closest available raw finfish match",11.2,85.0,76.0,-9.0,-1.6,0.02,,,-88.0,-0.83,1.0,-1.5,,,,,,,0.004
10112,＜魚類＞　きびなご　調味干し,魚介類,魚類,True,False,171984,"Mollusks, whelk, unspecified, cooked, moist heat",Finfish and Shellfish Products,medium,"Mollusks, whelk matches the dried/seasoned small fish product in energy (275 vs 241 kcal), high protein (47.7 vs 47.9g), and similar mineral profile; best available shellfish match despite different species",13.2,241.0,275,34.0,-0.2,-2.8,15.0,0.0,-1287.0,4.2,34.0,2.56,5.8,49.0,0.029,-0.426,,-5.9,-5.554
10113,＜魚類＞　キャビア　塩蔵品,魚介類,魚類,True,False,173668,"Fish, herring, Atlantic, kippered",Finfish and Shellfish Products,high,"Caviar (salt-cured fish roe) is a preserved fish product with similar high protein (24.6g vs 26.2g), moderate fat (12.4g vs 13.0g), and elevated salt content (2.332g vs 4.1g); Atlantic herring kippered is the closest available USDA match for salted/preserved fish roe products.",10.9,242.0,217,-25.0,-1.6,-0.6,,0.0,76.0,-0.89,247.0,-1.14,-3.0,34.0,0.116,-0.991,1.2,-0.3,-1.768
10114,＜魚類＞　キングクリップ　生,魚介類,魚類,True,False,173725,"Fish, pollock, Alaska, raw",Finfish and Shellfish Products,high,"キングクリップ (kingclip) is a raw white fish with very low fat; Alaska pollock raw matches the low energy (73 vs 76 kcal), high protein (18.2g), minimal fat (0.1g), and salt content (0.4g) profile almost perfectly",4.0,73.0,76.0,3.0,-1.0,0.72,,,-35.0,-0.03,-9.0,-0.1,,,,,,,0.004
10115,＜魚類＞　ぎんだら　生,魚介類,魚類,True,False,175134,"Fish, sablefish, raw",Finfish and Shellfish Products,high,"Sablefish raw matches gindara (black cod) raw on both food type and nutrient profile: similar energy (195 vs 210kcal), protein (13.4 vs 13.6g), fat (15.3 vs 16.7g), and salt (0.142 vs 0.2g); gindara is the Japanese name for sablefish/black cod.",7.4,210.0,195,-15.0,-0.2,-1.4,,0.0,20.0,0.98,18.0,0.02,0.0,93.0,0.05,-0.01,,-1.3,-0.058
10401,＜魚類＞　ぎんだら　水煮,魚介類,魚類,True,False,174240,"Fish, sablefish, cooked, dry heat",Finfish and Shellfish Products,high,"Gindara (sablefish) is a high-fat deep-sea fish; sablefish cooked dry heat matches energy (250 vs 253 kcal), fat (19.6 vs 21.6g), and protein (17.2 vs 14.9g) profiles closely, and water-boiled preparation is equivalent to dry heat cooking for nutritional comparison.",1.2,253.0,250,-3.0,2.3,-2.0,,0.0,30.0,1.34,179.0,0.11,0.0,102.0,0.082,0.035,,-1.16,-0.017
10116,＜魚類＞　きんめだい　生,魚介類,魚類,True,False,171951,"Fish, butterfish, raw",Finfish and Shellfish Products,high,"Kinmedai is a deep-sea fish with moderately high fat content; butterfish raw matches the energy (146 vs 147 kcal), protein (17.3 vs 17.8g), and fat (8.02 vs 7.9g) profiles most closely among raw fish options.",0.7,147.0,146,-1.0,-0.5,0.12,,0.0,-9.0,0.2,45.0,0.47,-1.0,30.0,0.09,0.1,,0.8,0.126
10117,＜魚類＞　ぐち　生,魚介類,魚類,True,False,173725,"Fish, pollock, Alaska, raw",Finfish and Shellfish Products,high,"ぐち (croaker) is a raw white fish with very lean profile (0.6g fat, 78kcal); Alaska pollock raw matches energy, protein, and minimal fat most closely among candidates",2.6,78.0,76.0,-2.0,-0.8,0.22,,,-25.0,-0.13,71.0,-0.2,,,,,,,0.204
10118,＜魚類＞　ぐち　焼き,魚介類,魚類,True,False,173679,"Fish, perch, mixed species, cooked, dry heat",Finfish and Shellfish Products,high,"ぐち (croaker/drum fish) grilled matches perch cooked dry heat in both food concept (lean white fish) and nutrient profile (E=117kcal vs 100kcal, P=24.9g vs 23.4g, F=1.18g vs 0.6g, Salt=0.201g vs 0.4g)",15.7,100.0,117,17.0,1.5,0.58,,0.0,51.0,0.56,14.0,0.63,,10.0,0.03,-0.13,,-0.6,-0.199
10119,＜魚類＞　こい　養殖　生,魚介類,魚類,True,False,173669,"Fish, herring, Pacific, raw",Finfish and Shellfish Products,high,"Carp (こい) is a freshwater fish with fatty profile matching herring raw (E=195 vs 157kcal, F=13.9 vs 8.9g); both are raw, whole fish with similar nutrient density and fat content",21.6,157.0,195,38.0,-1.3,5.0,,0.0,74.0,0.62,83.0,-0.67,,32.0,-0.4,0.02,,0.0,0.088
10120,＜魚類＞　こい　養殖　水煮,魚介類,魚類,True,False,173669,"Fish, herring, Pacific, raw",Finfish and Shellfish Products,high,"Carp (こい) is a freshwater fish with nutrient profile (190kcal, 19.2g protein, 11.8g fat) closely matching Pacific herring raw (195kcal, 16.4g protein, 13.9g fat); both are oily fish with similar composition, and water-boiled preparation aligns with raw baseline data.",2.6,190.0,195,5.0,-2.8,2.1,,0.0,70.0,0.52,93.0,-1.27,-1.0,32.0,-0.31,0.03,,2.5,0.088
10121,＜魚類＞　こい　養殖　内臓　生,魚介類,魚類,True,False,175120,"Fish, mackerel, Atlantic, cooked, dry heat",Finfish and Shellfish Products,medium,"Carp viscera is fatty fish organ meat; Atlantic mackerel cooked is closest match in finfish category with similar energy (262 vs 258 kcal), fat (17.8 vs 22.6g), and protein profile, though organ meat composition differs from muscle tissue",1.5,258.0,262,4.0,14.8,-4.8,,0.0,6.0,-1.53,161.0,-6.06,-1.6,,0.089,-0.128,,3.0,0.011
10122,＜魚類＞　（こち類）　まごち　生,魚介類,魚類,True,False,175178,"Fish, cod, Pacific, cooked",Finfish and Shellfish Products,high,"Magoち (Japanese flounder/flatfish, raw) matches Pacific cod nutritionally - both are lean white fish with ~94-105 kcal, ~20-22.8g protein, minimal fat, and similar mineral profiles",11.2,94.0,84.0,-10.0,-2.1,-0.05,,,-34.0,-0.04,-78.0,-0.17,,,,,,,0.04
10123,＜魚類＞　（こち類）　めごち　生,魚介類,魚類,True,False,173725,"Fish, pollock, Alaska, raw",Finfish and Shellfish Products,high,"Alaska pollock raw matches めごち (Japanese flounder/flatfish) in raw state with nearly identical energy (76 vs 73 kcal), protein (17.2 vs 17.1g), fat (0.82 vs 0.4g), and salt content (0.404 vs 0.4g); both are lean white fish",4.0,73.0,76.0,3.0,0.1,0.42,,,-28.0,0.07,51.0,-0.2,,,,,,,0.004
10124,＜魚類＞　このしろ　生,魚介類,魚類,True,False,175153,"Fish, trout, mixed species, raw",Finfish and Shellfish Products,high,"このしろ (Konoshiro/gizzard shad) is a raw fish with similar energy (148 vs 146 kcal), protein (20.8 vs 19.0g), and fat (6.61 vs 7.1g) profile to raw trout, both being moderate-fat finfish with comparable nutrient density.",1.4,146.0,148,2.0,1.8,-0.49,,0.0,-147.0,0.2,-9.0,-0.04,0.5,17.0,,0.16,-5.1,-2.21,-0.268
10125,＜魚類＞　このしろ　甘酢漬,魚介類,魚類,True,False,175140,"Fish, sardine, Pacific, canned in tomato sauce, drained solids with bone",Finfish and Shellfish Products,medium,"Similar energy (184 vs 185 kcal), protein (19.1 vs 20.9g), fat (8.2 vs 10.4g) and calcium (160mg) content; both are preserved fish products, though sardine in tomato sauce differs from sweet vinegar pickle preparation",0.5,184.0,185,1.0,1.8,2.2,,0.1,80.0,0.5,221.0,0.5,1.0,34.0,,0.063,-2.2,0.9,-1.248
10126,＜魚類＞　（さけ・ます類）　からふとます　生,魚介類,魚類,True,False,173689,"Fish, salmon, chum, raw",Finfish and Shellfish Products,high,"Karafuto salmon (chum salmon) raw matches Fish, salmon, chum, raw in species, preparation (raw), and nutrient profile (energy 120 vs 139 kcal, protein 20.1 vs 21.7g, fat 3.77 vs 5.1g)",14.7,139.0,120,-19.0,-1.6,-1.33,,0.0,-2.0,0.15,29.0,-0.13,-1.0,30.0,-0.17,0.0,,-1.6,-0.073
10127,＜魚類＞　（さけ・ます類）　からふとます　焼き,魚介類,魚類,True,False,175137,"Fish, salmon, coho, wild, cooked, moist heat",Finfish and Shellfish Products,high,"からふとます (chum salmon) baked matches coho salmon cooked in energy (175 vs 184 kcal), protein (28.1 vs 27.4g), fat (6.2 vs 7.5g), and vitamin D (31 vs comparable levels); both are similar Pacific salmon species with nearly identical nutrient profiles when cooked.",5.0,175.0,184,9.0,-0.7,1.3,,0.0,26.0,0.11,-65.0,-0.18,0.0,32.0,-0.125,-0.111,,-3.42,-0.065
10128,＜魚類＞　（さけ・ます類）　からふとます　塩ます,魚介類,魚類,True,False,171985,"Fish, salmon, chinook, smoked, (lox), regular",Finfish and Shellfish Products,high,"Salted chum salmon (塩ます) matches smoked salmon in salt content (5.8g vs 5.08g), energy (146 vs 117kcal), and protein profile; both are preserved salmon products with similar nutritional characteristics when accounting for preparation differences",22.1,146.0,117,-29.0,-2.6,-1.78,,0.0,-16.0,0.45,-135.0,-0.19,-1.0,26.0,-0.187,-0.069,,1.16,-0.72
10129,＜魚類＞　（さけ・ます類）　からふとます　水煮缶詰,魚介類,魚類,True,False,174225,"Fish, salmon, pink, canned, without salt, solids with bone and liquid",Finfish and Shellfish Products,high,"Canned salmon (pink) without salt matches the Japanese canned chum salmon (karafutomasu) in processing method, fish type (salmon/trout family), and nutrient profile (energy 139 vs 145 kcal, protein 19.8 vs 20.7g, fat 6.05 vs 6.5g)",4.2,145.0,139,-6.0,-0.9,-0.45,,0.0,103.0,-0.66,26.0,0.02,0.0,17.0,-0.127,0.056,,1.0,-0.709
10130,＜魚類＞　（さけ・ます類）　ぎんざけ　養殖　生,魚介類,魚類,True,False,173716,"Fish, salmon, coho, farmed, cooked, dry heat",Finfish and Shellfish Products,high,"Coho salmon, farmed matches ginzake (coho salmon, farmed, raw) in species and farming method; energy (178 vs 188 kcal) and fat (8.23 vs 11.4g) are closest despite cooking difference, and raw preparation would yield slightly higher values",5.5,188.0,178,-10.0,4.7,-3.17,,0.0,0.0,0.09,110.0,-0.13,0.5,,-0.05,-0.027,,-2.03,0.032
10131,＜魚類＞　（さけ・ます類）　ぎんざけ　養殖　焼き,魚介類,魚類,True,False,174233,"Fish, herring, Pacific, cooked, dry heat",Finfish and Shellfish Products,high,"Silver salmon (銀ざけ) is coho salmon; Pacific herring cooked matches energy (250 vs 236kcal), fat (17.8 vs 14.1g), and protein (21.0 vs 25.2g) profile best among available options, though coho salmon would be ideal if available in cooked form",5.8,236.0,250,14.0,-4.2,3.7,,0.0,90.0,1.04,82.0,-0.12,-1.0,,-0.057,0.066,,2.12,0.041
10132,＜魚類＞　（さけ・ます類）　さくらます　生,魚介類,魚類,True,False,175154,"Fish, trout, rainbow, wild, raw",Finfish and Shellfish Products,high,"Sakura masu (cherry salmon) raw matches rainbow trout raw in taxonomy (both Salmonidae), preparation state, and nutrient profile (E=119 vs 146kcal, P=20.5 vs 20.9g, F=3.46 vs 6.2g); closest available US equivalent for raw salmon species.",20.4,146.0,119,-27.0,-0.4,-2.74,,0.0,52.0,0.3,91.0,0.58,1.4,19.0,0.013,-0.035,,-3.15,-0.021
10133,＜魚類＞　（さけ・ます類）　さくらます　焼き,魚介類,魚類,True,False,175137,"Fish, salmon, coho, wild, cooked, moist heat",Finfish and Shellfish Products,high,"Sakura masu (cherry salmon) is a wild salmon species; coho wild salmon cooked via moist heat matches energy (184 vs 208kcal), protein (27.4 vs 28.4g), fat (7.5 vs 9.1g), and salt (0.135 vs 0.2g) profiles most closely among salmon options",12.2,208.0,184,-24.0,-1.0,-1.6,,0.0,20.0,0.21,-65.0,-0.18,0.0,32.0,-0.005,-0.071,,-4.72,-0.065
10134,＜魚類＞　（さけ・ます類）　しろさけ　生,魚介類,魚類,True,False,175154,"Fish, trout, rainbow, wild, raw",Finfish and Shellfish Products,high,"Rainbow trout raw matches shiro sake (white salmon) raw preparation; energy (119 vs 124 kcal), protein (20.5 vs 22.3g), and fat (3.46 vs 3.7g) are very similar, and both are raw wild fish with comparable nutrient profiles",4.1,124.0,119,-5.0,-1.8,-0.24,,0.0,53.0,0.2,131.0,0.58,1.4,19.0,-0.027,-0.105,,-1.45,-0.121
10135,＜魚類＞　（さけ・ます類）　しろさけ　水煮,魚介類,魚類,True,False,172000,"Fish, salmon, chum, cooked, dry heat",Finfish and Shellfish Products,high,"Chum salmon (しろさけ) cooked via moist heat matches the Japanese item's species, preparation method (water-boiled), and nutrient profile with similar energy (154 vs 142 kcal), protein (25.8 vs 25.5g), fat (4.83 vs 4.1g), and salt content (0.163 vs 0.2g)",8.1,142.0,154,12.0,0.3,0.73,,0.0,-5.0,0.11,210.0,0.0,,34.0,-0.058,-0.011,,-1.84,-0.037
10136,＜魚類＞　（さけ・ます類）　しろさけ　焼き,魚介類,魚類,True,False,172000,"Fish, salmon, chum, cooked, dry heat",Finfish and Shellfish Products,high,"Shiro sake (white/chum salmon) grilled matches salmon, chum, cooked, dry heat with nearly identical energy (154 vs 160 kcal), protein (25.8 vs 29.1g), fat (4.83 vs 4.6g), and salt (0.163 vs 0.2g) profiles; cooking method (焼き/grilled = dry heat) and fish species are equivalent",3.8,160.0,154,-6.0,-3.3,0.23,,0.0,-5.0,0.11,110.0,-0.1,-1.0,34.0,-0.078,-0.041,,-2.54,-0.037
10137,＜魚類＞　（さけ・ます類）　しろさけ　新巻き　生,魚介類,魚類,True,False,172000,"Fish, salmon, chum, cooked, dry heat",Finfish and Shellfish Products,high,"Shiro sake (chum salmon) raw/fresh matches chum salmon cooked in energy (154 vs 138 kcal), protein (25.8 vs 22.8g), and fat (4.83 vs 4.4g); raw salmon would be slightly lower in energy, making this the best available match for fresh salmon.",11.0,138.0,154,16.0,3.0,0.43,,0.0,-14.0,-0.29,170.0,0.2,-1.0,34.0,-0.088,0.019,,-2.54,-2.837
10138,＜魚類＞　（さけ・ます類）　しろさけ　新巻き　焼き,魚介類,魚類,True,False,175137,"Fish, salmon, coho, wild, cooked, moist heat",Finfish and Shellfish Products,high,"Shirosakue (white salmon)焼き matches coho salmon cooked preparation; energy (177 vs 184kcal), protein (29.3 vs 27.4g), and fat (5.5 vs 7.5g) are very similar, and salmon is the correct fish species for this Japanese item.",3.9,177.0,184,7.0,-1.9,2.0,,0.0,2.0,-0.99,-25.0,-0.08,0.0,32.0,-0.105,-0.081,,-1.82,-1.965
10139,＜魚類＞　（さけ・ます類）　しろさけ　塩ざけ,魚介類,魚類,True,False,175137,"Fish, salmon, coho, wild, cooked, moist heat",Finfish and Shellfish Products,high,"Shio-zake (salted salmon) matches coho salmon nutritionally (E=184 vs 183kcal, P=27.4 vs 22.4g, F=7.5 vs 9.7g) and conceptually as a cooked salmon product; the protein difference likely reflects salt-curing loss, and coho wild-cooked is the closest available salmon preparation in USDA database.",0.5,183.0,184,1.0,5.0,-2.2,,0.0,30.0,0.41,135.0,0.12,0.0,32.0,-0.025,0.009,,-2.42,-1.665
10142,＜魚類＞　（さけ・ます類）　しろさけ　めふん,魚介類,魚類,True,False,173725,"Fish, pollock, Alaska, raw",Finfish and Shellfish Products,high,"Shirosake mefun (salmon roe) is a fish product; pollock raw is the closest finfish match with similar energy (76 vs 74 kcal), protein (17.2 vs 16.9g), and fat (0.82 vs 0.5g) profiles, though the extremely high salt content (14.7g) in the Japanese item suggests it's a preserved/dried product rather than fresh fish.",2.7,74.0,76.0,2.0,0.3,0.32,,,-23.0,-6.53,31.0,-1.1,,,,,,,-14.296
10143,＜魚類＞　（さけ・ます類）　しろさけ　水煮缶詰,魚介類,魚類,True,False,174224,"Fish, salmon, chum, canned, without salt, drained solids with bone",Finfish and Shellfish Products,high,"Chum salmon canned without salt matches shiro sake (chum salmon) water-boiled canned - similar energy (141 vs 156 kcal), protein (21.4 vs 21.2g), fat (5.5 vs 7.5g), and canned preparation with minimal added salt (0.191 vs 0.6g)",10.1,156.0,141,-15.0,0.2,-2.0,,0.0,59.0,0.3,10.0,0.2,0.0,18.0,-0.13,0.04,,-1.6,-0.409
10144,＜魚類＞　（さけ・ます類）　たいせいようさけ　養殖　皮つき　生,魚介類,魚類,True,False,173669,"Fish, herring, Pacific, raw",Finfish and Shellfish Products,high,"Atlantic salmon (养殖/farmed) raw with skin matches Pacific herring raw profile (195kcal, 16.4g protein, 13.9g fat) closest among raw fatty fish options, though herring is leaner; salmon raw entry unavailable in candidates but herring represents similar raw fatty fish category",11.1,218.0,195,-23.0,-3.7,-0.5,,0.0,74.0,0.82,53.0,0.03,-2.0,32.0,-0.17,0.1,,2.8,0.088
10433,＜魚類＞　（さけ・ます類）　たいせいようさけ　養殖　皮つき　水煮,魚介類,魚類,True,False,174233,"Fish, herring, Pacific, cooked, dry heat",Finfish and Shellfish Products,high,"Atlantic salmon (たいせいようさけ) is a fatty fish similar to herring; cooked moist heat preparation matches water-boiled (水煮) method; energy (250 vs 236kcal), protein (21.0 vs 22.5g), and fat (17.8 vs 17.4g) are closest match among candidates",5.8,236.0,250,14.0,-1.5,0.4,,0.0,94.0,1.14,212.0,0.28,-1.0,35.0,-0.187,0.156,,2.32,0.141
10434,＜魚類＞　（さけ・ます類）　たいせいようさけ　養殖　皮つき　蒸し,魚介類,魚類,True,False,174233,"Fish, herring, Pacific, cooked, dry heat",Finfish and Shellfish Products,high,"Atlantic salmon (farmed, steamed with skin) matches Pacific herring cooked for energy (230 vs 250kcal), protein (23.8 vs 21.0g), and fat content (15.3 vs 17.8g); both are oily fish with similar nutritional profiles and cooking methods.",8.3,230.0,250,20.0,-2.8,2.5,,0.0,96.0,1.14,182.0,0.38,-2.0,35.0,-0.177,0.146,,1.22,0.141
10435,＜魚類＞　（さけ・ます類）　たいせいようさけ　養殖　皮つき　電子レンジ調理,魚介類,魚類,True,False,174233,"Fish, herring, Pacific, cooked, dry heat",Finfish and Shellfish Products,high,"Atlantic salmon (farmed, cooked) matches energy (223 vs 250kcal), protein (22.9 vs 21.0g), and fat (14.8 vs 17.8g) profiles most closely; herring is nutritionally similar to salmon and both are oily fish cooked by dry heat",11.4,223.0,250,27.0,-1.9,3.0,,0.0,98.0,1.14,162.0,0.38,-2.0,35.0,-0.217,0.146,,0.72,0.141
10145,＜魚類＞　（さけ・ます類）　たいせいようさけ　養殖　皮つき　焼き,魚介類,魚類,True,False,171999,"Fish, salmon, chinook, cooked, dry heat",Finfish and Shellfish Products,high,"Farmed Atlantic salmon (taisei-you-sake) with skin, baked matches chinook salmon cooked dry heat best - both high-fat salmon species with comparable energy (270 vs 231 kcal), protein (24.5 vs 25.7g), and fat content (19.1 vs 13.4g); farmed preparation accounts for higher fat than wild coho options.",15.6,270.0,231,-39.0,1.2,-5.7,,0.0,11.0,0.61,45.0,0.06,1.1,149.0,-0.196,0.024,,-2.73,0.052
10436,＜魚類＞　（さけ・ます類）　たいせいようさけ　養殖　皮つき　ソテー,魚介類,魚類,True,False,174233,"Fish, herring, Pacific, cooked, dry heat",Finfish and Shellfish Products,high,"Atlantic salmon (farmed, skin-on, sautéed) matches Pacific herring cooked in energy (266 vs 250kcal), protein (25.2 vs 21.0g), and fat (19.6 vs 17.8g) profile; both are fatty fish cooked by dry heat with similar nutritional composition",6.2,266.0,250,-16.0,-4.2,-1.8,,0.0,96.0,1.14,92.0,0.38,-2.0,35.0,-0.237,0.126,,1.72,0.141
10437,＜魚類＞　（さけ・ます類）　たいせいようさけ　養殖　皮つき　天ぷら,魚介類,魚類,True,False,171999,"Fish, salmon, chinook, cooked, dry heat",Finfish and Shellfish Products,high,"Atlantic salmon, farmed, tempura-fried matches chinook salmon dry heat best on energy (282 vs 231kcal), fat content (19.5 vs 13.4g), and protein (21.0 vs 25.7g); tempura preparation adds oil accounting for higher energy and fat versus standard cooked preparations",19.9,282.0,231,-51.0,4.7,-6.1,,,1.0,0.51,95.0,0.06,2.1,141.0,-0.226,0.014,,-1.33,-0.048
10438,＜魚類＞　（さけ・ます類）　たいせいようさけ　養殖　皮なし　生,魚介類,魚類,True,False,173669,"Fish, herring, Pacific, raw",Finfish and Shellfish Products,high,"Raw Atlantic salmon (farmed, skinless) matches Pacific herring raw in energy (195 vs 223kcal), protein (16.4g vs 19.6g), and fat (13.9g vs 15.7g) profiles; both are raw oily fish with similar nutrient density, though herring is closest available match for raw farmed salmon in USDA database.",13.4,223.0,195,-28.0,-3.2,-1.8,,0.0,78.0,0.82,43.0,0.13,-2.0,32.0,-0.18,0.12,,2.0,0.088
10439,＜魚類＞　（さけ・ます類）　たいせいようさけ　養殖　皮なし　水煮,魚介類,魚類,True,False,174233,"Fish, herring, Pacific, cooked, dry heat",Finfish and Shellfish Products,high,"Atlantic salmon (養殖) boiled matches Pacific herring cooked in energy (244 vs 250kcal), protein (22.7 vs 21.0g), and fat (16.8 vs 17.8g) profiles; both are fatty fish with similar nutrient density and preparation method (water cooking/moist heat)",2.4,244.0,250,6.0,-1.7,1.0,,0.0,101.0,1.14,192.0,0.38,-2.0,35.0,-0.197,0.156,,2.12,0.141
10440,＜魚類＞　（さけ・ます類）　たいせいようさけ　養殖　皮なし　蒸し,魚介類,魚類,True,False,174233,"Fish, herring, Pacific, cooked, dry heat",Finfish and Shellfish Products,high,"Atlantic salmon (farmed, skinless, steamed) matches herring cooked dry heat in energy (228 vs 250kcal), protein (23.2 vs 21.0g), fat (15.1 vs 17.8g), and salt content (0.1 vs 0.241g); both are fatty fish with similar nutrient profiles",9.2,228.0,250,22.0,-2.2,2.7,,0.0,93.0,1.14,182.0,0.38,-2.0,35.0,-0.177,0.156,,0.32,0.141
10441,＜魚類＞　（さけ・ます類）　たいせいようさけ　養殖　皮なし　電子レンジ調理,魚介類,魚類,True,False,174233,"Fish, herring, Pacific, cooked, dry heat",Finfish and Shellfish Products,high,"Atlantic salmon (farmed, skinless, microwave-cooked) matches Pacific herring cooked dry heat most closely in energy (231 vs 250kcal), protein (22.7 vs 21.0g), fat (15.7 vs 17.8g), and B12 content (9.7 vs expected herring levels); both are fatty cooked fish with similar nutrient profiles",7.9,231.0,250,19.0,-1.7,2.1,,0.0,100.0,1.14,142.0,0.38,-2.0,35.0,-0.217,0.146,,-0.08,0.141
10442,＜魚類＞　（さけ・ます類）　たいせいようさけ　養殖　皮なし　焼き,魚介類,魚類,True,False,174233,"Fish, herring, Pacific, cooked, dry heat",Finfish and Shellfish Products,high,"Atlantic salmon (farmed, skinless, grilled) matches Pacific herring cooked in energy (229 vs 250kcal), protein (23.9 vs 21.0g), and fat (15.0 vs 17.8g); both are oily fish cooked by dry heat with similar nutritional profiles",8.8,229.0,250,21.0,-2.9,2.8,,0.0,101.0,1.14,102.0,0.38,-1.0,35.0,-0.177,0.146,,0.22,0.141
10443,＜魚類＞　（さけ・ます類）　たいせいようさけ　養殖　皮なし　ソテー,魚介類,魚類,True,False,174233,"Fish, herring, Pacific, cooked, dry heat",Finfish and Shellfish Products,high,"Atlantic salmon (farmed, skinless, sautéed) matches best with Pacific herring cooked dry heat on energy (269 vs 250 kcal), fat (20.0 vs 17.8g), and protein (25.8 vs 21.0g) - both are fatty fish with similar nutrient profiles, though herring is closest available match in USDA database for farmed Atlantic salmon",7.3,269.0,250,-19.0,-4.8,-2.2,,0.0,99.0,1.14,92.0,0.38,-2.0,35.0,-0.237,0.126,,1.72,0.141
10444,＜魚類＞　（さけ・ます類）　たいせいようさけ　養殖　皮なし　天ぷら,魚介類,魚類,True,False,174187,"Fish, catfish, channel, cooked, breaded and fried",Finfish and Shellfish Products,medium,"Farmed Atlantic salmon (大西洋さけ) prepared as tempura (天ぷら/breaded and fried) best matches catfish, channel, cooked, breaded and fried for energy (229 vs 266kcal), protein (18.1 vs 20.0g), fat (13.3 vs 17.9g), and cooking method similarity; salmon candidates lack breading/frying data",14.9,266.0,229,-37.0,-1.9,-4.6,,,17.0,1.13,-50.0,0.46,-2.0,0.0,-0.197,0.003,,-1.8,0.511
10146,＜魚類＞　（さけ・ます類）　にじます　海面養殖　皮つき　生,魚介類,魚類,True,False,175136,"Fish, salmon, coho, wild, raw",Finfish and Shellfish Products,high,"Rainbow trout (にじます) raw with skin matches coho salmon raw nutritionally (E=146 vs 201, P=21.6 vs 21.4g, F=5.93 vs 11.7g); coho salmon raw is closest available US match for raw farmed salmonid fish despite slightly lower fat content from skin-on preparation differences",31.7,201.0,146,-55.0,0.2,-5.77,,0.0,23.0,0.26,33.0,-0.09,-1.0,40.0,-0.057,0.04,-2.0,-1.03,-0.083
10402,＜魚類＞　（さけ・ます類）　にじます　海面養殖　皮なし　生,魚介類,魚類,True,False,173715,"Fish, salmon, coho, farmed, raw",Finfish and Shellfish Products,high,"Rainbow trout (にじます) farmed, raw, skinless matches coho salmon farmed raw most closely on energy (160 vs 176 kcal), protein (21.3 vs 20.5g), and fat (7.67 vs 10.1g); both are farmed salmonids in raw state",9.5,176.0,160,-16.0,0.8,-2.43,,0.0,4.0,0.04,30.0,0.03,-1.9,56.0,-0.12,-0.01,,-1.13,0.019
10147,＜魚類＞　（さけ・ます類）　にじます　海面養殖　皮つき　焼き,魚介類,魚類,True,False,171999,"Fish, salmon, chinook, cooked, dry heat",Finfish and Shellfish Products,high,"Rainbow trout (海面養殖にじます) is a farmed salmon-like fish; Chinook salmon matches best on energy (231 vs 238 kcal), protein (25.7 vs 27.2g), fat (13.4 vs 13.3g), and overall nutrient profile with cooked dry heat preparation method",3.0,238.0,231,-7.0,-1.5,0.1,,0.0,6.0,0.61,15.0,-0.04,-0.9,149.0,-0.156,0.004,,0.07,-0.048
10148,＜魚類＞　（さけ・ます類）　にじます　淡水養殖　皮つき　生,魚介類,魚類,True,False,175154,"Fish, trout, rainbow, wild, raw",Finfish and Shellfish Products,high,"Rainbow trout, raw, wild matches the salmon/trout species (nijimasú is rainbow trout), raw preparation, and nutrient profile (E=119 vs 116 kcal, P=20.5 vs 19.7g, F=3.46 vs 3.7g) most closely among available options",2.6,116.0,119,3.0,0.8,-0.24,,0.0,43.0,0.5,111.0,0.48,0.4,19.0,-0.087,0.005,,-1.55,-0.021
10149,＜魚類＞　（さけ・ます類）　べにざけ　生,魚介類,魚類,True,False,175155,"Fish, trout, rainbow, wild, cooked, dry heat",Finfish and Shellfish Products,high,"Rainbow trout wild cooked is the closest match - raw salmon (べにざけ) and cooked trout have similar protein (22.5g vs 22.9g), fat (3.7g vs 5.82g), and energy (127 vs 150kcal); trout is a fatty fish comparable to salmon in nutritional profile",16.6,127.0,150,23.0,0.4,2.12,,0.0,76.0,-0.02,68.0,0.01,,15.0,-0.108,-0.053,,-3.1,0.042
10150,＜魚類＞　（さけ・ます類）　べにざけ　焼き,魚介類,魚類,True,False,172000,"Fish, salmon, chum, cooked, dry heat",Finfish and Shellfish Products,high,"Beniake (red salmon/sockeye) grilled matches chum salmon cooked dry heat most closely in protein (28.5g vs 25.8g), fat (4.9g vs 4.83g), energy (163 vs 154kcal), and salt content (0.2g vs 0.163g); chum salmon is the most appropriate Pacific salmon species match for this Japanese preparation.",5.7,163.0,154,-9.0,-2.7,-0.07,,0.0,-2.0,0.21,60.0,-0.1,-2.0,34.0,-0.178,-0.001,,-0.34,-0.037
10151,＜魚類＞　（さけ・ます類）　べにざけ　くん製,魚介類,魚類,True,False,173723,"Salmon, sockeye, canned, drained solids, without skin and bones",Finfish and Shellfish Products,high,"Benizake (red salmon) smoked matches sockeye salmon canned in nutrient profile (energy 143 vs 158 kcal, protein 25.7 vs 26.3g, fat 4.4 vs 5.87g) and both are processed salmon products with similar salt content from curing/preservation",10.0,143.0,158,15.0,0.6,1.47,,0.0,18.0,-0.32,62.0,0.08,0.0,56.0,-0.197,-0.016,-6.5,-2.46,-2.82
10152,＜魚類＞　（さけ・ます類）　ますのすけ　生,魚介類,魚類,True,False,173715,"Fish, salmon, coho, farmed, raw",Finfish and Shellfish Products,high,"ますのすけ (Masunousuke/Chinook salmon) is a salmon species; coho farmed raw matches energy (160 vs 176 kcal), protein (21.3 vs 19.5g), fat (7.67 vs 9.7g), and salt (0.119 vs 0.1g) most closely among raw salmon options",9.5,176.0,160,-16.0,1.8,-2.03,,0.0,-6.0,0.04,70.0,0.03,0.1,56.0,-0.04,-0.01,,-0.73,0.019
10153,＜魚類＞　（さけ・ます類）　ますのすけ　焼き,魚介類,魚類,True,False,171999,"Fish, salmon, chinook, cooked, dry heat",Finfish and Shellfish Products,high,"Masnosuke (chum salmon) grilled matches Chinook salmon cooked dry heat with closest energy (231 vs 238kcal), protein (25.7 vs 26.4g), and fat (13.4 vs 13.1g) profiles among salmon species candidates.",3.0,238.0,231,-7.0,-0.7,0.3,,0.0,-2.0,0.51,-15.0,-0.04,,149.0,-0.096,-0.046,,-1.23,0.052
10154,＜魚類＞　（さば類）　まさば　生,魚介類,魚類,True,False,173669,"Fish, herring, Pacific, raw",Finfish and Shellfish Products,high,"Pacific herring raw is the closest match - both are raw oily fish with similar energy (195 vs 211 kcal), protein (16.4 vs 20.6g), and fat (13.9 vs 12.8g) profiles; mackerel (saba) and herring are nutritionally comparable fatty fish species",7.9,211.0,195,-16.0,-4.2,1.1,,0.0,77.0,-0.08,93.0,-0.57,-1.0,31.0,-0.15,-0.11,,-3.0,-0.112
10155,＜魚類＞　（さば類）　まさば　水煮,魚介類,魚類,True,False,175120,"Fish, mackerel, Atlantic, cooked, dry heat",Finfish and Shellfish Products,high,"Atlantic mackerel cooked dry heat matches canned mackerel (さば/saba) nutritionally: similar energy (262 vs 253 kcal), protein (23.8 vs 22.6g), fat (17.8 vs 17.3g), and salt content (0.211 vs 0.2g); both are cooked mackerel products",3.5,253.0,262,9.0,1.2,0.5,,0.0,8.0,0.27,121.0,-0.16,0.4,54.0,-0.091,0.112,,0.0,0.011
10156,＜魚類＞　（さば類）　まさば　焼き,魚介類,魚類,True,False,175120,"Fish, mackerel, Atlantic, cooked, dry heat",Finfish and Shellfish Products,high,"Grilled mackerel (まさば焼き) matches Atlantic mackerel cooked dry heat almost perfectly in energy (264 vs 262 kcal), protein (25.2 vs 23.8g), and fat (17.1 vs 17.8g) content",0.8,264.0,262,-2.0,-1.4,0.7,,0.0,5.0,-0.03,31.0,-0.46,0.4,54.0,-0.141,0.042,,-3.0,-0.089
10403,＜魚類＞　（さば類）　まさば　フライ,魚介類,魚類,True,False,174233,"Fish, herring, Pacific, cooked, dry heat",Finfish and Shellfish Products,medium,"Mackerel (さば) is a fatty fish similar to herring; Pacific herring cooked dry heat matches the fried preparation method and nutrient profile (316 vs 250 kcal, similar protein/fat ratios), though energy is higher due to frying coating",23.3,316.0,250,-66.0,1.0,-4.1,,,92.0,0.14,232.0,-0.42,0.0,34.0,-0.127,-0.044,,-1.38,-0.059
10404,＜魚類＞　（さば類）　ごまさば　生,魚介類,魚類,True,False,175122,"Fish, mackerel, king, raw",Finfish and Shellfish Products,medium,"Raw mackerel (king) best matches raw saba (mackerel) on species and preparation, though nutrient profile shows lower fat content in USDA entry (2.0g vs 3.7g)",22.0,131.0,105,-26.0,-2.7,-1.7,,0.0,19.0,0.18,15.0,-0.54,,218.0,-0.07,0.196,,2.6,0.201
10405,＜魚類＞　（さば類）　ごまさば　水煮,魚介類,魚類,True,False,174236,"Fish, mackerel, king, cooked, dry heat",Finfish and Shellfish Products,high,"Mackerel (king, cooked) best matches ごまさば (sesame mackerel, canned in water) with similar energy (134 vs 139 kcal), protein (26.0 vs 24.8g), and fat (2.56 vs 3.8g) profiles; both are cooked mackerel preparations",3.7,139.0,134,-5.0,1.2,-1.24,,0.0,27.0,0.48,208.0,-0.48,1.6,252.0,-0.035,0.3,,4.0,0.416
10406,＜魚類＞　（さば類）　ごまさば　焼き,魚介類,魚類,True,False,174236,"Fish, mackerel, king, cooked, dry heat",Finfish and Shellfish Products,high,"ごまさば (saba/mackerel)焼き (grilled) matches King Mackerel cooked best - similar energy (174 vs 134 kcal), protein (31.1 vs 26g), and moderate fat profile; other mackerel options either too high fat (Atlantic) or insufficient energy/protein (raw king)",26.0,174.0,134,-40.0,-5.1,-2.14,,0.0,21.0,0.08,18.0,-0.68,1.6,252.0,-0.095,0.22,,1.0,0.316
10157,＜魚類＞　（さば類）　ごまさば　さば節,魚介類,魚類,True,False,174190,"Fish, cod, Atlantic, dried and salted",Finfish and Shellfish Products,high,"Dried fish product (さば節/saba-bushi) matches dried/salted fish profile with high protein (73.9g vs 62.8g), high energy (330 vs 290kcal), low fat, and comparable salt content; cod is closest dried finfish equivalent in USDA database",12.9,330.0,290,-40.0,-11.1,-0.43,,0.0,-700.0,-4.7,360.0,-6.81,3.5,42.0,0.018,-0.61,-8.0,4.0,16.956
10158,＜魚類＞　（さば類）　たいせいようさば　生,魚介類,魚類,True,False,175119,"Fish, mackerel, Atlantic, raw",Finfish and Shellfish Products,high,"Atlantic mackerel raw matches Atlantic saba (mackerel) raw in both food category and nutrient profile (E=205 vs 295kcal, P=18.6 vs 17.2g, F=13.9 vs 23.4g); the energy difference is attributable to fat content variation between fish specimens",36.0,295.0,205,-90.0,1.4,-9.5,,0.0,5.0,0.73,-6.0,-0.27,-0.6,50.0,0.036,-0.038,6.1,0.61,-0.071
10159,＜魚類＞　（さば類）　たいせいようさば　水煮,魚介類,魚類,True,False,174233,"Fish, herring, Pacific, cooked, dry heat",Finfish and Shellfish Products,high,"Atlantic mackerel (taiseiyō-saba) canned in water matches Pacific herring cooked in nutrient profile (energy, protein, fat) and is the closest oily fish preparation in the USDA database; herring is nutritionally similar to mackerel with comparable fat content and cooking method similarities to water-packed canned fish.",21.4,310.0,250,-60.0,2.4,-6.2,,0.0,97.0,0.44,262.0,-0.32,,35.0,-0.117,-0.084,,-2.38,0.041
10160,＜魚類＞　（さば類）　たいせいようさば　焼き,魚介類,魚類,True,False,174233,"Fish, herring, Pacific, cooked, dry heat",Finfish and Shellfish Products,high,"Atlantic mackerel (たいせいようさば) grilled matches Pacific herring cooked in both food category and nutrient profile (energy, protein, fat content all similar); both are oily fish cooked by dry heat",26.4,326.0,250,-76.0,-0.8,-6.0,,0.0,94.0,0.24,152.0,-0.42,,35.0,-0.147,-0.124,,0.82,-0.059
10161,＜魚類＞　（さば類）　加工品　塩さば,魚介類,魚類,True,False,175119,"Fish, mackerel, Atlantic, raw",Finfish and Shellfish Products,high,塩さば (salted mackerel) matches Atlantic mackerel raw in species and fat/protein profile; salt-cured preparation accounts for higher energy and retained moisture vs. cooked entries,24.8,263.0,205,-58.0,-7.6,-2.4,,0.0,-15.0,-0.37,14.0,0.03,0.4,50.0,0.016,-0.278,5.1,1.61,-1.571
10162,＜魚類＞　（さば類）　加工品　開き干し,魚介類,魚類,True,False,174233,"Fish, herring, Pacific, cooked, dry heat",Finfish and Shellfish Products,high,"Dried/processed saba (mackerel family) matches Pacific herring cooked profile best: similar energy (303 vs 250kcal), protein (18.7 vs 21g), fat (22.7 vs 17.8g), and salt content (1.7 vs 0.241g considering Japanese processing adds salt); both are oily fish prepared by drying/smoking methods",19.2,303.0,250,-53.0,2.3,-4.9,,0.0,81.0,-0.56,242.0,-0.32,0.0,35.0,-0.057,-0.334,,-1.38,-1.459
10163,＜魚類＞　（さば類）　加工品　しめさば,魚介類,魚類,True,False,174233,"Fish, herring, Pacific, cooked, dry heat",Finfish and Shellfish Products,high,"Shimesaba is cured/marinated mackerel; Pacific herring cooked dry heat is closest match in category (oily fish), preparation method (processed/cooked), and nutrient profile (E=250 vs 292kcal, P=21.0 vs 18.6g, F=17.8 vs 20.6g are reasonably aligned for processed fish products)",15.5,292.0,250,-42.0,2.4,-2.8,,0.0,97.0,0.34,342.0,0.28,,35.0,-0.057,-0.024,,-1.38,-1.359
10164,＜魚類＞　（さば類）　缶詰　水煮,魚介類,魚類,True,False,175140,"Fish, sardine, Pacific, canned in tomato sauce, drained solids with bone",Finfish and Shellfish Products,high,"Canned fish in water (さば/mackerel) matches canned sardine profile: similar energy (174 vs 185 kcal), protein (20.9 vs 20.9g), fat (9.3 vs 10.4g), calcium (260 vs likely similar), and canned preparation with minimal added ingredients",6.1,174.0,185,11.0,0.0,1.1,0.34,0.1,-20.0,0.7,81.0,-0.3,1.0,34.0,-0.106,-0.167,-6.2,-3.0,0.152
10165,＜魚類＞　（さば類）　缶詰　みそ煮,魚介類,魚類,True,False,175139,"Fish, sardine, Atlantic, canned in oil, drained solids with bone",Finfish and Shellfish Products,high,"Canned sardines in oil match the mackerel/saba canned product concept; similar energy (208 vs 210kcal), protein (24.6 vs 16.3g), fat (11.4 vs 12.5g), and salt content (0.78 vs 1.1g) despite sardine being a different species, making it the closest available US canned fish product.",1.0,210.0,208,-2.0,8.3,-1.1,,0.0,172.0,0.92,147.0,0.11,0.0,32.0,0.04,-0.143,-0.2,-0.66,-0.32
10166,＜魚類＞　（さば類）　缶詰　味付け,魚介類,魚類,True,False,175139,"Fish, sardine, Atlantic, canned in oil, drained solids with bone",Finfish and Shellfish Products,high,"Canned mackerel (saba) with seasoning closely matches canned sardine in oil - both are oily fish in canned form with similar energy (208 vs 208 kcal), protein (21.4 vs 24.6g), fat (11.2 vs 11.4g), and salt content (1.3 vs 0.78g); sardine is the closest available US canned fish product to Japanese canned mackerel",0.0,208.0,208,0.0,3.2,0.2,,0.0,202.0,0.92,137.0,0.01,0.0,32.0,0.05,-0.043,-0.2,-2.06,-0.52
10167,＜魚類＞　（さめ類）　あぶらつのざめ　生,魚介類,魚類,True,False,171951,"Fish, butterfish, raw",Finfish and Shellfish Products,medium,"Aburatsunotsame (oilfish shark) is a fatty raw fish; butterfish matches energy (146 vs 138 kcal) and fat content (8.02 vs 6.6g) best, though protein is slightly lower than ideal",5.6,138.0,146,8.0,0.5,1.42,,0.0,16.0,-0.5,-75.0,0.47,,30.0,0.08,0.07,,0.2,-0.074
10168,＜魚類＞　（さめ類）　よしきりざめ　生,魚介類,魚類,True,False,173670,"Fish, ling, raw",Finfish and Shellfish Products,high,"Yoshikiri shark (raw white fish) matches ling (raw) most closely in energy (87 vs 79 kcal), protein (19.0 vs 18.9g), fat (0.64 vs 0.2g), and salt content (0.343 vs 0.5g); both are raw lean white fish with similar nutritional profiles",9.6,79.0,87.0,8.0,0.1,0.44,,0.0,29.0,0.25,89.0,0.28,,30.0,0.0,0.08,,0.26,-0.157
10170,＜魚類＞　さより　生,魚介類,魚類,True,False,173725,"Fish, pollock, Alaska, raw",Finfish and Shellfish Products,high,"Sayori is a small raw fish; Alaska pollock raw matches energy (76 vs 88 kcal), protein (17.2 vs 19.6g), fat (0.82 vs 0.9g), and salt (0.404 vs 0.5g) profile most closely among raw fish options",14.6,88.0,76.0,-12.0,-2.4,-0.08,,,-29.0,-0.03,41.0,-1.5,,,,,,,-0.096
10171,＜魚類＞　さわら　生,魚介類,魚類,True,False,173672,"Fish, mackerel, Pacific and jack, mixed species, raw",Finfish and Shellfish Products,high,"Sawara is a Spanish mackerel; mackerel (Pacific, raw) matches both the raw preparation state and nutrient profile (energy 158 vs 161 kcal, protein 20.1g, fat 7.89 vs 8.4g) almost identically",1.9,161.0,158,-3.0,0.0,-0.51,,0.0,10.0,0.36,-84.0,-0.33,,19.0,0.021,0.071,2.1,-0.9,0.018
10172,＜魚類＞　さわら　焼き,魚介類,魚類,True,False,173674,"Fish, mackerel, spanish, cooked, dry heat",Finfish and Shellfish Products,high,"Sawara (Spanish mackerel) grilled matches Spanish mackerel cooked dry heat with nearly identical energy (158 vs 184kcal), protein (23.6g match), fat (6.32 vs 9.2g), and mineral profile; grilling is a dry heat method comparable to the USDA entry",15.2,184.0,158,-26.0,0.0,-2.88,,0.0,-9.0,-0.16,-56.0,-0.48,,33.0,0.04,-0.13,,1.7,-0.032
10173,＜魚類＞　さんま　皮つき　生,魚介類,魚類,True,False,175120,"Fish, mackerel, Atlantic, cooked, dry heat",Finfish and Shellfish Products,high,"Mackerel Atlantic is the closest match: both are oily fish with similar energy (287 vs 262 kcal), high fat (22.7 vs 17.8g), and protein (18.1 vs 23.8g) profiles; sanma (pike mackerel) is nutritionally comparable to Atlantic mackerel despite the cooked vs raw difference",9.1,287.0,262,-25.0,5.7,-4.9,,0.0,-13.0,0.17,201.0,0.14,0.4,54.0,0.149,0.132,,3.0,-0.189
10407,＜魚類＞　さんま　皮なし　生,魚介類,魚類,True,False,175120,"Fish, mackerel, Atlantic, cooked, dry heat",Finfish and Shellfish Products,high,"Sanma (saury) is a fatty raw fish; mackerel Atlantic cooked is closest match in finfish category with similar high fat content (17.8g vs 21.7g), comparable protein (23.8g vs 17.8g), and matching energy profile (262kcal vs 277kcal)",5.6,277.0,262,-15.0,6.0,-3.9,,0.0,0.0,0.27,201.0,0.34,-0.6,54.0,0.159,0.092,,4.0,-0.089
10174,＜魚類＞　さんま　皮つき　焼き,魚介類,魚類,True,False,175120,"Fish, mackerel, Atlantic, cooked, dry heat",Finfish and Shellfish Products,high,"Sanma (Pacific saury) is a fatty fish similar to mackerel; Atlantic mackerel cooked by dry heat matches the grilled preparation, with nearly identical energy (262 vs 281 kcal), protein (23.8 vs 23.3g), and fat (17.8 vs 19.8g) profiles.",7.0,281.0,262,-19.0,0.5,-2.0,,0.0,-22.0,-0.13,141.0,0.04,0.4,54.0,,0.112,,3.0,-0.089
10175,＜魚類＞　さんま　開き干し,魚介類,魚類,True,False,174233,"Fish, herring, Pacific, cooked, dry heat",Finfish and Shellfish Products,high,"Sanma (saury) is a small oily fish similar to herring; cooked dry heat Pacific herring matches the energy (250 vs 232 kcal), protein (21.0 vs 19.3g), fat (17.8 vs 15.8g), and vitamin D content of dried sanma most closely among available candidates.",7.5,232.0,250,18.0,1.7,2.0,,0.0,46.0,0.34,282.0,-0.02,0.0,35.0,,-0.044,,-0.38,-1.059
10176,＜魚類＞　さんま　みりん干し,魚介類,魚類,True,False,174233,"Fish, herring, Pacific, cooked, dry heat",Finfish and Shellfish Products,medium,"Sanma mirin-boshi is a dried/semi-dried saury with mirin glaze; Pacific herring cooked dry heat is closest match in finfish category with similar energy (382 vs 250kcal suggests concentration from drying), protein (23.9g vs 21.0g), and fat (20.3g vs 17.8g) profiles, though herring is cooked rather than dried",41.8,382.0,250,-132.0,-2.9,-2.5,,0.0,-14.0,-0.76,172.0,-0.62,0.0,35.0,,-0.044,,-1.38,-3.359
10177,＜魚類＞　さんま　缶詰　味付け,魚介類,魚類,True,False,174233,"Fish, herring, Pacific, cooked, dry heat",Finfish and Shellfish Products,high,"Canned flavored saury (さんま) is a cooked fish product; Pacific herring cooked dry heat provides closest match for energy (250 vs 259kcal), protein (21.0 vs 18.9g), fat (17.8 vs 17.2g), and calcium (280mg noted in Japanese entry suggests similar canned fish preparation)",3.5,259.0,250,-9.0,2.1,0.6,,0.0,-174.0,-0.46,382.0,-0.42,0.0,35.0,,0.056,,-2.38,-1.159
10178,＜魚類＞　さんま　缶詰　かば焼,魚介類,魚類,True,False,175117,"Fish, herring, Atlantic, cooked, dry heat",Finfish and Shellfish Products,high,"Saury (sanma) canned in kabayaki sauce is similar to herring (oily fish) in nutrient profile; Atlantic herring cooked matches energy (203 vs 219 kcal), protein (23.0 vs 17.4g), and fat (11.6 vs 11.7g) most closely among available finfish options, accounting for the added sauce in the Japanese product.",7.6,219.0,203,-16.0,5.6,-0.1,,0.0,-176.0,-1.49,169.0,1.17,0.7,36.0,,0.029,-6.6,1.1,-1.208
10179,＜魚類＞　しいら　生,魚介類,魚類,True,False,175156,"Fish, tuna, fresh, skipjack, raw",Finfish and Shellfish Products,high,"Shiira (mahi-mahi) is a lean white fish with similar energy (100 vs 103 kcal), high protein (21.3 vs 22.0g), and low fat (1.4 vs 1.01g) profile matching skipjack tuna; both are raw, pelagic fish species",3.0,100.0,103,3.0,0.7,-0.39,,0.0,16.0,0.55,-73.0,0.32,0.0,16.0,-0.167,-0.05,,-0.7,-0.006
10180,＜魚類＞　（ししゃも類）　ししゃも　生干し　生,魚介類,魚類,True,False,175155,"Fish, trout, rainbow, wild, cooked, dry heat",Finfish and Shellfish Products,high,"Shishamo is a small smelt fish; rainbow trout matches energy (150 vs 152 kcal), protein (22.9 vs 21.0g), and fat (5.82 vs 7.1g) profiles closely, and both are raw/minimally processed finfish with similar nutritional composition.",1.3,152.0,150,-2.0,1.9,-1.28,,0.0,-244.0,-1.22,68.0,-1.29,1.0,9.0,0.132,-0.153,,-1.2,-1.058
10181,＜魚類＞　（ししゃも類）　ししゃも　生干し　焼き,魚介類,魚類,True,False,173674,"Fish, mackerel, spanish, cooked, dry heat",Finfish and Shellfish Products,high,"Shishamo is a small smelt-like fish, and Spanish mackerel cooked dry heat matches best on energy (158 vs 162 kcal), protein (23.6 vs 24.3g), fat (6.32 vs 6.6g), and mineral profile among available options; both are small oily fish prepared by cooking.",2.5,162.0,158,-4.0,-0.7,-0.28,,0.0,-347.0,-0.96,154.0,-1.48,0.6,22.0,0.09,-0.08,,-1.7,-1.432
10182,＜魚類＞　（ししゃも類）　からふとししゃも　生干し　生,魚介類,魚類,True,False,175140,"Fish, sardine, Pacific, canned in tomato sauce, drained solids with bone",Finfish and Shellfish Products,high,"Capelin (shishamo) is a small fish similar to sardines; candidate 2 (Pacific sardine canned in tomato sauce) has closest nutrient match with E=185kcal, P=20.9g, F=10.4g, and appropriate Ca/mineral profile for small fish products",14.5,160.0,185,25.0,5.3,0.5,0.04,0.1,-110.0,0.9,141.0,-0.6,0.0,34.0,,-0.077,4.4,0.3,-0.448
10183,＜魚類＞　（ししゃも類）　からふとししゃも　生干し　焼き,魚介類,魚類,True,False,175140,"Fish, sardine, Pacific, canned in tomato sauce, drained solids with bone",Finfish and Shellfish Products,medium,"Capelin (shishamo) is a small fatty fish similar to sardines; Pacific sardine canned in tomato sauce has closest energy (185 vs 170 kcal) and protein profile (20.9 vs 18.2g), though salt content differs due to canning/sauce processing",8.5,170.0,185,15.0,2.7,0.5,-0.06,0.1,-140.0,0.7,131.0,-1.0,0.0,34.0,0.034,-0.137,4.3,-1.0,-0.948
10184,＜魚類＞　したびらめ　生,魚介類,魚類,True,False,175151,"Fish, sunfish, pumpkin seed, raw",Finfish and Shellfish Products,high,"したびらめ (flounder/flatfish, raw) matches sunfish nutritionally (89kcal, 19.4g protein, 0.7g fat) and both are raw white fish with lean profiles; flounder is a flatfish available in US markets as a common white fish option",0.0,89.0,89.0,0.0,0.2,-0.5,,0.0,44.0,0.9,40.0,1.05,0.0,15.0,0.02,-0.07,,-0.6,-0.197
10185,＜魚類＞　しまあじ　養殖　生,魚介類,魚類,True,False,173675,"Fish, milkfish, raw",Finfish and Shellfish Products,high,"Shimaji is a Japanese jack fish; milkfish raw matches the raw preparation, farmed status, and nutrient profile (148 kcal, 20.5g protein, 6.73g fat) most closely to the target (153 kcal, 21.9g protein, 6.6g fat)",3.3,153.0,148,-5.0,-1.4,0.13,,0.0,35.0,-0.38,-98.0,-0.28,,30.0,-0.237,-0.096,,0.2,0.083
10186,＜魚類＞　しらうお　生,魚介類,魚類,True,False,175146,"Fish, smelt, rainbow, raw",Finfish and Shellfish Products,high,"Shirauo (Japanese silverfish) is a small raw fish most closely matched by rainbow smelt - similar small fish species, comparable energy (97 vs 70kcal difference likely due to USDA measurement variation), raw preparation, and similar protein/fat profiles",32.3,70.0,97.0,27.0,4.0,1.02,,0.0,-90.0,0.5,40.0,0.45,-4.0,15.0,-0.07,0.02,-0.2,0.14,-0.248
10187,＜魚類＞　シルバー　生,魚介類,魚類,True,False,171951,"Fish, butterfish, raw",Finfish and Shellfish Products,high,"シルバー (silverfish) matches butterfish nutritionally (138 vs 146 kcal, 18.6 vs 17.3g protein, 6.5 vs 8.02g fat) and both are raw oily fish with similar mineral/vitamin profiles",5.6,138.0,146,8.0,-1.3,1.52,,0.0,11.0,-0.1,-65.0,0.27,0.0,30.0,0.04,-0.03,,0.1,0.026
10188,＜魚類＞　すずき　生,魚介類,魚類,True,False,174184,"Fish, bass, fresh water, mixed species, raw",Finfish and Shellfish Products,high,"すずき (Japanese sea bass) matches freshwater bass in nutrient profile (114kcal, 18.9g protein, 3.69g fat) and is a raw white fish with similar culinary characteristics",0.9,113.0,114,1.0,-0.9,0.19,,0.0,68.0,1.29,-14.0,0.15,-1.0,30.0,0.055,-0.126,,0.0,-0.022
10189,＜魚類＞　（たい類）　きだい　生,魚介類,魚類,True,False,173671,"Fish, lingcod, raw",Finfish and Shellfish Products,high,"Kidai is a raw white fish (sea bream family) with lean protein profile matching lingcod raw: similar energy (100 vs 85 kcal), protein (18.6 vs 17.7g), low fat (2.5 vs 1.06g), and both raw preparation state",16.2,100.0,85.0,-15.0,-0.9,-1.44,,0.0,-9.0,0.12,47.0,0.05,-1.0,15.0,0.0,0.074,,0.4,-0.05
10190,＜魚類＞　（たい類）　くろだい　生,魚介類,魚類,True,False,173700,"Fish, spot, raw",Finfish and Shellfish Products,high,"Fish, spot, raw matches kurodai (black sea bream) - both raw white fish with similar energy (123 vs 137 kcal), protein (18.5 vs 20.4g), fat (4.9 vs 5.4g), and salt content (0.074 vs 0.1g)",10.8,137.0,123,-14.0,-1.9,-0.5,,0.0,1.0,0.02,96.0,-0.29,-3.0,30.0,0.04,-0.08,,-0.7,-0.026
10191,＜魚類＞　（たい類）　ちだい　生,魚介類,魚類,True,False,175129,"Fish, pollock, Atlantic, raw",Finfish and Shellfish Products,high,"Fish, pollock, Atlantic, raw matches ちだい (red seabream) raw profile with identical protein (19.4g), similar energy (92 vs 97 kcal), comparable fat (0.98 vs 1.9g), and salt content (0.218 vs 0.2g) for a raw white fish",5.3,97.0,92.0,-5.0,0.0,-0.92,,0.0,27.0,-0.14,-34.0,0.07,-2.0,14.0,0.017,0.085,-1.0,0.19,0.018
10192,＜魚類＞　（たい類）　まだい　天然　生,魚介類,魚類,True,False,175144,"Fish, sheepshead, raw",Finfish and Shellfish Products,high,"Fish, sheepshead, raw matches まだい (red sea bream) as both are raw white fish with similar energy (108 vs 129 kcal), protein (20.2 vs 20.6g), and fat (2.41 vs 4.6g) profiles; sheepshead is a comparable Atlantic/Pacific species to Japanese sea bream",17.7,129.0,108,-21.0,-0.4,-2.19,,0.0,10.0,0.26,-36.0,-0.01,-1.0,30.0,-0.08,-0.01,,0.8,0.08
10193,＜魚類＞　（たい類）　まだい　養殖　皮つき　生,魚介類,魚類,True,False,173715,"Fish, salmon, coho, farmed, raw",Finfish and Shellfish Products,high,"Raw farmed salmon matches the energy (160 kcal), protein (21.3g vs 20.9g), fat (7.67g vs 7.8g), and salt (0.119g vs 0.1g) profile of farmed sea bream; both are raw, farmed finfish with similar nutritional composition.",0.0,160.0,160,0.0,0.4,-0.13,,0.0,0.0,0.14,0.0,-0.07,-1.9,56.0,-0.23,0.03,,1.17,0.019
10194,＜魚類＞　（たい類）　まだい　養殖　皮つき　水煮,魚介類,魚類,True,False,174231,"Fish, butterfish, cooked, dry heat",Finfish and Shellfish Products,high,"Butterfish cooked matches the energy (187 vs 182 kcal), protein (22.2g exact match), and fat content (10.3 vs 9.3g) of farmed red sea bream; both are similar mid-fat cooked fish with comparable nutrient profiles",2.7,182.0,187,5.0,0.0,1.0,,0.0,8.0,0.44,41.0,0.49,-2.0,33.0,-0.014,0.122,,-0.77,0.19
10195,＜魚類＞　（たい類）　まだい　養殖　皮つき　焼き,魚介類,魚類,True,False,174231,"Fish, butterfish, cooked, dry heat",Finfish and Shellfish Products,high,"Madai (red seabream) is a white/light fish similar to butterfish; cooked dry heat preparation matches the焼き (grilled) method, with nearly identical energy (187 vs 186 kcal), protein (22.2 vs 22.7g), and fat (10.3 vs 9.4g) profiles.",0.5,186.0,187,1.0,-0.5,0.9,,0.0,4.0,0.44,-19.0,0.49,-3.0,33.0,0.006,0.102,,-0.77,0.19
10408,＜魚類＞　（たい類）　まだい　養殖　皮なし　生,魚介類,魚類,True,False,175163,"Fish, yellowtail, mixed species, raw",Finfish and Shellfish Products,high,"Yellowtail raw matches both the raw preparation of madai and nutrient profile (146 vs 131 kcal, 23.1 vs 21.2g protein, 5.24 vs 4.8g fat), with similar salt content (0.099 vs 0.1g); both are premium raw fish species",10.8,131.0,146,15.0,1.9,0.44,,0.0,16.0,0.29,-70.0,0.12,-0.2,29.0,-0.166,-0.04,,-0.5,-0.001
10196,＜魚類＞　たかさご　生,魚介類,魚類,True,False,175129,"Fish, pollock, Atlantic, raw",Finfish and Shellfish Products,high,"Takasago is a raw white fish with lean protein profile; Atlantic pollock raw matches energy (92 vs 93 kcal), protein (19.4 vs 20.2g), fat (0.98 vs 1.1g), and low salt (0.218g vs 0.1g), closest overall nutrient match among raw fish candidates",1.1,93.0,92.0,-1.0,-0.8,-0.12,,0.0,9.0,-0.04,-154.0,-0.23,,14.0,0.017,0.115,-1.0,-1.21,0.118
10197,＜魚類＞　たかべ　生,魚介類,魚類,True,False,171951,"Fish, butterfish, raw",Finfish and Shellfish Products,high,"Butterfish raw matches takabeベ (raw fish) with closest energy (146 vs 148 kcal), protein (17.3 vs 18.7g), fat (8.02 vs 7.4g), and salt (0.226 vs 0.3g) profiles among raw fish candidates",1.4,148.0,146,-2.0,-1.4,0.62,,0.0,-19.0,-0.1,-5.0,-0.53,-1.0,30.0,0.06,-0.03,,-0.1,-0.074
10198,＜魚類＞　たちうお　生,魚介類,魚類,True,False,174232,"Fish, halibut, greenland, cooked, dry heat",Finfish and Shellfish Products,high,"Tachiuo (ribbonfish) raw matches Greenland halibut cooked on energy (238 vs 239kcal), protein (16.5 vs 18.4g), and fat (17.7g exact match); both are fatty raw/cooked fish with similar nutritional profiles",0.4,238.0,239,1.0,1.9,0.0,,0.0,-8.0,0.65,54.0,0.01,-1.0,18.0,0.063,0.033,,0.06,0.062
10199,＜魚類＞　（たら類）　すけとうだら　生,魚介類,魚類,True,False,173725,"Fish, pollock, Alaska, raw",Finfish and Shellfish Products,high,"Skeotowdara (Alaska pollock) raw matches Alaska pollock raw in both species identity and preparation; nutrient profile is nearly identical (72 vs 76 kcal, 17.4 vs 17.2g protein, 0.5 vs 0.82g fat)",5.4,72.0,76.0,4.0,-0.2,0.32,,,-1.0,0.07,-19.0,-0.1,,,,,,,0.104
10409,＜魚類＞　（たら類）　すけとうだら　フライ,魚介類,魚類,True,False,171957,"Fish, croaker, Atlantic, cooked, breaded and fried",Finfish and Shellfish Products,high,"Skeotowdara (pollock) fried matches Atlantic croaker breaded and fried in energy (195 vs 221kcal), protein (19.2 vs 18.2g), fat (11.3 vs 12.7g), and carbs (7.2 vs 7.54g); both are breaded/fried white fish with similar nutrient profiles",12.5,195.0,221,26.0,-1.0,1.4,0.34,,-2.0,0.46,0.0,-0.18,,22.0,0.04,0.0,,-0.4,0.484
10200,＜魚類＞　（たら類）　すけとうだら　すり身,魚介類,魚類,True,False,173702,"Fish, surimi",Finfish and Shellfish Products,high,"Fish surimi is the exact conceptual match for すり身 (minced fish paste), with nearly identical energy (99 vs 98 kcal) and similar protein profile (15.2g vs 17.5g), though the Japanese item shows slightly higher protein and lower fat typical of walleye pollock surimi.",1.0,98.0,99.0,1.0,-2.3,0.8,,0.0,2.0,0.16,-18.0,0.03,0.0,20.0,-0.01,-0.029,,1.0,0.063
10201,＜魚類＞　（たら類）　すけとうだら　すきみだら,魚介類,魚類,True,False,174190,"Fish, cod, Atlantic, dried and salted",Finfish and Shellfish Products,high,Suketoudara (walleye pollock) is a dried salted cod-like fish; candidate 11 (dried and salted cod) matches both the processing method and nutrient profile including very high salt content (17.856g vs 18.8g) and high protein (62.8g vs 40.5g in fresh equivalent),54.9,165.0,290,125.0,22.3,2.17,,0.0,30.0,0.6,920.0,1.49,3.5,42.0,0.138,0.06,3.0,7.5,-0.944
10202,＜魚類＞　（たら類）　すけとうだら　たらこ　生,魚介類,魚類,True,False,174236,"Fish, mackerel, king, cooked, dry heat",Finfish and Shellfish Products,medium,"Sketowtara tarako (pollock roe, raw) is raw fish roe with high protein (24g) and moderate energy (131kcal); King mackerel cooked is closest match in finfish category with similar energy (134kcal) and protein (26g), though mackerel has higher fat and different nutrient profile than raw roe",2.3,131.0,134,3.0,2.0,-0.34,,0.0,16.0,1.68,258.0,-2.38,-31.4,252.0,-0.595,0.15,,0.0,-4.084
10204,＜魚類＞　（たら類）　すけとうだら　からしめんたいこ,魚介類,魚類,True,False,174239,"Fish, roe, mixed species, cooked, dry heat",Finfish and Shellfish Products,high,"Karashimentaiko is mentaiko (pollock roe) with mustard seasoning; Fish roe matches the base product, and the high protein (28.6g), moderate energy, and nutrient profile closely align with the Japanese item despite salt difference likely due to seasoning preparation method.",51.1,121.0,204,83.0,7.6,5.93,,0.0,5.0,0.07,103.0,-1.42,-59.6,45.0,-0.063,0.619,,0.5,-5.303
10205,＜魚類＞　（たら類）　まだら　生,魚介類,魚類,True,False,173725,"Fish, pollock, Alaska, raw",Finfish and Shellfish Products,high,"まだら (Pacific cod) raw matches Alaska pollock raw most closely in energy (72 vs 76 kcal), protein (17.6 vs 17.2g), and fat (0.1 vs 0.82g) with identical raw preparation state; both are white fish from similar cold-water regions",5.4,72.0,76.0,4.0,-0.4,0.72,,,-20.0,0.07,-19.0,-0.1,,,,,,,0.104
10206,＜魚類＞　（たら類）　まだら　焼き,魚介類,魚類,True,False,174237,"Fish, pollock, Atlantic, cooked, dry heat",Finfish and Shellfish Products,high,"Atlantic pollock cooked dry heat matches まだら (Pacific cod)焼き in fish type, cooking method, and nutrient profile (103 vs 118 kcal, 25.2 vs 24.9g protein, minimal fat content)",13.6,103.0,118,15.0,-0.3,1.06,,0.0,29.0,0.19,-24.0,-0.3,,12.0,-0.036,0.105,,-0.22,-0.121
10207,＜魚類＞　（たら類）　まだら　しらこ　生,魚介類,魚類,True,False,173725,"Fish, pollock, Alaska, raw",Finfish and Shellfish Products,high,"Raw pollock (Alaska) matches raw walleye pollock (madara) - same species, raw preparation, very similar low-fat white fish protein profile (13.4g vs 17.2g protein, 60 vs 76 kcal)",23.5,60.0,76.0,16.0,3.8,0.42,,,6.0,0.07,-59.0,-0.3,,,,,,,0.104
10208,＜魚類＞　（たら類）　まだら　塩だら,魚介類,魚類,True,False,175178,"Fish, cod, Pacific, cooked",Finfish and Shellfish Products,high,"Salted Pacific cod matches the Japanese 塩だら (salted pollock/cod) in both food concept and nutritional profile, with similar protein (20.4g vs 15.2g) and energy content accounting for preparation differences",31.7,61.0,84.0,23.0,5.2,,,,-6.0,-0.14,82.0,0.03,,,,,,,-1.66
10209,＜魚類＞　（たら類）　まだら　干しだら,魚介類,魚類,True,False,174190,"Fish, cod, Atlantic, dried and salted",Finfish and Shellfish Products,high,Both are dried/salted cod with very similar energy (299 vs 290 kcal) and extremely high protein content (73.2 vs 62.8g); candidate 1 has higher salt due to USDA salting method but matches the food concept perfectly,3.1,299.0,290,-9.0,-10.4,1.77,,0.0,80.0,2.4,-140.0,-0.21,3.5,42.0,0.068,-0.06,-2.0,1.4,14.056
10211,＜魚類＞　ちか　生,魚介類,魚類,True,False,173725,"Fish, pollock, Alaska, raw",Finfish and Shellfish Products,high,"Chika (pond smelt) is a small raw freshwater fish; pollock Alaska raw matches best on energy (76 vs 82 kcal), protein (17.2 vs 19.5g), minimal fat (0.82 vs 0.4g), and raw preparation state, with minor nutrient differences expected from species variation.",7.6,82.0,76.0,-6.0,-2.3,0.42,,,-23.0,-0.03,-9.0,-0.9,,,,,,,-0.196
10213,＜魚類＞　どじょう　生,魚介類,魚類,True,False,173725,"Fish, pollock, Alaska, raw",Finfish and Shellfish Products,high,"Doじょう (loach) is a raw freshwater fish; pollock raw matches best on energy (76 vs 72 kcal), protein (17.2 vs 16.1g), fat (0.82 vs 0.6g), and is the closest lean white fish match in the finfish category",5.4,72.0,76.0,4.0,1.1,0.22,,,-1088.0,-5.33,41.0,-2.5,,,,,,,0.204
10214,＜魚類＞　どじょう　水煮,魚介類,魚類,True,False,173725,"Fish, pollock, Alaska, raw",Finfish and Shellfish Products,high,"Doujou (loach) is a freshwater fish; pollock raw matches nearly identical energy (76.0 vs 76.0 kcal), protein (17.1 vs 17.2g), fat (0.5 vs 0.82g), and is a cooked/boiled white fish preparation from the finfish category",0.0,76.0,76.0,0.0,0.1,0.32,,,-1188.0,-6.13,1.0,-2.7,,,,,,,0.104
10215,＜魚類＞　とびうお　生,魚介類,魚類,True,False,173713,"Fish, whiting, mixed species, raw",Finfish and Shellfish Products,high,"Flyingfish (とびうお) is a raw lean fish; whiting raw matches energy (90 vs 89 kcal), protein (18.3 vs 21.0g), fat (1.31 vs 0.5g), and salt (0.183 vs 0.2g) profiles most closely among raw fish options",1.1,89.0,90.0,1.0,-2.7,0.81,,0.0,35.0,-0.16,-71.0,0.08,-1.0,30.0,0.046,-0.054,-0.6,-1.0,-0.017
10421,＜魚類＞　とびうお　煮干し,魚介類,魚類,True,False,174190,"Fish, cod, Atlantic, dried and salted",Finfish and Shellfish Products,high,"Dried fish product with very high protein (80g vs 62.8g), calcium (1200mg), and similar processing method (dried/preserved); cod is most nutritionally similar dried finfish available in USDA database",11.4,325.0,290,-35.0,-17.2,1.27,,0.0,-1040.0,0.3,260.0,-1.71,3.5,42.0,0.268,-0.08,0.1,-3.0,16.356
10422,＜魚類＞　とびうお　焼き干し,魚介類,魚類,True,False,174190,"Fish, cod, Atlantic, dried and salted",Finfish and Shellfish Products,high,"Dried/salted fish product with very high protein (62.8g vs 73.4g), similar energy (290 vs 309kcal), low fat, and comparable processing method to焼き干し (dried flying fish)",6.3,309.0,290,-19.0,-10.6,0.87,,0.0,-3040.0,-0.2,360.0,-3.81,3.5,42.0,,-0.08,0.7,-5.0,16.056
10212,＜魚類＞　ナイルティラピア　生,魚介類,魚類,True,False,173700,"Fish, spot, raw",Finfish and Shellfish Products,high,"Nile tilapia raw matches Fish, spot, raw almost perfectly in energy (123 vs 124 kcal), protein (18.5 vs 19.8g), fat (4.9 vs 4.6g), and salt (0.074 vs 0.2g); both are raw white fish with similar nutritional profiles",0.8,124.0,123,-1.0,-1.3,0.3,,0.0,-15.0,-0.18,126.0,0.11,-1.0,30.0,0.12,0.02,,0.7,-0.126
10216,＜魚類＞　なまず　生,魚介類,魚類,True,False,173714,"Fish, catfish, channel, wild, cooked, dry heat",Finfish and Shellfish Products,high,"Catfish (channel, wild, raw state) matches nanamaizu (raw catfish) in both species identity and preparation method, with very similar protein (18.5g vs 18.4g) and fat (2.85g cooked vs 7.3g raw suggests similar raw composition) profiles",32.0,145.0,105,-40.0,0.1,-4.45,,0.0,-7.0,-0.05,99.0,0.01,0.8,8.0,-0.103,-0.033,,0.6,0.027
10217,＜魚類＞　にぎす　生,魚介類,魚類,True,False,173725,"Fish, pollock, Alaska, raw",Finfish and Shellfish Products,high,"Nigisu is a small raw whitefish; Alaska pollock raw matches best on energy (76 vs 84 kcal), protein (17.2 vs 18.7g), fat (0.82 vs 0.9g), and salt (0.404 vs 0.5g) profiles for raw fish preparation",10.0,84.0,76.0,-8.0,-1.5,-0.08,,,-58.0,-0.13,11.0,0.0,,,,,,,-0.096
10218,＜魚類＞　にしん　生,魚介類,魚類,True,False,175120,"Fish, mackerel, Atlantic, cooked, dry heat",Finfish and Shellfish Products,high,"Herring (にしん) is a fatty fish similar to mackerel in nutritional profile; Atlantic mackerel cooked matches the energy (262 vs 196kcal), protein (23.8 vs 17.4g), and fat content (17.8 vs 13.1g) better than lean white fish options, accounting for cooking loss in the Japanese raw item.",28.8,196.0,262,66.0,6.4,4.7,,0.0,-12.0,0.57,51.0,-0.16,,54.0,0.149,0.182,,2.0,-0.089
10219,＜魚類＞　にしん　身欠きにしん,魚介類,魚類,True,False,174233,"Fish, herring, Pacific, cooked, dry heat",Finfish and Shellfish Products,high,"身欠きにしん (dried herring) matches Pacific herring cooked preparation with very similar energy (224 vs 250 kcal), protein (20.9 vs 21.0g), and fat (14.6 vs 17.8g) profiles; herring is the correct fish species and processing involves drying which concentrates nutrients similarly to the Japanese product.",11.0,224.0,250,26.0,0.1,3.2,,0.0,40.0,-0.06,112.0,-0.62,0.0,35.0,0.063,0.226,,-3.38,-0.159
10220,＜魚類＞　にしん　開き干し,魚介類,魚類,True,False,174233,"Fish, herring, Pacific, cooked, dry heat",Finfish and Shellfish Products,high,"Herring, Pacific, cooked, dry heat matches both the fish species (にしん=herring) and the dried/processed preparation method (開き干し=split-dried), with nearly identical energy (250 vs 239 kcal), protein (21.0 vs 18.5g), and fat (17.8 vs 17.1g) profiles",4.5,239.0,250,11.0,2.5,0.7,,0.0,81.0,-0.46,192.0,-0.32,0.0,35.0,0.063,0.226,,0.62,-0.659
10221,＜魚類＞　にしん　くん製,魚介類,魚類,True,False,175120,"Fish, mackerel, Atlantic, cooked, dry heat",Finfish and Shellfish Products,high,"Smoked herring (にしん くん製) matches Atlantic mackerel cooked for fatty fish profile: similar energy (280 vs 262 kcal), protein (23.1 vs 23.8g), fat (19.9 vs 17.8g), and high calcium/iron content; both are oily fish with comparable nutrient density",6.6,280.0,262,-18.0,0.7,-2.1,,0.0,-135.0,-1.93,121.0,-0.16,0.4,54.0,0.149,0.062,,4.0,-9.689
10222,＜魚類＞　にしん　かずのこ　生,魚介類,魚類,True,False,174239,"Fish, roe, mixed species, cooked, dry heat",Finfish and Shellfish Products,high,"Fish roe (kazunoko is herring roe) matches perfectly with 'Fish, roe, mixed species' in food category and nutrient profile (high protein 28.6g vs 25.2g, similar energy and fat content for raw/prepared roe)",37.9,139.0,204,65.0,3.4,4.83,1.72,0.0,-22.0,-0.43,73.0,-1.02,,91.0,0.127,0.729,,0.5,-0.503
10224,＜魚類＞　にしん　かずのこ　塩蔵　水戻し,魚介類,魚類,True,False,173725,"Fish, pollock, Alaska, raw",Finfish and Shellfish Products,medium,"Kazunoko (herring roe) is a fish roe product; pollock raw is closest white fish match for energy (80 vs 76 kcal) and protein (15 vs 17.2g), though salt content differs due to salt-cured processing of the Japanese item",5.1,80.0,76.0,-4.0,2.2,-0.78,,,4.0,-0.13,329.0,-0.9,,,,,,,-0.796
10225,＜魚類＞　はぜ　生,魚介類,魚類,True,False,173678,"Fish, perch, mixed species, raw",Finfish and Shellfish Products,high,"Fish, perch, mixed species, raw matches both the raw freshwater fish concept and nutrient profile (E=91 vs 78kcal, P=19.4 vs 19.1g, F=0.92 vs 0.1g, Salt=0.157 vs 0.2g) most closely; Haze (goby) is a small freshwater fish with similar lean protein characteristics",15.4,78.0,91.0,13.0,0.3,0.82,,0.0,38.0,0.7,-81.0,0.51,0.7,0.0,0.03,0.06,0.0,-0.8,-0.043
10227,＜魚類＞　はぜ　甘露煮,魚介類,魚類,True,False,175139,"Fish, sardine, Atlantic, canned in oil, drained solids with bone",Finfish and Shellfish Products,high,"Hazefish kanroni (sweetly simmered small fish with bones) best matches canned sardines in oil - both are whole small fish with high calcium (bones), similar energy/protein profiles, and comparable salt content from preservation methods",22.2,260.0,208,-52.0,3.5,10.3,,0.0,-598.0,-1.28,197.0,-1.39,0.0,22.0,0.03,0.117,-1.2,3.14,-3.02
10228,＜魚類＞　はたはた　生,魚介類,魚類,True,False,171960,"Fish, drum, freshwater, raw",Finfish and Shellfish Products,medium,"Hatahata is a small Japanese whitefish; freshwater drum matches energy (119 vs 101kcal), protein (17.5 vs 14.1g), and fat (4.93 vs 4.4g) profiles most closely among raw fish options, though drum is not the exact fish species.",16.4,101.0,119,18.0,3.4,0.53,,0.0,0.0,0.4,25.0,0.06,1.0,51.0,0.05,0.03,,0.3,-0.309
10229,＜魚類＞　はたはた　生干し,魚介類,魚類,True,False,173675,"Fish, milkfish, raw",Finfish and Shellfish Products,medium,"Hatahata (Japanese sandfish) is a small dried fish; milkfish raw is closest in energy (154 vs 148 kcal), protein (16.7 vs 20.5g), and fat (9.2 vs 6.73g) profiles, though salt content differs significantly due to drying process of Japanese item",4.0,154.0,148,-6.0,3.8,-2.47,,0.0,34.0,0.02,52.0,0.02,-3.0,30.0,-0.037,0.004,,-0.1,-1.117
10230,＜魚類＞　はまふえふき　生,魚介類,魚類,True,False,173671,"Fish, lingcod, raw",Finfish and Shellfish Products,high,"Lingcod raw matches energy (85 kcal), protein (17.7g close to 20.5g), very low fat (1.06g), and salt content (0.15g) of hamafuefuki; white fish species with similar nutritional profile to the Japanese raw fish item",0.0,85.0,85.0,0.0,-2.8,0.86,,0.0,-29.0,0.02,-13.0,-0.05,,15.0,-0.12,0.044,,-0.1,-0.05
10231,＜魚類＞　はも　生,魚介類,魚類,True,False,175163,"Fish, yellowtail, mixed species, raw",Finfish and Shellfish Products,high,"Hamo (pike conger) is a raw fish with moderate fat content; yellowtail raw matches energy (146 vs 132kcal), protein (23.1 vs 22.3g), and fat (5.24 vs 4.3g) profiles most closely among raw fish options",10.1,132.0,146,14.0,0.8,0.94,,0.0,-56.0,0.29,-30.0,-0.08,1.8,29.0,0.104,-0.14,,-0.6,-0.101
10233,＜魚類＞　ひらまさ　生,魚介類,魚類,True,False,175163,"Fish, yellowtail, mixed species, raw",Finfish and Shellfish Products,high,"Hiramasa (yellowtail) is a raw fish with nearly identical energy (146 vs 128 kcal), protein (23.1 vs 22.6g), and fat (5.24 vs 3.6g) profiles; yellowtail raw is the best conceptual and nutritional match for raw Japanese hiramasa.",13.1,128.0,146,18.0,0.5,1.64,,0.0,11.0,0.09,-30.0,-0.18,-0.2,29.0,-0.056,-0.1,,-0.8,-0.001
10234,＜魚類＞　ひらめ　天然　生,魚介類,魚類,True,False,171962,"Fish, grouper, mixed species, raw",Finfish and Shellfish Products,high,"Hirame (flounder) is a raw flatfish with nutritional profile (Energy, Protein, Fat) most closely matching raw grouper, a similar white-fleshed lean fish",4.3,96.0,92.0,-4.0,-0.6,-0.58,,0.0,5.0,0.79,43.0,0.08,-3.0,43.0,0.03,-0.105,,-0.4,0.035
10235,＜魚類＞　ひらめ　養殖　皮つき　生,魚介類,魚類,True,False,173705,"Fish, tilefish, raw",Finfish and Shellfish Products,high,"Hirame (flounder) is a raw, lean white fish; tilefish raw matches energy (96 vs 115kcal), protein (17.5 vs 21.6g), fat (2.31 vs 3.1g), and salt (0.135 vs 0.1g) profiles most closely among raw fish options, with similar texture and culinary properties.",18.0,115.0,96.0,-19.0,-4.1,-0.79,,0.0,-4.0,0.15,-7.0,-0.13,-5.0,18.0,0.0,-0.18,,0.7,0.035
10410,＜魚類＞　ひらめ　養殖　皮なし　生,魚介類,魚類,True,False,171953,"Fish, cisco, raw",Finfish and Shellfish Products,high,"Cisco raw matches hirame (flounder) raw profile best: similar energy (98 vs 100 kcal), protein (19.0 vs 21.2g), fat (1.91 vs 1.9g), and salt (0.14 vs 0.1g); both are lean white fish raw preparations",2.0,100.0,98.0,-2.0,-2.2,0.01,,0.0,4.0,0.3,-116.0,0.07,-10.0,30.0,-0.132,0.03,,-0.1,0.04
10236,＜魚類＞　（ふぐ類）　とらふぐ　養殖　生,魚介類,魚類,True,False,173680,"Fish, pike, northern, raw",Finfish and Shellfish Products,high,"Torafugu (tiger pufferfish) is a raw white fish with very low fat; pike northern raw matches closely on energy (88 vs 80 kcal), protein (19.3g exact match), minimal fat (0.69g vs 0.2g), and salt (0.099g vs 0.3g natural content)",9.5,80.0,88.0,8.0,0.0,0.49,,0.0,51.0,0.35,-171.0,-0.23,,21.0,-0.002,-0.147,-1.5,0.1,-0.201
10237,＜魚類＞　（ふぐ類）　まふぐ　生,魚介類,魚類,True,False,173725,"Fish, pollock, Alaska, raw",Finfish and Shellfish Products,high,"Raw Alaska pollock matches raw pufferfish (mafugu) most closely in energy (76 vs 78 kcal), protein (17.2 vs 18.9g), and very low fat (0.82 vs 0.3g); both are lean white fish in raw form with similar nutritional profiles",2.6,78.0,76.0,-2.0,-1.7,0.52,,,7.0,0.07,-139.0,-1.1,,,,,,,0.204
10238,＜魚類＞　ふな　生,魚介類,魚類,True,False,171948,"Fish, bass, striped, raw",Finfish and Shellfish Products,high,"Raw freshwater fish (funa/crucian carp) matches striped bass raw in energy (97 vs 93 kcal), protein (17.7 vs 18.2g), fat (2.33 vs 2.0g), and mineral profile; both are raw finfish with similar lean composition",4.2,93.0,97.0,4.0,-0.5,0.33,,0.0,-85.0,-0.66,-84.0,-1.5,-1.0,27.0,-0.45,-0.11,,-1.68,0.075
10239,＜魚類＞　ふな　水煮,魚介類,魚類,True,False,174235,"Fish, lingcod, cooked, dry heat",Finfish and Shellfish Products,high,"Crucian carp (ふな) is a freshwater fish; lingcod cooked matches energy (109 vs 104 kcal), protein (22.6 vs 20.3g), fat (1.36 vs 2.3g), and mineral profile similarly to water-boiled preparation",4.7,104.0,109,5.0,2.3,-0.94,,0.0,-122.0,-1.09,250.0,-1.52,,17.0,-0.455,0.019,,-0.25,0.093
10240,＜魚類＞　ふな　甘露煮,魚介類,魚類,True,False,175139,"Fish, sardine, Atlantic, canned in oil, drained solids with bone",Finfish and Shellfish Products,high,"Crucian carp (ふな) sweetly simmered is a small whole fish product with bones; canned sardines in oil best matches the high calcium (1200mg from bones), high protein (15.5g), similar energy density, and small fish whole-product consumption pattern of the Japanese item.",24.5,266.0,208,-58.0,9.1,9.0,,0.0,-818.0,-3.58,157.0,-3.89,0.0,22.0,-0.08,0.067,2.8,2.24,-2.52
10449,＜魚類＞　ふな　ふなずし,魚介類,魚類,True,False,175140,"Fish, sardine, Pacific, canned in tomato sauce, drained solids with bone",Finfish and Shellfish Products,medium,"Funazushi is a fermented fish product (similar to canned fish preparation); candidate 1 (canned sardine) matches energy/protein/fat profile closest among available options, though salt content is lower than expected for fermented product",2.2,181.0,185,4.0,-0.4,4.8,,0.1,-110.0,1.4,277.0,-1.5,1.0,,,0.163,1.2,1.6,-2.848
10241,＜魚類＞　ぶり　成魚　生,魚介類,魚類,True,False,171999,"Fish, salmon, chinook, cooked, dry heat",Finfish and Shellfish Products,high,"ぶり (yellowtail/amberjack) is a fatty fish species; chinook salmon cooked matches best on energy (231 vs 222 kcal), protein (25.7 vs 21.4g), and fat (13.4 vs 13.1g) profiles among raw fish candidates, with similar nutrient density appropriate for a premium fatty fish",4.0,222.0,231,9.0,4.3,0.3,,0.0,23.0,-0.39,125.0,-0.14,2.1,149.0,-0.186,-0.206,,-0.93,0.052
10242,＜魚類＞　ぶり　成魚　焼き,魚介類,魚類,True,False,171999,"Fish, salmon, chinook, cooked, dry heat",Finfish and Shellfish Products,high,"Buri (Japanese amberjack) is a fatty fish similar to chinook salmon in nutritional profile; both are cooked by dry heat with comparable energy (260 vs 231 kcal), protein (26.2 vs 25.7g), and fat (14.5 vs 13.4g) content",11.8,260.0,231,-29.0,-0.5,-1.1,,0.0,22.0,-1.39,65.0,-0.34,2.1,149.0,-0.196,-0.236,,-0.93,0.052
10243,＜魚類＞　ぶり　はまち　養殖　皮つき　生,魚介類,魚類,True,False,173715,"Fish, salmon, coho, farmed, raw",Finfish and Shellfish Products,high,"Hamachi (yellowtail) is a fatty fish similar to farmed coho salmon; raw farmed salmon matches the raw preparation, farmed status, and nutritional profile (160kcal, 21.3g protein, 7.67g fat) most closely to the Japanese item (217kcal, 20.7g protein, 13.4g fat)",30.2,217.0,160,-57.0,0.6,-5.73,,0.0,-7.0,-0.66,110.0,-0.37,-0.9,56.0,-0.07,-0.1,,-1.93,0.019
10411,＜魚類＞　ぶり　はまち　養殖　皮なし　生,魚介類,魚類,True,False,172004,"Fish, trout, mixed species, cooked, dry heat",Finfish and Shellfish Products,high,"Hamachi (yellowtail) is a fatty fish similar to trout; option 10 (trout, cooked) matches the raw Japanese item's energy (190 vs 180 kcal), protein (26.6 vs 21g), and fat (8.47 vs 9.9g) profiles most closely, accounting for raw vs cooked preparation differences",5.4,180.0,190,10.0,5.6,-1.43,,0.0,50.0,0.82,73.0,0.35,-2.5,19.0,0.256,0.193,,0.89,0.07
10244,＜魚類＞　ほうぼう　生,魚介類,魚類,True,False,175181,"Fish, trout, brook, raw, New York State",Finfish and Shellfish Products,high,"ほうぼう (Japanese red gurnard) is a raw white fish with nutritional profile (110kcal, 19.6g protein, 3.0g fat) matching brook trout raw, both lean white fish with similar energy, protein, and fat content",0.0,110.0,110,0.0,1.6,-0.27,,,-17.0,-0.02,37.0,0.05,,,0.047,-0.049,,0.57,-0.186
10245,＜魚類＞　ホキ　生,魚介類,魚類,True,False,173725,"Fish, pollock, Alaska, raw",Finfish and Shellfish Products,high,"Hoki is a white fish similar to pollock; Alaska pollock raw matches energy (76 vs 78 kcal), protein (17.2 vs 17.0g), fat (0.82 vs 1.0g), and salt (0.404 vs 0.4g) very closely",2.6,78.0,76.0,-2.0,0.2,-0.18,,,-8.0,-0.03,1.0,0.0,,,,,,,0.004
10246,＜魚類＞　ほっけ　生,魚介類,魚類,True,False,173725,"Fish, pollock, Alaska, raw",Finfish and Shellfish Products,medium,"Hokke is a raw white fish similar to pollock in protein content (17.3g vs 17.2g) and caloric value (103 vs 76kcal), though hokke has slightly higher fat; raw pollock Alaska is the closest available match despite some nutrient differences.",30.2,103.0,76.0,-27.0,-0.1,-2.38,,,-10.0,-0.13,-29.0,-0.7,,,,,,,0.204
10247,＜魚類＞　ほっけ　塩ほっけ,魚介類,魚類,True,False,171949,"Fish, bluefish, raw",Finfish and Shellfish Products,high,"Hokke (atka mackerel) is a lean white fish; bluefish raw matches energy (124 vs 113 kcal), protein (20.0 vs 18.1g), fat (4.24 vs 4.1g), and mineral profiles most closely among available candidates",9.3,113.0,124,11.0,1.9,0.14,,0.0,-13.0,-0.02,22.0,0.41,,120.0,-0.042,-0.19,,-1.91,-3.448
10248,＜魚類＞　ほっけ　開き干し　生,魚介類,魚類,True,False,174244,"Fish, spot, cooked, dry heat",Finfish and Shellfish Products,high,"Hokke (атка макрель) is a dried split fish similar to spot; energy (158 vs 161kcal), protein (23.7 vs 20.6g), fat (6.28 vs 8.3g), and salt content (0.094 vs 1.8g adjusted for drying) align well with cooked spot fish profile",1.9,161.0,158,-3.0,3.1,-2.02,,0.0,-152.0,-0.09,246.0,-0.25,-4.0,35.0,0.085,0.028,,-1.84,-1.706
10412,＜魚類＞　ほっけ　開き干し　焼き,魚介類,魚類,True,False,173716,"Fish, salmon, coho, farmed, cooked, dry heat",Finfish and Shellfish Products,high,"Hokke (atka mackerel) split-dried and grilled matches salmon coho farmed cooked in energy (179 vs 178 kcal), protein (23.1 vs 24.3g), fat (9.4 vs 8.23g), and mineral profile; both are oily fish prepared by cooking with similar nutritional composition",0.6,179.0,178,-1.0,1.2,-1.17,,0.0,-168.0,-0.21,50.0,-0.53,-0.5,59.0,-0.04,-0.147,,-2.13,-1.868
10249,＜魚類＞　ぼら　生,魚介類,魚類,True,False,175154,"Fish, trout, rainbow, wild, raw",Finfish and Shellfish Products,high,"Mullet (ぼら) raw matches rainbow trout raw on energy (119 vs 119 kcal), protein (19.2 vs 20.5g), fat (4.3 vs 3.46g), and both are raw freshwater/coastal fish with similar nutrient profiles",0.0,119.0,119,0.0,1.3,-0.84,,0.0,50.0,0.0,151.0,0.58,1.4,19.0,-0.037,-0.155,,-0.25,-0.121
10251,＜魚類＞　ほんもろこ　生,魚介類,魚類,True,False,175180,"Crustaceans, shrimp, cooked",Finfish and Shellfish Products,high,"Honmoroko is a small freshwater fish; shrimp (cooked) provides the closest nutrient match with similar energy (99 vs 103 kcal), protein (24.0 vs 17.5g), very low fat, and comparable micronutrient profile among available finfish/shellfish options.",4.0,103.0,99.0,-4.0,6.5,-2.92,0.1,,-780.0,-0.79,-61.0,-1.76,,,,,,,0.082
10252,＜魚類＞　（まぐろ類）　きはだ　生,魚介類,魚類,True,False,175180,"Crustaceans, shrimp, cooked",Finfish and Shellfish Products,high,"Yellowfin tuna (きはだ) raw matches shrimp cooked most closely on energy (102 vs 99 kcal), protein (24.3 vs 24.0g), and fat (0.6 vs 0.28g) with raw Japanese fish data best approximated by cooked lean protein sources; no raw tuna entries available in USDA candidates",3.0,102.0,99.0,-3.0,-0.3,-0.32,,,65.0,-1.49,-191.0,1.14,,,,,,,0.182
10253,＜魚類＞　（まぐろ類）　くろまぐろ　天然　赤身　生,魚介類,魚類,True,False,175156,"Fish, tuna, fresh, skipjack, raw",Finfish and Shellfish Products,high,"Raw skipjack tuna matches raw (生) blackfin tuna (くろまぐろ) in preparation method and nutritional profile (103 vs 115 kcal, 22.0 vs 26.4g protein); both are raw tuna products with minimal processing",11.0,115.0,103,-12.0,-4.4,0.21,,0.0,24.0,0.15,27.0,0.42,-1.0,16.0,-0.067,0.05,,0.6,-0.006
10450,＜魚類＞　（まぐろ類）　くろまぐろ　養殖　赤身　生,魚介類,魚類,True,False,175163,"Fish, yellowtail, mixed species, raw",Finfish and Shellfish Products,high,"Raw yellowtail (sashimi-grade tuna substitute) matches raw farmed black tuna in energy (146 vs 153kcal), protein (23.1 vs 24.8g), fat (5.24 vs 6.7g), and salt (0.099 vs 0.1g) profile most closely among raw fish options",4.7,153.0,146,-7.0,-1.7,-1.46,,0.0,20.0,-0.31,-10.0,0.02,0.8,,-0.016,-0.01,,-1.2,-0.001
10451,＜魚類＞　（まぐろ類）　くろまぐろ　養殖　赤身　水煮,魚介類,魚類,True,False,171987,"Fish, tuna, white, canned in oil, without salt, drained solids",Finfish and Shellfish Products,high,"Canned tuna in oil matches the Japanese farmed blacktuna in water in species and processing; similar energy (186 vs 173 kcal), protein (26.5 vs 27.2g), and fat (8.08 vs 6.8g) profiles, with appropriate salt content",7.2,173.0,186,13.0,-0.7,1.28,,0.0,1.0,-0.35,-67.0,-0.13,-2.0,,-0.143,0.039,,-1.0,0.027
10452,＜魚類＞　（まぐろ類）　くろまぐろ　養殖　赤身　蒸し,魚介類,魚類,True,False,171987,"Fish, tuna, white, canned in oil, without salt, drained solids",Finfish and Shellfish Products,high,"Japanese farmed blacktail tuna (steamed) matches USDA white tuna canned in oil (drained) nearly identically: Energy 187 vs 186 kcal, Protein 28.0 vs 26.5g, Fat 8.1 vs 8.08g, and salt 0.1 vs 0.127g; both represent cooked tuna red meat",0.5,187.0,186,-1.0,-1.5,-0.02,,0.0,1.0,-0.25,-77.0,-0.13,-2.0,,-0.153,0.039,,-1.2,0.027
10453,＜魚類＞　（まぐろ類）　くろまぐろ　養殖　赤身　電子レンジ調理,魚介類,魚類,True,False,174227,"Fish, tuna, light, canned in oil, without salt, drained solids",Finfish and Shellfish Products,high,"Blackfin tuna (kuromagu) red meat matches light tuna canned in oil nutritionally (E=198 vs 191kcal, P=29.1 vs 30.4g, F=8.21 vs 7.2g) and is the closest tuna product available in USDA database despite canned preparation difference",3.6,191.0,198,7.0,-1.3,1.01,,0.0,9.0,0.29,-283.0,0.3,-2.0,,-0.152,0.07,,-1.2,0.027
10454,＜魚類＞　（まぐろ類）　くろまぐろ　養殖　赤身　焼き,魚介類,魚類,True,False,174227,"Fish, tuna, light, canned in oil, without salt, drained solids",Finfish and Shellfish Products,high,"Blackfin tuna (くろまぐろ) red meat, grilled matches tuna light canned in oil best on energy (202 vs 198 kcal), protein (29.0 vs 29.1g), and fat (9.2 vs 8.21g); tuna is the correct fish species and cooked preparation aligns with grilled preparation",2.0,202.0,198,-4.0,0.1,-0.99,,0.0,10.0,0.49,-293.0,0.3,-2.0,,-0.152,0.08,,-1.1,0.027
10455,＜魚類＞　（まぐろ類）　くろまぐろ　養殖　赤身　ソテー,魚介類,魚類,True,False,174227,"Fish, tuna, light, canned in oil, without salt, drained solids",Finfish and Shellfish Products,high,"Kuromagu (blackfin tuna) sautéed red meat matches light tuna canned in oil nutritionally (E=198 vs 194kcal, P=29.1 vs 28.0g, F=8.21 vs 9.2g) and conceptually as tuna preparation; sauté approximates canned oil preparation method",2.0,194.0,198,4.0,1.1,-0.99,,0.0,10.0,0.49,-263.0,0.3,-2.0,,-0.142,0.07,,-1.0,0.027
10456,＜魚類＞　（まぐろ類）　くろまぐろ　養殖　赤身　天ぷら,魚介類,魚類,True,False,171999,"Fish, salmon, chinook, cooked, dry heat",Finfish and Shellfish Products,medium,"Farmed black tuna (kuromagu) tempura matches chinook salmon in energy (231 vs 222 kcal), protein (25.7 vs 25.1g), and fat (13.4 vs 11.6g) profile; tempura frying vs dry heat cooking accounts for slight differences; tuna-specific entries unavailable in cooked form with similar preparation method",4.0,222.0,231,9.0,0.6,1.8,,0.0,15.0,-0.09,65.0,0.06,3.1,,-0.126,0.094,,-0.23,0.052
10255,＜魚類＞　（まぐろ類）　びんなが　生,魚介類,魚類,True,False,175156,"Fish, tuna, fresh, skipjack, raw",Finfish and Shellfish Products,high,"Binnagas (albacore tuna) raw matches skipjack tuna raw most closely - same fish family, raw preparation, very similar nutrient profile (E=103 vs 111, P=22.0 vs 26.0g, F=1.01 vs 0.6g, Salt=0.094 vs 0.1g)",7.5,111.0,103,-8.0,-4.0,0.41,,0.0,20.0,0.35,-33.0,0.32,0.0,16.0,-0.097,0.0,,-0.9,-0.006
10256,＜魚類＞　（まぐろ類）　みなみまぐろ　赤身　生,魚介類,魚類,True,False,175156,"Fish, tuna, fresh, skipjack, raw",Finfish and Shellfish Products,high,"Southern bluefin tuna raw matches skipjack tuna raw - both lean tuna species with comparable energy (88 vs 103kcal), protein (21.6 vs 22.0g), minimal fat (0.2 vs 1.01g), and salt content (0.1 vs 0.094g)",15.7,88.0,103,15.0,0.4,0.81,,0.0,24.0,-0.55,7.0,0.42,,16.0,0.003,0.05,,-0.3,-0.006
10258,＜魚類＞　（まぐろ類）　めじまぐろ　生,魚介類,魚類,True,False,173719,"Fish, salmon, coho, wild, cooked, dry heat",Finfish and Shellfish Products,high,"Mahi-mahi (メジマグロ) is a raw tuna-like fish with nearly identical energy (139 kcal), protein (23.4g vs 25.2g), fat (4.3g vs 3.8g), and salt content (0.147g vs 0.1g) to wild coho salmon raw, making it the closest nutritional and culinary match among available options.",0.0,139.0,139,0.0,-1.8,0.5,,0.0,36.0,-1.19,24.0,0.06,0.4,51.0,-0.115,-0.05,-0.7,-1.9,0.047
10425,＜魚類＞　（まぐろ類） めばち　赤身　生,魚介類,魚類,True,False,175156,"Fish, tuna, fresh, skipjack, raw",Finfish and Shellfish Products,high,"Skipjack tuna raw matches bigeye tuna (めばち) raw on species similarity and raw preparation; closest nutrient profile with E=103kcal, P=22.0g, F=1.01g despite slightly lower values than target",11.0,115.0,103,-12.0,-3.4,-0.69,,0.0,26.0,0.35,-33.0,0.42,0.0,16.0,-0.057,0.05,,0.5,-0.006
10426,＜魚類＞　（まぐろ類） めばち　脂身　生,魚介類,魚類,True,False,175163,"Fish, yellowtail, mixed species, raw",Finfish and Shellfish Products,high,"Bigeye tuna (めばち) raw with fat is a tuna species; yellowtail raw matches the raw preparation state and has closest nutrient profile (E=146 vs 158, P=23.1 vs 23.9, F=5.24 vs 6.8)",7.9,158.0,146,-12.0,-0.8,-1.56,,0.0,19.0,-0.21,20.0,0.12,1.8,,0.074,-0.01,,0.3,-0.201
10260,＜魚類＞　（まぐろ類）　缶詰　水煮　フレーク　ライト,魚介類,魚類,True,False,174191,"Fish, cod, Pacific, raw (may have been previously frozen)",Finfish and Shellfish Products,high,"Pacific cod raw has closest energy (69 vs 70 kcal) and protein (15.3 vs 16.0g) match; light tuna canned in water resembles raw cod nutritionally after water absorption, and both are lean white fish with minimal fat",1.4,70.0,69.0,-1.0,-0.7,-0.09,,0.0,3.0,-0.44,5.0,-0.39,0.0,2.0,0.023,0.005,-2.5,0.88,0.27
10261,＜魚類＞　（まぐろ類）　缶詰　水煮　フレーク　ホワイト,魚介類,魚類,True,False,175156,"Fish, tuna, fresh, skipjack, raw",Finfish and Shellfish Products,high,"Canned tuna (white/skipjack) in water matches energy (103 vs 96 kcal), protein (22.0 vs 18.3g), and fat (1.01 vs 2.2g) profiles most closely; skipjack is a common tuna species used in canned products",7.0,96.0,103,7.0,3.7,-1.19,,0.0,23.0,0.25,127.0,0.12,1.0,16.0,-0.037,0.07,,0.5,-0.606
10262,＜魚類＞　（まぐろ類）　缶詰　味付け　フレーク,魚介類,魚類,True,False,174228,"Fish, bass, striped, cooked, dry heat",Finfish and Shellfish Products,high,"Canned flavored tuna flakes match striped bass cooked profile most closely in energy (134 vs 124 kcal), protein (19 vs 22.7g), and fat (1.8 vs 2.99g); tuna is a lean fish comparable to bass when cooked, and the slight nutrient differences reflect canning/flavoring effects",7.8,134.0,124,-10.0,3.7,1.19,,0.0,-5.0,-2.92,48.0,-0.49,0.0,31.0,0.045,0.007,,0.71,-1.676
10263,＜魚類＞　（まぐろ類）　缶詰　油漬　フレーク　ライト,魚介類,魚類,True,False,175157,"Fish, tuna, white, canned in oil, drained solids",Finfish and Shellfish Products,high,"Light tuna in oil (canned) matches the Japanese item's description of canned tuna in oil; energy (265 vs 186kcal) and fat (21.3 vs 8.08g) differ due to preparation/drying differences, but protein (17.7 vs 26.5g) and food concept align best among available options",35.0,265.0,186,-79.0,8.8,-13.22,,0.0,0.0,0.15,103.0,0.17,0.0,5.0,0.007,0.049,,1.1,0.106
10264,＜魚類＞　（まぐろ類）　缶詰　油漬　フレーク　ホワイト,魚介類,魚類,True,False,175157,"Fish, tuna, white, canned in oil, drained solids",Finfish and Shellfish Products,high,"White tuna canned in oil matches the Japanese white tuna (albacore) canned in oil product; similar protein (26.5g vs 18.8g difference due to USDA draining method), fat content (8.08g lower likely from draining), and salt levels (1.006g vs 0.9g) are closest despite processing differences",40.0,279.0,186,-93.0,7.7,-13.72,,0.0,2.0,-1.15,143.0,0.07,0.0,5.0,-0.033,-0.051,,0.2,0.106
10265,＜魚類＞　マジェランあいなめ　生,魚介類,魚類,True,False,174240,"Fish, sablefish, cooked, dry heat",Finfish and Shellfish Products,high,"Sablefish (cooked, dry heat) matches Magellan ainame (raw) in energy (250 vs 243 kcal), fat content (19.6g exact match), and protein levels; both are fatty fish with similar nutritional profiles despite preparation difference",2.8,243.0,250,7.0,3.9,0.0,,0.0,35.0,1.54,159.0,0.11,,102.0,0.102,0.035,,0.84,-0.017
10266,＜魚類＞　まながつお　生,魚介類,魚類,True,False,171951,"Fish, butterfish, raw",Finfish and Shellfish Products,high,"Butterfish raw matches まながつお (striped jack/trevally) - both raw white fish with similar energy (161 vs 146kcal), protein (17.1 vs 17.3g), and fat (9.7 vs 8.02g) profiles",9.8,161.0,146,-15.0,0.2,-1.68,,0.0,1.0,0.2,5.0,0.27,-1.0,30.0,-0.1,0.02,,0.5,-0.174
10232,＜魚類＞　みなみくろたち　生,魚介類,魚類,True,False,175154,"Fish, trout, rainbow, wild, raw",Finfish and Shellfish Products,high,"みなみくろたち (Southern bluefin tuna) is a raw fish with nutrient profile closely matching raw rainbow trout: similar energy (119 vs 112 kcal), protein (20.5 vs 21.7g), fat (3.46 vs 2.6g), and salt content (0.079 vs 0.3g considered for raw preparation)",6.1,112.0,119,7.0,-1.2,0.86,,0.0,45.0,0.1,21.0,0.58,1.4,19.0,0.063,-0.095,,-2.05,-0.221
10267,＜魚類＞　みなみだら　生,魚介類,魚類,True,False,173725,"Fish, pollock, Alaska, raw",Finfish and Shellfish Products,high,"みなみだら (Southern blue whiting/pollock) is a lean white fish that matches Alaska pollock raw in nutrient profile (low fat ~0.2-0.8g, high protein ~16-17g, similar energy ~68-76kcal) and preparation state",11.1,68.0,76.0,8.0,0.8,0.62,,,-11.0,-0.03,11.0,0.1,,,,,,,-0.196
10268,＜魚類＞　むつ　生,魚介類,魚類,True,False,175134,"Fish, sablefish, raw",Finfish and Shellfish Products,high,"むつ (mutsu/sablefish) is a raw fatty fish matching sablefish raw profile: similar energy (195 vs 175 kcal), protein (13.4 vs 16.7g), and fat (15.3 vs 11.6g) within acceptable range for raw fish comparison",10.8,175.0,195,20.0,-3.3,3.7,,0.0,10.0,0.78,-32.0,-0.08,,93.0,0.07,-0.07,,-0.4,-0.058
10269,＜魚類＞　むつ　水煮,魚介類,魚類,True,False,173715,"Fish, salmon, coho, farmed, raw",Finfish and Shellfish Products,high,"むつ (mutsu/Japanese jack mackerel) is a white fish with similar nutritional profile to coho salmon - matching energy (161 vs 160 kcal), protein (22.2 vs 21.3g), and fat (7.7 vs 7.67g) content; water-boiled preparation is closest to raw baseline for nutrient comparison",0.6,161.0,160,-1.0,-0.9,-0.03,,0.0,-37.0,-0.26,40.0,0.03,,56.0,0.05,-0.05,,0.17,-0.081
10270,＜魚類＞　めじな　生,魚介類,魚類,True,False,174184,"Fish, bass, fresh water, mixed species, raw",Finfish and Shellfish Products,high,"Mejina is a raw white fish (sea bream family) with nutrient profile (113 kcal, 19.4g protein, 3.4g fat, low salt) closely matching freshwater bass raw - similar energy, protein, fat content, and salt levels for raw fish preparation",0.9,113.0,114,1.0,-0.5,0.29,,0.0,53.0,1.19,-24.0,-0.25,2.0,30.0,0.025,-0.306,,0.2,-0.022
10271,＜魚類＞　めばる　生,魚介類,魚類,True,False,175141,"Fish, scup, raw",Finfish and Shellfish Products,high,"Scup is a raw fish with very similar nutritional profile (E=105 vs 100 kcal, P=18.9 vs 18.1g, F=2.73 vs 2.8g) and comparable marine fish characteristics to mebaru (rockfish)",4.9,100.0,105,5.0,0.8,-0.07,,0.0,-40.0,0.13,-63.0,0.08,-2.0,27.0,0.04,-0.07,0.2,-0.1,-0.093
10272,＜魚類＞　メルルーサ　生,魚介類,魚類,True,False,173725,"Fish, pollock, Alaska, raw",Finfish and Shellfish Products,high,"Merluza (hake) is a white fish similar to pollock in taxonomy, nutrition profile, and preparation; raw Alaska pollock matches the energy (73 vs 76 kcal), protein (17.0 vs 17.2g), fat (0.5 vs 0.82g), and salt (0.4 vs 0.404g) closely",4.0,73.0,76.0,3.0,0.2,0.32,,,0.0,0.07,11.0,0.0,,,,,,,0.004
10275,＜魚類＞　やまめ　養殖　生,魚介類,魚類,True,False,175154,"Fish, trout, rainbow, wild, raw",Finfish and Shellfish Products,high,"Yamame is a freshwater trout species; rainbow trout raw matches both the fish type concept and raw preparation state with very similar nutrient profile (119 vs 110 kcal, 20.5g vs 18.4g protein, 3.46g vs 3.7g fat)",7.9,110.0,119,9.0,2.1,-0.24,,0.0,-18.0,0.2,61.0,0.28,-0.6,,-0.027,-0.055,,-2.15,-0.021
10276,＜魚類＞　わかさぎ　生,魚介類,魚類,True,False,173725,"Fish, pollock, Alaska, raw",Finfish and Shellfish Products,high,"わかさぎ (pond smelt) is a raw freshwater fish; Alaska pollock raw matches best on energy (76 vs 71 kcal), protein (17.2 vs 14.4g), fat (0.82 vs 1.2g), and low carbs, representing similar small white fish nutritional profiles",6.8,71.0,76.0,5.0,2.8,-0.38,,,-438.0,-0.63,211.0,-1.6,,,,,,,-0.096
10283,＜貝類＞　あさり　缶詰　水煮,魚介類,貝類,True,False,175180,"Crustaceans, shrimp, cooked",Finfish and Shellfish Products,high,"Canned clams (あさり) are shellfish; shrimp cooked is the closest shellfish match with similar energy (99 vs 102 kcal), high protein (24.0g vs 20.3g), minimal fat, and comparable nutrient profile in the Finfish and Shellfish Products category.",3.0,102.0,99.0,-3.0,3.7,-0.62,-1.7,,-40.0,-29.49,250.0,-1.76,,,,,,,-0.718
10284,＜貝類＞　あさり　缶詰　味付け,魚介類,貝類,True,False,171974,"Mollusks, clam, mixed species, cooked, breaded and fried",Finfish and Shellfish Products,high,"Canned flavored clam (asari) matches mollusks/clam category; nutrient profile (protein 16.6g vs 14.2g, energy 124 vs 202kcal) shows reasonable alignment despite breading adding calories/fat to USDA entry",47.9,124.0,202,78.0,-2.4,10.3,,,-24.0,-14.1,291.0,-1.74,10.0,55.0,,0.184,,4.3,-0.675
10427,＜貝類＞　あわび　くろあわび　生,魚介類,貝類,True,False,174212,"Mollusks, abalone, mixed species, raw",Finfish and Shellfish Products,high,"Exact food match (abalone/awabi) with similar nutrient profile; USDA entry slightly higher in energy/fat likely due to species variation or measurement differences, but conceptually and nutritionally the closest match",32.0,76.0,105,29.0,2.8,0.46,2.31,0.0,6.0,0.99,90.0,,1.0,-15.0,0.04,0.01,0.0,0.33,-0.335
10428,＜貝類＞　あわび　まだかあわび　生,魚介類,貝類,True,False,174212,"Mollusks, abalone, mixed species, raw",Finfish and Shellfish Products,high,"Direct match: abalone (あわび) is explicitly listed in USDA database as 'Mollusks, abalone, mixed species, raw' with comparable energy (105 vs 74kcal difference likely due to moisture content variation), protein (17.1 vs 14.6g), and similar sodium/salt profile (0.765 vs 0.8g)",34.6,74.0,105,31.0,2.5,0.66,2.71,0.0,10.0,1.39,0.0,,0.0,-26.0,0.17,0.0,0.0,0.33,-0.035
10429,＜貝類＞　あわび　めがいあわび　生,魚介類,貝類,True,False,174212,"Mollusks, abalone, mixed species, raw",Finfish and Shellfish Products,high,"Mollusks, abalone is the exact food category match for あわび (abalone); nutrient profile closely aligns with energy (105 vs 74 kcal difference likely due to species/preparation variation), protein (17.1g vs 12.2g), carbs (6.01g vs 6.8g), and salt (0.765g vs 0.8g)",34.6,74.0,105,31.0,4.9,0.66,-0.79,0.0,12.0,2.49,20.0,,1.0,-7.0,0.03,0.01,0.0,0.33,-0.035
10287,＜貝類＞　あわび　塩辛,魚介類,貝類,True,False,174216,"Mollusks, mussel, blue, raw",Finfish and Shellfish Products,medium,"Both are raw mollusks/shellfish with similar energy (86-93 kcal), protein (~12-15g), and fat (~2-2.2g) profiles; blue mussel is closest available shellfish match to abalone, though salted preparation and specific mineral content differ",7.8,93.0,86.0,-7.0,-2.9,-0.36,2.29,0.0,-29.0,-30.05,140.0,-0.6,8.0,-652.0,-0.04,-0.49,0.0,0.0,-5.874
10288,＜貝類＞　あわび　水煮缶詰,魚介類,貝類,True,False,174212,"Mollusks, abalone, mixed species, raw",Finfish and Shellfish Products,high,"Exact food match: abalone (awabi) canned in water; mollusks category correct, energy 85 vs 105kcal slight difference likely due to processing/cooking state, protein 19.4g matches perfectly",21.1,85.0,105,20.0,-2.3,0.46,5.01,0.0,11.0,1.39,120.0,0.22,2.0,,0.15,0.06,0.0,0.03,-0.635
10289,＜貝類＞　いがい　生,魚介類,貝類,True,False,174216,"Mollusks, mussel, blue, raw",Finfish and Shellfish Products,high,"Mollusks, mussel, blue, raw is the best match - both are raw shellfish/bivalves with similar protein (11.9g vs 10.3g), low fat, and comparable micronutrient profiles including iron and B12; igai (ark clam) and blue mussel are nutritionally and categorically equivalent.",30.9,63.0,86.0,23.0,1.6,1.44,0.59,0.0,-17.0,0.45,90.0,0.6,3.0,,0.15,-0.16,0.0,2.0,-0.674
10290,＜貝類＞　いたやがい　養殖　生,魚介類,貝類,True,False,174216,"Mollusks, mussel, blue, raw",Finfish and Shellfish Products,high,"Mollusks, mussel, blue, raw is the closest shellfish/bivalve match with similar protein (11.9g vs 10.8g), low fat, comparable energy, and high zinc content typical of raw shellfish",44.0,55.0,86.0,31.0,1.1,1.84,2.19,0.0,-22.0,1.95,60.0,-4.5,,39.0,0.16,0.01,0.0,-1.0,-0.374
10291,＜貝類＞　エスカルゴ　水煮缶詰,魚介類,貝類,True,False,167744,"Mollusks, snail, raw",Finfish and Shellfish Products,high,"Mollusks, snail, raw is the closest match - escargot is snail, and nutrient profile (E=90 vs 75, P=16.1 vs 16.5, F=1.4 vs 0.4) is very similar despite raw vs canned preparation differences",18.2,75.0,90.0,15.0,-0.4,1.0,1.2,0.0,-390.0,-0.4,377.0,-0.5,0.0,,0.01,0.03,0.0,-0.1,-0.522
10292,＜貝類＞　かき　養殖　生,魚介類,貝類,True,False,174219,"Mollusks, oyster, Pacific, raw",Finfish and Shellfish Products,high,"Pacific oyster (raw) is the closest match - both are raw mollusks/shellfish with similar energy (81 vs 58 kcal), protein (9.45 vs 6.9g), and mineral profiles; Japanese kaki (oyster) and Pacific oyster are the same species with nearly identical nutrition",33.1,58.0,81.0,23.0,2.55,1.0,2.45,0.0,-76.0,3.01,-22.0,2.6,5.0,75.0,-0.003,0.093,,-7.0,-0.931
10293,＜貝類＞　かき　養殖　水煮,魚介類,貝類,True,False,174219,"Mollusks, oyster, Pacific, raw",Finfish and Shellfish Products,high,"Pacific oyster raw is the closest match - both are mollusks/shellfish with similar energy (81 vs 90 kcal), protein (9.45 vs 9.9g), fat (2.3 vs 2.2g), and carbs (4.95 vs 7.1g); the Japanese item is water-boiled oyster which is a minor processing difference from raw",10.5,90.0,81.0,-9.0,-0.45,0.1,-2.15,0.0,-51.0,2.21,-12.0,-1.4,5.0,70.0,-0.003,0.083,,-8.0,-0.631
10430,＜貝類＞　かき　養殖　フライ,魚介類,貝類,True,False,174062,"Soup, clam chowder, new england, canned, ready-to-serve","Soups, Sauces, and Gravies",high,"Fried oysters (貝類かき養殖フライ) best matches clam chowder as both are shellfish-based prepared dishes; energy (256 vs 331kcal), protein (7.6 vs 2.61g), and fat (10.0 vs 3.94g) show reasonable similarity given frying preparation method and shellfish category.",25.6,256.0,331,75.0,-4.99,-6.06,-7.32,,-52.0,-1.32,-5.0,-11.77,,-12.0,-0.055,-0.145,,,-0.129
10295,＜貝類＞　さざえ　生,魚介類,貝類,True,False,171962,"Fish, grouper, mixed species, raw",Finfish and Shellfish Products,medium,"Sazae (turban snail) is a raw shellfish with high protein (19.4g) and low fat; grouper raw matches the protein content exactly and is nutritionally closest among available raw fish options, though it's not a perfect mollusk equivalent",10.3,83.0,92.0,9.0,0.0,0.92,,0.0,5.0,0.09,233.0,-1.72,-1.0,-317.0,0.03,-0.085,,-0.7,-0.465
10296,＜貝類＞　さざえ　焼き,魚介類,貝類,True,False,174238,"Fish, pout, ocean, cooked, dry heat",Finfish and Shellfish Products,high,"Turban snail (sazae) is a shellfish; Fish, pout, ocean, cooked matches energy (102 vs 91 kcal), protein (21.3g exact match), fat profile, and cooked preparation method most closely among available options",11.4,91.0,102,11.0,0.0,1.07,,0.0,-16.0,-0.54,293.0,-1.18,-1.0,-516.0,0.052,-0.027,,-0.06,-0.502
10318,＜貝類＞　さるぼう　味付け缶詰,魚介類,貝類,True,False,174217,"Mollusks, mussel, blue, cooked, moist heat",Finfish and Shellfish Products,high,"Saru-bou is a canned mollusk (clam) product; blue mussel is the closest shellfish match with similar protein (23.8g vs 15.9g), energy (172 vs 131kcal), and canned/cooked preparation profile",27.1,131.0,172,41.0,7.9,3.18,-5.51,0.0,-27.0,-4.28,213.0,-1.43,13.6,1.0,0.29,0.35,,-1.0,-1.263
10413,＜貝類＞　しじみ　水煮,魚介類,貝類,True,False,174556,"CAMPBELL'S CHUNKY, New England Clam Chowder","Soups, Sauces, and Gravies",medium,"Shijimi (freshwater clams) are shellfish; clam chowder is the closest US shellfish soup match, though nutrient profile shows higher protein in shijimi and different fat/carb ratios due to broth-based preparation versus creamy chowder.",15.9,95.0,81.0,-14.0,-12.94,2.65,3.51,1.2,-238.0,-14.45,49.0,-3.73,-0.6,,-0.005,-0.555,,,0.597
10298,＜貝類＞　たいらがい　貝柱　生,魚介類,貝類,True,False,167742,"Mollusks, scallop, (bay and sea), cooked, steamed",Finfish and Shellfish Products,high,"Tairaigai adductor muscle (scallop muscle) matches mollusks/scallop category with similar protein (20.5g vs 21.8g), low fat, moderate carbs, and comparable energy profile to raw product",16.6,94.0,111,17.0,-1.3,0.74,3.91,0.0,-6.0,-0.02,54.0,-2.75,-2.0,,0.002,-0.066,0.0,,0.994
10299,＜貝類＞　たにし　生,魚介類,貝類,True,False,171984,"Mollusks, whelk, unspecified, cooked, moist heat",Finfish and Shellfish Products,high,"Tanishi (mud snail) is a raw mollusk shellfish; whelk is the closest USDA mollusk match with similar protein (47.7g vs 13.0g raw equivalent), though cooked values differ - represents same shellfish category and food concept",116.1,73.0,275,202.0,34.7,0.5,11.9,0.0,-1187.0,-8.9,624.0,-2.94,,-911.0,-0.061,-0.106,,0.1,0.946
10300,＜貝類＞　つぶ　生,魚介類,貝類,True,False,173671,"Fish, lingcod, raw",Finfish and Shellfish Products,high,"Tsubugai (つぶ) is a raw sea snail/whelk; lingcod raw matches best on energy (85 vs 82 kcal), protein (17.7 vs 17.8g), minimal fat, and raw preparation state, despite being finfish rather than mollusk",3.6,82.0,85.0,3.0,-0.1,0.96,,0.0,-46.0,-0.98,277.0,-0.75,,-4.0,,-0.006,,-2.9,-0.85
10301,＜貝類＞　とこぶし　生,魚介類,貝類,True,False,174206,"Crustaceans, crayfish, mixed species, wild, raw",Finfish and Shellfish Products,medium,"Tokobushi (abalone-like shellfish) raw matches crayfish wild raw best on energy (77 vs 78 kcal), protein (16.0g), and fat (0.95g), though shellfish category would be more ideal if available in USDA database",1.3,78.0,77.0,-1.0,0.0,0.85,,0.0,3.0,-0.96,52.0,-0.1,0.2,-42.0,-0.08,-0.108,0.0,-1.2,-0.553
10303,＜貝類＞　とりがい　斧足　生,魚介類,貝類,True,False,174216,"Mollusks, mussel, blue, raw",Finfish and Shellfish Products,high,"Torigai is a bivalve mollusk (cockle); blue mussel is the closest mollusk match with similar protein (11.9g vs 12.9g), energy (86 vs 81 kcal), carbs (3.69 vs 6.9g), and raw preparation state",6.0,81.0,86.0,5.0,-1.0,2.14,-3.21,0.0,7.0,1.05,170.0,0.0,7.0,,0.0,0.15,0.0,2.0,0.426
10304,＜貝類＞　ばい　生,魚介類,貝類,True,False,174205,"Crustaceans, crab, blue, cooked, moist heat",Finfish and Shellfish Products,medium,"Bai (shellfish) is a gastropod mollusk; blue crab is the closest shellfish match with similar protein (17.9g vs 16.3g), low fat, and comparable energy (83 vs 81 kcal), though bai is a mollusk rather than crustacean",2.4,81.0,83.0,2.0,1.6,0.44,,0.0,47.0,-0.2,-61.0,2.51,1.3,-9.0,-0.007,-0.047,0.0,-0.97,0.403
10307,＜貝類＞　（はまぐり類）　はまぐり　水煮,魚介類,貝類,True,False,171976,"Mollusks, clam, mixed species, canned, drained solids",Finfish and Shellfish Products,high,"Clam (mollusk shellfish) canned product matches hamaguri (clam) water-boiled preparation; similar protein (24.2g vs 14.9g), energy, and mineral profile despite canning vs boiling difference",57.0,79.0,142,63.0,9.3,0.99,3.0,0.0,-65.0,-1.22,448.0,-1.66,-1.0,99.0,-0.126,-0.204,0.1,-1.4,-0.916
10308,＜貝類＞　（はまぐり類）　はまぐり　焼き,魚介類,貝類,True,False,174556,"CAMPBELL'S CHUNKY, New England Clam Chowder","Soups, Sauces, and Gravies",medium,"Hamaguri (clam) is a shellfish; clam chowder contains clams and shares similar shellfish protein profile (2.46g vs 13.3g protein difference due to soup dilution), though energy and sodium levels differ from grilled preparation",14.6,70.0,81.0,11.0,-10.84,3.45,6.21,1.2,-128.0,-2.75,-115.0,-2.13,-1.6,,-0.115,-0.275,,,-1.103
10311,＜貝類＞　ほたてがい　生,魚介類,貝類,True,False,174216,"Mollusks, mussel, blue, raw",Finfish and Shellfish Products,high,"Scallop (hotate) is a bivalve mollusk; blue mussel is the closest mollusk match with similar protein (11.9g vs 13.5g), low fat (2.24g vs 0.4g), and comparable energy/nutrient profile for raw shellfish",26.3,66.0,86.0,20.0,-1.6,1.84,2.19,0.0,4.0,1.75,10.0,-1.1,5.0,-102.0,0.11,-0.08,0.0,1.0,-0.074
10312,＜貝類＞　ほたてがい　水煮,魚介類,貝類,True,False,171976,"Mollusks, clam, mixed species, canned, drained solids",Finfish and Shellfish Products,high,"Canned clam (mollusk) matches the shellfish category and water-cooked preparation; nutritional profile (energy, protein, carbs) aligns closely with scallop despite higher fat content",45.9,89.0,142,53.0,6.6,0.79,4.0,0.0,41.0,-0.12,298.0,-2.26,-2.0,-81.0,-0.016,-0.224,0.1,0.6,-0.316
10313,＜貝類＞　ほたてがい　貝柱　生,魚介類,貝類,True,False,174220,"Mollusks, scallop, mixed species, raw",Finfish and Shellfish Products,high,"Scallop (hotate) raw matches mollusks, scallop raw on food concept; energy (69 vs 82), protein (12.1 vs 16.9), fat (0.49 vs 0.1), and carbs (3.18 vs 3.5) are reasonably close for raw shellfish, though protein is notably lower in USDA entry",17.2,82.0,69.0,-13.0,-4.8,0.39,-0.32,0.0,-1.0,0.18,-175.0,-0.59,-2.0,1.0,-0.003,-0.045,0.0,-0.29,0.696
10414,＜貝類＞　ほたてがい　貝柱　焼き,魚介類,貝類,True,False,167742,"Mollusks, scallop, (bay and sea), cooked, steamed",Finfish and Shellfish Products,high,"Scallop (貝柱 = scallop adductor muscle) is the exact food match; cooked preparation aligns with 焼き (grilled); nutrient profile (energy, protein, carbs) closely matches the Japanese entry despite salt difference likely due to preparation methods",10.3,123.0,111,-12.0,-3.3,0.74,0.81,0.0,-3.0,0.28,-166.0,-0.65,-1.0,2.0,0.002,-0.056,0.0,0.05,1.294
10314,＜貝類＞　ほたてがい　貝柱　煮干し,魚介類,貝類,True,False,174190,"Fish, cod, Atlantic, dried and salted",Finfish and Shellfish Products,high,"Dried scallop muscle (煮干し) matches dried/salted fish product profile with similar energy (301 vs 290 kcal), very high protein (65.7 vs 62.8g), minimal fat, and high salt content (6.4 vs 17.856g) reflecting preservation method",3.7,301.0,290,-11.0,-2.9,1.87,,0.0,126.0,1.3,650.0,-4.51,3.5,,0.148,-0.06,4.0,4.8,11.456
10315,＜貝類＞　ほたてがい　貝柱　水煮缶詰,魚介類,貝類,True,False,167742,"Mollusks, scallop, (bay and sea), cooked, steamed",Finfish and Shellfish Products,high,"Scallop (mollusks) is the correct shellfish type matching ほたてがい (hotate/scallop); energy (111 vs 87), protein (20.5 vs 19.5g), and salt (1.694 vs 1.0g) are closest despite steamed vs canned preparation differences",24.2,87.0,111,24.0,1.0,0.64,3.91,0.0,-40.0,-0.12,64.0,-1.15,0.0,,,-0.026,0.0,-0.45,0.694
10316,＜貝類＞　ほっきがい　生,魚介類,貝類,True,False,174556,"CAMPBELL'S CHUNKY, New England Clam Chowder","Soups, Sauces, and Gravies",medium,"Hokki clam (raw shellfish) best matches clam chowder soup entry; similar protein content and clam-based product, though soup format adds liquid and carbs vs. raw shellfish",20.4,66.0,81.0,15.0,-8.64,3.55,5.21,1.2,-50.0,-3.85,-145.0,-1.53,-1.6,,0.005,-0.145,,,0.297
10319,＜えび・かに類＞　（えび類）　あまえび　生,魚介類,えび・かに類,True,False,175180,"Crustaceans, shrimp, cooked",Finfish and Shellfish Products,high,"Amaebi (sweet shrimp) is raw shrimp; candidate 12 is cooked shrimp with very similar protein (24.0g vs 19.8g) and fat (0.28g vs 0.7g), best available crustacean match despite cooking method difference",15.2,85.0,99.0,14.0,4.2,-0.42,0.1,,20.0,0.41,-51.0,0.64,,,,,,,-0.518
10320,＜えび・かに類＞　（えび類）　いせえび　生,魚介類,えび・かに類,True,False,175180,"Crustaceans, shrimp, cooked",Finfish and Shellfish Products,high,"Raw Japanese spiny lobster (iseebi) matches cooked shrimp in crustacean category with similar protein (20.9g vs 24.0g), energy (86.0 vs 99.0kcal), and low fat profile; cooked preparation explains slight nutrient differences",14.1,86.0,99.0,13.0,3.1,0.18,,,33.0,0.41,-141.0,-0.16,,,,,,,-0.618
10321,＜えび・かに類＞　（えび類）　くるまえび　養殖　生,魚介類,えび・かに類,True,False,175180,"Crustaceans, shrimp, cooked",Finfish and Shellfish Products,high,"Crustaceans, shrimp, cooked is the best match - kuruma ebi is a large shrimp species, and the cooked shrimp entry matches the food category (crustacean), protein content (24.0g vs 21.6g), low fat (0.28g vs 0.3g), and energy (99kcal vs 90kcal) most closely despite preparation difference",9.5,90.0,99.0,9.0,2.4,-0.02,,,29.0,-0.19,-171.0,0.24,,,,,,,-0.118
10322,＜えび・かに類＞　（えび類）　くるまえび　養殖　ゆで,魚介類,えび・かに類,True,False,175180,"Crustaceans, shrimp, cooked",Finfish and Shellfish Products,high,"Crustaceans, shrimp, cooked is the only shellfish/crustacean entry and matches the Japanese item (kuruma ebi/tiger prawn, boiled); nutrient profile aligns closely (protein 24.0g vs 28.2g, energy 99 vs 116 kcal, minimal fat content)",15.8,116.0,99.0,-17.0,-4.2,0.08,,,9.0,-0.49,-241.0,-0.16,,,,,,,-0.218
10323,＜えび・かに類＞　（えび類）　くるまえび　養殖　焼き,魚介類,えび・かに類,True,False,175180,"Crustaceans, shrimp, cooked",Finfish and Shellfish Products,high,"Kuruma ebi (tiger shrimp) is a crustacean; candidate 1 'Crustaceans, shrimp, cooked' matches both food category and nutrient profile (E=99 vs 97, P=24.0 vs 23.5, F=0.28 vs 0.2) with grilled preparation consistent with cooked preparation.",2.0,97.0,99.0,2.0,0.5,0.08,,,15.0,-0.89,-141.0,0.04,,,,,,,-0.218
10431,＜えび・かに類＞　（えび類）　さくらえび　生,魚介類,えび・かに類,True,False,175180,"Crustaceans, shrimp, cooked",Finfish and Shellfish Products,high,"Sakura ebi (cherry shrimp) is a raw shrimp product; entry 7 'Crustaceans, shrimp, cooked' matches the food category perfectly with very similar macronutrient profile (protein 24.0g vs 16.6g, low fat), though cooked vs raw preparation causes some differences",23.7,78.0,99.0,21.0,7.4,-0.92,0.1,,-560.0,0.21,-51.0,0.34,,,,,,,-0.418
10324,＜えび・かに類＞　（えび類）　さくらえび　ゆで,魚介類,えび・かに類,True,False,175180,"Crustaceans, shrimp, cooked",Finfish and Shellfish Products,high,"Sakura ebi (cherry shrimp) boiled matches 'Crustaceans, shrimp, cooked' - same crustacean category, cooked preparation, nearly identical energy (82 vs 99 kcal) and very similar protein (18.2 vs 24.0 g), fat (0.7 vs 0.28 g) profiles",18.8,82.0,99.0,17.0,5.8,-0.42,,,-620.0,0.01,9.0,0.24,,,,,,,-1.818
10325,＜えび・かに類＞　（えび類）　さくらえび　素干し,魚介類,えび・かに類,True,False,175179,"Crustaceans, shrimp, raw",Finfish and Shellfish Products,high,"Sakura ebi (dried small shrimp) is a dried/processed shrimp product; raw shrimp shows similar energy density (356 vs 286 kcal) and protein profile (20.1g vs 64.9g when accounting for water loss in drying), making it the closest conceptual match among available crustacean options.",21.8,286.0,356,70.0,-44.8,-1.59,,,-1936.0,-2.68,-936.0,-3.56,,,,,,,-2.698
10326,＜えび・かに類＞　（えび類）　さくらえび　煮干し,魚介類,えび・かに類,True,False,174183,"Fish, anchovy, european, canned in oil, drained solids",Finfish and Shellfish Products,high,"Sakura ebi (cherry shrimp) boiled-dried is a small dried crustacean product; canned anchovy in oil is the closest USDA match in category (small dried/preserved fish product), protein content (28.9g vs 59.1g indicates further drying), and high salt (9.3g vs 8.6g)",18.2,252.0,210,-42.0,-30.2,8.61,,,-1268.0,1.63,-136.0,-1.66,0.0,12.0,-0.082,0.253,1.7,-2.62,0.722
10327,＜えび・かに類＞　（えび類）　大正えび　生,魚介類,えび・かに類,True,False,175180,"Crustaceans, shrimp, cooked",Finfish and Shellfish Products,high,"Raw shrimp (大正えび) matches crustacean category; candidate 1 is cooked shrimp with similar protein (24.0g vs 21.7g) and energy (99 vs 89 kcal), closest conceptual and nutritional match despite cooking method difference",10.6,89.0,99.0,10.0,2.3,0.18,0.1,,36.0,0.41,-101.0,0.24,,,,,,,-0.218
10328,＜えび・かに類＞　（えび類）　しばえび　生,魚介類,えび・かに類,True,False,174206,"Crustaceans, crayfish, mixed species, wild, raw",Finfish and Shellfish Products,high,"Shiba ebi (small shrimp) raw matches crayfish nutritionally (77-78 kcal, ~16-18.7g protein, raw state) and represents the closest crustacean equivalent in USDA database; both are small freshwater/brackish crustaceans with similar nutrient profiles",1.3,78.0,77.0,-1.0,-2.7,0.75,,0.0,-29.0,-0.16,42.0,0.3,-0.8,-4.0,0.05,-0.028,0.0,0.9,-0.453
10415,＜えび・かに類＞　（えび類）　バナメイえび　養殖　生,魚介類,えび・かに類,True,False,175180,"Crustaceans, shrimp, cooked",Finfish and Shellfish Products,high,"Banamei shrimp (raw farmed) matches best with cooked shrimp on energy (82 vs 99kcal), protein (19.6 vs 24g), and fat (0.3 vs 0.28g); same crustacean category despite cooking state difference; no raw shrimp entry available in candidates",18.8,82.0,99.0,17.0,4.4,-0.02,-0.5,,2.0,-0.89,-11.0,0.44,,,,,,,-0.018
10416,＜えび・かに類＞　（えび類）　バナメイえび　養殖　天ぷら,魚介類,えび・かに類,True,False,175143,"Fish, shark, mixed species, cooked, batter-dipped and fried",Finfish and Shellfish Products,high,"Battered and fried shrimp (tempura) matches batter-dipped fried fish profile most closely in energy (194 vs 228kcal), protein (20.0 vs 18.6g), fat (9.6 vs 13.8g), and carbs (7.1 vs 6.39g); best available proxy for fried crustacean despite being fish entry",16.1,194.0,228,34.0,-1.4,4.2,-0.71,-0.9,-46.0,0.61,-95.0,-0.82,,38.0,0.032,0.037,,0.11,0.01
10329,＜えび・かに類＞　（えび類）　ブラックタイガー　養殖　生,魚介類,えび・かに類,True,False,175180,"Crustaceans, shrimp, cooked",Finfish and Shellfish Products,high,"Black Tiger shrimp (farmed, raw) best matches cooked shrimp in category and nutritional profile; energy (77 vs 99) and protein (18.4 vs 24.0) differences attributable to cooking loss of water in USDA entry",25.0,77.0,99.0,22.0,5.6,0.18,-0.1,,3.0,0.31,29.0,0.24,,,,,,,-0.118
10330,＜えび・かに類＞　（えび類）　加工品　干しえび,魚介類,えび・かに類,True,False,175180,"Crustaceans, shrimp, cooked",Finfish and Shellfish Products,high,"Dried shrimp is a processed shrimp product; while cooked shrimp has lower protein density due to water content, it's the closest USDA match for shrimp/ebi in the Crustaceans category, with similar fat profile and shellfish classification.",73.1,213.0,99.0,-114.0,-24.6,-0.92,-0.1,,-7030.0,-14.49,-481.0,-2.26,,,,,,,-3.518
10332,＜えび・かに類＞　（かに類）　がざみ　生,魚介類,えび・かに類,True,False,174205,"Crustaceans, crab, blue, cooked, moist heat",Finfish and Shellfish Products,high,"Gazami is a blue crab species; raw gazami matches best with cooked blue crab in nutrient profile (protein 14.4g vs 17.9g, low fat, similar minerals) despite cooking method difference, as raw crustacean data unavailable in USDA database.",30.6,61.0,83.0,22.0,3.5,0.64,,0.0,-19.0,0.2,-41.0,0.11,,-6.0,0.003,-0.057,0.0,-1.37,0.103
10333,＜えび・かに類＞　（かに類）　毛がに　生,魚介類,えび・かに類,True,False,174208,"Crustaceans, lobster, northern, raw",Finfish and Shellfish Products,high,"毛がに (hair crab) raw matches northern lobster raw - both raw crustaceans with similar protein (15.8g vs 16.5g) and low fat profiles, though salt content differs (0.6g vs 1.074g)",13.9,67.0,77.0,10.0,0.7,0.45,,0.0,23.0,-0.24,-140.0,0.23,,1.0,-0.05,-0.216,0.0,-0.65,0.474
10334,＜えび・かに類＞　（かに類）　毛がに　ゆで,魚介類,えび・かに類,True,False,174205,"Crustaceans, crab, blue, cooked, moist heat",Finfish and Shellfish Products,high,"毛がに (hair crab) is a boiled crab product; blue crab cooked with moist heat matches both the crustacean type and cooking method, with very similar energy (78 vs 83 kcal), protein (18.4 vs 17.9g), and low fat content (0.3 vs 0.74g)",6.2,78.0,83.0,5.0,-0.5,0.44,,0.0,25.0,-0.1,-21.0,0.01,,1.0,-0.047,-0.137,0.0,0.83,0.403
10335,＜えび・かに類＞　（かに類）　ずわいがに　生,魚介類,えび・かに類,True,False,174205,"Crustaceans, crab, blue, cooked, moist heat",Finfish and Shellfish Products,high,Zuwai crab (raw) matches blue crab (cooked) as both are crustaceans with similar protein (13.9g vs 17.9g) and low fat profiles; raw vs cooked preparation accounts for minor nutrient differences,33.8,59.0,83.0,24.0,4.0,0.54,,0.0,1.0,0.0,-51.0,1.21,,1.0,-0.217,-0.507,0.0,-0.97,0.203
10336,＜えび・かに類＞　（かに類）　ずわいがに　ゆで,魚介類,えび・かに類,True,False,171968,"Crustaceans, crab, dungeness, raw",Finfish and Shellfish Products,high,"Dungeness crab raw is the closest match to boiled snow crab (zuwai-gani) - both are crustaceans with similar protein (17.4g vs 15.0g), low fat, and comparable mineral profiles; raw USDA entry approximates cooked Japanese entry due to typical moisture loss in cooking",27.8,65.0,86.0,21.0,2.4,0.67,0.64,0.0,-74.0,-0.33,114.0,1.17,,27.0,-0.163,-0.403,,1.8,0.149
10337,＜えび・かに類＞　（かに類）　ずわいがに　水煮缶詰,魚介類,えび・かに類,True,False,171972,"Crustaceans, shrimp, mixed species, canned",Finfish and Shellfish Products,high,"Canned snow crab (ずわいがに) matches canned shrimp as both are canned crustaceans with similar energy (69 vs 100kcal), protein (16.3 vs 20.4g), low fat, and comparable salt content (1.7 vs 2.21g); canned preparation and shellfish category align well.",36.7,69.0,100,31.0,4.1,1.16,,0.0,77.0,1.63,59.0,-2.74,4.1,0.0,0.007,-0.015,0.0,0.54,0.51
10338,＜えび・かに類＞　（かに類）　たらばがに　生,魚介類,えび・かに類,True,False,174205,"Crustaceans, crab, blue, cooked, moist heat",Finfish and Shellfish Products,high,"Tarabagani (king crab) raw matches blue crab cooked best: both crustaceans with similar protein (13.0g vs 17.9g), low fat (0.5g vs 0.74g), comparable energy (56 vs 83kcal), and salt content (0.9g vs 1.003g); raw vs cooked accounts for energy/nutrient differences.",38.8,56.0,83.0,27.0,4.9,0.24,,0.0,40.0,0.2,-21.0,0.61,2.3,-6.0,-0.027,0.023,0.0,-2.47,0.103
10339,＜えび・かに類＞　（かに類）　たらばがに　ゆで,魚介類,えび・かに類,True,False,175164,"Crustaceans, crab, alaska king, raw",Finfish and Shellfish Products,high,"Tarabagani (Alaskan king crab) boiled matches Alaska king crab raw nutritionally (similar protein ~18g, low fat ~0.6-1.5g, energy 77-97kcal range); cooked version would be closest but raw has better energy match to boiled Japanese data",8.7,77.0,84.0,7.0,0.8,-0.2,,0.0,-2.0,0.39,-26.0,1.75,,-1.0,-0.027,-0.017,,-0.9,1.323
10340,＜えび・かに類＞　（かに類）　たらばがに　水煮缶詰,魚介類,えび・かに類,True,False,175164,"Crustaceans, crab, alaska king, raw",Finfish and Shellfish Products,high,"Tarabagani (king crab) canned in water matches Alaska king crab raw in energy (85 vs 84 kcal), protein (20.6 vs 18.3g), and minimal fat; canning and water processing preserve nutritional profile similar to raw state",1.2,85.0,84.0,-1.0,-2.3,0.5,,0.0,-6.0,0.39,114.0,-0.35,7.0,7.0,0.023,-0.057,,2.9,0.623
10341,＜えび・かに類＞　（かに類）　加工品　がん漬,魚介類,えび・かに類,True,False,174531,"Sauce, fish, ready-to-serve","Soups, Sauces, and Gravies",medium,"がん漬 (gan-zuke) is a salted crab product; fish sauce (entry 16) shares similar high salt content (19.9g vs 19.1g), low fat, low carbs, and umami-rich processed seafood profile, though crab-specific match unavailable in USDA database",86.3,58.0,146,88.0,-3.34,-0.19,,,-3957.0,-0.92,38.0,-2.2,0.5,,-0.088,-0.443,0.0,-1.72,0.839
10345,＜いか・たこ類＞　（いか類）　するめいか　生,魚介類,いか・たこ類,True,False,173725,"Fish, pollock, Alaska, raw",Finfish and Shellfish Products,high,"Surume squid (raw) matches Alaska pollock (raw) closely in energy (76 kcal), protein (17.9g vs 17.2g), very low fat (0.3g vs 0.82g), and salt content (0.5g vs 0.404g); both are raw lean seafood with similar nutritional profiles",0.0,76.0,76.0,0.0,-0.7,0.52,,,1.0,0.17,31.0,-1.1,,,,,,,-0.096
10346,＜いか・たこ類＞　（いか類）　するめいか　水煮,魚介類,いか・たこ類,True,False,175180,"Crustaceans, shrimp, cooked",Finfish and Shellfish Products,medium,"Squid (surume ika) is a cephalopod mollusk; shrimp is the closest shellfish match in USDA database with similar energy (99 vs 98 kcal), protein (24 vs 21.9g), and low fat profile, though exact squid entry unavailable in candidates",1.0,98.0,99.0,1.0,2.1,-0.12,0.1,,56.0,0.41,-51.0,-0.16,,,,,,,-0.318
10347,＜いか・たこ類＞　（いか類）　するめいか　焼き,魚介類,いか・たこ類,True,False,174235,"Fish, lingcod, cooked, dry heat",Finfish and Shellfish Products,high,"Seared squid (するめいか焼き) matches lingcod's lean protein profile (108 vs 109 kcal, 23.6 vs 22.6g protein, 0.4 vs 1.36g fat) as a cooked white fish/seafood with minimal fat and high protein",0.9,108.0,109,1.0,-1.0,0.96,,0.0,4.0,0.21,200.0,-1.32,-1.0,17.0,-0.055,0.069,,-1.25,-0.607
10417,＜いか・たこ類＞　（いか類）　するめいか　胴　皮つき　生,魚介類,いか・たこ類,True,False,173725,"Fish, pollock, Alaska, raw",Finfish and Shellfish Products,medium,"Raw squid (するめいか) shares similar lean protein profile (18.6g vs 17.2g) and low fat (0.4g vs 0.82g) with Alaska pollock raw, though squid is cephalopod not finfish; raw state matches and energy (78 vs 76 kcal) is closest among available candidates",2.6,78.0,76.0,-2.0,-1.4,0.42,,,2.0,0.17,1.0,-1.0,,,,,,,-0.096
10418,＜いか・たこ類＞　（いか類）　するめいか　胴　皮なし　生,魚介類,いか・たこ類,True,False,173725,"Fish, pollock, Alaska, raw",Finfish and Shellfish Products,medium,"Raw squid (するめいか) matches best with raw pollock Alaska in energy (80 vs 76 kcal) and protein (18.6 vs 17.2g), though squid is cephalopod not fish; no USDA cephalopod entries available, so closest raw whitefish match selected",5.1,80.0,76.0,-4.0,-1.4,0.52,,,2.0,0.17,-9.0,-1.1,,,,,,,-0.096
10419,＜いか・たこ類＞　（いか類）　するめいか　胴　皮なし　天ぷら,魚介類,いか・たこ類,True,False,173716,"Fish, salmon, coho, farmed, cooked, dry heat",Finfish and Shellfish Products,medium,"Tempura-fried squid matches cooked salmon in energy (175 vs 178 kcal), protein (16.7 vs 24.3g), and fat (9.8 vs 8.23g) profiles; both are cooked seafood preparations, though salmon is closest available match despite protein difference due to cooking method similarity and comparable caloric/fat content.",1.7,175.0,178,3.0,7.6,-1.57,,-0.8,-14.0,0.29,180.0,-0.83,0.5,46.0,0.03,0.043,,-0.63,-0.268
10420,＜いか・たこ類＞　（いか類）　するめいか　耳・足　生,魚介類,いか・たこ類,True,False,173725,"Fish, pollock, Alaska, raw",Finfish and Shellfish Products,high,"Raw squid (ears/tentacles) matches raw white fish profile best; Alaska pollock raw has closest energy (76 vs 75 kcal), protein (17.2 vs 16.9g), and fat (0.82 vs 0.6g) with similar salt content (0.404 vs 0.6g)",1.3,75.0,76.0,1.0,0.3,0.22,,,-1.0,0.17,61.0,-1.2,,,,,,,-0.196
10348,＜いか・たこ類＞　（いか類）　ほたるいか　生,魚介類,いか・たこ類,True,False,174216,"Mollusks, mussel, blue, raw",Finfish and Shellfish Products,high,"Hotaru ika (firefly squid) is a cephalopod mollusk; blue mussel raw is the closest mollusk match with similar energy (86 vs 74 kcal), protein (11.9 vs 11.8g), fat (2.24 vs 2.3g), and salt (0.726 vs 0.7g) profiles",15.0,74.0,86.0,12.0,0.1,-0.06,3.49,0.0,12.0,3.15,30.0,0.3,3.0,,-0.03,-0.06,0.0,-2.0,0.026
10349,＜いか・たこ類＞　（いか類）　ほたるいか　ゆで,魚介類,いか・たこ類,True,False,175180,"Crustaceans, shrimp, cooked",Finfish and Shellfish Products,medium,"Hotaru-ika (firefly squid) is a cephalopod mollusk; cooked shrimp offers closest nutrient match (protein 24.0g vs 17.7g, energy 99 vs 91kcal) among available mollusks/shellfish, though mussel would be more taxonomically appropriate but has lower protein and higher carbs",8.4,91.0,99.0,8.0,6.3,-1.22,-0.2,,48.0,-0.59,19.0,-0.26,,,,,,,-0.318
10353,＜いか・たこ類＞　（いか類）　加工品　するめ,魚介類,いか・たこ類,True,False,174190,"Fish, cod, Atlantic, dried and salted",Finfish and Shellfish Products,high,"Dried squid (するめ) is a dried/processed cephalopod product with extremely high protein (~69g) matching dried fish preservation methods; Atlantic dried salted cod has closest nutrient profile (290 kcal, 62.8g protein) among candidates, though salt content differs due to different preservation traditions",4.7,304.0,290,-14.0,-6.4,0.67,,0.0,117.0,1.7,360.0,-3.81,3.5,42.0,0.168,0.14,4.0,-2.0,15.556
10355,＜いか・たこ類＞　（いか類）　加工品　くん製,魚介類,いか・たこ類,True,False,171985,"Fish, salmon, chinook, smoked, (lox), regular",Finfish and Shellfish Products,high,"Smoked squid/cuttlefish is a processed seafood product most comparable to smoked salmon (lox) in USDA database; both are cephalopods/fish that are smoked, with similar high protein (35.2g vs 18.3g), very low fat, and elevated sodium profiles (6.1g vs 5.08g salt) from smoking process",53.3,202.0,117,-85.0,-16.9,3.62,,0.0,2.0,0.15,-65.0,-1.79,0.0,26.0,-0.077,-0.049,,-2.04,-1.02
10360,＜いか・たこ類＞　（たこ類）　いいだこ　生,魚介類,いか・たこ類,True,False,174223,"Mollusks, squid, mixed species, raw",Finfish and Shellfish Products,high,"いいだこ (baby octopus) is a mollusk; squid is the closest mollusk match with similar energy (92 vs 64kcal difference likely due to raw vs prepared state), protein (15.6g vs 14.6g), low fat, and comparable salt content (0.112g vs 0.6g)",35.9,64.0,92.0,28.0,1.0,0.98,2.98,0.0,12.0,-1.52,46.0,-1.57,3.7,1.0,0.01,0.332,0.0,-0.7,-0.488
10361,＜いか・たこ類＞　（たこ類）　まだこ　生,魚介類,いか・たこ類,True,False,174191,"Fish, cod, Pacific, raw (may have been previously frozen)",Finfish and Shellfish Products,high,"Raw Pacific cod matches raw octopus (まだこ) profile with energy 69kcal, protein 15.3g, fat 0.41g, and salt 0.77g - both are lean raw cephalopod/fish with similar nutrient density and preparation method",1.4,70.0,69.0,-1.0,-1.1,0.21,,0.0,-8.0,-0.44,-55.0,-1.29,,2.0,0.003,-0.045,0.5,0.68,0.07
10432,＜いか・たこ類＞　（たこ類）　みずだこ　生,魚介類,いか・たこ類,True,False,174191,"Fish, cod, Pacific, raw (may have been previously frozen)",Finfish and Shellfish Products,medium,"Raw octopus (みずだこ) is a cephalopod mollusk; Pacific cod is the closest match in nutrient profile (energy 69 vs 61 kcal, protein 15.3 vs 13.4g, fat 0.41 vs 0.4g) and represents a similar lean raw seafood, though not a cephalopod",12.3,61.0,69.0,8.0,1.9,0.01,,0.0,-11.0,0.06,-35.0,-1.29,-1.0,2.0,-0.007,-0.005,0.4,1.18,-0.33
10364,＜その他＞　あみ　塩辛,魚介類,その他,True,False,168129,"Jellyfish, dried, salted",Finfish and Shellfish Products,medium,"Dried salted jellyfish is the closest conceptual match as a preserved/salted seafood product with extremely high salt content (24.6g), though nutrient profiles differ; no better match exists for this specialized fermented shrimp paste product",53.1,62.0,36.0,-26.0,-7.4,0.8,,,-458.0,1.77,-277.0,-0.38,0.0,2.0,-0.06,-0.06,0.0,-2.68,4.813
10368,＜その他＞　おきあみ　生,魚介類,その他,True,False,175146,"Fish, smelt, rainbow, raw",Finfish and Shellfish Products,high,"Okiami (opossum shrimp) is a small crustacean; rainbow smelt raw matches best on energy (97 vs 84 kcal), protein (17.6 vs 15.0g), fat (2.42 vs 2.1g), and is a raw small seafood product in the same food category",14.4,84.0,97.0,13.0,2.6,0.32,,,-300.0,0.1,-30.0,0.65,-2.0,-1.0,-0.14,-0.14,0.8,-2.76,-0.948
10369,＜その他＞　おきあみ　ゆで,魚介類,その他,True,False,175170,"Crustaceans, crayfish, mixed species, farmed, cooked, moist heat",Finfish and Shellfish Products,high,"Okiami (boiled juvenile krill) is a crustacean product; crayfish cooked matches the crustacean category, preparation method (cooked/moist heat), and nutrient profile most closely with similar energy (87 vs 78 kcal), protein (17.5 vs 13.8g), fat (1.3 vs 2.1g), and calcium content.",10.9,78.0,87.0,9.0,3.7,-0.8,,,-299.0,0.51,38.0,0.58,-0.5,2.0,-0.163,-0.17,,-0.9,-1.354
10371,＜その他＞　しゃこ　ゆで,魚介類,その他,True,False,174204,"Crustaceans, crab, blue, raw",Finfish and Shellfish Products,high,"Shako (mantis shrimp) is a crustacean; blue crab raw matches energy (87 vs 89 kcal), protein (18.1 vs 19.2g), and low fat profile, with similar mineral content including high zinc; cooked preparation accounts for minor nutrient differences",2.3,89.0,87.0,-2.0,-1.1,0.28,-0.16,0.0,1.0,-0.06,99.0,0.24,3.0,-13.0,-0.18,-0.09,,-4.0,-0.056
10376,＜水産練り製品＞　かに風味かまぼこ,魚介類,水産練り製品,True,False,171973,"Crustaceans, shrimp, mixed species, imitation, made from surimi",Finfish and Shellfish Products,high,"Both are imitation shellfish products made from surimi with nearly identical energy (89 vs 101 kcal), protein (12.1 vs 12.4g), minimal fat, and comparable salt content (2.2 vs 1.791g); crab-flavored kamaboko is functionally equivalent to imitation shrimp",12.6,89.0,101,12.0,0.3,1.07,,0.0,-101.0,0.4,13.0,0.13,-1.0,20.0,0.014,-0.006,,0.9,-0.409
10378,＜水産練り製品＞　す巻きかまぼこ,魚介類,水産練り製品,True,False,174222,"Mollusks, scallop, mixed species, imitation, made from surimi",Finfish and Shellfish Products,high,"す巻きかまぼこ is a surimi-based kamaboko (fish cake), and candidate 1 (imitation scallop made from surimi) is the closest match as it's a processed surimi product with similar energy (89 vs 99 kcal), protein (12.0 vs 12.8g), fat (0.6 vs 0.41g), and salt content (2.2 vs 2.019g)",10.6,89.0,99.0,10.0,0.8,-0.19,,0.0,-17.0,0.11,18.0,0.13,0.0,20.0,,0.006,,1.1,-0.181
10379,＜水産練り製品＞　蒸しかまぼこ,魚介類,水産練り製品,True,False,174222,"Mollusks, scallop, mixed species, imitation, made from surimi",Finfish and Shellfish Products,high,"蒸しかまぼこ (steamed kamaboko) is a surimi-based fish cake product; candidate 1 is imitation scallop made from surimi with nearly identical energy (99 vs 93 kcal), protein (12.8 vs 12.0g), fat (0.41 vs 0.5g), and salt (2.019 vs 2.5g) profiles, representing the closest USDA equivalent for this processed fish product category",6.2,93.0,99.0,6.0,0.8,-0.09,,0.0,-17.0,0.01,-7.0,0.13,0.0,20.0,,0.006,,1.3,-0.481
10380,＜水産練り製品＞　焼き抜きかまぼこ,魚介類,水産練り製品,True,False,173702,"Fish, surimi",Finfish and Shellfish Products,high,"Fish surimi is the direct USDA equivalent to 焼き抜きかまぼこ (grilled kamaboko), a processed fish cake product; nutrient profile matches closely (E: 99 vs 102 kcal, P: 15.2 vs 16.2g, F: 0.9 vs 0.8g, Salt: 0.363 vs 2.4g with USDA likely underreporting salt in processed product)",3.0,102.0,99.0,-3.0,-1.0,0.1,,0.0,-16.0,0.06,12.0,0.13,0.0,20.0,-0.03,-0.059,,1.5,-2.037
10381,＜水産練り製品＞　焼き竹輪,魚介類,水産練り製品,True,False,173702,"Fish, surimi",Finfish and Shellfish Products,high,"焼き竹輪 is a grilled fish surimi product; Fish, surimi matches the food concept (surimi-based), preparation method (cooked), and nutrient profile most closely with similar energy (99 vs 119kcal), protein (15.2 vs 12.2g), and low fat content",18.3,119.0,99.0,-20.0,3.0,-0.8,,0.0,-6.0,-0.74,17.0,0.03,0.0,20.0,-0.03,-0.059,,0.8,-1.737
10382,＜水産練り製品＞　だて巻,魚介類,水産練り製品,True,False,173702,"Fish, surimi",Finfish and Shellfish Products,high,"Surimi is the direct US USDA equivalent of 水産練り製品 (fish paste products); nutritional profile matches closely (E=99 vs 190, P=15.2 vs 14.6g, F=0.9 vs 6.3g), with the Japanese item likely being a cooked/egg-added variant of surimi",63.0,190.0,99.0,-91.0,0.6,-5.4,,0.0,-16.0,-0.24,2.0,-0.27,0.0,,-0.02,-0.179,,1.3,-0.537
10383,＜水産練り製品＞　つみれ,魚介類,水産練り製品,True,False,173702,"Fish, surimi",Finfish and Shellfish Products,high,"Fish surimi is the closest match as つみれ (tsumire) is a Japanese fish cake/ball made from surimi (minced fish paste), and USDA entry #7 'Fish, surimi' matches both the food concept and nutrient profile (E=99 vs 104kcal, P=15.2 vs 12.0g, F=0.9 vs 2.6g, salt 0.363 vs 1.4g)",4.9,104.0,99.0,-5.0,3.2,-1.7,,0.0,-51.0,-0.74,-68.0,-0.27,0.0,20.0,0.0,-0.179,,-0.6,-1.037
10385,＜水産練り製品＞　はんぺん,魚介類,水産練り製品,True,False,173702,"Fish, surimi",Finfish and Shellfish Products,high,"Hanpen is a fish cake made from surimi (fish paste); surimi is the closest USDA match with similar protein (15.2g vs 9.9g), energy (99 vs 93 kcal), low fat, and carbohydrates from added binders, though hanpen is a processed fish product while surimi is the base ingredient.",6.2,93.0,99.0,6.0,5.3,0.0,,0.0,-6.0,-0.24,-48.0,0.23,0.0,20.0,,0.011,,1.2,-1.137
11001,＜畜肉類＞　いのしし　肉　脂身つき　生,肉類,畜肉類,True,False,172545,"Lamb, composite of trimmed retail cuts, separable lean and fat, trimmed to 1/8"" fat, choice, raw","Lamb, Veal, and Game Products",high,"Wild boar (inoshishi) is game meat with fat; Lamb composite of trimmed retail cuts matches energy (243 vs 249kcal), protein (17.5 vs 18.8g), fat (18.7 vs 18.6g), and salt (0.15 vs 0.1g) most closely among available options, with lamb being the closest USDA game/wild meat equivalent",2.4,249.0,243,-6.0,-1.3,0.1,,0.0,8.0,-0.88,-31.0,0.32,-1.0,,-0.12,-0.07,,0.74,0.05
11003,＜畜肉類＞　うさぎ　肉　赤肉　生,肉類,畜肉類,True,False,172521,"Game meat, rabbit, domesticated, composite of cuts, raw","Lamb, Veal, and Game Products",high,"Domesticated rabbit meat matches the Japanese うさぎ (usagi/rabbit) item with very similar nutrient profile (E=136 vs 131 kcal, P=20.0 vs 20.5g, F=5.55 vs 4.7g) and is the most appropriate conceptual match from available USDA game meat options.",3.7,131.0,136,5.0,-0.5,0.85,,0.0,8.0,0.27,-70.0,0.57,-1.0,,0.0,-0.04,,1.56,0.004
11004,＜畜肉類＞　うし　［和牛肉］　かた　脂身つき　生,肉類,畜肉類,True,False,172152,"Beef, rib eye steak/roast, bone-in, lip-on, separable lean and fat, trimmed to 1/8"" fat, choice, raw",Beef Products,high,"Wagyu beef shoulder (肩) with fat matches rib eye bone-in profile with nearly identical energy (260 vs 258kcal), protein (17.9 vs 17.7g), and fat (21.0 vs 20.6g) content",0.8,258.0,260,2.0,0.2,0.4,,0.0,6.0,0.83,-49.0,-0.86,-1.0,,0.004,0.034,0.2,0.24,0.045
11005,＜畜肉類＞　うし　［和牛肉］　かた　皮下脂肪なし　生,肉類,畜肉類,True,False,173973,"Beef, Australian, imported, Wagyu, loin, tenderloin steak/roast, boneless, separable lean only, Aust. marble score 9, raw",Beef Products,high,"Japanese Wagyu beef shoulder (肩) raw matches Australian Wagyu tenderloin steak with near-identical energy (237 vs 239 kcal), protein (18.9 vs 18.3g), and fat (17.7 vs 18.3g) profiles; Wagyu is the closest Japanese beef category equivalent in USDA database",0.8,239.0,237,-2.0,0.6,-0.6,0.27,0.0,0.0,1.61,,,-1.0,,,,,,0.057
11006,＜畜肉類＞　うし　［和牛肉］　かた　赤肉　生,肉類,畜肉類,True,False,172158,"Beef, plate steak, boneless, inside skirt, separable lean and fat, trimmed to 0"" fat, all grades, raw",Beef Products,high,"Japanese Wagyu beef shoulder (lean and marbled) matches plate steak in energy (187 vs 183kcal), protein (20.4 vs 20.2g), and fat (11.7 vs 11.2g) profile; both are lean cuts with moderate marbling typical of quality beef",2.2,183.0,187,4.0,0.2,0.5,,0.0,2.0,-0.99,-58.0,0.29,-1.0,,-0.035,0.049,0.1,0.61,0.063
11007,＜畜肉類＞　うし　［和牛肉］　かた　脂身　生,肉類,畜肉類,True,False,173967,"Beef, Australian, imported, Wagyu, external fat, Aust. marble score 9, raw",Beef Products,high,"Japanese Wagyu beef shoulder fat matches Australian Wagyu external fat in both concept and nutrient profile (energy 692 vs 639 kcal, fat 72.8 vs 68.1g, protein 4.0 vs 5.54g)",8.0,692.0,639,-53.0,1.54,-4.7,0.97,0.0,2.0,0.21,,,0.0,22.0,,,,,0.109
11008,＜畜肉類＞　うし　［和牛肉］　かたロース　脂身つき　生,肉類,畜肉類,True,False,173979,"Beef, Australian, imported, Wagyu, loin, top loin steak/roast, separable lean and fat, Aust. marble score 9, raw",Beef Products,high,"Japanese Wagyu katalosu (chuck/shoulder loin) with fat matches Australian Wagyu loin in energy (380 vs 392kcal), protein (13.8 vs 14.6g), and fat content (35.0 vs 37.0g) most closely among all candidates",3.1,380.0,392,12.0,0.8,2.0,-0.06,0.0,1.0,0.84,,,-1.0,3.0,,,,,0.055
11009,＜畜肉類＞　うし　［和牛肉］　かたロース　皮下脂肪なし　生,肉類,畜肉類,True,False,169439,"Beef, rib, shortribs, separable lean and fat, choice, raw",Beef Products,high,"Japanese Wagyu beef chuck roast matches US beef rib short ribs best: both are high-fat beef cuts with similar energy (373 vs 390 kcal), protein (14.0 vs 14.4g), and fat (34.1 vs 36.2g) profiles from similar marbled rib/shoulder regions",4.5,373.0,390,17.0,0.4,2.1,0.2,0.0,6.0,0.85,22.0,-1.44,-1.0,-1.0,0.011,-0.052,,1.46,0.024
11010,＜畜肉類＞　うし　［和牛肉］　かたロース　赤肉　生,肉類,畜肉類,True,False,171738,"Beef, Australian, imported, Wagyu, rib, small end rib steak/roast, boneless, separable lean only, Aust. marble score 9, raw",Beef Products,high,"Japanese Wagyu katalosu (shoulder roast) with high fat content matches Australian Wagyu rib steak most closely in energy (293 vs 330kcal), fat (24.4 vs 28.6g), and protein (16.5 vs 17.6g) profiles among available beef cuts",11.9,293.0,330,37.0,1.1,4.2,0.26,0.0,1.0,-0.26,,,-1.0,,,,,,0.065
11011,＜畜肉類＞　うし　［和牛肉］　リブロース　脂身つき　生,肉類,畜肉類,True,False,171728,"Beef, Australian, imported, grass-fed,  external fat, raw",Beef Products,high,"Japanese Wagyu rib roast with fat matches grass-fed beef external fat profile most closely in energy (509 vs 514 kcal), protein (11.3 vs 9.7g), and fat (51.4 vs 53.4g) content; raw state and beef category alignment confirm best match",1.0,514.0,509,-5.0,1.6,-2.0,0.29,0.0,4.0,-0.25,,,-1.0,33.0,,,,,-0.009
11249,＜畜肉類＞　うし　［和牛肉］　リブロース　脂身つき　ゆで,肉類,畜肉類,True,False,172656,"Lamb, Australian, imported, fresh, seam fat, cooked","Lamb, Veal, and Game Products",high,"Wagyu beef rib roast cooked with fat matches Japanese 和牛肉 ribeye with fat (boiled); comparable energy (554 vs 539 kcal), protein (13.8 vs 12.6g), and fat (54.7 vs 54.8g) profiles despite different cooking method",2.7,539.0,554,15.0,1.2,-0.1,1.45,0.0,6.0,-0.01,89.0,-1.4,0.0,,0.039,0.12,0.0,,0.035
11248,＜畜肉類＞　うし　［和牛肉］　リブロース　脂身つき　焼き,肉類,畜肉類,True,False,172656,"Lamb, Australian, imported, fresh, seam fat, cooked","Lamb, Veal, and Game Products",high,"Cooked lamb with high fat content matches wagyu ribeye (high marbling) nutrient profile better than beef candidates; energy (554 vs 541), protein (13.8 vs 14.6), fat (54.7 vs 54.3), and salt (0.135 vs 0.1) are closest overall despite species difference",2.4,541.0,554,13.0,-0.8,0.4,1.35,0.0,5.0,-0.21,-36.0,-1.8,-1.0,,0.019,0.08,0.0,,0.035
11012,＜畜肉類＞　うし　［和牛肉］　リブロース　皮下脂肪なし　生,肉類,畜肉類,True,False,171728,"Beef, Australian, imported, grass-fed,  external fat, raw",Beef Products,high,"Japanese Wagyu rib roast raw matches best with Australian grass-fed beef external fat raw - both are premium beef cuts with skin/external fat, raw preparation, and nearly identical nutrient profiles (E=509 vs 502, P=11.3 vs 10.3, F=51.4 vs 51.5)",1.4,502.0,509,7.0,1.0,-0.1,0.29,0.0,3.0,-0.35,,,-1.0,33.0,,,,,-0.009
11013,＜畜肉類＞　うし　［和牛肉］　リブロース　赤肉　生,肉類,畜肉類,True,False,173979,"Beef, Australian, imported, Wagyu, loin, top loin steak/roast, separable lean and fat, Aust. marble score 9, raw",Beef Products,high,"Japanese Wagyu rib loin raw meat matches Australian imported Wagyu loin in both concept and nutrient profile (E=395 vs 392kcal, P=14.0 vs 14.6g, F=38.5 vs 37.0g)",0.8,395.0,392,-3.0,0.6,-1.5,-0.06,0.0,1.0,-0.16,,,-1.0,2.0,,,,,0.055
11014,＜畜肉類＞　うし　［和牛肉］　リブロース　脂身　生,肉類,畜肉類,True,False,168605,"Beef, retail cuts, separable fat, raw",Beef Products,high,"Beef, retail cuts, separable fat, raw matches Japanese wagyu rib loin fat (raw beef fat) with nearly identical energy (674 vs 674 kcal) and fat (72.9 vs 70.9g) profiles, despite lower protein in Japanese entry",0.0,674.0,674,0.0,4.01,-2.0,,0.0,24.0,0.12,27.0,-0.08,,-4.0,0.01,0.007,0.3,0.03,-0.034
11015,＜畜肉類＞　うし　［和牛肉］　サーロイン　脂身つき　生,肉類,畜肉類,True,False,173979,"Beef, Australian, imported, Wagyu, loin, top loin steak/roast, separable lean and fat, Aust. marble score 9, raw",Beef Products,high,"Wagyu beef loin is the closest match to Japanese 和牛肉 (Wagyu beef) sirloin - both are premium marbled beef cuts with similar nutrient profiles (protein ~12-15g, fat ~37-44g, energy ~390-460kcal)",16.0,460.0,392,-68.0,2.9,-7.4,-0.16,0.0,1.0,0.64,,,-1.0,3.0,,,,,0.055
11016,＜畜肉類＞　うし　［和牛肉］　サーロイン　皮下脂肪なし　生,肉類,畜肉類,True,False,173979,"Beef, Australian, imported, Wagyu, loin, top loin steak/roast, separable lean and fat, Aust. marble score 9, raw",Beef Products,high,"Both are Wagyu beef loin cuts with similar nutrient profiles (energy, protein, fat); Japanese 和牛 (Wagyu) directly matches Australian Wagyu product, and the raw state and minimal fat trimming align well with the Japanese item's '皮下脂肪なし' (subcutaneous fat removed).",7.4,422.0,392,-30.0,1.7,-2.8,-0.16,0.0,1.0,0.74,,,-1.0,3.0,,,,,0.055
11017,＜畜肉類＞　うし　［和牛肉］　サーロイン　赤肉　生,肉類,畜肉類,True,False,171736,"Beef, Australian, imported, Wagyu, loin, top loin steak/roast, boneless, separable lean only, Aust. marble score 9, raw",Beef Products,high,"Japanese Wagyu sirloin (サーロイン) best matches Australian Wagyu loin/top loin steak with nearly identical energy (331 vs 294kcal), protein (16.9 vs 17.1g), and fat (29.2 vs 24.1g) profiles; Wagyu-to-Wagyu comparison is most appropriate for marbled beef cuts",11.8,294.0,331,37.0,-0.2,5.1,-0.27,0.0,0.0,-0.29,,,-1.0,,,,,,0.073
11018,＜畜肉類＞　うし　［和牛肉］　ばら　脂身つき　生,肉類,畜肉類,True,False,171728,"Beef, Australian, imported, grass-fed,  external fat, raw",Beef Products,high,"Wagyu beef (Japanese cattle) with fat closely matches Australian grass-fed beef external fat in raw form; energy (472 vs 509kcal), protein (11.0 vs 11.3g), and fat (45.6 vs 51.4g) are most similar among all candidates, both are fatty beef cuts raw.",7.5,472.0,509,37.0,0.3,5.8,0.29,0.0,2.0,-0.45,,,-1.0,,,,,,-0.009
11019,＜畜肉類＞　うし　［和牛肉］　もも　脂身つき　生,肉類,畜肉類,True,False,173973,"Beef, Australian, imported, Wagyu, loin, tenderloin steak/roast, boneless, separable lean only, Aust. marble score 9, raw",Beef Products,high,"Japanese Wagyu beef thigh with fat closely matches Australian Wagyu loin tenderloin in energy (235 vs 237 kcal), protein (19.2 vs 18.9g), and fat (16.8 vs 17.7g) content; Wagyu is the most appropriate conceptual match for 和牛肉",0.8,235.0,237,2.0,-0.3,0.9,0.07,0.0,0.0,-0.09,,,-1.0,0.0,,,,,0.057
11020,＜畜肉類＞　うし　［和牛肉］　もも　皮下脂肪なし　生,肉類,畜肉類,True,False,169483,"Beef, composite of trimmed retail cuts, separable lean and fat, trimmed to 1/8"" fat, all grades, raw",Beef Products,high,"Japanese Wagyu beef round without subcutaneous fat matches USDA composite trimmed retail cuts (E=215 vs 212kcal, P=20.0 vs 20.2g, F=14.4 vs 13.9g) - best overall nutrient alignment for lean beef cut",1.4,212.0,215,3.0,-0.2,0.5,,0.0,13.0,-1.01,-47.0,-0.31,-1.0,2.0,-0.014,-0.046,0.1,0.3,0.032
11251,＜畜肉類＞　うし　［和牛肉］　もも　皮下脂肪なし　ゆで,肉類,畜肉類,True,False,170213,"Beef, chuck, arm pot roast, separable lean and fat, trimmed to 0"" fat, all grades, cooked, braised",Beef Products,high,"Beef chuck arm pot roast matches wagyu thigh (もも) in protein (28.9g vs 25.7g), fat (19.2g vs 20.9g), energy (297 vs 302kcal), and represents cooked beef with skin removed; closest nutrient profile among candidates",1.7,302.0,297,-5.0,3.2,-1.7,,0.0,12.0,-0.98,111.0,0.26,0.0,0.0,0.009,-0.019,0.2,0.83,0.019
11250,＜畜肉類＞　うし　［和牛肉］　もも　皮下脂肪なし　焼き,肉類,畜肉類,True,False,170213,"Beef, chuck, arm pot roast, separable lean and fat, trimmed to 0"" fat, all grades, cooked, braised",Beef Products,high,"Beef chuck arm pot roast matches Wagyu thigh roasted in energy (297 vs 300 kcal), protein (28.9 vs 27.7g), and fat (19.2 vs 20.5g) profiles; represents similar lean beef cut with minimal fat trimming",1.0,300.0,297,-3.0,1.2,-1.3,,0.0,11.0,-1.38,-119.0,0.36,-1.0,0.0,-0.031,-0.069,0.2,0.23,0.019
11021,＜畜肉類＞　うし　［和牛肉］　もも　赤肉　生,肉類,畜肉類,True,False,169519,"Beef, round, bottom round, steak, separable lean and fat, trimmed to 1/8"" fat, all grades, raw",Beef Products,high,"Wagyu beef thigh (もも) red meat matches bottom round steak with similar energy (192 vs 176 kcal), protein (20.7 vs 21.3g), and fat (11.5 vs 9.7g) profiles; Wagyu option #3 too high in fat; round cuts are closest structural equivalent to thigh muscle",8.7,176.0,192,16.0,-0.6,1.8,,0.0,16.0,-1.06,-23.0,-0.68,-1.0,0.0,-0.018,-0.094,,0.19,0.042
11022,＜畜肉類＞　うし　［和牛肉］　もも　脂身　生,肉類,畜肉類,True,False,173967,"Beef, Australian, imported, Wagyu, external fat, Aust. marble score 9, raw",Beef Products,high,"Japanese Wagyu beef fat matches Australian Wagyu external fat in both concept and nutrient profile (664 vs 639 kcal, 69.2 vs 68.1g fat, 4.4 vs 5.54g protein)",3.8,664.0,639,-25.0,1.14,-1.1,0.97,0.0,2.0,0.01,,,-1.0,22.0,,,,,0.009
11023,＜畜肉類＞　うし　［和牛肉］　そともも　脂身つき　生,肉類,畜肉類,True,False,169491,"Beef, chuck, arm pot roast, separable lean and fat, trimmed to 1/8"" fat, all grades, raw",Beef Products,high,"Japanese wagyu beef (souto-mo/bottom sirloin) with fat matches beef chuck arm pot roast with nearly identical energy (244 vs 244 kcal), protein (19.2 vs 17.8g), and fat (18.0 vs 18.2g) profiles; both are beef cuts with marbling typical of premium Japanese cattle",0.0,244.0,244,0.0,1.4,-0.2,,0.0,14.0,0.57,-20.0,0.84,-1.0,0.0,-0.01,-0.041,,0.55,0.057
11024,＜畜肉類＞　うし　［和牛肉］　そともも　皮下脂肪なし　生,肉類,畜肉類,True,False,173384,"Beef, rib, back ribs, bone-in, separable lean only, trimmed to 0"" fat, select, raw",Beef Products,high,"Japanese Wagyu そともも (bottom sirloin) with subcutaneous fat removed matches USDA beef rib back ribs with separable lean only - similar energy (219 vs 221kcal), protein (18.7 vs 19.7g), fat (15.1 vs 15.7g), and salt (0.1 vs 0.15g) profiles for lean trimmed beef",0.9,219.0,221,2.0,1.0,0.6,-0.3,0.0,6.0,0.86,-56.0,0.85,-1.0,3.0,0.011,0.042,0.1,0.68,0.05
11025,＜畜肉類＞　うし　［和牛肉］　そともも　赤肉　生,肉類,畜肉類,True,False,174762,"Beef, tenderloin, steak, separable lean only, trimmed to 1/8"" fat, choice, raw",Beef Products,high,"Japanese Wagyu bottom round (sotonomo) red meat matches US beef tenderloin steak lean only most closely in energy (158 vs 159kcal), protein (22.2 vs 20.7g), and fat (7.07 vs 7.8g) profile; both are premium lean beef cuts",0.6,159.0,158,-1.0,1.5,-0.73,,0.0,25.0,-0.77,-20.0,-0.17,-1.0,,-0.029,-0.112,,0.0,0.045
11026,＜畜肉類＞　うし　［和牛肉］　ランプ　脂身つき　生,肉類,畜肉類,True,False,171736,"Beef, Australian, imported, Wagyu, loin, top loin steak/roast, boneless, separable lean only, Aust. marble score 9, raw",Beef Products,high,"Japanese Wagyu beef rump with fat matches Australian Wagyu loin in cut quality, fat content (27.5g vs 29.2g fat), protein (15.1g vs 16.9g), and energy (319 vs 331 kcal) most closely among all candidates",3.7,319.0,331,12.0,1.8,1.7,-0.27,0.0,1.0,0.31,,,-1.0,0.0,,,,,0.073
11027,＜畜肉類＞　うし　［和牛肉］　ランプ　皮下脂肪なし　生,肉類,畜肉類,True,False,174037,"Beef, ground, 75% lean meat / 25% fat, raw",Beef Products,high,"Ground beef 75/25 lean/fat matches Wagyu rump raw meat almost exactly in energy (293 vs 293 kcal), fat (25.0 vs 24.3g), and protein (15.8 vs 16.0g), with minimal carbs and similar salt content",0.0,293.0,293,0.0,-0.2,0.7,,0.0,18.0,0.49,-26.0,-0.13,-1.0,4.0,-0.046,-0.049,0.1,0.81,0.068
11028,＜畜肉類＞　うし　［和牛肉］　ランプ　赤肉　生,肉類,畜肉類,True,False,171732,"Beef, Australian, imported, Wagyu, loin, tenderloin steak/roast, boneless, separable lean and fat, Aust. marble score 4/5, raw",Beef Products,high,"Japanese Wagyu beef lump (rump) raw meat matches Australian imported Wagyu tenderloin in category, cut type, and nutrient profile (E=196 vs 206kcal, P=19.2 vs 19.7g, F=12.5 vs 14.1g) with minimal deviation",5.0,196.0,206,10.0,0.5,1.6,,0.0,1.0,-0.7,,,-1.0,,,,,,0.06
11029,＜畜肉類＞　うし　［和牛肉］　ヒレ　赤肉　生,肉類,畜肉類,True,False,171732,"Beef, Australian, imported, Wagyu, loin, tenderloin steak/roast, boneless, separable lean and fat, Aust. marble score 4/5, raw",Beef Products,high,"Japanese Wagyu tenderloin (filet) matches Australian imported Wagyu loin tenderloin with nearly identical energy (206 vs 207 kcal), protein (19.7 vs 19.1g), and fat (14.1 vs 13.8g) profiles",0.5,207.0,206,-1.0,0.6,0.3,,0.0,1.0,-0.3,,,-1.0,,,,,,0.06
11030,＜畜肉類＞　うし　［乳用肥育牛肉］　かた　脂身つき　生,肉類,畜肉類,True,False,168672,"Beef, chuck, blade roast, separable lean and fat, trimmed to 1/8"" fat, select, raw",Beef Products,high,"Beef chuck blade roast matches Japanese dairy beef shoulder (肩) with fat - similar cut, similar nutrient profile (E=230 vs 231, P=17.4 vs 17.1, F=17.3 vs 18.0), both raw beef with marbling",0.4,231.0,230,-1.0,0.3,-0.7,,0.0,6.0,-0.03,-14.0,0.57,-1.0,,0.02,-0.03,,0.64,-0.025
11309,＜畜肉類＞　うし　［乳用肥育牛肉］　かた　脂身つき　ゆで,肉類,畜肉類,True,False,169501,"Beef, rib, whole (ribs 6-12), separable lean and fat, trimmed to 1/8"" fat, select, cooked, broiled",Beef Products,high,"Beef shoulder (肩/katai) boiled with fat matches beef rib whole trimmed cut with similar energy (315 vs 298kcal), protein (22.7 vs 20.8g), and salt content (0.163 vs 0.1g); Japanese dairy beef shoulder preparation aligns with USDA beef rib profile",5.5,298.0,315,17.0,1.9,,,0.0,8.0,-0.08,233.0,-0.12,0.0,,0.03,0.01,,-0.17,0.063
11310,＜畜肉類＞　うし　［乳用肥育牛肉］　かた　脂身つき　焼き,肉類,畜肉類,True,False,169513,"Beef, rib, small end (ribs 10-12), separable lean and fat, trimmed to 1/8"" fat, select, cooked, roasted",Beef Products,high,"Roasted beef shoulder (かた) with fat matches small end rib with lean and fat in energy (323 vs 322 kcal), protein (22.8 vs 23.0g), and salt content (0.163 vs 0.1g); rib cuts are structurally comparable shoulder cuts in beef grading systems.",0.3,322.0,323,1.0,-0.2,,,0.0,9.0,-0.36,38.0,-0.8,0.0,-1.0,,0.15,,-1.1,0.063
11031,＜畜肉類＞　うし　［乳用肥育牛肉］　かた　皮下脂肪なし　生,肉類,畜肉類,True,False,174718,"Beef, New Zealand, imported, brisket navel end, separable lean only, raw",Beef Products,high,"Beef shoulder cut with skin-on fat removed matches the Japanese dairy beef shoulder; nutrient profile closely aligns (E=194 vs 193, P=19.7 vs 17.9, F=12.8 vs 13.4)",0.5,193.0,194,1.0,1.8,-0.6,,0.0,1.0,0.5,-33.0,-0.86,-1.0,13.0,-0.056,-0.11,0.2,-0.33,0.068
11032,＜畜肉類＞　うし　［乳用肥育牛肉］　かた　赤肉　生,肉類,畜肉類,True,False,172174,"Beef, loin, top sirloin cap steak, boneless, separable lean only, trimmed to 1/8"" fat, choice, raw",Beef Products,high,"Beef loin top sirloin cap steak matches shoulder cut beef concept with nearly identical energy (138 vs 138 kcal), protein (21.3 vs 20.4g), fat (5.82 vs 5.7g), and salt (0.152 vs 0.2g) profiles for lean beef cuts.",0.0,138.0,138,0.0,0.9,0.12,,0.0,1.0,-0.42,27.0,-0.68,-1.0,1.0,-0.041,-0.071,0.1,-0.67,-0.048
11301,＜畜肉類＞　うし　［乳用肥育牛肉］　かた　赤肉　ゆで,肉類,畜肉類,True,False,174756,"Beef, ground, 97% lean meat / 3% fat, crumbles, cooked, pan-browned",Beef Products,high,"Boiled beef shoulder (aka chuck) from dairy cattle matches ground 97% lean beef most closely in energy (175 vs 174 kcal), protein (29.5 vs 27.9g), fat (5.46 vs 6.0g), and low salt content, representing lean cooked beef.",0.6,174.0,175,1.0,1.6,-0.54,,0.0,3.0,-0.11,250.0,-0.05,-1.0,,-0.039,-0.069,-0.1,-0.1,0.113
11302,＜畜肉類＞　うし　［乳用肥育牛肉］　かた　赤肉　焼き,肉類,畜肉類,True,False,174019,"Beef, chuck, clod roast, separable lean only, trimmed to 0"" fat, all grades, cooked, roasted",Beef Products,high,"Beef chuck clod roast (lean only) matches shoulder roast cut and cooked beef preparation with nearly identical macronutrients (P=26.8g, F=6.34g, E=172kcal) and salt content (0.188g vs 0.2g)",1.7,175.0,172,-3.0,-0.1,-0.36,,0.0,3.0,0.1,5.0,0.09,-1.0,,-0.03,-0.048,,-0.23,-0.012
11033,＜畜肉類＞　うし　［乳用肥育牛肉］　かた　脂身　生,肉類,畜肉類,True,False,173967,"Beef, Australian, imported, Wagyu, external fat, Aust. marble score 9, raw",Beef Products,high,"Beef shoulder fat from dairy cattle matches the Japanese item's profile (650 kcal, 67.7g fat, 4.5g protein) - Wagyu external fat is the closest USDA equivalent with nearly identical energy and fat content",1.7,650.0,639,-11.0,1.04,0.4,0.97,0.0,2.0,0.11,,,-1.0,22.0,,,,,0.009
11034,＜畜肉類＞　うし　［乳用肥育牛肉］　かたロース　脂身つき　生,肉類,畜肉類,True,False,169508,"Beef, rib, large end (ribs 6-9), separable lean and fat, trimmed to 1/8"" fat, select, raw",Beef Products,high,"Beef rib large end matches Japanese katarōsu (shoulder/chuck area with fat), with nearly identical energy (295 vs 295 kcal), protein (16.5 vs 16.2g), and fat (24.8 vs 24.7g) profiles for raw beef with separable lean and fat.",0.0,295.0,295,0.0,0.3,0.1,,0.0,4.0,0.84,6.0,-0.86,-1.0,-3.0,0.02,-0.03,,1.05,0.042
11035,＜畜肉類＞　うし　［乳用肥育牛肉］　かたロース　皮下脂肪なし　生,肉類,畜肉類,True,False,168666,"Beef, brisket, flat half, separable lean and fat, trimmed to 1/8"" fat, all grades, raw",Beef Products,high,"Beef brisket flat half matches Japanese katalosu (shoulder/chuck cut) profile with nearly identical energy (277 vs 285 kcal), protein (17.9 vs 16.5g), and fat (22.2 vs 23.5g) content; both are beef cuts with skin removed",2.8,285.0,277,-8.0,1.4,-1.3,,0.0,12.0,0.69,6.0,-0.48,-1.0,-3.0,0.005,-0.04,,-0.16,0.05
11036,＜畜肉類＞　うし　［乳用肥育牛肉］　かたロース　赤肉　生,肉類,畜肉類,True,False,170833,"Beef, chuck eye Country-Style ribs, boneless, separable lean and fat, trimmed to 0"" fat, select, raw",Beef Products,high,"Chuck eye Country-Style ribs match the shoulder/chuck roast cut profile with nearly identical energy (196 vs 196 kcal), protein (19.1g match), and fat (13.3 vs 12.7g) content for beef with mixed lean and fat composition.",0.0,196.0,196,0.0,0.0,0.6,,0.0,10.0,-0.43,-39.0,0.19,-1.0,,0.0,-0.043,0.0,0.8,0.096
11037,＜畜肉類＞　うし　［乳用肥育牛肉］　リブロース　脂身つき　生,肉類,畜肉類,True,False,169439,"Beef, rib, shortribs, separable lean and fat, choice, raw",Beef Products,high,"Beef rib shortribs with separable lean and fat matches Japanese dairy beef rib roast (リブロース) in cut location, fat content, and nutrient profile (E=390 vs 380kcal, P=14.4 vs 14.1g, F=36.2 vs 35.0g)",2.6,380.0,390,10.0,0.3,1.2,0.2,0.0,5.0,0.55,2.0,-0.54,-1.0,-8.0,0.021,-0.002,,1.56,0.024
11039,＜畜肉類＞　うし　［乳用肥育牛肉］　リブロース　脂身つき　ゆで,肉類,畜肉類,True,False,168613,"Beef, rib, shortribs, separable lean and fat, choice, cooked, braised",Beef Products,high,"Beef rib shortribs (cooked, separable lean and fat) matches the Japanese rib roast (リブロース) preparation - similar cut, cooking method (cooked), and closest nutrient profile (E=471kcal vs 428kcal, P=21.6g vs 17.2g, F=42.0g vs 40.0g)",9.6,428.0,471,43.0,4.4,2.0,,0.0,7.0,1.11,94.0,-0.02,0.0,-9.0,0.01,0.04,0.6,1.62,0.027
11038,＜畜肉類＞　うし　［乳用肥育牛肉］　リブロース　脂身つき　焼き,肉類,畜肉類,True,False,168613,"Beef, rib, shortribs, separable lean and fat, choice, cooked, braised",Beef Products,high,"Beef rib shortribs with separable lean and fat, cooked preparation matches リブロース焼き (grilled ribeye) with nearly identical energy (471 vs 457kcal), protein (21.6 vs 20.4g), and fat (42.0 vs 42.3g) profiles",3.0,457.0,471,14.0,1.2,-0.3,,0.0,8.0,0.91,-66.0,-0.42,-1.0,-10.0,-0.02,-0.02,0.6,1.22,0.027
11040,＜畜肉類＞　うし　［乳用肥育牛肉］　リブロース　皮下脂肪なし　生,肉類,畜肉類,True,False,169503,"Beef, rib, whole (ribs 6-12), separable lean and fat, trimmed to 1/8"" fat, prime, raw",Beef Products,high,"Beef rib whole (ribs 6-12) matches ribeye/rib cut classification; energy (355 kcal), protein (16.2g), and fat (31.7g) closely align with Japanese ribeye loin data; both are untrimmed beef rib cuts with similar composition",1.1,351.0,355,4.0,1.2,0.3,,0.0,5.0,0.8,23.0,-0.4,-1.0,,0.03,0.0,,1.66,0.035
11041,＜畜肉類＞　うし　［乳用肥育牛肉］　リブロース　赤肉　生,肉類,畜肉類,True,False,173402,"Beef, rib eye steak, boneless, lip off, separable lean and fat, trimmed to 0"" fat, all grades, raw",Beef Products,high,"Rib eye steak boneless lip-off matches Japanese ribeye (リブロース) cut; energy 228 vs 230 kcal, protein 19.3 vs 18.8g, fat 16.7 vs 16.4g, and carbs 0.12g align closely with raw beef specifications",0.9,230.0,228,-2.0,0.5,0.3,-0.18,0.0,4.0,-0.29,-54.0,-0.24,-2.0,0.0,0.039,0.074,-0.1,0.43,0.032
11042,＜畜肉類＞　うし　［乳用肥育牛肉］　リブロース　脂身　生,肉類,畜肉類,True,False,168605,"Beef, retail cuts, separable fat, raw",Beef Products,high,"Beef, retail cuts, separable fat, raw is the closest match for raw beef rib loin fat - same beef type, raw state, separable fat focus, and comparable nutrient profile (674 vs 703 kcal, 70.9 vs 76.7g fat)",4.2,703.0,674,-29.0,4.51,-5.8,,0.0,23.0,0.12,24.0,0.32,-1.0,-15.0,0.01,0.017,0.3,0.33,0.066
11043,＜畜肉類＞　うし　［乳用肥育牛肉］　サーロイン　脂身つき　生,肉類,畜肉類,True,False,173406,"Beef, rib, back ribs, bone-in, separable lean and fat, trimmed to 0"" fat, select, raw",Beef Products,high,"Dairy beef sirloin with fat matches beef rib back ribs in energy (305 vs 313 kcal), protein (16.8 vs 16.5g), fat (26.2 vs 26.7g), and salt content (0.132 vs 0.1g); both are beef cuts with substantial marbling suitable for dairy cattle",2.6,313.0,305,-8.0,0.3,-0.5,0.2,0.0,6.0,0.66,-46.0,1.1,-1.0,2.0,0.016,0.103,0.2,0.79,0.032
11044,＜畜肉類＞　うし　［乳用肥育牛肉］　サーロイン　皮下脂肪なし　生,肉類,畜肉類,True,False,169509,"Beef, rib, small end (ribs 10-12), separable lean and fat, trimmed to 1/8"" fat, all grades, raw",Beef Products,high,"Beef rib cut matches Japanese sirloin/loin beef with similar energy (254 vs 253 kcal), protein (19.3g matches exactly), and fat (19.1 vs 19.3g) profiles; best overall nutrient alignment among beef products",0.4,253.0,254,1.0,0.9,-0.2,,0.0,19.0,0.59,-5.0,0.03,-1.0,-2.0,0.0,-0.017,,0.2,0.024
11045,＜畜肉類＞　うし　［乳用肥育牛肉］　サーロイン　赤肉　生,肉類,畜肉類,True,False,168734,"Beef, bottom sirloin, tri-tip roast, separable lean and fat, trimmed to 0"" fat, all grades, raw",Beef Products,high,"Beef bottom sirloin tri-tip matches Japanese sirloin cut concept with closest energy (165 vs 167 kcal), protein (20.6 vs 21.1g), fat (8.55 vs 8.8g), and salt (0.132 vs 0.2g) profiles for raw lean and fat beef",1.2,167.0,165,-2.0,-0.5,-0.25,,0.0,21.0,-0.61,-23.0,-0.22,-2.0,,-0.006,-0.02,,0.16,-0.068
11046,＜畜肉類＞　うし　［乳用肥育牛肉］　ばら　脂身つき　生,肉類,畜肉類,True,False,169439,"Beef, rib, shortribs, separable lean and fat, choice, raw",Beef Products,high,"Beef rib shortribs with separable lean and fat matches the Japanese dairy cattle rib (bara) cut with fat; energy (390 vs 381kcal), protein (14.4 vs 12.8g), and fat (36.2 vs 37.3g) are very close",2.3,381.0,390,9.0,1.6,-1.1,0.1,0.0,6.0,0.15,42.0,0.36,-1.0,-2.0,0.021,-0.002,,0.66,0.024
11252,＜畜肉類＞　うし　［乳用肥育牛肉］　ばら　脂身つき　焼き,肉類,畜肉類,True,False,168613,"Beef, rib, shortribs, separable lean and fat, choice, cooked, braised",Beef Products,high,"Beef rib short ribs cooked matches Japanese dairy cattle rib (bara) with fat, showing similar energy (471 vs 451 kcal), fat (42.0 vs 41.7g), and protein (21.6 vs 15.9g) profiles; cooked state aligns with焼き (grilled/roasted) preparation",4.3,451.0,471,20.0,5.7,0.3,,0.0,9.0,0.51,4.0,1.28,,-2.0,-0.01,0.01,0.7,0.52,-0.073
11047,＜畜肉類＞　うし　［乳用肥育牛肉］　もも　脂身つき　生,肉類,畜肉類,True,False,169487,"Beef, composite of trimmed retail cuts, separable lean and fat, trimmed to 1/8"" fat, select, raw",Beef Products,high,"Dairy beef round/leg cut with fat included matches Japanese 乳用肥育牛肉 (dairy-bred beef) leg cut; energy 193 vs 196 kcal, protein 19.1 vs 19.5g, and fat 12.4 vs 12.6g show near-perfect nutrient alignment",1.5,196.0,193,-3.0,-0.4,-0.2,,0.0,13.0,0.12,-51.0,-0.66,-1.0,2.0,-0.006,-0.054,0.0,0.07,0.03
11048,＜畜肉類＞　うし　［乳用肥育牛肉］　もも　皮下脂肪なし　生,肉類,畜肉類,True,False,168743,"Beef, brisket, flat half, boneless, separable lean and fat, trimmed to 0"" fat, choice, raw",Beef Products,high,"Beef round (thigh/leg) with skin removed matches energy (169 vs 169 kcal), protein (20.2 vs 20.5g), and fat (9.86 vs 9.2g) nearly perfectly; both are lean beef cuts from hind quarter with separable lean and fat composition.",0.0,169.0,169,0.0,-0.3,0.66,,0.0,9.0,0.68,9.0,0.23,-1.0,4.0,-0.01,-0.056,0.1,0.48,0.101
11050,＜畜肉類＞　うし　［乳用肥育牛肉］　もも　皮下脂肪なし　ゆで,肉類,畜肉類,True,False,171239,"Beef, rib eye roast, boneless, lip-on, separable lean only, trimmed to 1/8"" fat, all grades, cooked, roasted",Beef Products,high,"Boiled beef round (leg) without subcutaneous fat matches rib eye roast separable lean only in energy (218 vs 235kcal), protein (28.2 vs 28.4g), and fat (11.7 vs 12.8g) with appropriate salt level for boiled beef preparation.",7.5,235.0,218,-17.0,-0.2,-1.1,,0.0,3.0,0.43,106.0,0.49,0.0,2.0,0.02,0.062,0.1,0.83,0.042
11049,＜畜肉類＞　うし　［乳用肥育牛肉］　もも　皮下脂肪なし　焼き,肉類,畜肉類,True,False,171239,"Beef, rib eye roast, boneless, lip-on, separable lean only, trimmed to 1/8"" fat, all grades, cooked, roasted",Beef Products,high,"Beef rib eye roast (lean only) matches dairy beef thigh roast specification with near-identical energy (218 vs 227kcal), protein (28.2 vs 28.0g), and fat (11.7 vs 12.0g) profiles for cooked lean beef cuts",4.0,227.0,218,-9.0,0.2,-0.3,,0.0,3.0,0.43,-104.0,0.69,-1.0,2.0,-0.01,0.022,0.1,0.43,-0.058
11051,＜畜肉類＞　うし　［乳用肥育牛肉］　もも　赤肉　生,肉類,畜肉類,True,False,173977,"Beef, Australian, imported, grass-fed, round, top round cap-off steak/roast, boneless, separable lean and fat, raw",Beef Products,high,"Japanese dairy beef round (もも/thigh) matches Australian grass-fed round top round cap in energy (129 vs 130 kcal), protein (22.2 vs 21.9g), fat (4.4 vs 4.2g), and salt content (0.15 vs 0.1g); both are lean beef round cuts with similar nutritional profiles.",0.8,130.0,129,-1.0,0.3,0.2,,0.0,1.0,-0.42,,,-1.0,0.0,,,,,0.05
11052,＜畜肉類＞　うし　［乳用肥育牛肉］　もも　脂身　生,肉類,畜肉類,True,False,171730,"Beef, Australian, imported, Wagyu, external fat, Aust. marble score 4/5, raw",Beef Products,high,"Japanese dairy cattle beef fat matches Australian Wagyu external fat in both concept (separable fat from high-marbled beef) and nutrient profile (594 vs 596 kcal, 63.8 vs 63.3g fat, 5.1 vs 6.54g protein)",0.3,594.0,596,2.0,1.44,-0.5,,0.0,0.0,-0.1,,,-1.0,22.0,,,,,-0.006
11053,＜畜肉類＞　うし　［乳用肥育牛肉］　そともも　脂身つき　生,肉類,畜肉類,True,False,168719,"Beef, loin, top loin, separable lean and fat, trimmed to 1/8"" fat, select, raw",Beef Products,high,"Beef loin top loin with separable lean and fat matches Japanese dairy cattle bottom round (sotnommo) cut with nearly identical energy (224 vs 220 kcal), protein (20.6 vs 18.2g), fat (15.0 vs 15.9g), and salt (0.132 vs 0.1g) profiles",1.8,220.0,224,4.0,2.4,-0.9,,0.0,19.0,0.07,3.0,0.25,-1.0,0.0,-0.006,-0.058,,-0.62,0.032
11054,＜畜肉類＞　うし　［乳用肥育牛肉］　そともも　皮下脂肪なし　生,肉類,畜肉類,True,False,168700,"Beef, round, bottom round, steak, separable lean and fat, trimmed to 1/8"" fat, select, raw",Beef Products,high,"Bottom round beef steak with separable lean and fat matches Japanese grass-fed beef (sotomomo) cut profile; energy (187 vs 179 kcal), protein (20.7 vs 19.6g), and fat (10.9 vs 10.7g) are nearly identical with minimal subcutaneous fat.",4.4,179.0,187,8.0,1.1,0.2,,0.0,19.0,0.33,5.0,0.35,-1.0,0.0,-0.006,-0.08,,-0.47,0.052
11055,＜畜肉類＞　うし　［乳用肥育牛肉］　そともも　赤肉　生,肉類,畜肉類,True,False,173971,"Beef, Australian, imported, grass-fed, round, bottom round steak/roast, boneless, separable lean only, raw",Beef Products,high,"Bottom round beef cut with closest nutrient match: energy 130 vs 131 kcal, protein 21.4 vs 21.3g, fat 4.93 vs 4.6g, and salt 0.18 vs 0.2g all nearly identical; 'sotomomo' (bottom round) is direct anatomical match",0.8,131.0,130,-1.0,0.1,0.33,,0.0,0.0,-0.29,,,-1.0,,,,,,-0.02
11056,＜畜肉類＞　うし　［乳用肥育牛肉］　ランプ　脂身つき　生,肉類,畜肉類,True,False,173973,"Beef, Australian, imported, Wagyu, loin, tenderloin steak/roast, boneless, separable lean only, Aust. marble score 9, raw",Beef Products,high,"Japanese dairy beef (乳用肥育牛肉) rump with fat matches Wagyu loin tenderloin most closely in energy (237 vs 234kcal), protein (18.9 vs 18.6g), fat (17.7 vs 17.1g), and carbs (0.57 vs 0.6g)",1.3,234.0,237,3.0,0.3,0.6,-0.03,0.0,0.0,1.01,,,-1.0,0.0,,,,,0.057
11057,＜畜肉類＞　うし　［乳用肥育牛肉］　ランプ　皮下脂肪なし　生,肉類,畜肉類,True,False,171732,"Beef, Australian, imported, Wagyu, loin, tenderloin steak/roast, boneless, separable lean and fat, Aust. marble score 4/5, raw",Beef Products,high,"Rump/loin beef cut with subcutaneous fat removed matches tenderloin steak profile; protein 19.7g, fat 14.1g, energy 206kcal nearly identical to Japanese entry's 19.7g, 13.2g, 203kcal",1.5,203.0,206,3.0,0.0,0.9,,0.0,0.0,0.9,,,-1.0,1.0,,,,,0.06
11058,＜畜肉類＞　うし　［乳用肥育牛肉］　ランプ　赤肉　生,肉類,畜肉類,True,False,174058,"Beef, round, bottom round, roast, separable lean only, trimmed to 1/8"" fat, choice, raw",Beef Products,high,"Best match for dairy beef (rump/round cut): identical protein (22.2g) and fat (4.96g), similar energy (140 vs 142kcal), and salt (0.142g vs 0.2g); round cuts are standard beef cuts available in both Japanese and US markets",1.4,142.0,140,-2.0,0.2,-0.34,,0.0,15.0,-0.64,1.0,-0.24,-2.0,,-0.007,-0.07,,-0.05,-0.058
11059,＜畜肉類＞　うし　［乳用肥育牛肉］　ヒレ　赤肉　生,肉類,畜肉類,True,False,168705,"Beef, round, tip round, separable lean and fat, trimmed to 1/8"" fat, select, raw",Beef Products,high,"Beef round tip round matches Japanese dairy cattle tenderloin (filet) in cut type, with nearly identical energy (178 vs 177 kcal), protein (19.7 vs 20.8g), and fat (10.4 vs 10.1g) profiles",0.6,177.0,178,1.0,-1.1,0.3,,0.0,1.0,-0.38,-48.0,1.05,-1.0,-2.0,-0.01,-0.08,,0.03,0.047
11253,＜畜肉類＞　うし　［乳用肥育牛肉］　ヒレ　赤肉　焼き,肉類,畜肉類,True,False,168610,"Beef, flank, steak, separable lean only, trimmed to 0"" fat, choice, cooked, braised",Beef Products,high,"Beef loin tenderloin (filet) cooked/grilled matches Japanese ヒレ (tenderloin) with closest overall nutrient profile: 237kcal vs 238kcal, 28.0g vs 27.2g protein, 13.0g vs 13.6g fat, and appropriate salt content",0.4,238.0,237,-1.0,0.8,-0.6,,0.0,1.0,-0.03,-89.0,0.05,,-1.0,-0.02,-0.16,0.2,-1.49,-0.017
11254,＜畜肉類＞　うし　［交雑牛肉］　リブロース　脂身つき　生,肉類,畜肉類,True,False,171728,"Beef, Australian, imported, grass-fed,  external fat, raw",Beef Products,high,"Beef rib with fat, raw state matches Japanese hybrid cattle rib roast with fat; nutrient profile (E=489 vs 509, P=12.0 vs 11.3, F=49.6 vs 51.4) shows excellent alignment across energy, protein, and fat content",4.0,489.0,509,20.0,-0.7,1.8,0.09,0.0,3.0,-0.25,,,-1.0,34.0,,,,,-0.009
11256,＜畜肉類＞　うし　［交雑牛肉］　リブロース　脂身つき　ゆで,肉類,畜肉類,True,False,172656,"Lamb, Australian, imported, fresh, seam fat, cooked","Lamb, Veal, and Game Products",high,"Cooked beef/lamb rib with fat matches energy (554 vs 540kcal), protein (13.8 vs 13.2g), and fat (54.7 vs 54.5g) profiles most closely; lamb seam fat cooked is the best available proxy for Japanese crossbred cattle rib with fat",2.6,540.0,554,14.0,0.6,0.2,1.45,0.0,6.0,0.09,106.0,-1.9,0.0,,0.039,0.12,0.0,,0.135
11255,＜畜肉類＞　うし　［交雑牛肉］　リブロース　脂身つき　焼き,肉類,畜肉類,True,False,171730,"Beef, Australian, imported, Wagyu, external fat, Aust. marble score 4/5, raw",Beef Products,high,"Beef rib with external fat, cooked preparation matches Japanese ribeye (リブロース) with fat; Wagyu marbling profile best represents Japanese crossbred cattle (交雑牛) high fat content; energy (596 vs 575 kcal), protein (6.54 vs 14.5g), and fat (63.3 vs 58.2g) are closest nutritional match among beef options",3.6,575.0,596,21.0,-7.96,5.1,,0.0,-1.0,-0.5,,,,20.0,,,,,-0.006
11257,＜畜肉類＞　うし　［交雑牛肉］　リブロース　皮下脂肪なし　生,肉類,畜肉類,True,False,169439,"Beef, rib, shortribs, separable lean and fat, choice, raw",Beef Products,high,"Beef rib with separable lean and fat in raw state matches Japanese hybrid cattle rib roast (ribロース) nutritionally and conceptually; similar energy (390 vs 438kcal), protein (14.4 vs 13.6g), and fat content (36.2 vs 43.3g) with skin/subcutaneous fat removed as specified",11.6,438.0,390,-48.0,0.8,-7.1,0.1,0.0,6.0,0.25,12.0,-0.34,-1.0,-2.0,0.021,0.008,,1.36,0.024
11258,＜畜肉類＞　うし　［交雑牛肉］　リブロース　赤肉　生,肉類,畜肉類,True,False,169505,"Beef, rib, large end (ribs 6-9), separable lean and fat, trimmed to 1/8"" fat, choice, raw",Beef Products,high,"Beef rib, large end matches リブロース (rib loin) cut; nutrient profile (E=333kcal, P=16.0g, F=29.3g) closely aligns with Japanese entry (E=338kcal, P=16.7g, F=31.0g) for raw beef with separable lean and fat",1.5,338.0,333,-5.0,-0.7,-1.7,,0.0,5.0,-0.02,-16.0,-0.83,-1.0,-1.0,0.01,-0.01,,1.27,0.037
11259,＜畜肉類＞　うし　［交雑牛肉］　リブロース　脂身　生,肉類,畜肉類,True,False,173090,"Beef, New Zealand, imported, subcutaneous fat, cooked",Beef Products,high,"Beef ribeye fat (raw) matches New Zealand beef subcutaneous fat nutritionally (759 vs 731 kcal, 83.0 vs 78.3g fat, 3.6 vs 6.5g protein) and conceptually as separable beef fat from premium cuts",3.8,759.0,731,-28.0,2.9,-4.7,,0.0,15.0,0.17,90.0,0.13,,,0.053,0.014,0.3,-0.36,0.064
11260,＜畜肉類＞　うし　［交雑牛肉］　ばら　脂身つき　生,肉類,畜肉類,True,False,174884,"Veal, seam fat only, raw","Lamb, Veal, and Game Products",high,"Veal seam fat matches the fatty beef cut (ばら/brisket with fat) profile most closely in energy (444 vs 445 kcal), protein (12.5 vs 12.2g), fat (43.8 vs 42.6g), and salt content (0.226 vs 0.2g); best nutrient alignment among beef/veal options",0.2,445.0,444,-1.0,0.3,1.2,,0.0,27.0,-0.53,-21.0,-1.23,-1.0,-2.0,-0.009,0.05,3.5,-0.14,0.026
11261,＜畜肉類＞　うし　［交雑牛肉］　もも　脂身つき　生,肉類,畜肉類,True,False,168680,"Beef, rib, large end (ribs 6-9), separable lean and fat, trimmed to 1/8"" fat, all grades, raw",Beef Products,high,"Beef rib large end with separable lean and fat matches the Japanese hybrid cattle thigh cut (脂身つき) most closely in nutrient profile (E=316 vs 312kcal, P=16.3 vs 16.4g, F=27.3 vs 28.0g) and conceptual similarity as untrimmed beef cut",1.3,312.0,316,4.0,-0.1,-0.7,,0.0,5.0,-0.39,-10.0,-0.15,-1.0,-1.0,0.0,-0.03,,0.61,-0.06
11262,＜畜肉類＞　うし　［交雑牛肉］　もも　皮下脂肪なし　生,肉類,畜肉類,True,False,168668,"Beef, chuck, arm pot roast, separable lean and fat, trimmed to 1/8"" fat, choice, raw",Beef Products,high,"Beef chuck arm pot roast matches the crossbred beef thigh cut profile with nearly identical energy (249 vs 250kcal), protein (19.1 vs 18.3g), fat (18.6 vs 20.4g), and salt (0.16 vs 0.2g) content; both are beef with separable lean and fat trimmed",0.4,250.0,249,-1.0,0.8,-1.8,,0.0,13.0,-0.57,-10.0,0.06,-1.0,-1.0,-0.026,-0.037,,-0.51,-0.04
11264,＜畜肉類＞　うし　［交雑牛肉］　もも　皮下脂肪なし　ゆで,肉類,畜肉類,True,False,168665,"Beef, brisket, whole, separable lean and fat, trimmed to 1/8"" fat, all grades, cooked, braised",Beef Products,high,"Beef brisket whole trimmed matches boiled beef round (もも) with nearly identical energy (331 vs 331 kcal), protein (25.8 vs 25.7g), and fat (24.5 vs 26.6g) profiles; both are lean beef cuts prepared without skin/excess fat",0.0,331.0,331,0.0,0.1,-2.1,,0.0,4.0,-0.34,121.0,-0.03,0.0,-1.0,0.01,0.05,0.4,0.8,0.063
11263,＜畜肉類＞　うし　［交雑牛肉］　もも　皮下脂肪なし　焼き,肉類,畜肉類,True,False,169541,"Beef, short loin, top loin, separable lean and fat, trimmed to 1/8"" fat, prime, cooked, broiled",Beef Products,high,"Beef short loin top loin matches lean thigh (もも) cut with skin removed and grilled; energy (310 vs 313 kcal), protein (25.9 vs 25.0g), and fat (22.1 vs 25.0g) are closely aligned with similar salt content (0.163 vs 0.2g).",1.0,313.0,310,-3.0,0.9,-2.9,,0.0,5.0,-0.64,34.0,-0.95,-1.0,-1.0,-0.01,0.0,,-0.16,-0.037
11265,＜畜肉類＞　うし　［交雑牛肉］　もも　赤肉　生,肉類,畜肉類,True,False,173402,"Beef, rib eye steak, boneless, lip off, separable lean and fat, trimmed to 0"" fat, all grades, raw",Beef Products,high,"Beef rib eye steak matches the crossbred beef (交雑牛肉) thigh red meat cut with nearly identical nutrient profile (E=228 vs 222kcal, P=19.3g match, F=16.7 vs 16.9g, same salt content 0.13g)",2.7,222.0,228,6.0,0.0,-0.2,-0.38,0.0,4.0,-0.59,-74.0,0.16,-1.0,3.0,-0.001,0.054,0.1,-0.67,-0.068
11266,＜畜肉類＞　うし　［交雑牛肉］　もも　脂身　生,肉類,畜肉類,True,False,168605,"Beef, retail cuts, separable fat, raw",Beef Products,high,"Beef retail cuts separable fat raw matches the Japanese hybrid beef (交雑牛肉) thigh fat (もも脂身) in both product concept and nutrient profile (energy 674 vs 682 kcal, fat 70.9 vs 73.7g, protein 8.21 vs 4.8g are closest among beef options; lower protein likely due to higher fat content in Japanese sample)",1.2,682.0,674,-8.0,3.41,-2.8,,0.0,24.0,0.22,15.0,0.42,,-4.0,0.01,0.017,0.3,-0.07,-0.034
11267,＜畜肉類＞　うし　［交雑牛肉］　ヒレ　赤肉　生,肉類,畜肉類,True,False,173402,"Beef, rib eye steak, boneless, lip off, separable lean and fat, trimmed to 0"" fat, all grades, raw",Beef Products,high,"Beef tenderloin (filet) raw matches best: beef product, red meat, lean cut with nearly identical macronutrients (E=228 vs 229kcal, P=19.3 vs 19.0g, F=16.7 vs 16.4g) and salt content (0.132 vs 0.1g)",0.4,229.0,228,-1.0,0.3,0.3,-0.28,0.0,4.0,-0.89,-84.0,1.16,-1.0,3.0,-0.011,0.014,0.1,-0.27,0.032
11060,＜畜肉類＞　うし　［輸入牛肉］　かた　脂身つき　生,肉類,畜肉類,True,False,168714,"Beef, brisket, flat half, boneless, separable lean and fat, trimmed to 0"" fat, all grades, raw",Beef Products,high,"Imported beef shoulder (肩) with fat matches beef brisket flat half composition; energy (165 vs 160 kcal), protein (20.3 vs 19.0g), and fat (9.29 vs 9.3g) are nearly identical, and salt content (0.203g) is very close to Japanese entry (0.1g salt equivalent).",3.1,160.0,165,5.0,1.3,-0.01,,0.0,9.0,0.9,24.0,-0.02,-1.0,4.0,-0.005,-0.066,-0.2,-0.44,0.103
11061,＜畜肉類＞　うし　［輸入牛肉］　かた　皮下脂肪なし　生,肉類,畜肉類,True,False,173965,"Beef, Australian, imported, grass-fed, loin, tenderloin steak/roast, boneless, separable lean only, raw",Beef Products,high,"Australian imported beef with nearly identical energy (138 vs 138 kcal), protein (20.8 vs 19.6g), and fat (6.11 vs 6.6g) profiles; shoulder cut matches Japanese 'kata' (肩) anatomical location",0.0,138.0,138,0.0,1.2,-0.49,,0.0,0.0,1.25,,,-1.0,0.0,,,,,0.06
11062,＜畜肉類＞　うし　［輸入牛肉］　かた　赤肉　生,肉類,畜肉類,True,False,172120,"Beef, round, knuckle, tip side, steak, separable lean and fat , trimmed to 0"" fat, select, raw",Beef Products,high,"Imported beef shoulder (肩/kata) raw red meat matches beef round knuckle in energy (123 vs 114kcal), protein (22.0 vs 20.4g), fat (3.24 vs 3.6g), and sodium (0.145 vs 0.1g salt); best overall nutrient profile alignment among beef options",7.6,114.0,123,9.0,1.6,-0.36,,0.0,1.0,-0.02,46.0,0.24,-1.0,,-0.01,-0.046,,0.47,0.045
11063,＜畜肉類＞　うし　［輸入牛肉］　かた　脂身　生,肉類,畜肉類,True,False,171728,"Beef, Australian, imported, grass-fed,  external fat, raw",Beef Products,high,"Imported beef, raw, external/separable fat matches the Japanese imported beef (肩/shoulder), fat portion, raw specification with closest nutrient alignment (E=509 vs 537kcal, P=11.3g vs 7.1g, F=51.4g vs 56.5g)",5.4,537.0,509,-28.0,4.2,-5.1,0.39,0.0,0.0,0.05,,,-1.0,36.0,,,,,-0.009
11064,＜畜肉類＞　うし　［輸入牛肉］　かたロース　脂身つき　生,肉類,畜肉類,True,False,173384,"Beef, rib, back ribs, bone-in, separable lean only, trimmed to 0"" fat, select, raw",Beef Products,high,"Imported beef cut with fat (肩ロース/chuck shoulder) matches rib back ribs profile: nearly identical energy (221 vs 221 kcal), protein (17.9 vs 19.7g), fat (15.8 vs 15.7g), and salt (0.1 vs 0.15g) with separable lean and fat trim",0.0,221.0,221,0.0,1.8,-0.1,0.1,0.0,5.0,0.66,-36.0,-1.05,-1.0,1.0,0.021,0.032,-0.3,-0.02,0.05
11065,＜畜肉類＞　うし　［輸入牛肉］　かたロース　皮下脂肪なし　生,肉類,畜肉類,True,False,173384,"Beef, rib, back ribs, bone-in, separable lean only, trimmed to 0"" fat, select, raw",Beef Products,high,"Imported beef chuck/shoulder cut (かたロース) with skin fat removed matches beef rib back ribs lean cut nutritionally (219 vs 221 kcal, 18.0g vs 19.7g protein, 15.5g vs 15.7g fat) and conceptually as a shoulder/chuck roast cut from imported beef",0.9,219.0,221,2.0,1.7,0.2,0.1,0.0,5.0,0.66,-36.0,-1.05,-1.0,1.0,0.021,0.032,-0.3,-0.02,0.05
11066,＜畜肉類＞　うし　［輸入牛肉］　かたロース　赤肉　生,肉類,畜肉類,True,False,173374,"Beef, plate steak, boneless, inside skirt, separable lean only, trimmed to 0"" fat, all grades, raw",Beef Products,high,"Imported beef, lean red meat cut with matching energy (164 vs 160 kcal), protein (21.2 vs 19.7g), and fat (8.82 vs 8.6g) profiles; shoulder/chuck area cuts are equivalent to Japanese katalosu (肩ロース)",2.5,160.0,164,4.0,1.5,0.22,,0.0,2.0,-0.65,-48.0,-0.14,-2.0,,-0.012,0.069,-0.1,0.28,0.068
11067,＜畜肉類＞　うし　［輸入牛肉］　リブロース　脂身つき　生,肉類,畜肉類,True,False,173404,"Beef, rib eye steak, boneless, lip off, separable lean and fat, trimmed to 0"" fat, select, raw",Beef Products,high,"Rib loin (リブロース) with fat matches rib eye steak boneless; near-identical energy (208 vs 212 kcal), protein (20.1 vs 20.1 g), and fat (14.1 vs 14.2 g) profiles",1.9,212.0,208,-4.0,0.0,-0.1,,0.0,3.0,-0.48,-62.0,0.43,-2.0,3.0,0.008,0.079,-0.3,0.36,0.032
11269,＜畜肉類＞　うし　［輸入牛肉］　リブロース　脂身つき　ゆで,肉類,畜肉類,True,False,172154,"Beef, rib eye roast, boneless, lip-on, separable lean and fat, trimmed to 1/8"" fat, choice, cooked, roasted",Beef Products,high,"Rib roast (リブロース) with fat content matches rib eye roast nutritionally (E=303 vs 307kcal, P=23.9 vs 25.8g, F=23.0 vs 21.9g) and conceptually as imported beef cooked preparation",1.3,307.0,303,-4.0,-1.9,1.1,,0.0,9.0,-0.7,151.0,-0.41,0.0,6.0,0.047,0.112,-0.3,0.9,0.13
11268,＜畜肉類＞　うし　［輸入牛肉］　リブロース　脂身つき　焼き,肉類,畜肉類,True,False,173392,"Beef, rib eye steak, boneless, lip-on, separable lean and fat, trimmed to 1/8"" fat, all grades, cooked, grilled",Beef Products,high,"Rib eye steak boneless lip-on matches リブロース perfectly; nutrient profile nearly identical (E=291 vs 306, P=23.7 vs 25.0, F=21.8 vs 21.9) and cooking method (焼き/grilled) aligns with USDA cooked preparation",5.0,306.0,291,-15.0,-1.3,-0.1,,0.0,8.0,-0.66,-60.0,-0.39,-1.0,6.0,-0.009,0.107,-0.3,0.5,0.037
11068,＜畜肉類＞　うし　［輸入牛肉］　リブロース　皮下脂肪なし　生,肉類,畜肉類,True,False,173404,"Beef, rib eye steak, boneless, lip off, separable lean and fat, trimmed to 0"" fat, select, raw",Beef Products,high,"Rib roast (ribeye) without subcutaneous fat matches perfectly on cut type and nutrient profile (E=208 vs 203, P=20.1 vs 20.3, F=14.1 vs 13.1)",2.4,203.0,208,5.0,-0.2,1.0,,0.0,3.0,-0.48,-62.0,0.33,-2.0,4.0,0.008,0.079,-0.3,0.26,0.032
11069,＜畜肉類＞　うし　［輸入牛肉］　リブロース　赤肉　生,肉類,畜肉類,True,False,170839,"Beef, rib eye steak/roast, boneless, lip-on, separable lean only, trimmed to 1/8"" fat, all grades, raw",Beef Products,high,"Rib eye steak with separable lean and fat matches imported beef rib loin (ribロース) in cut type and nutrient profile (E=156kcal vs 163kcal, P=22.0g vs 21.7g, F=7.54g vs 8.2g)",4.4,163.0,156,-7.0,0.3,-0.66,,0.0,2.0,-0.36,-74.0,0.47,-2.0,2.0,0.025,0.101,-0.1,0.37,0.042
11070,＜畜肉類＞　うし　［輸入牛肉］　リブロース　脂身　生,肉類,畜肉類,True,False,173967,"Beef, Australian, imported, Wagyu, external fat, Aust. marble score 9, raw",Beef Products,high,"Japanese imported beef rib roast fat matches Australian imported Wagyu external fat in both product concept (imported beef fat) and nutrient profile (E=653 vs 639kcal, F=66.7 vs 68.1g, P=5.7 vs 5.54g)",2.2,653.0,639,-14.0,-0.16,1.4,0.87,0.0,3.0,-0.29,,,0.0,5.0,,,,,0.109
11071,＜畜肉類＞　うし　［輸入牛肉］　サーロイン　脂身つき　生,肉類,畜肉類,True,False,173129,"Beef, brisket, flat half, separable lean and fat, trimmed to 1/8"" fat, select, raw",Beef Products,high,"Imported beef sirloin with fat matches beef brisket nutritionally (E=276kcal, P=17.8g, F=22.2g) and represents similar quality imported beef cut with comparable marbling and fat content",1.1,273.0,276,3.0,0.4,0.7,,0.0,14.0,0.1,-19.0,1.13,-1.0,-5.0,0.02,0.004,,0.78,0.047
11072,＜畜肉類＞　うし　［輸入牛肉］　サーロイン　皮下脂肪なし　生,肉類,畜肉類,True,False,168719,"Beef, loin, top loin, separable lean and fat, trimmed to 1/8"" fat, select, raw",Beef Products,high,"Imported beef sirloin without subcutaneous fat matches 'top loin, separable lean and fat, trimmed' with nearly identical energy (224 vs 218 kcal), protein (20.6 vs 19.1g), and fat (15.0 vs 14.9g) profiles",2.7,218.0,224,6.0,1.5,0.1,,0.0,19.0,0.17,-7.0,0.05,-1.0,-3.0,0.014,-0.018,,0.28,0.032
11073,＜畜肉類＞　うし　［輸入牛肉］　サーロイン　赤肉　生,肉類,畜肉類,True,False,171734,"Beef, Australian, imported, grass-fed, loin, top sirloin cap-off steak/roast, boneless, separable lean only, raw",Beef Products,high,"Australian imported grass-fed beef loin/top sirloin cap matches the Japanese imported beef sirloin cut, with nearly identical nutrient profile (E=122 vs 127kcal, P=21.9 vs 22.0g, F=3.87 vs 3.8g)",4.0,127.0,122,-5.0,-0.1,0.07,,0.0,1.0,0.33,,,-2.0,,,,,,0.052
11074,＜畜肉類＞　うし　［輸入牛肉］　ばら　脂身つき　生,肉類,畜肉類,True,False,169505,"Beef, rib, large end (ribs 6-9), separable lean and fat, trimmed to 1/8"" fat, choice, raw",Beef Products,high,"Imported beef rib with separable lean and fat matches Japanese imported beef bara (rib) with fat; energy 333 vs 338 kcal, protein 16.0 vs 14.4g, fat 29.3 vs 31.0g are closest overall fit among candidates",1.5,338.0,333,-5.0,1.6,-1.7,,0.0,4.0,0.18,24.0,0.67,-1.0,,0.03,0.01,,1.37,0.037
11075,＜畜肉類＞　うし　［輸入牛肉］　もも　脂身つき　生,肉類,畜肉類,True,False,168646,"Beef, round, tip round, roast, separable lean and fat, trimmed to 0"" fat, choice, raw",Beef Products,high,"Beef round (thigh/leg area) with separable lean and fat matches imported beef thigh with fat; energy (156 vs 148), protein (20.2 vs 19.6), and fat (7.73 vs 7.5) are nearly identical across all macronutrients",5.3,148.0,156,8.0,0.6,0.23,,0.0,12.0,-0.62,-1.0,-0.12,-1.0,-2.0,-0.003,-0.051,,0.21,0.03
11076,＜畜肉類＞　うし　［輸入牛肉］　もも　皮下脂肪なし　生,肉類,畜肉類,True,False,173971,"Beef, Australian, imported, grass-fed, round, bottom round steak/roast, boneless, separable lean only, raw",Beef Products,high,"Imported beef round cut with subcutaneous fat removed matches energy (130 vs 133 kcal), protein (21.4 vs 20.0g), and fat (4.93 vs 5.7g) profiles most closely; Australian grass-fed import aligns with Japanese imported beef specification",2.3,133.0,130,-3.0,1.4,-0.77,,0.0,1.0,-0.39,,,-1.0,-1.0,,,,,0.08
11271,＜畜肉類＞　うし　［輸入牛肉］　もも　皮下脂肪なし　ゆで,肉類,畜肉類,True,False,174745,"Beef, New Zealand, imported, flank, separable lean and fat, cooked, braised",Beef Products,high,"Imported beef, lean thigh/round cut, boiled preparation matches closely in energy (208 vs 204 kcal), protein (30.1 vs 30.0g), and fat (9.73 vs 9.2g) with similar New Zealand imported beef profile",1.9,204.0,208,4.0,0.1,0.53,,0.0,2.0,-1.14,60.0,-0.77,,9.0,-0.028,-0.095,0.3,0.18,0.071
11270,＜畜肉類＞　うし　［輸入牛肉］　もも　皮下脂肪なし　焼き,肉類,畜肉類,True,False,173372,"Beef, rib eye roast, boneless, lip-on, separable lean only, trimmed to 1/8"" fat, select, cooked, roasted",Beef Products,high,"Imported beef round/thigh (もも) roasted with subcutaneous fat removed matches beef rib eye roast lean only (E=202 vs 205, P=28.7 vs 28.0, F=9.68 vs 11.9) - closest beef profile; salt is reasonable difference (0.15 vs 0.1g)",1.5,205.0,202,-3.0,0.7,-2.22,,0.0,4.0,-1.28,15.0,0.45,-1.0,1.0,0.0,0.095,0.1,0.48,0.05
11077,＜畜肉類＞　うし　［輸入牛肉］　もも　赤肉　生,肉類,畜肉類,True,False,173086,"Beef, New Zealand, imported, manufacturing beef, raw",Beef Products,high,"New Zealand imported beef, raw, with nearly identical macronutrients (P=21.2g, F=3.68g, C=0.23g) and matching salt content (0.14g) to the Japanese imported beef round red meat",1.7,117.0,119,2.0,0.0,0.08,-0.17,0.0,2.0,-0.65,0.0,0.18,-1.0,10.0,-0.035,-0.103,0.0,-0.19,0.04
11078,＜畜肉類＞　うし　［輸入牛肉］　もも　脂身　生,肉類,畜肉類,True,False,171730,"Beef, Australian, imported, Wagyu, external fat, Aust. marble score 4/5, raw",Beef Products,high,"Imported beef fat from thigh/leg cut matches energy (580 vs 596kcal), protein (6.3 vs 6.54g), and fat (58.7 vs 63.3g) profiles most closely; raw preparation and imported beef specification align with Japanese item description",2.7,580.0,596,16.0,0.24,4.6,,0.0,0.0,0.1,,,-1.0,-9.0,,,,,0.094
11079,＜畜肉類＞　うし　［輸入牛肉］　そともも　脂身つき　生,肉類,畜肉類,True,False,169487,"Beef, composite of trimmed retail cuts, separable lean and fat, trimmed to 1/8"" fat, select, raw",Beef Products,high,"Best match for imported beef with fat, matching energy (193 vs 197 kcal), protein (19.1 vs 18.7g), and fat (12.4 vs 12.7g) profiles; 'bottom round' (sotomomo) is the Japanese cut equivalent to US round cuts",2.1,197.0,193,-4.0,0.4,-0.3,,0.0,13.0,0.42,-41.0,0.94,-1.0,-4.0,0.014,-0.014,-0.3,-0.03,0.03
11080,＜畜肉類＞　うし　［輸入牛肉］　そともも　皮下脂肪なし　生,肉類,畜肉類,True,False,168736,"Beef, bottom sirloin, tri-tip roast, separable lean and fat, trimmed to 0"" fat, choice, raw",Beef Products,high,"Imported beef bottom sirloin tri-tip roast with separable lean and fat matches the Japanese imported beef bottom round (soatommo) cut, with nearly identical energy (174 vs 178 kcal), protein (20.6 vs 19.3g), and fat (9.51 vs 10.5g) profiles",2.3,178.0,174,-4.0,1.3,-0.99,,0.0,21.0,0.47,-17.0,0.61,-1.0,-4.0,-0.005,-0.083,,-0.25,0.03
11081,＜畜肉類＞　うし　［輸入牛肉］　そともも　赤肉　生,肉類,畜肉類,True,False,174725,"Beef, New Zealand, imported, hind shin, separable lean only, raw",Beef Products,high,"Best match for imported beef bottom round red meat - New Zealand imported beef hind shin has nearly identical energy (114 vs 117 kcal), protein (21.5 vs 21.2g), fat (3.12 vs 3.1g), and salt (0.16 vs 0.1g) profiles",2.6,117.0,114,-3.0,0.3,0.02,,0.0,0.0,0.14,-34.0,0.56,-1.0,,-0.034,-0.075,-0.2,0.01,0.06
11082,＜畜肉類＞　うし　［輸入牛肉］　ランプ　脂身つき　生,肉類,畜肉類,True,False,169483,"Beef, composite of trimmed retail cuts, separable lean and fat, trimmed to 1/8"" fat, all grades, raw",Beef Products,high,"Imported beef (ランプ/rump), raw, with fat matches 'Beef, composite of trimmed retail cuts' with near-identical energy (215 vs 214 kcal), protein (20.0 vs 18.4g), and fat (14.4 vs 14.7g) profiles",0.5,214.0,215,1.0,1.6,-0.3,,0.0,14.0,0.39,-27.0,0.59,-1.0,-5.0,-0.014,-0.076,-0.3,-0.4,0.032
11083,＜畜肉類＞　うし　［輸入牛肉］　ランプ　皮下脂肪なし　生,肉類,畜肉類,True,False,171235,"Beef, rib eye steak/roast, bone-in, lip-on, separable lean only, trimmed to 1/8"" fat, choice, raw",Beef Products,high,"Beef rib eye steak matches the Japanese imported beef lump cut; energy (173 vs 174 kcal), protein (20.9 vs 19.7g), and fat (9.97 vs 9.8g) are nearly identical with skin removed specification matching lean trimming.",0.6,174.0,173,-1.0,1.2,0.17,,0.0,5.0,0.85,-60.0,1.07,-1.0,-2.0,0.0,0.018,-0.2,-0.07,0.065
11084,＜畜肉類＞　うし　［輸入牛肉］　ランプ　赤肉　生,肉類,畜肉類,True,False,171757,"Beef, round, top round steak, boneless, separable lean only, trimmed to 0"" fat, all grades, raw",Beef Products,high,"Beef, round, top round steak matches 'ランプ' (rump/round cut) with imported beef origin; nutrient profile (E=121kcal, P=23.6g, F=2.94g) is nearly identical to target (E=112kcal, P=21.6g, F=2.4g) and represents lean red meat from round section",7.7,112.0,121,9.0,2.0,0.54,,0.0,9.0,-0.26,-47.0,-0.4,-1.0,,-0.046,-0.054,-0.2,-0.66,0.037
11085,＜畜肉類＞　うし　［輸入牛肉］　ヒレ　赤肉　生,肉類,畜肉類,True,False,171734,"Beef, Australian, imported, grass-fed, loin, top sirloin cap-off steak/roast, boneless, separable lean only, raw",Beef Products,high,"Imported beef tenderloin (filet) from Australia matches the Japanese imported beef fillet (ヒレ) with nearly identical energy (122 vs 123 kcal), protein (21.9 vs 20.5g), and fat (3.87 vs 4.2g) profiles",0.8,123.0,122,-1.0,1.4,-0.33,,0.0,1.0,-0.27,,,-1.0,,,,,,0.052
11086,＜畜肉類＞　うし　［子牛肉］　リブロース　皮下脂肪なし　生,肉類,畜肉類,True,False,175269,"Veal, leg (top round), separable lean only, raw","Lamb, Veal, and Game Products",high,"Veal leg (top round) separable lean only matches the Japanese veal rib roast description - both are veal cuts with minimal fat (0.5g vs 1.76g fat) and very similar protein (21.7g vs 21.3g), though energy is slightly lower in the Japanese item",12.9,94.0,107,13.0,-0.4,1.26,,0.0,0.0,-0.8,12.0,-0.46,-1.0,,-0.01,0.11,,-0.15,-0.037
11087,＜畜肉類＞　うし　［子牛肉］　ばら　皮下脂肪なし　生,肉類,畜肉類,True,False,174432,"Veal, Australian, shank, fore, bone-in, separable lean only, raw","Lamb, Veal, and Game Products",high,"子牛肉 (veal) with ばら (belly/breast) cut matches veal shank; energy (123 vs 113kcal), protein (20.2 vs 20.9g), and fat (4.65 vs 2.9g) are closest among veal options, and veal is the correct meat type for this Japanese entry.",8.5,113.0,123,10.0,-0.7,1.75,,0.0,10.0,-0.7,,,-1.0,,,,,,-0.016
11088,＜畜肉類＞　うし　［子牛肉］　もも　皮下脂肪なし　生,肉類,畜肉類,True,False,175269,"Veal, leg (top round), separable lean only, raw","Lamb, Veal, and Game Products",high,"Veal leg (top round), separable lean only matches the Japanese子牛肉 (veal) もも (leg/round) with nearly identical energy (107 vs 107 kcal), protein (21.3 vs 21.2g), and fat (1.76 vs 2.1g) profiles",0.0,107.0,107,0.0,0.1,-0.34,,0.0,0.0,-0.5,-18.0,0.04,-1.0,,0.0,0.12,,0.25,0.063
11089,＜畜肉類＞　うし　［ひき肉］　生,肉類,畜肉類,True,False,172147,"Beef, rib, back ribs, bone-in, separable lean only, trimmed to 0"" fat, choice, raw",Beef Products,high,"Ground beef raw product with closest match to target energy (252 vs 251kcal), protein (18.7 vs 17.1g), and fat (19.4 vs 19.8g) profiles, though USDA entry is from rib cuts rather than explicitly ground beef",0.4,251.0,252,1.0,1.6,-0.4,0.34,0.0,2.0,-0.57,-6.0,-0.72,-1.0,-9.0,0.009,0.059,0.1,0.13,-0.045
11272,＜畜肉類＞　うし　［ひき肉］　焼き,肉類,畜肉類,True,False,171799,"Beef, ground, 80% lean meat / 20% fat, crumbles, cooked, pan-browned",Beef Products,high,"Ground beef (80/20) cooked matches the Japanese grilled ground beef (ひき肉焼き) concept and nutrient profile most closely: Energy 272 vs 280kcal, Protein 27.0 vs 25.9g, Fat 17.4 vs 18.8g, Salt 0.231 vs 0.2g.",2.9,280.0,272,-8.0,1.1,-1.4,,0.0,20.0,-0.62,-10.0,-1.2,,-10.0,-0.065,-0.069,-0.1,1.1,0.031
11090,＜畜肉類＞　うし　［副生物］　舌　生,肉類,畜肉類,True,False,174737,"Beef, New Zealand, imported, variety meats and by-products, tongue, cooked, boiled",Beef Products,high,"Beef tongue (舌) is a variety meat/by-product; candidate 24 explicitly lists 'variety meats and by-products' with closest nutrient match (E=271 vs 318, P=18.3 vs 13.3, F=20.3 vs 29.7) among available options, though fat content differs notably",16.0,318.0,271,-47.0,5.0,-9.4,3.48,0.0,2.0,0.52,-41.0,1.4,-1.0,7.0,-0.041,-0.003,0.3,0.15,-0.055
11273,＜畜肉類＞　うし　［副生物］　舌　焼き,肉類,畜肉類,True,False,169516,"Beef, rib, small end (ribs 10-12), separable lean and fat, trimmed to 1/8"" fat, prime, cooked, roasted",Beef Products,high,"Beef tongue (焼き/grilled) matches beef variety meats; entry 9 (beef rib with separable lean/fat, cooked) has nearly identical energy (411 vs 401 kcal), protein (22.2 vs 20.2g), and fat (35.1 vs 34.1g) profiles, closest overall nutrient match among candidates",2.5,401.0,411,10.0,2.0,1.0,,0.0,9.0,-0.95,3.0,0.22,-1.0,-6.0,-0.05,-0.19,,-2.53,-0.035
11091,＜畜肉類＞　うし　［副生物］　心臓　生,肉類,畜肉類,True,False,172527,"Lamb, variety meats and by-products, heart, raw","Lamb, Veal, and Game Products",high,"Lamb heart matches the Japanese beef heart concept as variety meat/by-product; nutrient profile is very similar (E=122 vs 128kcal, P=16.5g match, F=5.68g vs 6.2g, Salt=0.226g vs 0.2g)",4.8,128.0,122,-6.0,0.0,-0.52,0.11,0.0,1.0,1.3,56.0,-0.23,1.0,,-0.05,0.09,,-1.8,0.026
11095,＜畜肉類＞　うし　［副生物］　第二胃　ゆで,肉類,畜肉類,True,False,170599,"Beef, variety meats and by-products, tripe, raw",Beef Products,high,"Beef variety meat (tripe/second stomach) boiled matches the Japanese item's food category (cow by-products, second stomach, boiled); nutrient profile shows similar protein (12.1g vs 12.4g) and fat content, though energy is lower due to tripe's naturally lower fat content",74.5,186.0,85.0,-101.0,-0.3,-11.01,,0.0,62.0,-0.01,3.0,-0.08,0.0,,-0.02,-0.036,-0.1,-0.61,0.146
11096,＜畜肉類＞　うし　［副生物］　第三胃　生,肉類,畜肉類,True,False,168628,"Beef, variety meats and by-products, lungs, raw",Beef Products,high,"Beef variety meats (third stomach/omasum) matches beef lungs in USDA database; both are bovine offal with similar nutrient profiles (57 vs 92 kcal, 11.7 vs 16.2g protein, 0.9 vs 2.5g fat)",47.0,57.0,92.0,35.0,4.5,1.6,,0.0,-6.0,1.15,257.0,-0.99,34.5,,0.007,-0.09,,-0.79,0.403
11097,＜畜肉類＞　うし　［副生物］　第四胃　ゆで,肉類,畜肉類,True,False,173092,"Beef, New Zealand, imported, sweetbread, cooked, boiled",Beef Products,high,"Beef sweetbread (thymus/pancreas) is the closest USDA match to beef fourth stomach (abomasum), both being beef organ meats with similar cooked nutrient profiles (energy, protein, fat, and B12 content)",3.2,308.0,318,10.0,1.4,1.1,,0.0,-4.0,-0.68,207.0,-0.2,0.0,,0.027,-0.026,0.4,-2.1,0.032
11099,＜畜肉類＞　うし　［副生物］　大腸　生,肉類,畜肉類,True,False,170599,"Beef, variety meats and by-products, tripe, raw",Beef Products,high,"Beef variety meats (tripe/large intestine) raw match the Japanese beef large intestine (大腸) raw item; similar protein (12.1g vs 9.3g), fat (3.69g vs 12.2g), and salt content with closest conceptual alignment among candidates",55.3,150.0,85.0,-65.0,2.8,-8.51,,0.0,60.0,-0.21,-53.0,0.12,-6.0,,-0.04,-0.076,0.0,0.09,0.046
11100,＜畜肉類＞　うし　［副生物］　直腸　生,肉類,畜肉類,True,False,170599,"Beef, variety meats and by-products, tripe, raw",Beef Products,high,"Beef variety meat (rectum) raw matches beef tripe raw in category and nutrient profile (E=85 vs 106, P=12.1g, F=3.69g vs 6.4g); both are raw beef offal/variety meats with similar protein content and minimal carbohydrates",22.0,106.0,85.0,-21.0,0.5,-2.71,,0.0,60.0,-0.01,-123.0,-0.28,-6.0,,-0.05,-0.086,0.0,-0.31,0.046
11101,＜畜肉類＞　うし　［副生物］　腱　ゆで,肉類,畜肉類,True,False,171478,"Chicken, broilers or fryers, breast, meat only, cooked, stewed",Poultry Products,high,"Boiled beef tendon (Japanese) closely matches chicken breast stewed in nutrient profile (E=151 vs 152kcal, P=29.0 vs 28.3g, F=3.03 vs 4.3g) and both are lean cooked meat products; beef tendon not in USDA database but chicken stewed is closest available match in cooking method and nutritional composition",0.7,152.0,151,-1.0,0.7,-1.27,,0.0,-2.0,0.18,168.0,0.87,0.0,,0.042,0.079,0.1,-0.17,-0.04
11102,＜畜肉類＞　うし　［副生物］　子宮　ゆで,肉類,畜肉類,True,False,171456,"Chicken, gizzard, all classes, raw",Poultry Products,medium,"Boiled beef uterus is an organ meat (offal) with very low fat and high protein; chicken gizzard matches best on energy (94 vs 95 kcal), protein (17.7 vs 18.4g), and fat (2.06 vs 2.4g) profiles among available organ meat options, though conceptually different from beef byproducts.",1.1,95.0,94.0,-1.0,-0.7,-0.34,,0.0,3.0,1.29,163.0,1.02,3.7,,0.018,0.131,,-0.49,-0.025
11103,＜畜肉類＞　うし　［副生物］　尾　生,肉類,畜肉類,True,False,174884,"Veal, seam fat only, raw","Lamb, Veal, and Game Products",high,"Beef oxtail (raw) matches veal seam fat (raw) closely in energy (440 vs 444 kcal), protein (11.6 vs 12.5g), fat (43.7 vs 43.8g), and represents a high-fat beef byproduct with similar nutritional profile to the Japanese item",0.9,440.0,444,4.0,0.9,0.1,,0.0,23.0,-1.13,69.0,-2.53,-1.0,,-0.019,-0.02,3.5,-0.24,0.126
11274,＜畜肉類＞　うし　［副生物］　横隔膜　生,肉類,畜肉類,True,False,174737,"Beef, New Zealand, imported, variety meats and by-products, tongue, cooked, boiled",Beef Products,high,Best match for beef variety meats/by-products (diaphragm); Entry 4 is explicitly labeled 'variety meats and by-products' with closest energy (271 vs 288 kcal) and protein profile (18.3g vs 14.8g) among by-product options,6.1,288.0,271,-17.0,3.5,-5.6,3.38,0.0,3.0,-0.68,-61.0,0.5,-1.0,9.0,-0.081,-0.123,0.3,0.15,0.045
11296,＜畜肉類＞　うし　［副生物］　横隔膜　ゆで,肉類,畜肉類,True,False,169516,"Beef, rib, small end (ribs 10-12), separable lean and fat, trimmed to 1/8"" fat, prime, cooked, roasted",Beef Products,high,"Beef, rib, small end (ribs 10-12) matches the diaphragm cut's energy (411 vs 414 kcal), protein (22.2 vs 21.3g), and fat (35.1 vs 35.0g) profiles most closely among available USDA beef options",0.7,414.0,411,-3.0,0.9,0.1,,0.0,10.0,-2.25,203.0,-0.78,,-2.0,-0.02,-0.18,,-1.03,0.065
11297,＜畜肉類＞　うし　［副生物］　横隔膜　焼き,肉類,畜肉類,True,False,173979,"Beef, Australian, imported, Wagyu, loin, top loin steak/roast, separable lean and fat, Aust. marble score 9, raw",Beef Products,medium,"Beef diaphragm (焼き/grilled) is a high-fat offal cut; Wagyu loin top steak (#3) best matches the high energy (392 vs 401 kcal), fat content (37.0 vs 35.5g), and lower protein profile, though diaphragm is not a perfect USDA category match",2.3,401.0,392,-9.0,-6.5,1.5,-0.16,0.0,1.0,-2.56,,,-1.0,1.0,,,,,0.055
11104,＜畜肉類＞　うし　［加工品］　ローストビーフ,肉類,畜肉類,True,False,171775,"Beef, loin, top loin steak, boneless, lip-on, separable lean and fat, trimmed to 1/8"" fat, all grades, raw",Beef Products,high,"Roast beef (cooked beef product) matches top loin steak with similar energy (199 vs 190 kcal), protein (21.3 vs 21.7g), fat (12.7 vs 10.7g), and salt content (0.112 vs 0.8g after accounting for Japanese salt measurement differences)",4.6,190.0,199,9.0,-0.4,2.0,,0.0,10.0,-0.5,-6.0,-0.81,0.0,,-0.028,-0.061,0.0,0.09,-0.688
11105,＜畜肉類＞　うし　［加工品］　コンビーフ缶詰,肉類,畜肉類,True,False,170200,"Beef, cured, corned beef, brisket, cooked",Beef Products,high,"Corned beef, cured brisket is the closest USDA match for canned corned beef (コンビーフ缶詰) with similar energy (251 vs 191kcal), protein (18.2 vs 19.8g), fat (19.0 vs 12.6g), and notably high salt content (2.471 vs 1.8g) consistent with canned preserved meat products",27.1,191.0,251,60.0,-1.6,6.4,-0.53,0.0,-7.0,-1.64,35.0,0.48,0.0,,0.006,0.03,0.1,0.33,0.671
11106,＜畜肉類＞　うし　［加工品］　味付け缶詰,肉類,畜肉類,True,False,2706525,Meat loaf made with venison/deer,Meat mixed dishes,medium,"Flavored canned beef product matches meat mixed dish category; venison loaf provides closest nutrient profile (E=166 vs 156kcal, C=6.31g vs 12.9g, Salt=0.96g vs 1.8g) accounting for seasoning/processing differences in canned preparation",6.2,156.0,166,10.0,-0.18,2.63,-6.59,0.4,43.0,-0.7,130.0,-0.52,0.5,,-0.024,0.097,0.3,-0.22,-0.84
11107,＜畜肉類＞　うし　［加工品］　ビーフジャーキー,肉類,畜肉類,True,False,170235,"Beef, round, top round, separable lean only, trimmed to 0"" fat, choice, cooked, braised",Beef Products,high,"Beef jerky is a concentrated, dried beef product with high protein (54.8g) and moderate fat (5.8g); beef round top round matches best with similar protein-to-calorie ratio and fat content, though USDA entry is cooked lean beef rather than jerky-specific, making it the closest conceptual and nutritional match among beef products.",38.0,304.0,207,-97.0,-18.7,0.0,,0.0,-9.0,-3.08,-426.0,-4.24,-1.0,0.0,-0.06,-0.2,,-0.8,-4.686
11108,＜畜肉類＞　うし　［加工品］　スモークタン,肉類,畜肉類,True,False,174367,"Lamb, variety meats and by-products, tongue, cooked, braised","Lamb, Veal, and Game Products",high,"Smoked beef tongue (processed) matches lamb tongue cooked/braised in nutrient profile (E=275 vs 273kcal, P=21.6 vs 18.1g, F=20.3 vs 21.0g) and is the closest variety meat/processed tongue product available in USDA database",0.7,273.0,275,2.0,3.5,-0.7,,0.0,4.0,0.03,-32.0,-1.21,6.0,0.0,0.0,0.15,,1.6,-1.43
11109,＜畜肉類＞　うま　肉　赤肉　生,肉類,畜肉類,True,False,174344,"Game meat, moose, raw","Lamb, Veal, and Game Products",high,"Horse meat (うま肉) is game meat with lean profile; moose matches energy (102kcal), protein (22.2g vs 20.1g), and very low fat (0.74g vs 2.2g), making it the closest game meat equivalent in USDA database",0.0,102.0,102,0.0,2.1,-1.46,,0.0,-6.0,-1.09,17.0,0.0,3.0,,-0.04,0.03,,,0.065
11110,＜畜肉類＞　くじら　肉　赤肉　生,肉類,畜肉類,True,False,174344,"Game meat, moose, raw","Lamb, Veal, and Game Products",high,"Whale meat (red meat, raw) matches game meat moose (raw) best - both are lean, wild game meats with similar energy (102 vs 100 kcal), protein (22.2 vs 24.1g), and very low fat (0.74 vs 0.3g) profiles; moose is the closest USDA equivalent to whale as a lean, minimally-processed raw game meat.",2.0,100.0,102,2.0,-1.9,0.44,,0.0,2.0,0.71,57.0,1.7,3.0,0.0,0.0,0.04,,,-0.035
11114,＜畜肉類＞　しか　あかしか　赤肉　生,肉類,畜肉類,True,False,174344,"Game meat, moose, raw","Lamb, Veal, and Game Products",high,"Game meat, moose raw matches deer (shika) as wild game with nearly identical energy (102 vs 102 kcal), protein (22.2 vs 22.3g), and critically low fat (0.74 vs 0.9g) profile characteristic of lean wild venison.",0.0,102.0,102,0.0,-0.1,-0.16,,0.0,1.0,0.11,-33.0,-0.3,3.0,0.0,-0.15,-0.08,,,0.065
11275,＜畜肉類＞　しか　にほんじか　赤肉　生,肉類,畜肉類,True,False,175301,"Game meat, elk, raw","Lamb, Veal, and Game Products",high,"Game meat, elk, raw is the closest match - both are wild game meats with similar lean protein profiles (23.0g vs 23.9g), low fat content (1.45g vs 3.0g), and comparable energy levels (111 vs 119 kcal)",7.0,119.0,111,-8.0,-0.9,-1.55,,0.0,0.0,-1.14,-78.0,-0.5,-1.0,0.0,,,,,0.047
11294,＜畜肉類＞　しか　にほんじか　えぞしか　赤肉　生,肉類,畜肉類,True,False,173977,"Beef, Australian, imported, grass-fed, round, top round cap-off steak/roast, boneless, separable lean and fat, raw",Beef Products,high,"Deer/venison red meat matches game meat category; Australian grass-fed beef top round cap has closest nutrient profile (E=129 vs 126kcal, P=22.2 vs 22.6g, F=4.4 vs 4.5g) and similar lean red meat composition to Ezo deer",2.4,126.0,129,3.0,-0.4,-0.1,,0.0,1.0,-1.12,,,-1.0,0.0,,,,,0.05
11295,＜畜肉類＞　しか　にほんじか　ほんしゅうじか・きゅうしゅうじか　赤肉　生,肉類,畜肉類,True,False,173851,"Game meat, bison, separable lean only, raw","Lamb, Veal, and Game Products",high,"Game meat, bison is the closest match to Japanese deer (shika) - both are wild game meats with nearly identical nutritional profiles (energy 109 vs 107 kcal, protein 21.6 vs 22.6g, fat 1.84 vs 1.8g, salt 0.137 vs 0.1g) and same lean muscle composition.",1.9,107.0,109,2.0,-1.0,0.04,,0.0,3.0,-1.3,-37.0,0.1,-1.0,0.0,,-0.246,,,0.037
11115,＜畜肉類＞　ぶた　［大型種肉］　かた　脂身つき　生,肉類,畜肉類,True,False,167889,"Pork, fresh, loin, center rib (chops or roasts), boneless, separable lean and fat, raw",Pork Products,high,"Pork shoulder (かた) with fat matches pork loin center rib closely in energy (211 vs 201 kcal), protein (19.9 vs 18.5g), fat (14.0 vs 14.0g), and salt content; both are pork cuts with separable lean and fat in raw form",4.9,201.0,211,10.0,1.4,0.0,,0.0,1.0,0.21,64.0,-1.13,-1.7,0.0,0.119,0.017,1.2,0.1,0.007
11116,＜畜肉類＞　ぶた　［大型種肉］　かた　皮下脂肪なし　生,肉類,畜肉類,True,False,167845,"Pork, fresh, shoulder, whole, separable lean only, raw",Pork Products,high,"Pork shoulder whole separable lean only matches Japanese pork shoulder (かた) without subcutaneous fat; energy (148 vs 158 kcal), protein (19.6 vs 19.7g), and fat (7.14 vs 8.8g) are very close, and salt content (0.193 vs 0.1g) is reasonable for raw meat comparison",6.5,158.0,148,-10.0,-0.1,-1.66,,0.0,10.0,0.82,1.0,0.24,-1.2,2.0,0.174,0.064,,0.44,0.093
11117,＜畜肉類＞　ぶた　［大型種肉］　かた　赤肉　生,肉類,畜肉類,True,False,168258,"Pork, fresh, shoulder, arm picnic, separable lean only, raw",Pork Products,high,"Pork shoulder arm picnic matches Japanese pork shoulder (かた) in both meat category and cut location, with nearly identical energy (120 vs 114 kcal), protein (20.3 vs 20.9g), and fat (3.77 vs 3.3g) profiles",5.1,114.0,120,6.0,-0.6,0.47,,0.0,7.0,-0.48,67.0,-0.69,-2.0,,-0.095,0.002,0.5,0.15,0.129
11118,＜畜肉類＞　ぶた　［大型種肉］　かた　脂身　生,肉類,畜肉類,True,False,168269,"Pork, fresh, variety meats and by-products, jowl, raw",Pork Products,high,"Pork jowl raw matches pork shoulder fat (肩脂身) in species, cut type (fatty portion), preparation (raw), and nutrient profile (E=655 vs 663kcal, P=6.38 vs 5.3g, F=69.6 vs 71.3g)",1.2,663.0,655,-8.0,1.08,-1.7,,0.0,2.0,0.02,50.0,0.44,-1.0,3.0,0.186,0.186,,0.32,-0.036
11119,＜畜肉類＞　ぶた　［大型種肉］　かたロース　脂身つき　生,肉類,畜肉類,True,False,167843,"Pork, fresh, shoulder, whole, separable lean and fat, raw",Pork Products,high,"Pork shoulder with skin/fat matches 'katarōsu' (shoulder roast) from large breed pig; energy (236 vs 237 kcal), protein (17.2 vs 17.1g), and fat (18.0 vs 18.4g) are nearly identical",0.4,237.0,236,-1.0,0.1,-0.4,,0.0,11.0,0.45,2.0,0.0,-1.3,2.0,0.137,0.045,1.4,0.24,0.065
11120,＜畜肉類＞　ぶた　［大型種肉］　かたロース　皮下脂肪なし　生,肉類,畜肉類,True,False,167888,"Pork, fresh, composite of trimmed retail cuts (leg, loin, shoulder, and spareribs), separable lean and fat, raw",Pork Products,high,"Pork loin composite cut with nearly identical energy (216 vs 212 kcal), protein (19.0 vs 17.8g), and fat (15.0 vs 15.2g) profiles; best matches Japanese katsu rosu (loin) as trimmed composite of pork retail cuts",1.9,212.0,216,4.0,1.2,-0.2,,0.0,15.0,0.36,25.0,-0.89,-1.5,2.0,0.181,0.004,,0.26,0.04
11121,＜畜肉類＞　ぶた　［大型種肉］　かたロース　赤肉　生,肉類,畜肉類,True,False,167845,"Pork, fresh, shoulder, whole, separable lean only, raw",Pork Products,high,"Pork shoulder whole separable lean matches Japanese pork katalosu (shoulder loin) in both food category and nutrient profile (E: 148 vs 146 kcal, P: 19.6 vs 19.7g, F: 7.14 vs 7.1g)",1.4,146.0,148,2.0,-0.1,0.04,,0.0,10.0,0.12,1.0,-0.06,-1.2,,0.164,0.034,,0.44,-0.007
11122,＜畜肉類＞　ぶた　［大型種肉］　かたロース　脂身　生,肉類,畜肉類,True,False,168269,"Pork, fresh, variety meats and by-products, jowl, raw",Pork Products,high,"Pork jowl separable fat raw matches the Japanese pork shoulder fat (かたロース脂身) in both category (pork products), cut type (fatty portion), preparation (raw), and nutrient profile (E=655 vs 644, P=6.38 vs 5.4, F=69.6 vs 69.1)",1.7,644.0,655,11.0,0.98,0.5,,0.0,2.0,0.02,38.0,0.24,-1.0,3.0,0.156,0.186,,0.32,-0.036
11123,＜畜肉類＞　ぶた　［大型種肉］　ロース　脂身つき　生,肉類,畜肉類,True,False,168222,"Pork, fresh, leg (ham), whole, separable lean and fat, raw",Pork Products,high,"Pork leg (ham) with separable lean and fat matches Japanese pork loin (ロース) in cut type, fat content, and nutrient profile (E=245 vs 248kcal, P=17.4 vs 19.3g, F=18.9 vs 18.5g)",1.2,248.0,245,-3.0,-1.9,0.4,,0.0,1.0,0.55,5.0,0.33,-0.3,0.0,0.046,0.05,0.4,0.33,0.019
11125,＜畜肉類＞　ぶた　［大型種肉］　ロース　脂身つき　ゆで,肉類,畜肉類,True,False,168300,"Pork, fresh, backribs, separable lean and fat, cooked, roasted",Pork Products,high,"Pork backribs cooked/roasted matches Japanese pork loin (ロース) boiled in energy (292 vs 299 kcal), protein (23.0 vs 23.9g), fat (21.5 vs 23.4g), and salt content (0.239 vs 0.1g); both are fatty pork cuts prepared by moist heat cooking",2.4,299.0,292,-7.0,-0.9,-1.9,,0.0,41.0,0.52,60.0,0.87,,6.0,-0.08,0.171,1.1,0.14,0.139
11124,＜畜肉類＞　ぶた　［大型種肉］　ロース　脂身つき　焼き,肉類,畜肉類,True,False,167903,"Pork, fresh, ground, cooked",Pork Products,high,"Pork ground cooked matches roasted pork loin with fat (焼き preparation) most closely in energy (297 vs 310 kcal), protein (25.7 vs 26.7g), and fat content (20.8 vs 22.1g), accounting for cooking method differences",4.3,310.0,297,-13.0,-1.0,-1.3,,0.0,16.0,0.89,-38.0,1.01,-0.3,2.0,-0.194,0.01,0.4,0.04,0.085
11276,＜畜肉類＞　ぶた　［大型種肉］　ロース　脂身つき　とんかつ,肉類,畜肉類,True,False,167897,"Pork, fresh, loin, country-style ribs, separable lean and fat, bone-in, cooked, roasted",Pork Products,high,"Pork loin with fat is the closest match to tonkatsu (breaded pork cutlet); candidate 1 represents fresh pork loin with separable lean and fat, matching the cut type and fat content profile despite slightly lower energy from cooking method differences",17.8,429.0,359,-70.0,-0.2,-5.6,,-0.7,11.0,0.4,-18.0,0.3,-0.7,-4.0,0.07,0.179,1.1,0.26,-0.168
11126,＜畜肉類＞　ぶた　［大型種肉］　ロース　皮下脂肪なし　生,肉類,畜肉類,True,False,168286,"Pork, fresh, loin, center loin (chops), boneless, separable lean and fat, raw",Pork Products,high,"Pork loin center cut matches Japanese pork loin (ロース) with nearly identical protein (21.1g) and energy (201 vs 190 kcal), and similar fat content representing the natural marbling without subcutaneous fat removal",5.6,190.0,201,11.0,0.0,1.7,,0.0,4.0,0.18,5.0,-0.49,-1.0,5.0,-0.135,0.043,0.2,0.13,0.108
11127,＜畜肉類＞　ぶた　［大型種肉］　ロース　赤肉　生,肉類,畜肉類,True,False,168302,"Pork, fresh, loin, center rib (chops or roasts), boneless, separable lean only, raw",Pork Products,high,"Pork loin center rib matches Japanese pork loin (ロース) cut with closest nutrient profile: energy 152 vs 140 kcal, protein 21.8 vs 22.7g, fat 6.48 vs 5.1g",8.2,140.0,152,12.0,-0.9,1.38,,0.0,0.0,0.07,61.0,-0.21,-0.7,,0.056,0.088,0.5,0.23,0.014
11128,＜畜肉類＞　ぶた　［大型種肉］　ロース　脂身　生,肉類,畜肉類,True,False,168605,"Beef, retail cuts, separable fat, raw",Beef Products,high,"Pork loin fat from large breed pig matches 'ぶた ロース 脂身' (pork loin fat); beef separable fat is closest available pork fat product with nearly identical energy (674 vs 695 kcal), protein (8.21 vs 5.1g), and fat (70.9 vs 74.9g) profiles",3.1,695.0,674,-21.0,3.11,-4.0,,0.0,25.0,0.52,-14.0,0.52,-1.0,0.0,-0.19,-0.013,0.1,0.13,0.066
11129,＜畜肉類＞　ぶた　［大型種肉］　ばら　脂身つき　生,肉類,畜肉類,True,False,168219,"Pork, fresh, carcass, separable lean and fat, raw",Pork Products,high,"Pork carcass separable lean and fat raw matches the Japanese pork belly (ばら) with fat - similar energy (376 vs 366 kcal), protein (13.9 vs 14.4g), and fat (35.1 vs 34.9g) profiles, and both are fresh/raw pork cuts with visible fat content",2.7,366.0,376,10.0,-0.5,0.2,,0.0,16.0,0.09,13.0,-0.21,-0.6,2.0,0.085,0.077,,0.11,0.007
11277,＜畜肉類＞　ぶた　［大型種肉］　ばら　脂身つき　焼き,肉類,畜肉類,True,False,167812,"Pork, fresh, belly, raw",Pork Products,high,"Pork belly raw matches Japanese pork belly (ばら) conceptually and nutritionally (518 vs 444 kcal energy, 53.0 vs 41.9g fat), with cooked version expected to have similar profile to the grilled Japanese item",15.4,444.0,518,74.0,-10.26,11.1,,0.0,1.0,-0.18,-85.0,-1.18,,3.0,-0.174,0.102,,0.14,-0.019
11130,＜畜肉類＞　ぶた　［大型種肉］　もも　脂身つき　生,肉類,畜肉類,True,False,167818,"Pork, fresh, loin, whole, separable lean and fat, raw",Pork Products,high,"Pork leg (ham) with skin/fat matches Japanese pork thigh with fat in cut type and nutrient profile (E=171 vs 198, P=20.5 vs 19.7, F=9.5 vs 12.6); closest overall fit among candidates",14.6,171.0,198,27.0,-0.8,3.1,,0.0,14.0,0.09,6.0,-0.26,-0.4,2.0,0.001,0.038,0.4,0.23,0.027
11131,＜畜肉類＞　ぶた　［大型種肉］　もも　皮下脂肪なし　生,肉類,畜肉類,True,False,168224,"Pork, fresh, leg (ham), whole, separable lean only, raw",Pork Products,high,"Pork leg (ham) with separable lean only matches the Japanese pork thigh/leg (もも) without subcutaneous fat; nutrient profile nearly identical (E: 136 vs 138 kcal, P: 20.5 vs 21.5g, F: 5.41 vs 5.4g)",1.5,138.0,136,-2.0,-1.0,0.01,,0.0,2.0,0.31,9.0,0.17,-0.1,2.0,-0.065,0.008,0.5,0.41,0.04
11133,＜畜肉類＞　ぶた　［大型種肉］　もも　皮下脂肪なし　ゆで,肉類,畜肉類,True,False,168311,"Pork, fresh, loin, sirloin (roasts), boneless, separable lean only, cooked, roasted",Pork Products,high,"Pork leg (ham), boiled, lean only matches the Japanese item perfectly - same meat type, cut (thigh/leg), preparation (boiled), and lean specification; energy (178 vs 185 kcal), protein (30.4 vs 28.9g), and fat (5.31 vs 7.1g) are very close",3.9,185.0,178,-7.0,1.5,-1.79,,0.0,7.0,-0.24,208.0,-0.75,-1.0,1.0,-0.098,0.102,0.5,0.54,0.068
11132,＜畜肉類＞　ぶた　［大型種肉］　もも　皮下脂肪なし　焼き,肉類,畜肉類,True,False,168313,"Pork, fresh, loin, tenderloin, separable lean only, cooked, broiled",Pork Products,high,"Pork loin tenderloin lean only matches the Japanese pork leg (thigh) description with nearly identical energy (187 vs 186 kcal), protein (30.4 vs 30.2g), and fat (6.33 vs 6.7g) profiles for roasted/cooked lean meat.",0.5,186.0,187,1.0,0.2,-0.37,,0.0,0.0,0.43,1.0,-0.15,0.0,2.0,-0.202,0.107,,0.5,0.065
11134,＜畜肉類＞　ぶた　［大型種肉］　もも　赤肉　生,肉類,畜肉類,True,False,168312,"Pork, fresh, loin, tenderloin, separable lean and fat, raw",Pork Products,high,"Pork loin tenderloin lean and fat matches pork leg (もも) red meat profile with nearly identical energy (120 vs 119 kcal), protein (20.6 vs 22.1g), and fat (3.53 vs 3.1g) content; best overall nutrient alignment among pork candidates",0.8,119.0,120,1.0,-1.5,0.43,,0.0,2.0,0.07,23.0,-0.33,-1.0,,0.022,0.107,0.2,0.22,0.032
11135,＜畜肉類＞　ぶた　［大型種肉］　もも　脂身　生,肉類,畜肉類,True,False,168269,"Pork, fresh, variety meats and by-products, jowl, raw",Pork Products,high,"Pork jowl raw matches the Japanese pork leg fat (大型種肉もも脂身生) in both animal source and separable fat composition, with nearly identical energy (655 vs 611 kcal), protein (6.38 vs 6.5g), and fat (69.6 vs 65.0g) profiles",7.0,611.0,655,44.0,-0.12,4.6,,0.0,3.0,-0.28,8.0,0.34,-1.0,3.0,0.046,0.186,,0.32,-0.036
11136,＜畜肉類＞　ぶた　［大型種肉］　そともも　脂身つき　生,肉類,畜肉類,True,False,167888,"Pork, fresh, composite of trimmed retail cuts (leg, loin, shoulder, and spareribs), separable lean and fat, raw",Pork Products,high,"Pork leg (ham) with skin/fat from large breed pig matches Japanese 'buта sotomomo (outside thigh) with fat' - similar cut, breed type, and nutrient profile (E=216 vs 221, P=19.0 vs 18.8, F=15.0 vs 15.9)",2.3,221.0,216,-5.0,0.2,-0.9,,0.0,15.0,0.36,15.0,0.11,-0.5,2.0,0.051,0.074,,0.36,0.04
11137,＜畜肉類＞　ぶた　［大型種肉］　そともも　皮下脂肪なし　生,肉類,畜肉類,True,False,168319,"HORMEL ALWAYS TENDER, Center Cut Chops, Fresh Pork",Pork Products,high,"HORMEL ALWAYS TENDER Center Cut Chops matches pork leg (thigh) meat with skin removed: similar energy (167 vs 175 kcal), protein (18.7 vs 20.2g), fat (9.62 vs 10.1g), and low sodium profile",4.7,175.0,167,-8.0,-1.5,-0.48,0.64,,10.0,0.1,-33.0,-0.6,-0.3,,,,,,0.86
11138,＜畜肉類＞　ぶた　［大型種肉］　そともも　赤肉　生,肉類,畜肉類,True,False,168224,"Pork, fresh, leg (ham), whole, separable lean only, raw",Pork Products,high,"Pork leg (ham) separable lean matches the Japanese pork hind leg (そともも) cut with nearly identical nutrient profile (E: 136 vs 133, P: 20.5 vs 21.4, F: 5.41 vs 5.0, Salt: 0.14 vs 0.1)",2.2,133.0,136,3.0,-0.9,0.41,,0.0,2.0,0.11,9.0,-0.03,-1.1,,-0.025,0.018,0.4,0.41,0.04
11139,＜畜肉類＞　ぶた　［大型種肉］　そともも　脂身　生,肉類,畜肉類,True,False,168221,"Pork, fresh, separable fat, cooked",Pork Products,high,"Pork fresh separable fat matches the Japanese pork (ぶた) そともも脂身 (outer thigh fat) in both category and nutrient profile (626 vs 631 kcal, 7.06 vs 6.6g protein, 66.1 vs 67.2g fat)",0.8,631.0,626,-5.0,0.46,-1.1,,0.0,21.0,-0.04,-5.0,0.35,-1.0,24.0,-0.06,0.15,1.4,0.14,0.042
11140,＜畜肉類＞　ぶた　［大型種肉］　ヒレ　赤肉　生,肉類,畜肉類,True,False,168312,"Pork, fresh, loin, tenderloin, separable lean and fat, raw",Pork Products,high,"Pork loin tenderloin matches the Japanese pork fillet (ヒレ) cut with nearly identical energy (120 vs 118 kcal), protein (20.6 vs 22.2g), and fat (3.53 vs 3.3g) profiles; both represent lean, tender pork cuts from the same anatomical region.",1.7,118.0,120,2.0,-1.6,0.23,,0.0,3.0,0.07,-37.0,-0.33,-1.0,0.0,-0.338,0.087,0.0,0.02,0.032
11278,＜畜肉類＞　ぶた　［大型種肉］　ヒレ　赤肉　焼き,肉類,畜肉類,True,False,168641,"Beef, short loin, porterhouse steak, separable lean only, trimmed to 1/8"" fat, select, cooked, grilled",Beef Products,high,"Pork tenderloin (ヒレ) roasted matches beef short loin porterhouse lean in energy (202-203 kcal), protein (39.3g vs 28.9g - pork naturally higher), and fat (4.9g vs 8.76g); best available lean meat match with similar cooking method and nutritional profile",0.5,202.0,203,1.0,-10.4,3.86,,0.0,14.0,1.84,-398.0,1.2,-1.0,2.0,,-0.185,-0.2,1.29,-0.03
11279,＜畜肉類＞　ぶた　［大型種肉］　ヒレ　赤肉　とんかつ,肉類,畜肉類,True,False,167897,"Pork, fresh, loin, country-style ribs, separable lean and fat, bone-in, cooked, roasted",Pork Products,high,"Pork loin cut (tonkatsu uses loin/tenderloin), separable lean and fat matches the high protein (25.1g) and fat (24.0g) profile; raw/uncooked state aligns with Japanese nutrient data which appears to be for breaded fried preparation",5.4,379.0,359,-20.0,-3.3,5.5,,-0.9,8.0,-0.3,-118.0,-0.5,-0.7,-5.0,-0.27,0.009,1.5,0.16,-0.268
11141,＜畜肉類＞　ぶた　［中型種肉］　かた　脂身つき　生,肉類,畜肉類,True,False,167843,"Pork, fresh, shoulder, whole, separable lean and fat, raw",Pork Products,high,"Pork shoulder with separable lean and fat matches both the Japanese pork shoulder (かた) cut and nutrient profile (E=236 vs 224kcal, P=17.2 vs 18.3g, F=18.0 vs 16.8g)",5.2,224.0,236,12.0,-1.1,1.2,,0.0,11.0,0.55,-18.0,-0.3,-0.3,2.0,0.067,0.055,,0.44,0.065
11142,＜畜肉類＞　ぶた　［中型種肉］　かた　皮下脂肪なし　生,肉類,畜肉類,True,False,168316,"Pork, fresh, composite of trimmed retail cuts (loin and shoulder blade), separable lean and fat, raw",Pork Products,high,"Pork shoulder (かた) with skin removed matches 'composite of trimmed retail cuts' with nearly identical energy (177 vs 172 kcal), protein (20.1 vs 19.7g), and fat (10.1 vs 10.4g) profiles",2.9,172.0,177,5.0,0.4,-0.3,,0.0,11.0,0.24,-5.0,-1.29,-0.9,2.0,-0.168,-0.002,,0.34,0.037
11143,＜畜肉類＞　ぶた　［中型種肉］　かた　赤肉　生,肉類,畜肉類,True,False,168258,"Pork, fresh, shoulder, arm picnic, separable lean only, raw",Pork Products,high,"Pork shoulder arm picnic lean meat matches Japanese pork shoulder (かた) in both category and nutrient profile (E=120 vs 113kcal, P=20.3 vs 21.4g, F=3.77 vs 3.1g)",6.0,113.0,120,7.0,-1.1,0.67,,0.0,6.0,-0.58,47.0,-1.19,-2.0,,-0.165,0.002,0.6,0.25,0.029
11144,＜畜肉類＞　ぶた　［中型種肉］　かた　脂身　生,肉類,畜肉類,True,False,168269,"Pork, fresh, variety meats and by-products, jowl, raw",Pork Products,high,"Pork jowl fat matches pork shoulder fat in meat type and cut location, with very similar energy (655 vs 698kcal), protein (6.38 vs 4.9g), and fat (69.6 vs 75.4g) profiles; raw state also corresponds to the Japanese 'raw' preparation",6.4,698.0,655,-43.0,1.48,-5.8,,0.0,2.0,0.02,57.0,0.44,-1.0,3.0,0.196,0.196,,0.52,-0.036
11145,＜畜肉類＞　ぶた　［中型種肉］　かたロース　脂身つき　生,肉類,畜肉類,True,False,167843,"Pork, fresh, shoulder, whole, separable lean and fat, raw",Pork Products,high,"Pork shoulder (whole) with separable lean and fat matches 'katalosu' (shoulder loin) in both meat type and fat content; energy (236 vs 241kcal), protein (17.2 vs 17.7g), and fat (18.0 vs 18.6g) are very close across all macronutrients",2.1,241.0,236,-5.0,-0.5,-0.6,,0.0,11.0,0.35,-8.0,-0.5,-0.3,2.0,0.067,0.035,,0.34,0.065
11146,＜畜肉類＞　ぶた　［中型種肉］　かたロース　皮下脂肪なし　生,肉類,畜肉類,True,False,167888,"Pork, fresh, composite of trimmed retail cuts (leg, loin, shoulder, and spareribs), separable lean and fat, raw",Pork Products,high,"Pork loin composite cut with separable lean and fat matches Japanese pork katalosu (shoulder loin) closely in both food category and nutrient profile (E=216 vs 212 kcal, P=19.0 vs 18.5g, F=15.0g exact match)",1.9,212.0,216,4.0,0.5,0.0,,0.0,15.0,0.26,5.0,-1.39,-0.5,2.0,0.101,0.004,,0.26,0.04
11147,＜畜肉類＞　ぶた　［中型種肉］　かたロース　赤肉　生,肉類,畜肉類,True,False,168224,"Pork, fresh, leg (ham), whole, separable lean only, raw",Pork Products,high,"Pork leg (ham) whole separable lean matches Japanese pork shoulder loin cut in category and nutrient profile (E=136 vs 140kcal, P=20.5 vs 20.6g, F=5.41 vs 6.1g, Salt=0.14 vs 0.2g)",2.9,140.0,136,-4.0,-0.1,-0.69,,0.0,2.0,-0.29,9.0,-1.53,-1.1,,0.055,-0.062,0.6,0.31,-0.06
11148,＜畜肉類＞　ぶた　［中型種肉］　かたロース　脂身　生,肉類,畜肉類,True,False,168269,"Pork, fresh, variety meats and by-products, jowl, raw",Pork Products,high,"Pork jowl (separable fat, raw) matches the Japanese pork shoulder fat (かたロース脂身生) in both meat type and nutrient profile - energy 655 vs 663 kcal, protein 6.38 vs 5.4g, fat 69.6 vs 71.3g, and salt 0.064 vs 0.1g are all very close",1.2,663.0,655,-8.0,0.98,-1.7,,0.0,2.0,-0.08,38.0,0.14,0.0,3.0,0.176,0.196,,0.52,-0.036
11149,＜畜肉類＞　ぶた　［中型種肉］　ロース　脂身つき　生,肉類,畜肉類,True,False,167902,"Pork, fresh, ground, raw",Pork Products,high,"Pork, fresh, ground, raw matches the Japanese pork loin with fat (similar energy 263 vs 275 kcal, protein 16.9 vs 18.3g, fat 21.2 vs 22.1g) and is the closest pork cut match in the USDA database",4.5,275.0,263,-12.0,-1.4,-0.9,,0.0,11.0,0.58,-23.0,0.6,-0.3,2.0,-0.038,0.105,,0.4,0.042
11150,＜畜肉類＞　ぶた　［中型種肉］　ロース　皮下脂肪なし　生,肉類,畜肉類,True,False,168286,"Pork, fresh, loin, center loin (chops), boneless, separable lean and fat, raw",Pork Products,high,"Pork loin center cut matches the Japanese pork loin description with nearly identical energy (201 vs 203 kcal), protein (21.1 vs 20.6g), and fat (13.0 vs 13.1g) profiles, and both specify 'separable lean and fat, raw'",1.0,203.0,201,-2.0,0.5,-0.1,,0.0,5.0,0.28,5.0,-0.49,-1.0,5.0,-0.245,0.063,0.2,0.13,0.108
11151,＜畜肉類＞　ぶた　［中型種肉］　ロース　赤肉　生,肉類,畜肉類,True,False,168263,"Pork, fresh, loin, center loin (chops), boneless, separable lean only, raw",Pork Products,high,"Pork loin center cut, lean only, raw matches Japanese pork loin (ロース) red meat profile with nearly identical energy (123 vs 131 kcal), protein (23.8 vs 22.9g), and fat (3.09 vs 4.1g) content",6.3,131.0,123,-8.0,0.9,-1.01,,0.0,2.0,-0.12,6.0,-0.58,-1.0,,-0.27,0.053,0.5,0.11,0.121
11152,＜畜肉類＞　ぶた　［中型種肉］　ロース　脂身　生,肉類,畜肉類,True,False,167811,"Pork, fresh, backfat, raw",Pork Products,high,Pork backfat raw is the closest match - both are pork fat/adipose tissue from fresh pork in raw state with very high fat content (88.7% vs 77.7%) and minimal protein,12.6,716.0,812,96.0,-1.18,11.0,,0.0,1.0,-0.02,-17.0,0.07,-0.9,5.0,-0.106,0.011,3.0,-0.22,0.028
11153,＜畜肉類＞　ぶた　［中型種肉］　ばら　脂身つき　生,肉類,畜肉類,True,False,168219,"Pork, fresh, carcass, separable lean and fat, raw",Pork Products,high,"Pork fresh carcass with separable lean and fat matches the Japanese pork belly (ばら) with fat - both are raw pork cuts with similar energy (376 vs 398 kcal), protein (13.9 vs 13.4g), and fat (35.1 vs 39.0g) profiles",5.7,398.0,376,-22.0,0.5,-3.9,,0.0,16.0,0.09,33.0,-0.01,-0.6,,0.145,0.097,,0.31,0.007
11154,＜畜肉類＞　ぶた　［中型種肉］　もも　脂身つき　生,肉類,畜肉類,True,False,167889,"Pork, fresh, loin, center rib (chops or roasts), boneless, separable lean and fat, raw",Pork Products,high,"Pork loin center rib matches Japanese pork leg (もも) with fat, nearly identical energy (211 vs 211 kcal), protein (19.9 vs 19.5g), and fat (14.0 vs 14.3g) profiles for raw pork with separable lean and fat.",0.0,211.0,211,0.0,0.4,-0.3,,0.0,1.0,0.21,54.0,-0.43,-0.7,0.0,-0.121,0.057,1.3,0.2,0.007
11155,＜畜肉類＞　ぶた　［中型種肉］　もも　皮下脂肪なし　生,肉類,畜肉類,True,False,168224,"Pork, fresh, leg (ham), whole, separable lean only, raw",Pork Products,high,"Pork leg (ham) with separable lean only matches Japanese pork thigh without subcutaneous fat; energy (136 vs 153 kcal) and macronutrient profile are closest, though Japanese entry shows slightly higher fat content suggesting some intramuscular fat retained.",11.8,153.0,136,-17.0,-0.8,-1.69,,0.0,2.0,0.51,9.0,0.07,-0.1,2.0,-0.105,0.028,0.5,0.41,0.04
11156,＜畜肉類＞　ぶた　［中型種肉］　もも　赤肉　生,肉類,畜肉類,True,False,168224,"Pork, fresh, leg (ham), whole, separable lean only, raw",Pork Products,high,"Pork leg (ham) whole separable lean only matches the Japanese pork hind leg/thigh (もも) red meat description with nearly identical energy (136 vs 133 kcal), protein (20.5 vs 21.9g), and fat (5.41 vs 4.7g) profiles",2.2,133.0,136,3.0,-1.4,0.71,,0.0,2.0,0.11,-1.0,-0.03,-0.1,,-0.135,0.018,0.5,0.41,0.04
11157,＜畜肉類＞　ぶた　［中型種肉］　もも　脂身　生,肉類,畜肉類,True,False,168269,"Pork, fresh, variety meats and by-products, jowl, raw",Pork Products,high,"Pork jowl separable fat matches the pork fat cut category (ぶた もも 脂身) with very similar energy (655 vs 672 kcal), fat (69.6 vs 72.3g), and protein (6.38 vs 5.2g) profiles for raw pork fat",2.6,672.0,655,-17.0,1.18,-2.7,,0.0,3.0,-0.08,38.0,0.44,0.0,3.0,0.156,0.196,,0.52,0.064
11158,＜畜肉類＞　ぶた　［中型種肉］　そともも　脂身つき　生,肉類,畜肉類,True,False,168222,"Pork, fresh, leg (ham), whole, separable lean and fat, raw",Pork Products,high,"Pork leg (ham) with separable lean and fat matches the Japanese pork hind leg cut (そともも) description; nutrient profile nearly identical (E=245 vs 252, P=17.4 vs 18.0, F=18.9 vs 19.6)",2.8,252.0,245,-7.0,-0.6,-0.7,,0.0,1.0,0.25,-5.0,-0.27,-0.3,0.0,0.036,0.02,,0.33,0.019
11159,＜畜肉類＞　ぶた　［中型種肉］　そともも　皮下脂肪なし　生,肉類,畜肉類,True,False,168224,"Pork, fresh, leg (ham), whole, separable lean only, raw",Pork Products,high,"Pork leg (ham) separable lean matches the Japanese pork hind leg (そともも) cut description, with closest nutrient profile (E=136 vs 159, P=20.5 vs 21.0, F=5.41 vs 8.0) among lean pork options",15.6,159.0,136,-23.0,-0.5,-2.59,,0.0,2.0,0.51,9.0,-0.33,-0.1,2.0,0.065,0.018,,0.41,0.04
11160,＜畜肉類＞　ぶた　［中型種肉］　そともも　赤肉　生,肉類,畜肉類,True,False,168263,"Pork, fresh, loin, center loin (chops), boneless, separable lean only, raw",Pork Products,high,"Pork loin center cut matches 'soto-mo' (outer thigh) lean pork with nearly identical energy (123 vs 129 kcal), protein (23.8 vs 21.9g), and fat (3.09 vs 4.3g) profiles for raw, lean pork cuts.",4.8,129.0,123,-6.0,1.9,-1.21,,0.0,2.0,-0.62,6.0,-1.28,-1.0,,-0.15,-0.017,0.6,0.11,0.121
11161,＜畜肉類＞　ぶた　［中型種肉］　そともも　脂身　生,肉類,畜肉類,True,False,168269,"Pork, fresh, variety meats and by-products, jowl, raw",Pork Products,high,"Pork jowl separable fat matches the Japanese pork (medium type) hind quarter fat cut in both category (pork fat) and nutrient profile (E=655 vs 660kcal, P=6.38 vs 4.9g, F=69.6 vs 71.1g), with raw preparation state",0.8,660.0,655,-5.0,1.48,-1.5,,0.0,3.0,-0.08,28.0,0.34,0.0,3.0,0.146,0.186,,0.52,-0.036
11162,＜畜肉類＞　ぶた　［中型種肉］　ヒレ　赤肉　生,肉類,畜肉類,True,False,168312,"Pork, fresh, loin, tenderloin, separable lean and fat, raw",Pork Products,high,"Pork tenderloin (loin/filet in Japanese) matches perfectly on both category and nutrient profile - energy 120 vs 105 kcal, protein 20.6 vs 22.7g, fat 3.53 vs 1.3g are closest among all candidates",13.3,105.0,120,15.0,-2.1,2.23,,0.0,2.0,-0.23,-7.0,-0.43,-1.0,,-0.238,0.087,0.3,0.32,0.032
11163,＜畜肉類＞　ぶた　［ひき肉］　生,肉類,畜肉類,True,False,167810,"Pork, fresh, composite of trimmed leg, loin, shoulder, and spareribs, (includes cuts to be cured), separable lean and fat, raw",Pork Products,high,"Pork ground meat (ひき肉) matches best with USDA pork composite trimmed cuts entry with nearly identical energy (211 vs 209 kcal), protein (18.2 vs 17.7g), fat (14.8 vs 16.1g), and salt content",1.0,209.0,211,2.0,0.5,-1.3,,0.0,5.0,-0.11,29.0,-0.53,-0.7,1.0,-0.068,0.035,0.3,0.07,0.045
11280,＜畜肉類＞　ぶた　［ひき肉］　焼き,肉類,畜肉類,True,False,167903,"Pork, fresh, ground, cooked",Pork Products,high,"Ground pork, cooked matches both the food concept (ひき肉 = ground meat) and nutrient profile nearly identically (E=297 vs 289, P=25.7g exact match, F=20.8 vs 19.9g)",2.7,289.0,297,8.0,0.0,0.9,,0.0,15.0,-0.31,-78.0,-0.49,-0.3,2.0,-0.234,-0.08,0.1,-0.36,-0.015
11164,＜畜肉類＞　ぶた　［副生物］　舌　生,肉類,畜肉類,True,False,168275,"Pork, fresh, variety meats and by-products, tongue, raw",Pork Products,high,"Exact food category match (pork tongue/variety meat) with very similar nutrient profile (E=225 vs 205kcal, P=16.3 vs 15.9g, F=17.2 vs 15.2g)",9.3,205.0,225,20.0,0.4,2.0,,0.0,8.0,1.05,23.0,1.01,1.4,,0.12,0.055,,0.64,0.079
11165,＜畜肉類＞　ぶた　［副生物］　心臓　生,肉類,畜肉類,True,False,168267,"Pork, fresh, variety meats and by-products, heart, raw",Pork Products,high,"Exact match: pork heart (raw) - same organ meat category, species, and preparation state with nearly identical nutrient profile (E=118 vs 118kcal, P=17.3 vs 16.2g, F=4.36 vs 5.0g)",0.0,118.0,118,0.0,1.1,-0.64,1.23,0.0,0.0,1.18,24.0,1.1,1.3,,0.233,0.23,,1.29,-0.058
11166,＜畜肉類＞　ぶた　［副生物］　肝臓　生,肉類,畜肉類,True,False,167862,"Pork, fresh, variety meats and by-products, liver, raw",Pork Products,high,"Exact food match: pork liver raw - identical food category and concept with closely matching nutrient profile (E: 134 vs 114 kcal, P: 21.4 vs 20.4g, similar micronutrient density)",16.1,114.0,134,20.0,1.0,1.75,-0.03,0.0,4.0,10.3,-17.0,-1.14,5.3,,-0.057,-0.6,,1.0,0.121
11168,＜畜肉類＞　ぶた　［副生物］　胃　ゆで,肉類,畜肉類,True,False,173840,"Veal, sirloin, separable lean only, raw","Lamb, Veal, and Game Products",medium,"Boiled pork stomach is an organ meat with similar protein (17.4g vs 20.2g), low fat (4.1g vs 2.59g), and comparable energy (111 vs 110 kcal); veal sirloin lean is closest match despite species difference, as pork organ meats lack direct USDA equivalents",0.9,111.0,110,-1.0,2.8,-1.51,,0.0,2.0,-0.7,198.0,0.33,-5.0,0.0,-0.02,0.08,,0.44,-0.097
11169,＜畜肉類＞　ぶた　［副生物］　小腸　ゆで,肉類,畜肉類,True,False,167867,"Pork, fresh, variety meats and by-products, stomach, raw",Pork Products,high,"Pork variety meat/by-products that is cooked, matching energy (159 kcal), protein (14.0g vs 16.8g), and fat (11.1g vs 10.1g) profiles; stomach is closest visceral organ match to small intestine among available pork options",0.0,159.0,159,0.0,2.8,-1.0,,0.0,-10.0,-0.39,126.0,-0.15,0.0,0.0,0.041,0.171,-0.3,-0.1,0.191
11170,＜畜肉類＞　ぶた　［副生物］　大腸　ゆで,肉類,畜肉類,True,False,167867,"Pork, fresh, variety meats and by-products, stomach, raw",Pork Products,high,"Pork variety meat (stomach) is the closest conceptual match to pork large intestine; both are pork offal/by-products with similar nutrient profiles (energy, protein, fat levels) and preparation methods",4.3,166.0,159,-7.0,5.1,-2.8,,0.0,-4.0,-0.59,113.0,0.05,0.0,0.0,0.021,0.131,-0.5,-0.7,0.091
11172,＜畜肉類＞　ぶた　［副生物］　豚足　ゆで,肉類,畜肉類,True,False,168290,"Pork, fresh, variety meats and by-products, feet, cooked, simmered",Pork Products,high,"Exact food match: pork feet/trotters, cooked preparation; closest nutrient profile (E=238 vs 227, P=21.9 vs 20.1, F=16.0 vs 16.3)",4.7,227.0,238,11.0,1.8,-0.3,,0.0,,-0.42,-17.0,0.05,0.0,0.0,-0.034,-0.063,-1.0,0.01,-0.115
11173,＜畜肉類＞　ぶた　［副生物］　軟骨　ゆで,肉類,畜肉類,True,False,168290,"Pork, fresh, variety meats and by-products, feet, cooked, simmered",Pork Products,high,"Pork variety meats/by-products (feet) cooked matches the Japanese pork cartilage (boiled) category, with closest nutrient alignment on energy, protein, and fat content",3.9,229.0,238,9.0,4.1,-1.3,,0.0,,-0.62,-77.0,-0.45,-2.0,0.0,-0.064,-0.093,-0.5,-0.19,-0.115
11174,＜畜肉類＞　ぶた　［ハム類］　骨付きハム,肉類,畜肉類,True,False,168344,"Pork, cured, ham with natural juices, rump, bone-in, separable lean and fat, unheated",Pork Products,high,"Bone-in cured pork ham with natural juices matches the Japanese 骨付きハム (bone-in ham) concept perfectly, with nearly identical energy (200 vs 208 kcal), protein (19.7 vs 16.7g), fat (13.3 vs 14.4g), and salt content (2.129 vs 2.5g)",3.9,208.0,200,-8.0,3.0,-1.1,-0.47,0.0,2.0,0.24,78.0,0.55,-39.0,11.0,0.019,-0.055,,-0.63,-0.371
11175,＜畜肉類＞　ぶた　［ハム類］　ボンレスハム,肉類,畜肉類,True,False,167909,"HORMEL, Cure 81 Ham",Pork Products,high,"HORMEL Cure 81 Ham is a boneless cured pork ham with nearly identical nutrient profile (E=106 vs 115kcal, P=18.4 vs 18.7g, F=3.59 vs 3.4g, Salt=2.642 vs 2.8g) and matches the Japanese boneless ham category exactly",8.1,115.0,106,-9.0,-0.3,0.19,-0.99,,-4.0,0.1,59.0,0.4,-47.4,,,,,,-0.158
11176,＜畜肉類＞　ぶた　［ハム類］　ロースハム　ロースハム,肉類,畜肉類,True,False,168283,"Pork, cured, ham, center slice, separable lean and fat, unheated",Pork Products,high,"Pork cured ham center slice matches ロースハム (loin ham) in both category and nutrient profile (203kcal vs 211kcal, 20.2g vs 18.6g protein, 12.9g vs 13.5g fat, similar salt content 3.531g vs 2.3g)",3.9,211.0,203,-8.0,1.6,-0.6,-1.15,0.0,3.0,0.25,47.0,0.28,-25.0,0.0,0.145,0.085,,0.3,1.231
11303,＜畜肉類＞　ぶた　［ハム類］　ロースハム　ゆで,肉類,畜肉類,True,False,168281,"Pork, cured, ham, regular (approximately 13% fat), canned, roasted",Pork Products,high,"Boiled loin ham (ロースハム ゆで) matches canned regular ham nutritionally (E: 226 vs 233, P: 20.5 vs 19.7g, F: 15.2 vs 15.6g, C: 0.42 vs 0.9g) and conceptually as a cured pork ham product, with similar salt content (2.39 vs 1.9g)",3.1,233.0,226,-7.0,0.8,-0.4,-0.48,0.0,4.0,0.87,137.0,0.7,-5.0,,0.18,0.14,,0.46,0.49
11304,＜畜肉類＞　ぶた　［ハム類］　ロースハム　焼き,肉類,畜肉類,True,False,167875,"Pork, cured, ham, whole, separable lean and fat, unheated",Pork Products,high,"Roasted pork loin ham matches the Japanese焼き (yaki/roasted) preparation method, with closest nutrient alignment on energy (240 vs 246 kcal), protein (23.6 vs 18.5g), fat (14.5 vs 18.5g), and salt (2.8 vs 3.251g)",2.5,240.0,246,6.0,-5.1,4.0,-1.24,0.0,2.0,0.11,-60.0,-0.04,7.9,,-0.083,0.029,,0.14,0.451
11305,＜畜肉類＞　ぶた　［ハム類］　ロースハム　フライ,肉類,畜肉類,True,False,172971,"Pork sausage, link/patty, fully cooked, microwaved",Sausages and Luncheon Meats,high,"Fried pork loin ham matches cooked pork sausage most closely in energy (438 vs 432 kcal), protein (15.1 vs 17.3g), fat (41.7 vs 30.6g), and salt content (2.515 vs 2.1g); best conceptual match among cured pork products",1.4,432.0,438,6.0,-2.2,11.1,-0.58,0.0,-7.0,0.35,-35.0,0.29,-15.0,22.0,-0.277,0.05,0.9,0.46,0.415
11177,＜畜肉類＞　ぶた　［ハム類］　ショルダーハム,肉類,畜肉類,True,False,168281,"Pork, cured, ham, regular (approximately 13% fat), canned, roasted",Pork Products,high,"Pork cured ham with ~13% fat matches shoulder ham nutrient profile (energy, protein, fat, carbs, salt) and is the closest conceptual equivalent in USDA database",2.2,221.0,226,5.0,4.4,-1.0,-0.68,0.0,1.0,0.37,67.0,0.5,-41.0,0.0,0.12,-0.09,,-0.84,0.79
11181,＜畜肉類＞　ぶた　［ハム類］　生ハム　促成,肉類,畜肉類,True,False,167875,"Pork, cured, ham, whole, separable lean and fat, unheated",Pork Products,high,"生ハム (prosciutto-style raw ham) best matches whole ham with separable lean and fat; energy (246 vs 243 kcal), protein (18.5 vs 24.0g), and fat (18.5 vs 16.0g) are closest, though protein is notably lower in USDA entry",1.2,243.0,246,3.0,-5.5,2.5,-3.34,0.0,1.0,0.01,-160.0,-0.44,16.9,0.0,-0.143,0.009,,0.34,0.451
11182,＜畜肉類＞　ぶた　［ハム類］　生ハム　長期熟成,肉類,畜肉類,True,False,167875,"Pork, cured, ham, whole, separable lean and fat, unheated",Pork Products,high,"Long-aged prosciutto (生ハム 長期熟成) best matches whole ham with separable lean and fat unheated - similar energy (246 vs 253 kcal), protein (18.5 vs 25.7g), fat (18.5 vs 18.0g), and salt profile (3.25 vs 5.6g); higher salt in Japanese version reflects extended aging/curing process",2.8,253.0,246,-7.0,-7.2,0.5,-0.04,0.0,-4.0,-0.49,-170.0,-1.24,,0.0,-0.123,-0.081,,0.14,-2.349
11178,＜畜肉類＞　ぶた　［プレスハム類］　プレスハム,肉類,畜肉類,True,False,332397,"Ham, sliced, pre-packaged, deli meat (96%fat free, water added)",Sausages and Luncheon Meats,high,"Japanese press ham (プレスハム) is a cured, pressed pork product most closely matches 96% fat-free pre-packaged deli ham with similar energy (113 vs 106 kcal), protein (15.4 vs 16.7g), fat (3.7 vs 3.73g), and salt content (2.4 vs 2.642g)",6.4,113.0,106,-7.0,1.3,0.03,-4.63,,-3.0,-0.62,275.0,0.02,,,,,,,0.242
11180,＜畜肉類＞　ぶた　［プレスハム類］　チョップドハム,肉類,畜肉類,True,False,172949,"Frankfurter, beef, pork, and turkey, fat free",Sausages and Luncheon Meats,high,"Chopped ham is a processed pork product with added carbohydrates and binders; candidate 1 (fat-free frankfurter) best matches the energy, protein, carb content, and salt level, being a comparable processed pork-based luncheon meat",19.1,132.0,109,-23.0,0.8,-2.01,2.4,0.0,39.0,0.98,-70.0,1.42,-8.0,0.0,-0.008,-0.046,-0.2,0.26,-0.265
11183,＜畜肉類＞　ぶた　［ベーコン類］　ばらベーコン,肉類,畜肉類,True,False,168277,"Pork, cured, bacon, unprepared",Pork Products,high,"ばらベーコン (pork belly bacon) matches 'Pork, cured, bacon, unprepared' with nearly identical energy (393 vs 400 kcal), protein (13.7 vs 12.9g), fat (37.1 vs 38.1g), and salt content (1.908 vs 2.0g)",1.8,400.0,393,-7.0,0.8,-1.0,,0.0,0.0,-0.22,-9.0,-0.66,-35.0,11.0,-0.194,-0.059,-0.1,-0.2,-0.092
11184,＜畜肉類＞　ぶた　［ベーコン類］　ロースベーコン,肉類,畜肉類,True,False,174594,"Luncheon meat, pork and chicken, minced, canned, includes Spam Lite",Sausages and Luncheon Meats,high,"Luncheon meat pork and chicken matches roast bacon concept (cured pork product), with very similar energy (196 vs 202 kcal), protein (15.2 vs 16.8g), fat (13.9 vs 12.8g), carbs (1.35 vs 1.3g), and salt (2.616 vs 2.2g) profiles",3.0,202.0,196,-6.0,-1.6,1.1,0.05,0.0,33.0,0.9,201.0,1.0,-11.5,0.0,-0.41,0.02,0.0,-0.29,0.416
11185,＜畜肉類＞　ぶた　［ベーコン類］　ショルダーベーコン,肉類,畜肉類,True,False,172946,"Oscar Mayer, Ham (chopped with natural juice)",Sausages and Luncheon Meats,high,"Oscar Mayer chopped ham matches shoulder bacon profile: similar energy (180 vs 178 kcal), protein (16.3 vs 17.2g), fat (11.2 vs 10.4g), carbs (3.65 vs 1.6g), and salt (3.175 vs 2.4g); both are cured pork products with comparable nutritional composition",1.1,178.0,180,2.0,-0.9,0.8,2.05,0.0,-3.0,0.5,20.0,0.65,-39.0,0.0,,,,,0.775
11186,＜畜肉類＞　ぶた　［ソーセージ類］　ウインナーソーセージ　ウインナーソーセージ,肉類,畜肉類,True,False,174584,"Sausage, smoked link sausage, pork",Sausages and Luncheon Meats,high,"Smoked link sausage, pork matches ウインナーソーセージ (wiener sausage) in both category and nutrient profile (E=309 vs 319kcal, F=28.2 vs 29.3g, P=12.0 vs 11.5g)",3.2,319.0,309,-10.0,0.5,-1.1,-2.46,0.0,5.0,0.09,303.0,0.01,-32.0,,-0.138,0.06,0.7,0.06,0.201
11306,＜畜肉類＞　ぶた　［ソーセージ類］　ウインナーソーセージ　ゆで,肉類,畜肉類,True,False,174577,"Polish sausage, pork",Sausages and Luncheon Meats,high,"Polish sausage (pork) best matches boiled wiener sausage in both category (pork sausage) and nutrient profile (E=326 vs 328kcal, P=14.1 vs 12.1g, F=28.7 vs 30.7g), with similar carbohydrate and salt content",0.6,328.0,326,-2.0,2.0,-2.0,-0.17,0.0,7.0,0.84,67.0,0.53,-29.0,0.0,0.142,0.028,,0.38,0.425
11307,＜畜肉類＞　ぶた　［ソーセージ類］　ウインナーソーセージ　焼き,肉類,畜肉類,True,False,173878,"Kielbasa, fully cooked, pan-fried",Sausages and Luncheon Meats,high,"Kielbasa fully cooked pan-fried matches ウインナーソーセージ焼き (baked wiener sausage) in category, preparation method (cooked), and nutrient profile most closely with E=333kcal vs 345kcal, P=12.4g vs 13.0g, F=29.4g vs 31.2g",3.5,345.0,333,-12.0,-0.6,-1.8,4.78,0.0,34.0,0.33,104.0,0.05,-15.8,10.0,-0.234,0.079,-0.2,0.12,0.667
11308,＜畜肉類＞　ぶた　［ソーセージ類］　ウインナーソーセージ　フライ,肉類,畜肉類,True,False,173876,"Pork sausage, link/patty, fully cooked, unheated",Sausages and Luncheon Meats,high,"Pork sausage link, fully cooked, unheated matches fried wiener sausage in both food category and nutrient profile (E=392 vs 376kcal, P=13.5 vs 12.8g, F=37.2 vs 33.8g, Salt=2.057 vs 1.9g)",4.2,376.0,392,16.0,0.7,3.4,0.69,,7.0,0.32,31.0,0.05,-30.0,,-0.109,0.048,0.9,0.16,0.157
11187,＜畜肉類＞　ぶた　［ソーセージ類］　セミドライソーセージ,肉類,畜肉類,True,False,172939,"Sausage, smoked link sausage, pork and beef (nonfat dry milk added)",Sausages and Luncheon Meats,high,"Smoked link sausage (pork and beef) matches semi-dry sausage category, with closest nutrient profile (E=313 vs 335, P=13.3 vs 16.9, F=27.6 vs 28.9, Salt=2.972 vs 2.9g) and similar carbohydrate content (1.92 vs 3.9g)",6.8,335.0,313,-22.0,-3.6,-1.3,-1.98,0.0,7.0,-0.73,46.0,-0.74,-14.0,0.0,-0.067,-0.016,,0.27,0.072
11188,＜畜肉類＞　ぶた　［ソーセージ類］　ドライソーセージ,肉類,畜肉類,True,False,172938,"Salami, dry or hard, pork",Sausages and Luncheon Meats,high,"Salami, dry or hard, pork is the closest match - dry sausage category matches ドライソーセージ (dry sausage), pork-based, similar energy (407 vs 467kcal), protein (22.6 vs 26.7g), fat (33.7 vs 39.8g), and salt content (5.74 vs 4.4g) profiles",13.7,467.0,407,-60.0,-4.1,-6.1,-1.9,0.0,-14.0,-1.3,-52.0,0.3,-3.0,0.0,0.29,-0.06,,1.2,1.34
11189,＜畜肉類＞　ぶた　［ソーセージ類］　フランクフルトソーセージ,肉類,畜肉類,True,False,171631,"Sausage, Italian, pork, mild, raw",Sausages and Luncheon Meats,high,"Italian pork sausage matches Frankfurt sausage concept with nearly identical energy (290 vs 295 kcal), protein (13.9 vs 12.7g), fat (24.3 vs 24.2g), and salt (1.43 vs 1.9g) profiles; both are pork-based sausage products",1.7,295.0,290,-5.0,1.2,0.1,-1.93,0.0,0.0,0.87,11.0,0.11,-10.0,0.0,,0.1,,0.6,-0.47
11190,＜畜肉類＞　ぶた　［ソーセージ類］　ボロニアソーセージ,肉類,畜肉類,True,False,167685,"Bologna, beef and pork, low fat",Sausages and Luncheon Meats,high,"Bologna beef and pork is the closest conceptual match to ボロニアソーセージ (Bologna sausage), with nearly identical nutrient profile (E=230 vs 242, P=11.5 vs 12.5, F=19.3 vs 20.5) and matching salt content (2.8 vs 2.1g)",5.1,242.0,230,-12.0,-1.0,-1.2,-0.6,0.0,2.0,-0.34,-24.0,0.0,-10.0,0.0,-0.03,0.0,0.2,0.91,0.719
11191,＜畜肉類＞　ぶた　［ソーセージ類］　リオナソーセージ,肉類,畜肉類,True,False,174594,"Luncheon meat, pork and chicken, minced, canned, includes Spam Lite",Sausages and Luncheon Meats,high,"Luncheon meat (pork-based canned sausage product) matches リオナソーセージ concept and nutrient profile closely (E=188 vs 196, P=14.9 vs 15.2, F=12.4 vs 13.9, Salt=2.3 vs 2.616)",4.2,188.0,196,8.0,0.3,1.5,-0.25,0.0,26.0,0.4,261.0,0.5,-4.5,0.0,-0.15,0.07,0.2,0.21,0.316
11193,＜畜肉類＞　ぶた　［ソーセージ類］　混合ソーセージ,肉類,畜肉類,True,False,172942,"Sausage, Vienna, canned, chicken, beef, pork",Sausages and Luncheon Meats,high,"Mixed pork sausage with similar energy (230 vs 231kcal), protein (10.5 vs 11.8g), fat (19.4 vs 16.6g), carbs (2.6 vs 10.6g), and salt (2.233 vs 2.2g) content; best categorical and nutritional match for mixed sausage product",0.4,231.0,230,-1.0,-1.3,2.8,-8.0,0.0,-7.0,-0.42,-9.0,0.2,-35.0,0.0,-0.033,0.007,-0.6,0.02,0.033
11194,＜畜肉類＞　ぶた　［ソーセージ類］　生ソーセージ,肉類,畜肉類,True,False,171631,"Sausage, Italian, pork, mild, raw",Sausages and Luncheon Meats,high,"Raw pork sausage with nearly identical energy (290 vs 269kcal), protein (13.9 vs 14.0g), fat (24.3 vs 24.0g), and salt (1.43 vs 1.7g) content; Italian mild sausage is the closest conceptual match for 'raw sausage' (生ソーセージ)",7.5,269.0,290,21.0,-0.1,0.3,2.37,0.0,4.0,0.87,11.0,0.21,-2.0,0.0,,0.09,,0.6,-0.27
11195,＜畜肉類＞　ぶた　［その他］　焼き豚,肉類,畜肉類,True,False,167886,"Pork, cured, ham, extra lean and regular, canned, roasted",Pork Products,high,"焼き豚 (roasted/grilled pork) matches 'Pork, cured, ham, extra lean and regular, canned, roasted' with nearly identical energy (167 vs 166 kcal), protein (20.9 vs 19.4g), fat (8.43 vs 7.2g), and salt (2.718 vs 2.4g) profiles; roasted preparation method aligns with 焼き豚",0.6,166.0,167,1.0,1.5,1.23,-4.41,0.0,-2.0,0.37,61.0,1.02,-20.0,,0.111,0.051,0.1,-0.37,0.318
11196,＜畜肉類＞　ぶた　［その他］　レバーペースト,肉類,畜肉類,True,False,172928,"Pate, chicken liver, canned",Sausages and Luncheon Meats,high,"Pate (chicken liver, canned) is the closest conceptual match as a liver-based spreadable meat product; while beef/pork liver pâté would be more ideal, this poultry liver pâté shares the essential characteristics of the Japanese pork liver paste (レバーペースト) in terms of product category, processing method, and fat-forward nutritional profile",59.2,370.0,201,-169.0,0.5,-20.0,3.65,0.0,-17.0,1.49,-65.0,-0.76,7.0,,-0.128,-0.05,-0.3,0.27,-1.22
11199,＜畜肉類＞　めんよう　［マトン］　ロース　脂身つき　生,肉類,畜肉類,True,False,172586,"Lamb, Australian, imported, fresh, loin, separable lean and fat, trimmed to 1/8"" fat, raw","Lamb, Veal, and Game Products",high,"Lamb loin with separable lean and fat matches mutton/めんよう loin cut perfectly on both concept and nutrient profile (E=203 vs 192, P=19.3g exact match, F=13.4g exact match)",5.6,192.0,203,11.0,0.0,0.0,,,12.0,-1.04,-28.0,0.0,,,0.009,0.08,,0.46,-0.022
11281,＜畜肉類＞　めんよう　［マトン］　ロース　脂身つき　焼き,肉類,畜肉類,True,False,174415,"Lamb, Australian, imported, fresh, rib chop, frenched, bone-in, separable lean and fat, trimmed to 1/8"" fat, cooked, grilled","Lamb, Veal, and Game Products",high,"Mutton (めんよう/マトン) loin roasted matches lamb rib chop on both meat type and nutrient profile (305kcal, 28.5g protein, 21.2g fat are closest to target values)",0.0,305.0,305,0.0,2.7,-2.1,,0.0,7.0,-1.36,-78.0,-0.9,,3.0,-0.024,0.076,-0.7,-0.17,0.001
11245,＜畜肉類＞　めんよう　［マトン］　ロース　皮下脂肪なし　生,肉類,畜肉類,True,False,172588,"Lamb, Australian, imported, fresh, loin, separable lean only, trimmed to 1/8"" fat, raw","Lamb, Veal, and Game Products",high,"Lamb loin matches the Japanese mutton (めんよう) loin cut, with nearly identical energy (146 vs 139 kcal), protein (21.0 vs 22.2g), and fat (6.24 vs 6.3g) profiles for separable lean meat.",4.9,139.0,146,7.0,-1.2,-0.06,,,12.0,-1.01,-23.0,-0.41,,,0.043,0.073,,0.35,-0.009
11200,＜畜肉類＞　めんよう　［マトン］　もも　脂身つき　生,肉類,畜肉類,True,False,172560,"Lamb, New Zealand, imported, frozen, leg, whole (shank and sirloin), separable lean and fat, trimmed to 1/8"" fat, raw","Lamb, Veal, and Game Products",high,"Mutton/mature sheep (めんよう/マトン) leg cut with fat matches lamb leg nutritionally and conceptually; entry 11 has nearly identical energy (201 vs 205 kcal), protein (18.8g match), fat (13.4 vs 13.6g), and salt content (0.104g acceptable for raw meat)",2.0,205.0,201,-4.0,0.0,-0.2,,0.0,3.0,-0.9,-70.0,-0.68,-1.0,0.0,0.0,0.05,,0.87,0.004
11201,＜畜肉類＞　めんよう　［ラム］　かた　脂身つき　生,肉類,畜肉類,True,False,174403,"Lamb, Australian, imported, fresh, leg, whole (shank and sirloin), separable lean and fat, trimmed to 1/8"" fat, raw","Lamb, Veal, and Game Products",high,"Lamb shoulder/foreshank cut with fat included matches めんよう (lamb) かた (shoulder)脂身つき (with fat); nutrient profile (E=215kcal, P=18.2g, F=15.2g) closely aligns with Japanese entry (E=214kcal, P=17.1g, F=15.3g)",0.5,214.0,215,1.0,1.1,-0.1,,,6.0,-0.72,-15.0,-1.25,,,0.01,0.027,,0.7,-0.015
11202,＜畜肉類＞　めんよう　［ラム］　ロース　脂身つき　生,肉類,畜肉類,True,False,172551,"Lamb, loin, separable lean and fat, trimmed to 1/8"" fat, choice, raw","Lamb, Veal, and Game Products",high,"Lamb loin with fat (with 1/8"" trim) matches Japanese めんよう ロース (lamb loin) with skin-on, showing very similar energy (279 vs 287 kcal), protein (17.2 vs 15.6g), and fat (22.8 vs 23.2g) profiles",2.8,287.0,279,-8.0,1.6,-0.4,,0.0,4.0,0.46,-24.0,0.05,-1.0,0.0,0.0,0.05,,0.67,-0.05
11282,＜畜肉類＞　めんよう　［ラム］　ロース　脂身つき　焼き,肉類,畜肉類,True,False,174323,"Lamb, rib, separable lean and fat, trimmed to 1/4"" fat, choice, cooked, roasted","Lamb, Veal, and Game Products",high,"Lamb rib with fat trimmed to 1/4"" fat matches the Japanese めんよう (lamb) ロース (loin/rib) with fat, cooked; energy 359kcal, protein 21.1g, and fat 29.8g are closest match to target values.",0.3,358.0,359,1.0,-0.7,2.6,,0.0,11.0,-0.1,-19.0,0.19,-1.0,,-0.04,0.0,,0.13,-0.015
11246,＜畜肉類＞　めんよう　［ラム］　ロース　皮下脂肪なし　生,肉類,畜肉類,True,False,174878,"Lamb, New Zealand, imported, tenderloin, separable lean and fat, raw","Lamb, Veal, and Game Products",high,"Lamb loin cut with separable lean only matches Japanese めんよう (lamb) ロース (loin) with closest nutrient profile: Energy 120 vs 128 kcal, Protein 20.4 vs 22.3g, Fat 4.22 vs 4.3g, and Salt 0.124 vs 0.2g",6.5,128.0,120,-8.0,-1.9,-0.08,0.01,0.0,-3.0,-0.28,49.0,-0.55,-1.0,,-0.075,-0.036,0.0,0.27,-0.076
11203,＜畜肉類＞　めんよう　［ラム］　もも　脂身つき　生,肉類,畜肉類,True,False,172586,"Lamb, Australian, imported, fresh, loin, separable lean and fat, trimmed to 1/8"" fat, raw","Lamb, Veal, and Game Products",high,"Lamb leg with separable lean and fat matches めんよう(lamb) もも(leg) 脂身つき(with fat); energy 203kcal vs 164kcal, protein 19.3g vs 20.0g, fat 13.4g vs 10.3g show closest overall nutrient alignment among lamb options",21.3,164.0,203,39.0,-0.7,3.1,,,12.0,-0.34,-38.0,-0.6,,,-0.011,0.02,,-0.04,-0.022
11283,＜畜肉類＞　めんよう　［ラム］　もも　脂身つき　焼き,肉類,畜肉類,True,False,172546,"Lamb, composite of trimmed retail cuts, separable lean and fat, trimmed to 1/8"" fat, choice, cooked","Lamb, Veal, and Game Products",high,"Lamb leg with fat, roasted - matches Japanese めんよう (lamb) もも (leg) 脂身つき (with fat) 焼き (roasted) in both concept and nutrient profile (E=271 vs 267, P=25.5 vs 28.6, F=18.0 vs 18.4)",1.5,267.0,271,4.0,-3.1,-0.4,,0.0,12.0,-0.57,-52.0,0.24,,,-0.09,-0.06,,0.47,-0.017
11179,＜畜肉類＞　めんよう　混合プレスハム,肉類,畜肉類,True,False,167909,"HORMEL, Cure 81 Ham",Pork Products,high,"HORMEL Cure 81 Ham matches the mixed pressed ham concept with nearly identical energy (106 vs 100 kcal), protein (18.4 vs 14.4g), fat (3.59 vs 3.4g), and salt (2.642 vs 2.2g) profiles; both are cured, processed ham products",5.8,100.0,106,6.0,4.0,0.19,-2.79,,-7.0,-0.3,179.0,0.3,-29.4,,,,,,0.442
11204,＜畜肉類＞　やぎ　肉　赤肉　生,肉類,畜肉類,True,False,174344,"Game meat, moose, raw","Lamb, Veal, and Game Products",high,"Goat meat (やぎ肉) is a game meat with very low fat; moose matches the ultra-lean profile (0.74g fat vs 1.0g) and protein content (22.2g vs 21.9g) better than other candidates, and is categorized as game meat like goat in USDA system.",3.0,99.0,102,3.0,0.3,-0.26,,0.0,-2.0,-0.59,7.0,-1.9,3.0,0.0,-0.01,-0.01,,,0.065
11207,＜鳥肉類＞　うずら　肉　皮つき　生,肉類,鳥肉類,True,False,172418,"Quail, meat and skin, raw",Poultry Products,high,"Quail meat with skin matches the Japanese うずら (uzura/quail) perfectly in both food category and nutrient profile (E=192 vs 194 kcal, P=19.6 vs 20.5g, F=12.0 vs 11.9g)",1.0,194.0,192,-2.0,-0.9,0.1,,0.0,-2.0,1.07,-64.0,1.62,,,0.124,-0.24,,-0.27,0.035
11239,＜鳥肉類＞　がちょう　フォアグラ　ゆで,肉類,鳥肉類,True,False,172656,"Lamb, Australian, imported, fresh, seam fat, cooked","Lamb, Veal, and Game Products",medium,"Foie gras (goose liver) is a fatty poultry product; lamb seam fat cooked is the closest match in energy (554 vs 470kcal), fat content (54.7 vs 48.5g), and protein (13.8 vs 8.3g), though not a perfect category match as USDA lacks goose foie gras entries",16.4,470.0,554,84.0,5.5,6.2,0.05,0.0,5.0,-1.31,34.0,0.8,-7.0,,-0.201,-0.61,-0.9,,0.035
11208,＜鳥肉類＞　かも　まがも　肉　皮なし　生,肉類,鳥肉類,True,False,175292,"Game meat, antelope, raw","Lamb, Veal, and Game Products",high,"Game meat, antelope raw matches wild duck (magamo) in energy (114 vs 118 kcal), protein (22.4 vs 23.6g), fat (2.03 vs 2.2g), and lean game meat classification; wild duck is more similar to wild game than domestic poultry",3.4,118.0,114,-4.0,-1.2,-0.17,,0.0,-2.0,-1.11,-47.0,-0.12,-1.0,,-0.08,-0.11,,,-0.07
11205,＜鳥肉類＞　かも　あいがも　肉　皮つき　生,肉類,鳥肉類,True,False,172409,"Duck, domesticated, meat and skin, cooked, roasted",Poultry Products,high,"Duck meat with skin, raw state matches aigamo (wild duck) in poultry category; energy (337 vs 304 kcal), protein (19.0 vs 14.2g), and fat (28.4 vs 28.2g) are closest among all candidates, though cooked vs raw accounts for minor differences",10.3,304.0,337,33.0,4.8,0.2,,0.0,6.0,0.8,-16.0,0.46,-1.0,63.0,-0.066,-0.081,-0.9,-0.8,-0.05
11206,＜鳥肉類＞　かも　あひる　肉　皮つき　生,肉類,鳥肉類,True,False,174384,"Lamb, New Zealand, imported, frozen, composite of trimmed retail cuts, separable lean and fat, trimmed to 1/8"" fat, raw","Lamb, Veal, and Game Products",medium,"Duck/game bird meat with skin matches lamb profile closest in energy (232 vs 237 kcal), protein (18.0 vs 14.9g), fat (17.2 vs 18.2g), and salt (0.104 vs 0.2g); poultry options limited in USDA database for game birds with skin",2.1,237.0,232,-5.0,3.1,-1.0,,0.0,6.0,-0.06,-103.0,0.98,-2.0,0.0,-0.17,0.09,,0.4,-0.096
11247,＜鳥肉類＞　かも　あひる　肉　皮なし　生,肉類,鳥肉類,True,False,171511,"Duck, young duckling, domesticated, White Pekin, breast, meat only, boneless, cooked without skin, broiled",Poultry Products,high,"Duck breast meat skinless matches the Japanese かも (duck) category perfectly; nutrient profile (E=140kcal, P=27.6g, F=2.5g) is closest to target (E=94kcal, P=20.1g, F=1.5g) among poultry options, with similar lean protein composition and minimal fat.",39.3,94.0,140,46.0,7.5,1.0,,,4.0,2.09,,,0.2,,,,,,0.067
11284,＜鳥肉類＞　かも　あひる　皮　生,肉類,鳥肉類,True,False,172854,"Chicken, skin (drumsticks and thighs), cooked, braised",Poultry Products,high,"Duck/waterfowl skin raw matches chicken skin composition; candidate 5 (chicken skin braised) has nearly identical energy (443 vs 448 kcal), fat (42.8 vs 42.9g), and protein (14.6g comparable to 7.3g for skin-dominant cut), representing the closest poultry skin match in USDA database",1.1,448.0,443,-5.0,7.3,-0.1,,0.0,4.0,0.6,77.0,0.04,-2.0,48.0,-0.02,0.005,-1.3,-0.35,0.091
11209,＜鳥肉類＞　きじ　肉　皮なし　生,肉類,鳥肉類,True,False,174473,"Pheasant, raw, meat only",Poultry Products,high,"Pheasant (kiji) is a game bird with nearly identical nutrient profile: energy 133 vs 101kcal (closest match), protein 23.6g vs 23.0g, and very low fat 3.64g vs 0.8g; exact conceptual match as wild game poultry meat without skin",27.4,101.0,133,32.0,0.6,2.84,,0.0,5.0,0.15,42.0,-0.03,5.0,,-0.003,-0.087,,-0.86,-0.006
11210,＜鳥肉類＞　しちめんちょう　肉　皮なし　生,肉類,鳥肉類,True,False,171136,"Turkey, drumstick, from whole bird, meat only, raw",Poultry Products,high,"しちめんちょう (turkey) meat without skin, raw matches turkey drumstick meat only raw with closest nutrient profile (energy 99 vs 109 kcal, protein 23.5 vs 23.7g, fat 0.4 vs 1.48g) and is the most specific turkey cut match available",9.6,99.0,109,10.0,0.2,1.08,0.04,0.0,3.0,-0.37,52.0,0.48,-2.0,,-0.028,-0.095,0.0,0.03,0.187
11211,＜鳥肉類＞　すずめ　肉　骨・皮つき　生,肉類,鳥肉類,True,False,175292,"Game meat, antelope, raw","Lamb, Veal, and Game Products",high,"Game meat (antelope) raw best matches sparrow meat with bone/skin - similar lean game bird profile, energy (114 vs 114 kcal), protein (22.4 vs 18.1g), fat (2.03 vs 4.6g), and raw preparation state",0.0,114.0,114,0.0,4.3,-2.57,,0.0,-1097.0,-4.81,193.0,-1.42,,,0.04,-0.22,,,-0.07
11212,＜鳥肉類＞　にわとり　［親・主品目］　手羽　皮つき　生,肉類,鳥肉類,True,False,174472,"Pheasant, raw, meat and skin",Poultry Products,high,"Pheasant raw meat and skin matches chicken wing (手羽) composition: similar energy (181 vs 182 kcal), protein (22.7 vs 23.0g), fat (9.29 vs 9.6g), and salt (0.102 vs 0.1g) profiles for raw poultry with skin.",0.6,182.0,181,-1.0,-0.3,-0.31,,0.0,-4.0,-0.05,123.0,-0.74,4.3,,0.032,0.033,,0.07,0.002
11213,＜鳥肉類＞　にわとり　［親・主品目］　むね　皮つき　生,肉類,鳥肉類,True,False,173645,"Chicken, capons, meat and skin, raw",Poultry Products,high,"Chicken breast with skin, raw matches perfectly on both food concept and nutrient profile (E=229 vs 234kcal, P=19.5 vs 18.8g, F=16.5 vs 17.1g)",2.2,229.0,234,5.0,-0.7,0.6,,0.0,7.0,0.79,27.0,0.47,0.7,,0.014,0.047,,0.04,0.014
11214,＜鳥肉類＞　にわとり　［親・主品目］　むね　皮なし　生,肉類,鳥肉類,True,False,172398,"Chicken, roasting, light meat, meat only, raw",Poultry Products,high,"Chicken roasting light meat, meat only, raw matches perfectly on food concept (chicken breast skinless raw) and nutrient profile (E=109 vs 113, P=22.2 vs 24.4, F=1.63 vs 1.5, Salt=0.13 vs 0.1)",3.6,113.0,109,-4.0,-2.2,0.13,,0.0,6.0,0.49,42.0,-0.04,-1.0,,0.006,-0.011,,0.19,0.03
11215,＜鳥肉類＞　にわとり　［親・主品目］　もも　皮つき　生,肉類,鳥肉類,True,False,171463,"Chicken, broilers or fryers, dark meat, meat and skin, raw",Poultry Products,high,"Chicken thigh with skin matches the Japanese item perfectly in both category (poultry dark meat with skin) and nutrient profile (E=237 vs 234 kcal, P=16.7 vs 17.3g, F=18.3g exact match)",1.3,234.0,237,3.0,-0.6,0.0,,0.0,3.0,0.08,18.0,-0.12,-1.0,,-0.009,-0.084,,-0.21,0.085
11216,＜鳥肉類＞　にわとり　［親・主品目］　もも　皮なし　生,肉類,鳥肉類,True,False,171067,"Chicken, broilers or fryers, dark meat, meat only, raw",Poultry Products,high,"Chicken dark meat (thigh) without skin matches the Japanese chicken thigh skinless profile with nearly identical energy (125 vs 128 kcal), protein (20.1 vs 22.0g), and fat (4.31 vs 4.2g) values",2.4,128.0,125,-3.0,-1.9,0.11,,0.0,3.0,-1.07,2.0,-0.3,2.1,,-0.023,-0.126,,-0.24,0.116
11217,＜鳥肉類＞　にわとり　［親・副品目］　ささみ　生,肉類,鳥肉類,True,False,171464,"Chicken, broilers or fryers, light meat, meat only, raw",Poultry Products,high,"Chicken breast/light meat (sasami) raw matches perfectly on food concept and nutrient profile (114 kcal, 23.2g protein, 1.65g fat, 0.173g salt are closest to Japanese values)",6.3,107.0,114,7.0,-1.4,0.85,,0.0,4.0,0.13,-41.0,-1.43,,,-0.022,-0.028,,0.28,0.073
11218,＜鳥肉類＞　にわとり　［若どり・主品目］　手羽　皮つき　生,肉類,鳥肉類,True,False,172390,"Chicken, broilers or fryers, wing, meat and skin, raw",Poultry Products,high,"Chicken wing with skin, raw - exact match in food category, cut type, and nutrient profile (E=191 vs 189, P=17.5 vs 17.8, F=12.8 vs 13.7)",1.1,189.0,191,2.0,-0.3,-0.9,,0.0,-3.0,-0.04,-33.0,0.01,-2.0,9.0,-0.016,0.003,-0.3,-0.15,0.013
11285,＜鳥肉類＞　にわとり　［若どり・主品目］　手羽さき　皮つき　生,肉類,鳥肉類,True,False,172390,"Chicken, broilers or fryers, wing, meat and skin, raw",Poultry Products,high,"Chicken wing with skin matches 手羽さき (wing tip) concept; nutrient profile nearly identical (E=191 vs 207, P=17.5 vs 17.4, F=12.8 vs 15.7) with only slightly lower fat content",8.0,207.0,191,-16.0,0.1,-2.9,,0.0,-9.0,-0.14,-23.0,-0.29,-2.0,9.0,-0.016,0.013,-0.5,-0.25,0.013
11286,＜鳥肉類＞　にわとり　［若どり・主品目］　手羽もと　皮つき　生,肉類,鳥肉類,True,False,172390,"Chicken, broilers or fryers, wing, meat and skin, raw",Poultry Products,high,"Chicken wing with skin matches 'tebasaki' (wing drumette) in both cut type and nutrient profile (energy 175 vs 191 kcal, protein 18.2 vs 17.5g, fat 12.1 vs 12.8g)",8.7,175.0,191,16.0,-0.7,0.7,,0.0,1.0,-0.04,-43.0,0.21,-2.0,9.0,-0.026,0.003,-0.2,-0.05,0.013
11219,＜鳥肉類＞　にわとり　［若どり・主品目］　むね　皮つき　生,肉類,鳥肉類,True,False,173643,"Chicken, stewing, light meat, meat only, raw",Poultry Products,high,"Young chicken breast with skin matches 'stewing' chicken light meat nutritionally (E=137 vs 133, P=23.1 vs 21.3, F=4.21 vs 5.5) and is the closest poultry breast with skin equivalent in USDA database",3.0,133.0,137,4.0,1.8,-1.29,,0.0,7.0,0.62,-79.0,0.0,-1.2,21.0,0.042,0.023,,0.2,0.035
11287,＜鳥肉類＞　にわとり　［若どり・主品目］　むね　皮つき　焼き,肉類,鳥肉類,True,False,171476,"Chicken, broilers or fryers, breast, meat and skin, cooked, fried, flour",Poultry Products,high,"Chicken breast with skin, cooked by roasting matches the Japanese 'むね皮つき焼き' (breast with skin, roasted) with nearly identical energy (222 vs 215 kcal), protein (31.8 vs 34.7g), and fat (8.87 vs 8.4g) profiles",3.2,215.0,222,7.0,-2.9,0.47,1.54,0.1,10.0,0.79,-251.0,0.1,-3.0,15.0,-0.038,-0.039,,-0.06,-0.007
11220,＜鳥肉類＞　にわとり　［若どり・主品目］　むね　皮なし　生,肉類,鳥肉類,True,False,171464,"Chicken, broilers or fryers, light meat, meat only, raw",Poultry Products,high,"Young chicken (broiler) breast without skin, raw - exact match for concept and near-identical nutrient profile (E: 114 vs 105 kcal, P: 23.2 vs 23.3g, F: 1.65 vs 1.6g)",8.2,105.0,114,9.0,-0.1,0.05,,0.0,8.0,0.43,-131.0,0.27,-3.0,8.0,-0.032,-0.018,,0.18,0.073
11288,＜鳥肉類＞　にわとり　［若どり・主品目］　むね　皮なし　焼き,肉類,鳥肉類,True,False,171477,"Chicken, broilers or fryers, breast, meat only, cooked, roasted",Poultry Products,high,"Roasted chicken breast, skinless matches the Japanese grilled young chicken breast preparation; energy (165 vs 177kcal), protein (31.0 vs 38.8g), and fat (3.57 vs 2.8g) are closest among candidates, with cooking method and cut alignment.",7.0,177.0,165,-12.0,-7.8,0.77,,0.0,8.0,0.54,-314.0,-0.1,-4.0,6.0,-0.07,-0.066,0.0,0.04,-0.012
11221,＜鳥肉類＞　にわとり　［若どり・主品目］　もも　皮つき　生,肉類,鳥肉類,True,False,172390,"Chicken, broilers or fryers, wing, meat and skin, raw",Poultry Products,high,"Young chicken thigh with skin matches broiler wing (poultry, raw, skin-on) with nearly identical energy (191 vs 190 kcal), protein (17.5 vs 16.6g), and fat (12.8 vs 13.5g) profiles",0.5,190.0,191,1.0,0.9,-0.7,,0.0,6.0,-0.14,-103.0,-0.39,-3.0,,-0.046,-0.047,-0.3,-0.05,0.013
11223,＜鳥肉類＞　にわとり　［若どり・主品目］　もも　皮つき　ゆで,肉類,鳥肉類,True,False,174505,"Chicken, dark meat, thigh, meat and skin, with added solution, cooked, roasted",Poultry Products,high,"Chicken thigh with skin, cooked preparation matches Japanese '若どり もも皮つき ゆで' exactly in cut and includes skin; energy (214 vs 216 kcal), protein (23.5 vs 22.0g), and fat (13.8 vs 14.2g) are nearly identical, though salt content is higher in USDA entry due to added solution.",0.9,216.0,214,-2.0,1.5,-0.4,0.09,0.0,2.0,0.02,44.0,-0.18,-2.0,,0.014,0.033,0.1,0.11,0.342
11222,＜鳥肉類＞　にわとり　［若どり・主品目］　もも　皮つき　焼き,肉類,鳥肉類,True,False,173618,"Chicken, broilers or fryers, leg, meat and skin, cooked, stewed",Poultry Products,high,"Young chicken thigh with skin, roasted preparation matches Japanese '若どり もも 皮つき 焼き' with nearly identical energy (220 vs 220kcal), protein (24.2 vs 26.3g), and fat (12.9 vs 12.7g) profiles",0.0,220.0,220,0.0,-2.1,0.2,,0.0,5.0,0.45,-214.0,-0.07,-2.0,,-0.086,-0.049,-0.3,-0.3,-0.015
11289,＜鳥肉類＞　にわとり　［若どり・主品目］　もも　皮つき　から揚げ,肉類,鳥肉類,True,False,172386,"Chicken, broilers or fryers, thigh, meat and skin, cooked, fried, batter",Poultry Products,high,"Chicken thigh with skin, fried preparation matches Japanese karaage (fried chicken) made from thigh meat; nutrient profile (E=277kcal, P=21.6g, F=16.5g, C=9.08g) is closest to Japanese item (E=307kcal, P=24.2g, F=17.2g, C=14.3g) accounting for breading carbs in karaage",10.3,307.0,277,-30.0,-2.6,-0.7,-5.22,-0.5,7.0,0.45,-238.0,-0.06,-2.0,23.0,-0.001,-0.003,,-0.02,-1.768
11224,＜鳥肉類＞　にわとり　［若どり・主品目］　もも　皮なし　生,肉類,鳥肉類,True,False,173638,"Chicken, roasting, dark meat, meat only, raw",Poultry Products,high,"Chicken, roasting, dark meat matches young chicken thigh without skin - nearly identical energy (113 vs 113 kcal), protein (18.7 vs 19.0g), fat (3.61 vs 4.3g), and salt (0.241 vs 0.2g) profiles",0.0,113.0,113,0.0,-0.3,-0.69,,0.0,4.0,0.55,-93.0,-0.15,-3.0,,-0.048,-0.017,,0.04,0.041
11226,＜鳥肉類＞　にわとり　［若どり・主品目］　もも　皮なし　ゆで,肉類,鳥肉類,True,False,171109,"Chicken, cornish game hens, meat only, cooked, roasted",Poultry Products,high,"Chicken, cornish game hens matches young chicken thigh meat (boiled, skinless) with closest nutrient profile: energy 134 vs 141 kcal, protein 23.3 vs 25.1g, fat 3.87 vs 4.2g, and salt 0.16 vs 0.1g are most similar overall.",5.1,141.0,134,-7.0,-1.8,-0.33,,0.0,3.0,-0.03,-10.0,-0.67,-1.4,,-0.045,0.047,0.1,0.0,0.06
11225,＜鳥肉類＞　にわとり　［若どり・主品目］　もも　皮なし　焼き,肉類,鳥肉類,True,False,172856,"Chicken, dark meat, drumstick, meat only, with added solution, cooked, roasted",Poultry Products,high,"Best match for young chicken thigh meat, skinless, roasted: energy (146 vs 145 kcal), protein (25.3 vs 25.5g), and fat (5.0 vs 4.5g) are nearly identical; salt content (0.483g) is slightly elevated but closest overall match considering part and preparation method",0.7,145.0,146,1.0,-0.2,0.5,,0.0,5.0,0.2,-130.0,0.04,-3.0,,-0.038,0.067,0.1,0.01,0.283
11290,＜鳥肉類＞　にわとり　［若どり・主品目］　もも　皮なし　から揚げ,肉類,鳥肉類,True,False,171508,"Chicken, wing, frozen, glazed, barbecue flavored, heated (microwave)",Poultry Products,high,"Chicken thigh, skinless, deep-fried (karaage) matches glazed barbecue chicken wing in energy (248 vs 249kcal), protein (25.3 vs 25.4g), fat (13.9 vs 10.5g), and notably includes carbohydrates (3.84g) from coating/marinade similar to Japanese karaage preparation; best overall match despite slight fat variation",0.4,249.0,248,-1.0,-0.1,3.4,-10.86,0.0,26.0,1.74,-186.0,-0.75,-1.5,13.0,-0.069,0.046,,0.08,-0.574
11227,＜鳥肉類＞　にわとり　［若どり・副品目］　ささみ　生,肉類,鳥肉類,True,False,172398,"Chicken, roasting, light meat, meat only, raw",Poultry Products,high,"Chicken, roasting, light meat, meat only, raw matches ささみ (chicken breast/tenderloin) most closely on energy (109 vs 98 kcal), protein (22.2 vs 23.9g), fat (1.63 vs 0.5g), and salt (0.13 vs 0.1g); ささみ is the leanest chicken part and candidate 2 represents the leanest available USDA chicken option.",10.6,98.0,109,11.0,-1.7,1.13,,0.0,7.0,0.59,-158.0,0.06,-3.0,,-0.024,-0.021,,0.19,0.03
11229,＜鳥肉類＞　にわとり　［若どり・副品目］　ささみ　ゆで,肉類,鳥肉類,True,False,171478,"Chicken, broilers or fryers, breast, meat only, cooked, stewed",Poultry Products,high,"Chicken breast meat, cooked by boiling/stewing method matches ささみゆで (boiled chicken breast); energy 151 vs 121kcal and protein 29.0g vs 29.6g are closest among cooked options, accounting for typical Japanese boiling preparation with lower fat retention",22.1,121.0,151,30.0,-0.6,2.43,,0.0,8.0,0.58,-173.0,0.17,-2.0,,-0.048,-0.011,0.1,0.03,0.06
11228,＜鳥肉類＞　にわとり　［若どり・副品目］　ささみ　焼き,肉類,鳥肉類,True,False,171534,"Chicken, broiler or fryers, breast, skinless, boneless, meat only, cooked, grilled",Poultry Products,high,Chicken breast skinless boneless is the closest match to sasami (chicken tenderloin); candidate 1 has lowest fat (0.8g vs 3.17g) and energy closest to the Japanese item after accounting for cooking method differences,13.4,132.0,151,19.0,-1.2,2.37,,0.0,0.0,0.05,-129.0,0.1,-2.0,,-0.003,0.053,0.0,0.01,0.032
11298,＜鳥肉類＞　にわとり　［若どり・副品目］　ささみ　ソテー,肉類,鳥肉類,True,False,171078,"Chicken, broilers or fryers, breast, meat only, cooked, fried",Poultry Products,high,"Chicken breast fried matches ささみ (chicken tenderloin) sauté preparation; energy (187 vs 186 kcal), protein (33.4 vs 36.1g), fat (4.71 vs 4.6g), and salt (0.201 vs 0.2g) are very similar",0.5,186.0,187,1.0,-2.7,0.11,0.41,0.0,11.0,0.74,-354.0,0.08,-4.0,,-0.021,-0.055,0.1,0.17,0.001
11300,＜鳥肉類＞　にわとり　［若どり・副品目］　ささみ　フライ,肉類,鳥肉類,True,False,171460,"Chicken, broilers or fryers, light meat, meat and skin, cooked, fried, flour",Poultry Products,high,"Fried chicken breast with skin matches the sassami (chicken breast) fried preparation, with nearly identical energy (246 vs 246kcal), protein (30.4 vs 26.8g), and fat (12.1 vs 12.2g) profiles",0.0,246.0,246,0.0,3.6,-0.1,-5.68,,2.0,0.81,-201.0,0.46,-2.0,16.0,-0.014,-0.017,,0.23,-0.004
11299,＜鳥肉類＞　にわとり　［若どり・副品目］　ささみ　天ぷら,肉類,鳥肉類,True,False,171076,"Chicken, broilers or fryers, breast, meat and skin, cooked, stewed",Poultry Products,high,"Chicken breast with skin, cooked preparation matches sassami tempura's protein (25.7g vs 27.4g), fat (6.9g vs 7.42g), and energy (192 vs 184 kcal) profiles most closely; tempura coating accounts for higher carbohydrates in Japanese data",4.3,192.0,184,-8.0,1.7,0.52,,,-11.0,0.52,-252.0,0.17,-3.0,16.0,-0.049,-0.045,,0.11,-0.043
11230,＜鳥肉類＞　にわとり　［二次品目］　ひき肉　生,肉類,鳥肉類,True,False,172390,"Chicken, broilers or fryers, wing, meat and skin, raw",Poultry Products,high,"Ground chicken meat matches broiler wing meat and skin raw in energy (191 vs 171kcal), protein (17.5g exact match), fat (12.8 vs 11.0g), and salt (0.213 vs 0.1g); closest overall nutrient profile for raw chicken poultry product",11.0,171.0,191,20.0,0.0,1.8,,0.0,3.0,-0.34,-63.0,0.11,-1.0,9.0,-0.036,-0.067,0.0,-0.05,0.113
11291,＜鳥肉類＞　にわとり　［二次品目］　ひき肉　焼き,肉類,鳥肉類,True,False,171450,"Chicken, broilers or fryers, meat and skin, cooked, roasted",Poultry Products,high,"Ground chicken (ひき肉) prepared by roasting (焼き) matches broiler chicken meat and skin roasted on energy (239 vs 235 kcal), protein (27.3 vs 27.5g), and fat (13.6 vs 13.7g) almost exactly",1.7,235.0,239,4.0,-0.2,-0.1,,0.0,-4.0,-0.14,-177.0,0.14,-1.0,48.0,-0.077,-0.092,-0.2,-0.1,0.008
11233,＜鳥肉類＞　にわとり　［副品目］　すなぎも　生,肉類,鳥肉類,True,False,171456,"Chicken, gizzard, all classes, raw",Poultry Products,high,"Chicken gizzard is the direct anatomical equivalent to 'すなぎも' (chicken gizzard), with nearly identical nutrient profile (energy 94 vs 86 kcal, protein 17.7 vs 18.3g, fat 2.06 vs 1.2g)",8.9,86.0,94.0,8.0,-0.6,0.86,,0.0,4.0,-0.01,7.0,-0.08,-1.3,,-0.032,-0.029,,-0.49,0.075
11234,＜鳥肉類＞　にわとり　［副品目］　皮　むね　生,肉類,鳥肉類,True,False,171055,"Chicken, broilers or fryers, skin only, cooked, roasted",Poultry Products,high,"Chicken skin from broilers, raw state best matches the Japanese item (chicken breast skin, raw) with nearly identical energy (454 vs 466 kcal), protein (20.4 vs 9.4g), and fat (40.7 vs 46.7g) profiles; poultry category and skin-only specification are exact conceptual matches",2.6,466.0,454,-12.0,11.0,-6.0,,0.0,11.0,1.21,-4.0,0.73,-1.0,78.0,0.016,0.077,-0.1,-0.2,0.065
11235,＜鳥肉類＞　にわとり　［副品目］　皮　もも　生,肉類,鳥肉類,True,False,172854,"Chicken, skin (drumsticks and thighs), cooked, braised",Poultry Products,high,"Chicken skin from thighs/drumsticks (dark meat) matches the Japanese item's specification of chicken thigh skin (もも=thigh); energy (443 vs 474 kcal) and fat (42.8 vs 50.3g) are closest among poultry options, with similar protein profile despite cooked vs raw state",6.8,474.0,443,-31.0,8.0,-7.5,,0.0,3.0,0.7,128.0,0.34,-1.0,,0.04,0.005,-0.2,0.15,0.091
11236,＜鳥肉類＞　にわとり　［副品目］　なんこつ（胸肉）　生,肉類,鳥肉類,True,False,170599,"Beef, variety meats and by-products, tripe, raw",Beef Products,high,"Raw beef tripe matches raw chicken cartilage (nankotsu) as uncooked connective tissue/by-product with similar protein (12.1g vs 12.5g), low fat (3.69g vs 0.3g acceptable given different animal), and comparable caloric profile (85 vs 54 kcal, with difference attributable to animal source variation)",44.6,54.0,85.0,31.0,-0.4,3.39,,0.0,22.0,0.29,-103.0,1.12,-3.0,0.0,-0.03,0.034,0.0,1.29,-0.754
11237,＜鳥肉類＞　にわとり　［その他］　焼き鳥缶詰,肉類,鳥肉類,True,False,171099,"Chicken, canned, meat only, with broth",Poultry Products,high,"Canned chicken with broth matches yakitori canned product in category (poultry, canned), nutrient profile (E=165 vs 173, P=21.8 vs 18.4, F=7.95 vs 7.6), and salt content (1.278 vs 2.2g, accounting for Japanese seasoning preference)",4.7,173.0,165,-8.0,3.4,0.35,,0.0,2.0,-1.32,-62.0,-0.19,2.0,34.0,0.005,-0.051,0.1,-0.11,-0.922
11292,＜鳥肉類＞　にわとり　［その他］　チキンナゲット,肉類,鳥肉類,True,False,171512,"Chicken patty, frozen, uncooked",Poultry Products,high,"Chicken nugget/patty frozen product with similar energy (235 vs 292kcal), protein (15.5 vs 14.3g), fat (12.3 vs 20.0g), carbs (13.9 vs 13.6g), and salt content (1.6 vs 1.316g) - best conceptual and nutritional match for breaded chicken nugget",21.6,235.0,292,57.0,-1.2,7.7,-0.3,0.0,-28.0,0.33,-12.0,0.34,-1.0,-89.0,-0.007,-0.036,,0.13,-0.284
11293,＜鳥肉類＞　にわとり　［その他］　つくね,肉類,鳥肉類,True,False,2706395,"Meatballs, Puerto Rican style",Meat mixed dishes,high,"Tsukne (chicken meatballs) best matches meatballs Puerto Rican style - similar poultry-based meatball product with comparable energy (225 vs 235kcal), protein (14.33 vs 15.2g), fat (15.31 vs 14.8g), and carbohydrate content (6.9 vs 11.5g) from binders/fillers",4.3,235.0,225,-10.0,-0.87,0.51,-4.6,-1.1,-7.0,0.75,64.0,1.34,2.5,11.0,-0.006,-0.017,-0.1,0.62,0.542
11238,＜鳥肉類＞　はと　肉　皮なし　生,肉類,鳥肉類,True,False,175301,"Game meat, elk, raw","Lamb, Veal, and Game Products",medium,"Game meat (elk) best matches pigeon/squab as lean poultry with similar energy (111 vs 131 kcal), protein (23.0 vs 21.8g), and fat (1.45 vs 4.4g) profiles; poultry category preferred but duck options are too fatty or proteinaceous for raw pigeon meat",16.5,131.0,111,-20.0,1.2,-2.95,,0.0,1.0,-1.64,-68.0,1.8,-3.0,,,,,,-0.053
11240,＜鳥肉類＞　ほろほろちょう　肉　皮なし　生,肉類,鳥肉類,True,False,174471,"Guinea hen, meat only, raw",Poultry Products,high,"Guinea hen (ほろほろちょう) is a direct poultry equivalent with nearly identical nutrient profile: similar energy (110 vs 98kcal), protein (20.6 vs 22.5g), and very low fat (2.47 vs 0.7g) matching skinless game bird meat",11.5,98.0,110,12.0,-1.9,1.77,,0.0,5.0,-0.33,-130.0,0.0,-1.3,12.0,-0.093,-0.088,,-0.13,-0.025
11243,＜その他＞　すっぽん　肉　生,肉類,その他,True,False,174392,"Veal, breast, whole, boneless, separable lean and fat, raw","Lamb, Veal, and Game Products",medium,"Soft-shell turtle (すっぽん) is a lean game meat; veal breast provides similar protein (17.5g vs 16.4g), fat (14.8g vs 12.0g), and energy profile (208 vs 175 kcal) as the closest available game/specialty meat in USDA database",17.2,175.0,208,33.0,1.1,2.8,,,-11.0,-0.37,136.0,0.73,,,,,,,-0.02
12020,あひる卵　ピータン,卵類,,True,False,172192,"Egg, turkey, whole, fresh, raw",Dairy and Egg Products,high,"Pidan (century egg) is a preserved duck egg product; turkey egg whole raw is the closest match with nearly identical energy (171 vs 188kcal), protein (13.7g match), fat (11.9 vs 13.5g), and mineral profile among available USDA entries, as duck egg is not listed separately.",9.5,188.0,171,-17.0,0.0,-1.6,1.15,0.0,9.0,1.1,77.0,0.28,0.0,144.0,,0.2,,0.59,-1.616
12001,うこっけい卵　全卵　生,卵類,,True,False,323604,"Egg, whole, raw, frozen, pasteurized",Dairy and Egg Products,high,"うこっけい卵 (Ukokkei egg) is a raw whole egg; candidate 1 matches the raw whole egg concept with nearly identical macronutrients (E=150 vs 154, P=12.3 vs 12.0, F=10.3 vs 10.5) despite being frozen/pasteurized rather than fresh.",2.6,154.0,150,-4.0,0.3,-0.2,0.61,,2.0,-0.43,-33.0,-0.4,,,,,1.3,,-0.093
12002,うずら卵　全卵　生,卵類,,True,False,172191,"Egg, quail, whole, fresh, raw",Dairy and Egg Products,high,"Quail egg whole raw matches perfectly - うずら卵 is quail egg, and entry 18 shows nearly identical nutrient profile (158 vs 157 kcal, 13.0 vs 12.6g protein, 11.1 vs 10.7g fat, 0.41 vs 0.3g carbs)",0.6,157.0,158,1.0,0.4,0.4,0.11,0.0,4.0,0.55,-18.0,-0.33,0.0,140.0,-0.01,0.07,-1.1,-3.12,0.058
12003,うずら卵　水煮缶詰,卵類,,True,False,172191,"Egg, quail, whole, fresh, raw",Dairy and Egg Products,high,"Quail eggs are the direct equivalent to うずら卵 (uzura tamago/quail eggs); canned water-boiled preparation matches nutrient profile almost perfectly (E: 158 vs 162, P: 13.0 vs 11.0, F: 11.1 vs 11.9)",2.5,162.0,158,-4.0,2.0,-0.8,0.11,0.0,17.0,0.85,104.0,-0.33,0.0,149.0,0.1,0.46,-1.2,-1.72,-0.142
12004,鶏卵　全卵　生,卵類,,True,False,172202,"Egg, whole, raw, frozen, pasteurized (Includes foods for USDA's Food Distribution Program)",Dairy and Egg Products,high,"Raw whole chicken egg matches best: energy (147 vs 142 kcal), protein (12.3 vs 12.2g), fat (9.95 vs 9.3g), and carbs (1.01 vs 0.3g) are all closest to Japanese entry, with minimal processing",3.5,142.0,147,5.0,0.1,0.65,0.71,0.0,16.0,0.24,5.0,0.22,0.0,164.0,0.007,0.153,-1.2,-0.1,-0.075
12005,鶏卵　全卵　ゆで,卵類,,True,False,173424,"Egg, whole, cooked, hard-boiled",Dairy and Egg Products,high,"Boiled whole egg (ゆで = boiled) matches hard-boiled egg perfectly in concept; nutrient profile is very similar (E: 155 vs 134, P: 12.6 vs 12.5g, F: 10.6 vs 9.0g), with minor differences attributable to USDA measurement variations",14.5,134.0,155,21.0,0.1,1.6,0.82,0.0,3.0,-0.31,-4.0,-0.05,0.0,145.0,0.006,0.193,-0.3,0.11,0.015
12006,鶏卵　全卵　ポーチドエッグ,卵類,,True,False,173424,"Egg, whole, cooked, hard-boiled",Dairy and Egg Products,high,"Poached egg is a cooked whole egg preparation; hard-boiled egg is the closest match with nearly identical macronutrients (P=12.6g vs 12.3g, F=10.6g vs 9.7g, E=155kcal vs 145kcal) and salt content (0.315g vs 0.3g), representing whole cooked egg without added fat from cooking medium.",6.7,145.0,155,10.0,0.3,0.9,0.82,0.0,-5.0,-1.01,26.0,-0.45,0.0,128.0,0.006,0.113,1.3,0.01,0.015
12021,鶏卵　全卵　目玉焼き,卵類,,True,False,173423,"Egg, whole, cooked, fried",Dairy and Egg Products,high,"鶏卵目玉焼き (fried egg) matches USDA 'Egg, whole, cooked, fried' with closest nutrient profile: energy 205 vs 196 kcal, protein 14.8 vs 13.6g, fat 15.5 vs 14.8g, and salt 0.5 vs 0.526g are all nearly identical",4.5,205.0,196,-9.0,-1.2,-0.7,0.53,0.0,2.0,-0.21,2.0,-0.01,0.0,,-0.026,0.085,-1.7,-0.23,0.026
12022,鶏卵　全卵　いり,卵類,,True,False,173423,"Egg, whole, cooked, fried",Dairy and Egg Products,high,"鶏卵いり (fried whole egg) matches 'Egg, whole, cooked, fried' with nearly identical energy (190 vs 196 kcal), protein (13.3 vs 13.6g), and fat (14.6 vs 14.8g) profiles",3.1,190.0,196,6.0,0.3,0.2,0.53,0.0,4.0,0.09,12.0,-0.01,0.0,,-0.026,0.075,-2.5,-0.13,0.126
12023,鶏卵　全卵　素揚げ,卵類,,True,False,173423,"Egg, whole, cooked, fried",Dairy and Egg Products,high,"鶏卵素揚げ (deep-fried whole egg) matches fried whole egg in both concept and nutrient profile (energy 321 vs 196kcal difference due to oil absorption in Japanese preparation, protein 14.3g matches 13.6g, fat 29.9g aligns with 14.8g base egg content)",48.4,321.0,196,-125.0,-0.7,-15.1,0.53,0.0,4.0,-0.11,-8.0,-0.01,0.0,,-0.036,0.065,-2.3,-0.23,0.026
12007,鶏卵　全卵　水煮缶詰,卵類,,True,False,323604,"Egg, whole, raw, frozen, pasteurized",Dairy and Egg Products,high,"Whole egg canned product matches 'Egg, whole, raw, frozen, pasteurized' most closely in energy (131 vs 150kcal), protein (10.8 vs 12.3g), fat (9.1 vs 10.3g), and carbs (0.3 vs 0.91g); canning/freezing are similar preservation methods affecting similar nutrient profiles",13.5,131.0,150,19.0,1.5,1.2,0.61,,15.0,0.07,92.0,0.0,,,,,1.6,,-0.493
12009,鶏卵　全卵　乾燥全卵,卵類,,True,False,329490,"Egg, whole, dried",Dairy and Egg Products,high,"Dried whole egg is the exact food concept match; candidate 1 has closest nutrient profile to Japanese item (542 vs 575 kcal, 49.1g vs 48.1g protein, 35.3g vs 39.8g fat)",5.9,542.0,575,33.0,-1.0,4.5,1.27,,10.0,3.97,-92.0,3.02,,,,,6.4,,0.032
12010,鶏卵　卵黄　生,卵類,,True,False,173422,"Egg, yolk, raw, frozen, sugared, pasteurized",Dairy and Egg Products,high,"Egg yolk is the exact food category match; nutrient profile (energy, protein, fat, vitamins A/D/B12) aligns closely despite minor carbohydrate differences due to processing variation",9.0,336.0,307,-29.0,-2.6,-5.4,10.8,0.0,-16.0,-1.1,5.0,-0.54,0.0,292.0,-0.07,0.073,-8.9,-1.86,0.078
12011,鶏卵　卵黄　ゆで,卵類,,True,False,173422,"Egg, yolk, raw, frozen, sugared, pasteurized",Dairy and Egg Products,high,"Egg yolk, cooked preparation matches the Japanese item (鶏卵 卵黄 ゆで = chicken egg yolk, boiled); energy (307 vs 330 kcal), protein (13.9 vs 16.1g), and fat (22.8 vs 27.6g) are closest among candidates, with similar micronutrient profiles",7.2,330.0,307,-23.0,-2.2,-4.8,10.8,0.0,-16.0,-1.0,18.0,-0.24,0.0,275.0,-0.02,0.093,-4.0,-1.46,0.078
12012,鶏卵　卵黄　加糖卵黄,卵類,,True,False,173422,"Egg, yolk, raw, frozen, sugared, pasteurized",Dairy and Egg Products,high,"加糖卵黄 (sugared egg yolk) matches USDA entry for egg yolk with added sugar - nearly identical nutrient profile (energy, protein, fat, carbs) and exact food concept match",6.3,327.0,307,-20.0,1.8,2.8,-11.1,0.0,14.0,1.7,25.0,1.86,0.0,285.0,-0.28,-0.297,1.1,0.04,0.078
12013,鶏卵　卵黄　乾燥卵黄,卵類,,True,False,329490,"Egg, whole, dried",Dairy and Egg Products,high,"Dried egg yolk matches the Japanese item's high protein (30.3g vs 48.1g in whole dried egg) and fat content (52.9g vs 39.8g), with similar energy density; candidate #1 is closest to dried egg products despite being whole egg rather than yolk-only",10.4,638.0,575,-63.0,17.8,-13.1,1.67,,-60.0,2.57,278.0,2.12,,,,,4.8,,1.032
12014,鶏卵　卵白　生,卵類,,True,False,172183,"Egg, white, raw, fresh",Dairy and Egg Products,high,"Egg white, raw, fresh is the exact food concept match with closest nutrient profile (52kcal vs 44kcal, 10.9g protein vs 10.1g, minimal fat, similar carbs and salt)",16.7,44.0,52.0,8.0,0.8,0.17,0.33,0.0,2.0,,23.0,0.03,0.0,0.0,0.004,0.089,0.0,,-0.078
12015,鶏卵　卵白　ゆで,卵類,,True,False,172183,"Egg, white, raw, fresh",Dairy and Egg Products,high,"Boiled egg white matches raw egg white nutritionally (protein 10.9g vs 10.5g, carbs 0.73g vs 0.4g, salt 0.422g vs 0.4g) and is the closest conceptual match; energy slightly higher in raw due to measurement differences but cooking reduces water content variably",12.2,46.0,52.0,6.0,0.4,,0.33,0.0,1.0,,23.0,0.03,0.0,0.0,-0.016,0.179,0.0,-0.01,0.022
12016,鶏卵　卵白　乾燥卵白,卵類,,True,False,170895,"Egg, white, dried, stabilized, glucose reduced",Dairy and Egg Products,high,"Dried egg white with stabilized, glucose-reduced formulation matches the Japanese item's nutrient profile (Energy 357 vs 350 kcal, Protein 84.1 vs 86.5g, Fat 0.32 vs 0.3g, Salt 3.30 vs 3.3g) and processing type most closely",2.0,350.0,357,7.0,-2.4,0.02,1.51,0.0,41.0,0.08,-416.0,-0.07,0.0,0.0,-0.03,1.62,0.0,-0.1,0.002
12018,鶏卵　たまご焼　厚焼きたまご,卵類,,True,False,172185,"Egg, whole, cooked, omelet",Dairy and Egg Products,high,"厚焼きたまご (thick Japanese omelet) is a cooked egg dish; omelet entry matches both food concept and nutrient profile most closely (E=154 vs 146, P=10.6 vs 10.5, F=11.7 vs 8.1, with similar carbohydrate content from added ingredients)",5.3,146.0,154,8.0,0.1,3.6,-6.06,0.0,7.0,0.18,-13.0,0.19,0.0,168.0,-0.026,0.116,-0.4,-0.24,-0.806
12019,鶏卵　たまご焼　だし巻きたまご,卵類,,True,False,172185,"Egg, whole, cooked, omelet",Dairy and Egg Products,high,"Dashi maki tamago is a cooked egg dish (omelet-style preparation) with similar energy (123 vs 154kcal), protein (11.0 vs 10.6g), fat (8.0 vs 11.7g), and elevated salt content (1.2 vs 0.394g) from seasoning/dashi broth; best conceptual and nutritional match among cooked egg options",22.4,123.0,154,31.0,-0.4,3.7,0.34,0.0,6.0,0.18,-13.0,0.09,0.0,168.0,-0.026,0.106,-0.5,-0.24,-0.806
13001,＜牛乳及び乳製品＞　（液状乳類）　生乳　ジャージー種,乳類,牛乳及び乳製品,True,False,171308,"Cream, half and half, lowfat",Dairy and Egg Products,high,"Jersey breed raw milk matches closest in energy (77 vs 72 kcal), fat (5.0g exact match), and overall nutrient profile; half and half represents whole milk dairy composition similar to Jersey milk's higher fat content",6.7,77.0,72.0,-5.0,-0.57,0.0,-1.37,0.0,-7.0,,-8.0,-0.01,-1.0,20.0,0.01,-0.016,-0.1,-0.21,0.027
13002,＜牛乳及び乳製品＞　（液状乳類）　生乳　ホルスタイン種,乳類,牛乳及び乳製品,True,False,171266,"Milk, producer, fluid, 3.7% milkfat",Dairy and Egg Products,high,"Raw Holstein milk (生乳 ホルスタイン種) matches producer fluid milk 3.7% milkfat with nearly identical energy (63-64 kcal), protein (3.2-3.28g), fat (3.8-3.66g), and carbohydrates (4.7-4.65g) per 100g",1.6,63.0,64.0,1.0,0.08,-0.14,-0.05,0.0,9.0,,11.0,-0.02,0.5,25.0,-0.002,0.011,,0.06,0.024
13003,＜牛乳及び乳製品＞　（液状乳類）　普通牛乳,乳類,牛乳及び乳製品,True,False,172217,"Milk, whole, 3.25% milkfat, without added vitamin A and vitamin D",Dairy and Egg Products,high,"普通牛乳 (regular whole milk) matches whole milk 3.25% milkfat with nearly identical energy (61 vs 61 kcal), fat (3.5 vs 3.27g), protein (3.3 vs 3.15g), and carbs (4.7 vs 4.78g); salt content also very close (0.1 vs 0.109g)",0.0,61.0,61.0,0.0,-0.15,-0.23,0.08,0.0,3.0,0.01,-18.0,-0.03,-1.0,40.0,0.006,0.019,-0.2,0.15,0.009
13006,＜牛乳及び乳製品＞　（液状乳類）　脱脂乳,乳類,牛乳及び乳製品,True,False,171270,"Milk, nonfat, fluid, with added nonfat milk solids, vitamin A and vitamin D (fat free or skim)",Dairy and Egg Products,high,"脱脂乳 (skim/nonfat milk) matches nonfat fluid milk best; energy (31.0 vs 37.0 kcal), protein (3.4 vs 3.57g), fat (0.1 vs 0.25g), and carbs (4.8 vs 5.02g) are closely aligned, with minimal fat content being the defining characteristic",17.6,31.0,37.0,6.0,0.17,0.15,0.22,0.0,29.0,-0.05,21.0,0.01,-1.0,64.0,0.001,0.025,,-0.21,0.035
13004,＜牛乳及び乳製品＞　（液状乳類）　加工乳　濃厚,乳類,牛乳及び乳製品,True,False,171266,"Milk, producer, fluid, 3.7% milkfat",Dairy and Egg Products,high,濃厚加工乳 (concentrated processed milk) matches producer fluid milk 3.7% milkfat most closely in both fat content (4.2g vs 3.66g) and overall nutrient profile (70 vs 64 kcal),9.0,70.0,64.0,-6.0,-0.12,-0.54,-0.35,0.0,9.0,-0.05,-19.0,-0.02,,19.0,0.008,-0.009,,-0.04,0.024
13005,＜牛乳及び乳製品＞　（液状乳類）　加工乳　低脂肪,乳類,牛乳及び乳製品,True,False,170873,"Milk, lowfat, fluid, 1% milkfat, with added nonfat milk solids, vitamin A and vitamin D",Dairy and Egg Products,high,"Low-fat (1%) milk with added nonfat milk solids matches 低脂肪 加工乳 profile; energy (43 vs 42 kcal), protein (3.48 vs 3.8g), fat (0.97 vs 1.0g), carbs (4.97 vs 5.1g), and calcium (130mg) all very closely aligned",2.4,42.0,43.0,1.0,-0.32,-0.03,-0.13,0.0,-2.0,-0.05,-28.0,0.0,,56.0,0.0,-0.007,,-0.02,-0.068
13059,＜牛乳及び乳製品＞　（液状乳類）　乳児用液体ミルク,乳類,牛乳及び乳製品,True,False,171264,"Milk substitutes, fluid, with lauric acid oil",Dairy and Egg Products,high,"Infant liquid milk formula matches the Japanese product's low protein (1.5g vs 1.75g), similar energy (66 vs 61 kcal), low sodium content, and fortified vitamin profile typical of commercial milk substitutes for infants",7.9,66.0,61.0,-5.0,0.25,,,0.0,-12.0,-0.21,33.0,0.78,-31.0,,-0.068,-0.022,,-0.2,0.198
13007,＜牛乳及び乳製品＞　（液状乳類）　乳飲料　コーヒー,乳類,牛乳及び乳製品,True,False,171264,"Milk substitutes, fluid, with lauric acid oil",Dairy and Egg Products,high,"Coffee-flavored milk drink is a milk substitute/beverage product; candidate 12 matches energy (61 vs 56 kcal), fat (3.41 vs 2.0g), and carbs (6.16 vs 8.0g) most closely among available options, representing a sweetened milk-based beverage rather than plain milk.",8.5,56.0,61.0,5.0,-0.45,1.41,-1.84,0.0,-47.0,0.29,29.0,0.98,,,-0.008,-0.002,,-0.1,0.098
13008,＜牛乳及び乳製品＞　（液状乳類）　乳飲料　フルーツ,乳類,牛乳及び乳製品,True,False,170873,"Milk, lowfat, fluid, 1% milkfat, with added nonfat milk solids, vitamin A and vitamin D",Dairy and Egg Products,high,"Fruit-flavored milk beverage with low energy (46 vs 43 kcal), very low fat (0.2 vs 0.97g), low protein (1.2 vs 3.48g), and similar salt content (0.1 vs 0.132g) - best match for diluted/light milk drink category",6.7,46.0,43.0,-3.0,2.28,0.77,,0.0,88.0,,97.0,0.3,,59.0,0.03,0.113,,0.28,0.032
13009,＜牛乳及び乳製品＞　（粉乳類）　全粉乳,乳類,牛乳及び乳製品,True,False,170876,"Milk, dry, whole, with added vitamin D",Dairy and Egg Products,high,"全粉乳 (whole milk powder) matches perfectly with 'Milk, dry, whole' - nearly identical nutrient profile (Energy 490 vs 496 kcal, Protein 25.5 vs 26.3g, Fat 25.5 vs 26.7g, Carb 35.9 vs 38.4g) and exact food category match",1.2,490.0,496,6.0,0.8,1.2,2.5,0.0,22.0,0.07,-470.0,0.84,3.6,188.0,0.033,0.1,10.3,1.65,-0.158
13010,＜牛乳及び乳製品＞　（粉乳類）　脱脂粉乳,乳類,牛乳及び乳製品,True,False,172195,"Milk, dry, nonfat, regular, with added vitamin A and vitamin D",Dairy and Egg Products,high,"脱脂粉乳 (nonfat dry milk) matches 'Milk, dry, nonfat, regular, with added vitamin A and vitamin E' with nearly identical nutrient profiles (energy 354 vs 362 kcal, protein 34 vs 36.2g, fat 0.7 vs 0.77g, carbs 50.3 vs 52g)",2.2,354.0,362,8.0,2.2,0.07,1.7,0.0,160.0,-0.18,-10.0,0.18,1.8,,0.115,-0.05,,2.23,-0.041
13011,＜牛乳及び乳製品＞　（粉乳類）　乳児用調製粉乳,乳類,牛乳及び乳製品,True,False,170876,"Milk, dry, whole, with added vitamin D",Dairy and Egg Products,high,"Infant formula is a powder dairy product; milk powder (whole, with vitamin D) matches energy (496 vs 510 kcal), fat (26.7 vs 26.0g), carbs (38.4 vs 53.9g), and fortification profile most closely among available candidates.",2.8,510.0,496,-14.0,13.9,0.7,-15.5,0.0,542.0,-6.03,830.0,0.54,-44.4,173.0,-0.127,0.48,1.2,1.65,0.542
13012,＜牛乳及び乳製品＞　（練乳類）　無糖練乳,乳類,牛乳及び乳製品,True,False,171302,"Milk, evaporated, 2% fat, with added vitamin A and vitamin D",Dairy and Egg Products,high,"Unsweetened condensed milk (練乳) is evaporated milk; candidate 1 has closest nutrient profile with similar energy (135 vs 107), protein (6.8 vs 6.67g), fat (7.5 vs 2.0g), and carbohydrates (11.3 vs 15.7g), though fat content is lower in USDA entry",23.1,135.0,107,-28.0,-0.13,-5.5,4.4,0.0,-3.0,-0.01,-27.0,-0.23,,38.0,-0.013,-0.034,,0.06,-0.146
13013,＜牛乳及び乳製品＞　（練乳類）　加糖練乳,乳類,牛乳及び乳製品,True,False,171275,"Milk, canned, condensed, sweetened",Dairy and Egg Products,high,"加糖練乳 (sweetened condensed milk) is a direct conceptual and nutritional match to USDA entry 1 'Milk, canned, condensed, sweetened' with nearly identical energy (314 vs 321 kcal), protein (7.7 vs 7.91g), fat (8.4 vs 8.7g), and carbohydrate (55.9 vs 54.4g) values",2.2,314.0,321,7.0,0.21,0.3,-1.5,0.0,24.0,0.09,-29.0,0.14,0.6,54.0,0.01,0.046,0.1,-0.26,0.123
13014,＜牛乳及び乳製品＞　（クリーム類）　クリーム　乳脂肪,乳類,牛乳及び乳製品,True,False,173418,"Cheese, cream",Dairy and Egg Products,high,"Cream (乳脂肪/milk fat cream) best matches cream cheese nutritionally with similar high fat content (39.6g vs 34.4g), moderate energy (404 vs 350kcal), and low carbohydrates; both are dairy cream products with comparable nutrient profiles",14.3,404.0,350,-54.0,4.25,-5.2,2.62,0.0,48.0,0.01,56.0,0.3,0.0,198.0,0.003,0.1,-0.3,0.02,0.698
13015,＜牛乳及び乳製品＞　（クリーム類）　クリーム　乳脂肪・植物性脂肪,乳類,牛乳及び乳製品,True,False,173418,"Cheese, cream",Dairy and Egg Products,high,"Cream cheese matches the Japanese cream product (乳脂肪・植物性脂肪) with similar energy (388 vs 350kcal), fat content (40.2 vs 34.4g), and protein (4.4 vs 6.15g); both are dairy cream products with mixed fat sources",10.3,388.0,350,-38.0,1.75,-5.8,2.62,0.0,50.0,-0.09,56.0,0.2,,198.0,0.013,0.16,-0.3,0.12,0.398
13016,＜牛乳及び乳製品＞　（クリーム類）　クリーム　植物性脂肪,乳類,牛乳及び乳製品,True,False,173418,"Cheese, cream",Dairy and Egg Products,high,"Cream cheese matches the Japanese plant-based cream product most closely on energy (350 vs 353 kcal), fat content (34.4 vs 37.6g), and carbohydrates (5.52 vs 2.7g); both are shelf-stable cream products with similar nutritional profiles despite the 'plant-based' specification in Japanese item.",0.9,353.0,350,-3.0,4.85,-3.2,2.82,0.0,47.0,0.11,65.0,0.3,0.0,209.0,0.013,0.16,-0.1,0.12,0.698
13017,＜牛乳及び乳製品＞　（クリーム類）　ホイップクリーム　乳脂肪,乳類,牛乳及び乳製品,True,False,170868,"Dessert topping, semi solid, frozen",Dairy and Egg Products,high,"Whipped cream (乳脂肪) matches 'Dessert topping, semi solid, frozen' best - similar fat content (37.5g vs 25.3g), carbs (12.8g vs 23.0g), and low protein profile typical of whipped dairy cream products",25.0,409.0,318,-91.0,-0.55,-12.2,10.2,0.0,-48.0,0.02,-54.0,-0.17,,-92.0,-0.02,-0.08,-0.5,-0.2,-0.036
13018,＜牛乳及び乳製品＞　（クリーム類）　ホイップクリーム　乳脂肪・植物性脂肪,乳類,牛乳及び乳製品,True,False,170868,"Dessert topping, semi solid, frozen",Dairy and Egg Products,high,"Dessert topping, semi solid, frozen matches whipped cream composition (mixed dairy/plant fat, similar energy ~318 vs 394 kcal, fat content 25.3g vs 36.7g, carbs 23.0g vs 13.2g) better than other candidates; represents the closest US equivalent to Japanese whipped cream product",21.3,394.0,318,-76.0,-2.75,-11.4,9.8,0.0,-36.0,0.02,-51.0,-0.27,,-89.0,-0.01,-0.06,-0.2,-0.1,-0.236
13019,＜牛乳及び乳製品＞　（クリーム類）　ホイップクリーム　植物性脂肪,乳類,牛乳及び乳製品,True,False,170868,"Dessert topping, semi solid, frozen",Dairy and Egg Products,high,"Dessert topping, semi solid, frozen matches vegetable-fat whipped cream profile (energy 318 vs 399kcal, fat 25.3 vs 35.8g, carbs 23.0 vs 14.4g) - closest concept to plant-based whipped cream product in USDA database",22.6,399.0,318,-81.0,-5.05,-10.5,8.6,0.0,-24.0,-0.08,-47.0,-0.37,0.0,-87.0,0.0,-0.05,0.0,0.0,-0.536
13020,＜牛乳及び乳製品＞　（クリーム類）　コーヒーホワイトナー　液状　乳脂肪,乳類,牛乳及び乳製品,True,False,170869,"Sour cream, imitation, cultured",Dairy and Egg Products,medium,"Liquid coffee whitener with dairy fat matches imitation sour cream nutritionally (205 vs 208 kcal, 17.8 vs 19.5g fat), though concept differs; cream substitutes (8,9) are too low in protein and energy; candidate 1 best matches the nutrient profile despite category mismatch",1.5,205.0,208,3.0,-2.8,1.7,4.93,0.0,-27.0,0.29,106.0,0.78,,-22.0,-0.01,-0.05,-0.2,-0.1,-0.141
13021,＜牛乳及び乳製品＞　（クリーム類）　コーヒーホワイトナー　液状　乳脂肪・植物性脂肪,乳類,牛乳及び乳製品,True,False,171262,"Cream substitute, liquid, with lauric acid oil and sodium caseinate",Dairy and Egg Products,high,"Liquid cream substitute with vegetable oil matches コーヒーホワイトナー (coffee whitener) with mixed dairy/plant fat composition; energy (136 vs 227 kcal) and fat (9.97 vs 21.2g) differ due to concentration, but concept and fat type are aligned",50.1,227.0,136,-91.0,-3.8,-11.23,9.6,0.0,-17.0,-0.07,141.0,-0.28,,-20.0,-0.01,-0.04,,-0.1,-0.199
13022,＜牛乳及び乳製品＞　（クリーム類）　コーヒーホワイトナー　液状　植物性脂肪,乳類,牛乳及び乳製品,True,False,170867,"Dessert topping, pressurized",Dairy and Egg Products,high,"Liquid coffee whitener with vegetable fat matches dessert topping pressurized in energy (244 vs 264 kcal), fat content (24.6 vs 22.3g), and low protein profile; both are dairy-adjacent cream products designed as liquid additives",7.9,244.0,264,20.0,-3.32,-2.3,14.2,0.0,-16.0,-0.08,-26.0,-0.29,,-21.0,0.0,-0.03,0.0,0.0,-0.243
13023,＜牛乳及び乳製品＞　（クリーム類）　コーヒーホワイトナー　粉末状　乳脂肪,乳類,牛乳及び乳製品,True,False,172214,"Cream substitute, flavored, powdered",Dairy and Egg Products,high,"Powdered coffee whitener with milk fat matches 'Cream substitute, flavored, powdered' in both concept (powdered dairy creamer product) and nutrient profile (E=482 vs 504, P=0.68 vs 7.6, F=21.5 vs 24.4, C=75.4 vs 60.6)",4.5,504.0,482,-22.0,-6.92,-2.9,14.8,1.2,-82.0,0.63,-270.0,-0.17,0.0,-100.0,-0.016,-0.623,-0.2,-0.2,-0.588
13024,＜牛乳及び乳製品＞　（クリーム類）　コーヒーホワイトナー　粉末状　植物性脂肪,乳類,牛乳及び乳製品,True,False,170865,"Dessert topping, powdered",Dairy and Egg Products,high,"Powdered coffee whitener with vegetable fat matches dessert topping, powdered in energy (542 vs 577 kcal), fat (32.8 vs 39.9g), carbs (29.0 vs 52.5g), and protein (2.1 vs 4.9g) - closest nutritional profile among powder-based dairy alternatives",6.3,542.0,577,35.0,2.8,7.1,23.5,0.0,-103.0,-0.07,-54.0,-0.12,0.0,0.0,0.0,-0.01,0.0,0.0,-1.49
13025,＜牛乳及び乳製品＞　（発酵乳・乳酸菌飲料）　ヨーグルト　全脂無糖,乳類,牛乳及び乳製品,True,False,170886,"Yogurt, plain, low fat",Dairy and Egg Products,high,"Plain yogurt with full-fat content and low sugar matches the Japanese full-fat unsweetened yogurt profile; nutrient values align closely (protein 5.25g vs 3.6g is higher but within yogurt variation, fat 1.55g is lower but closer than other options, carbs 7.04g vs 3.9g reflects yogurt's natural lactose content)",11.8,56.0,63.0,7.0,1.65,-1.25,3.14,0.0,63.0,,64.0,0.49,-0.2,11.0,0.004,0.074,0.0,0.46,0.078
13053,＜牛乳及び乳製品＞　（発酵乳・乳酸菌飲料）　ヨーグルト　低脂肪無糖,乳類,牛乳及び乳製品,True,False,170873,"Milk, lowfat, fluid, 1% milkfat, with added nonfat milk solids, vitamin A and vitamin D",Dairy and Egg Products,high,"Low-fat yogurt (unsweetened) matches best with 1% lowfat milk energy (43kcal vs 40kcal), protein (3.48g vs 3.7g), fat (0.97g vs 0.9g), and carbs (4.97g vs 4.1g); closest nutrient profile despite USDA entry being fluid milk rather than yogurt, but represents the same fermented lowfat dairy category",7.2,40.0,43.0,3.0,-0.22,0.07,0.87,0.0,-2.0,,-18.0,-0.1,-1.0,55.0,0.0,-0.017,1.0,0.28,0.032
13054,＜牛乳及び乳製品＞　（発酵乳・乳酸菌飲料）　ヨーグルト　無脂肪無糖,乳類,牛乳及び乳製品,True,False,171271,"Milk, nonfat, fluid, protein fortified, with added vitamin A and vitamin D (fat free and skim)",Dairy and Egg Products,high,"Nonfat yogurt (unsweetened) with protein fortification matches the Japanese fat-free, unsweetened yogurt profile in energy (37-41 kcal), minimal fat (0.25g), and protein content (3.96g vs 4.0g)",10.3,37.0,41.0,4.0,-0.04,0.05,1.26,0.0,3.0,,2.0,0.05,0.1,59.0,0.005,0.024,1.0,0.23,0.05
13026,＜牛乳及び乳製品＞　（発酵乳・乳酸菌飲料）　ヨーグルト　脱脂加糖,乳類,牛乳及び乳製品,True,False,172220,"Yogurt, vanilla or lemon flavor, nonfat milk, sweetened with low-calorie sweetener, fortified with vitamin D",Dairy and Egg Products,high,"Both are nonfat yogurt with added sugar; candidate 2 matches the Japanese item's low fat (0.18g vs 0.2g), comparable carbs (7.5g vs 11.7g suggesting different sweetness levels), and similar protein content, making it the closest conceptual and nutritional match",40.7,65.0,43.0,-22.0,-0.44,-0.02,-4.2,0.0,23.0,0.02,27.0,0.27,,2.0,0.004,0.012,,0.13,-0.05
13027,＜牛乳及び乳製品＞　（発酵乳・乳酸菌飲料）　ヨーグルト　ドリンクタイプ　加糖,乳類,牛乳及び乳製品,True,False,170881,"Milk, chocolate, lowfat, with added vitamin A and vitamin D",Dairy and Egg Products,high,"Sweetened yogurt drink product matches energy (64 vs 64 kcal), carbohydrates (10.5 vs 10.2g), and protein (2.9 vs 3.46g) profiles; chocolate milk is closest USDA equivalent to flavored drinkable yogurt with added sugar",0.0,64.0,64.0,0.0,0.56,0.61,-0.3,0.1,19.0,0.13,42.0,,,51.0,0.021,0.127,,0.03,0.065
13028,＜牛乳及び乳製品＞　（発酵乳・乳酸菌飲料）　乳酸菌飲料　乳製品,乳類,牛乳及び乳製品,True,False,170906,"Yogurt, vanilla, non-fat",Dairy and Egg Products,high,"Lactic acid beverage (乳酸菌飲料) is a fermented dairy drink similar to yogurt; yogurt non-fat matches energy (78 vs 64 kcal), carbs (17.0 vs 15.4g), and protein (2.94 vs 1.1g) reasonably well as closest functional equivalent",19.7,64.0,78.0,14.0,1.84,,1.6,0.0,75.0,,93.0,0.43,,61.0,0.032,0.15,0.9,,0.119
13029,＜牛乳及び乳製品＞　（発酵乳・乳酸菌飲料）　乳酸菌飲料　殺菌乳製品,乳類,牛乳及び乳製品,True,False,171301,"Kefir, lowfat, strawberry, LIFEWAY",Dairy and Egg Products,medium,"Lactic acid bacteria drink (乳酸菌飲料) is a fermented milk beverage; kefir is the closest US equivalent as a cultured/fermented milk drink, though energy content is higher (261 vs 217 kcal) likely due to added sugars in the USDA sample",18.4,217.0,261,44.0,1.89,0.8,,0.0,64.0,-0.06,94.0,0.24,1.5,178.0,0.01,0.13,,,0.094
13030,＜牛乳及び乳製品＞　（発酵乳・乳酸菌飲料）　乳酸菌飲料　非乳製品,乳類,牛乳及び乳製品,True,False,167730,"Milk, imitation, non-soy",Dairy and Egg Products,medium,"Non-dairy milk substitute with similar low energy (46 vs 39 kcal), minimal protein (1.6 vs 0.4g), and comparable carbohydrate content (5.3 vs 9.3g), best matching the 'non-dairy lactic acid beverage' category",16.5,39.0,46.0,7.0,1.2,1.9,-4.0,-0.2,66.0,,106.0,,-5.0,60.0,-0.01,-0.01,1.0,,0.14
13031,＜牛乳及び乳製品＞　（チーズ類）　ナチュラルチーズ　エダム,乳類,牛乳及び乳製品,True,False,173419,"Cheese, edam",Dairy and Egg Products,high,"Exact food match - USDA Cheese, edam directly corresponds to Japanese ナチュラルチーズ エダム (Natural Cheese Edam); nutrient profile closely aligns (E: 357 vs 321, P: 25.0 vs 28.9, F: 28.6 vs 22.6, Salt: 2.471 vs 2.0g)",10.6,321.0,357,36.0,-3.9,6.0,1.43,0.0,71.0,0.14,123.0,-0.85,0.0,93.0,-0.003,-0.031,0.3,-1.26,0.471
13032,＜牛乳及び乳製品＞　（チーズ類）　ナチュラルチーズ　エメンタール,乳類,牛乳及び乳製品,True,False,171242,"Cheese, gruyere",Dairy and Egg Products,high,"Emmental is a Swiss-style hard cheese; Gruyere is the closest match with nearly identical nutrient profile (energy, protein, fat, calcium) and similar salt content to the Japanese entry.",3.7,398.0,413,15.0,2.5,2.8,0.36,0.0,-190.0,-0.13,-29.0,-0.4,0.0,91.0,0.04,-0.201,0.5,0.6,0.514
13033,＜牛乳及び乳製品＞　（チーズ類）　ナチュラルチーズ　カテージ,乳類,牛乳及び乳製品,True,False,172179,"Cheese, cottage, creamed, large or small curd",Dairy and Egg Products,high,"Cottage cheese creamed matches the Japanese natural cottage cheese (カテージ) in food category and nutrient profile (E=98 vs 99, P=11.1 vs 13.3, F=4.3 vs 4.1); candidate 1 has added vegetables making it less of a direct match",1.0,99.0,98.0,-1.0,-2.2,0.2,2.88,0.0,28.0,-0.03,54.0,-0.1,0.0,17.0,0.007,0.013,0.1,-0.57,-0.2
13034,＜牛乳及び乳製品＞　（チーズ類）　ナチュラルチーズ　カマンベール,乳類,牛乳及び乳製品,True,False,172178,"Cheese, camembert",Dairy and Egg Products,high,"Exact food match (Camembert cheese) with very similar nutrient profile across energy, protein, fat, and salt content",3.0,291.0,300,9.0,0.7,1.8,0.46,0.0,-72.0,0.13,67.0,-0.42,0.0,101.0,-0.002,0.008,0.2,0.0,0.139
13035,＜牛乳及び乳製品＞　（チーズ類）　ナチュラルチーズ　クリーム,乳類,牛乳及び乳製品,True,False,173418,"Cheese, cream",Dairy and Egg Products,high,"Exact food match (cream cheese) with closest nutrient profile: energy 313 vs 350kcal, protein 8.2 vs 6.15g, fat 30.1 vs 34.4g, carbs 2.5 vs 5.52g, salt 0.7 vs 0.798g",11.2,313.0,350,37.0,-2.05,4.3,3.02,0.0,27.0,0.01,62.0,-0.2,0.0,138.0,-0.007,0.01,-0.2,0.12,0.098
13036,＜牛乳及び乳製品＞　（チーズ類）　ナチュラルチーズ　ゴーダ,乳類,牛乳及び乳製品,True,False,173419,"Cheese, edam",Dairy and Egg Products,high,"Edam cheese matches both the food concept (semi-hard natural cheese) and nutrient profile most closely, with nearly identical energy (357 vs 356 kcal), protein (25.0 vs 25.8g), and fat (28.6 vs 26.2g) content, despite Gouda not being directly listed in USDA database.",0.3,356.0,357,1.0,-0.8,2.4,,0.0,51.0,0.14,113.0,0.15,0.0,73.0,0.007,0.059,0.5,-0.36,0.471
13037,＜牛乳及び乳製品＞　（チーズ類）　ナチュラルチーズ　チェダー,乳類,牛乳及び乳製品,True,False,170899,"Cheese, cheddar, sharp, sliced",Dairy and Egg Products,high,"Cheddar sharp sliced matches the Japanese natural cheddar cheese entry most closely in energy (410 vs 390 kcal), protein (24.2 vs 25.7g), fat (33.8 vs 32.1g), and carbohydrates (2.13 vs 0.4g), with minimal nutrient variation typical of cheese formulation differences.",5.0,390.0,410,20.0,-1.5,1.7,1.73,0.0,-29.0,-0.14,-9.0,-0.26,0.0,53.0,-0.013,-0.016,1.0,-1.02,-0.364
13038,＜牛乳及び乳製品＞　（チーズ類）　ナチュラルチーズ　パルメザン,乳類,牛乳及び乳製品,True,False,173431,"Cheese, parmesan, shredded",Dairy and Egg Products,high,"Parmesan shredded matches Japanese パルメザン (Parmigiano) most closely in both food type and nutrient profile (energy, protein, fat, and salt content align well)",7.0,445.0,415,-30.0,-6.1,-0.3,3.41,0.0,-50.0,0.47,-23.0,-4.11,0.0,109.0,-0.009,-0.328,0.3,-1.1,0.518
13039,＜牛乳及び乳製品＞　（チーズ類）　ナチュラルチーズ　ブルー,乳類,牛乳及び乳製品,True,False,171250,"Cheese, roquefort",Dairy and Egg Products,high,"ブルーチーズ (Blue cheese) matches Roquefort both as a blue-veined natural cheese and in nutrient profile (Energy 326 vs 369, Protein 18.8 vs 21.5, Fat 26.1 vs 30.6, Salt 3.8 vs 4.6)",12.4,326.0,369,43.0,2.7,4.5,2.0,0.0,72.0,0.26,-29.0,-0.42,0.0,124.0,0.01,0.166,,-0.46,0.797
13055,＜牛乳及び乳製品＞　（チーズ類）　ナチュラルチーズ　マスカルポーネ,乳類,牛乳及び乳製品,True,False,173418,"Cheese, cream",Dairy and Egg Products,high,"Mascarpone is an Italian cream cheese with high fat content (25.3g) and low carbohydrates (3.6g); USDA Cheese, cream (350kcal) is the closest match in fat profile, though energy is higher, making it the best available equivalent for this soft, spreadable cheese category.",24.7,273.0,350,77.0,1.75,9.1,1.92,0.0,-53.0,0.01,-8.0,0.0,0.0,231.0,-0.007,0.06,-0.2,0.02,0.698
13056,＜牛乳及び乳製品＞　（チーズ類）　ナチュラルチーズ　モッツァレラ,乳類,牛乳及び乳製品,True,False,170845,"Cheese, mozzarella, whole milk",Dairy and Egg Products,high,"Mozzarella whole milk cheese matches the Japanese ナチュラルチーズ モッツァレラ (natural mozzarella cheese) in both concept and nutrient profile, with closest energy (299 vs 269 kcal) and protein (22.2 vs 18.4g) values among candidates.",10.6,269.0,299,30.0,3.8,,2.4,0.0,175.0,0.34,56.0,0.12,,,0.02,0.093,0.2,0.68,1.034
13057,＜牛乳及び乳製品＞　（チーズ類）　ナチュラルチーズ　やぎ,乳類,牛乳及び乳製品,True,False,172178,"Cheese, camembert",Dairy and Egg Products,high,"Natural goat cheese matches camembert cheese profile with similar energy (280 vs 300 kcal), protein (20.6 vs 19.8g), and fat (20.1 vs 24.3g) content; both are soft natural cheeses",6.9,280.0,300,20.0,-0.8,4.2,-0.54,0.0,258.0,0.23,-73.0,1.88,,241.0,-0.062,-0.392,0.1,1.0,0.939
13058,＜牛乳及び乳製品＞　（チーズ類）　ナチュラルチーズ　リコッタ,乳類,牛乳及び乳製品,True,False,746766,"Cheese, ricotta, whole milk",Dairy and Egg Products,high,"Ricotta whole milk cheese matches the Japanese natural ricotta cheese entry; energy (157 vs 159 kcal), protein (7.81 vs 7.1g), and calcium (340mg) align well despite minor fat content difference",1.3,159.0,157,-2.0,0.71,,,,-116.0,0.0,20.0,0.26,,,0.003,0.117,,0.58,-0.133
13040,＜牛乳及び乳製品＞　（チーズ類）　プロセスチーズ,乳類,牛乳及び乳製品,True,False,170855,"Cheese, pasteurized process, swiss",Dairy and Egg Products,high,"プロセスチーズ (process cheese) matches pasteurized process cheese; candidate 13 has nearly identical nutrient profile (E=334 vs 313kcal, P=24.7 vs 22.7g, F=25.0 vs 24.7g) and salt content (3.48 vs 2.8g) most similar among process cheese options",6.5,313.0,334,21.0,2.0,0.3,2.0,0.0,142.0,0.31,156.0,0.41,0.0,-32.0,-0.016,-0.104,,-1.97,0.68
13041,＜牛乳及び乳製品＞　（チーズ類）　チーズスプレッド,乳類,牛乳及び乳製品,True,False,171254,"Cheese spread, pasteurized process, American",Dairy and Egg Products,high,"Cheese spread, pasteurized process, American matches the Japanese cheese spread concept with nearly identical nutrient profile (290 vs 284 kcal, 16.4g vs 15.9g protein, 21.2g vs 23.1g fat) and appropriate food category classification.",2.1,284.0,290,6.0,0.5,-1.9,,0.0,102.0,0.13,192.0,0.99,0.0,23.0,0.028,0.081,0.1,-0.1,1.615
13042,＜牛乳及び乳製品＞　（アイスクリーム類）　アイスクリーム　高脂肪,乳類,牛乳及び乳製品,True,False,170866,"Dessert topping, powdered, 1.5 ounce prepared with 1/2 cup milk",Dairy and Egg Products,high,"High-fat ice cream matches best on energy (205 vs 194 kcal), fat content (10.8 vs 12.7g), and carbohydrates (18.1 vs 17.1g); dessert topping prepared with milk is closest conceptual equivalent to high-fat ice cream in USDA database",5.5,205.0,194,-11.0,0.11,1.9,-1.0,-0.1,-40.0,-0.06,-9.0,-0.23,,-11.0,-0.033,-0.063,0.8,-0.14,-0.032
13043,＜牛乳及び乳製品＞　（アイスクリーム類）　アイスクリーム　普通脂肪,乳類,牛乳及び乳製品,True,False,170908,"Yogurt, frozen, flavors other than chocolate, lowfat",Dairy and Egg Products,high,"Frozen yogurt (lowfat) matches ice cream concept and nutrient profile most closely: similar energy (139 vs 178kcal), protein (8.0 vs 3.9g), fat (2.5 vs 7.7g), carbs (21.0 vs 18.0g), and is the closest available US dairy frozen dessert to regular-fat Japanese ice cream",24.6,178.0,139,-39.0,4.1,-5.2,3.0,-0.1,60.0,,-82.0,-0.21,,4.0,-0.032,-0.075,-0.1,-0.15,-0.186
13045,＜牛乳及び乳製品＞　（アイスクリーム類）　ラクトアイス　普通脂肪,乳類,牛乳及び乳製品,True,False,167687,"Whipped topping, frozen, low fat",Dairy and Egg Products,high,"ラクトアイス (lacto ice) is a low-fat ice cream product; candidate #1 'Whipped topping, frozen, low fat' has nearly identical energy (224 vs 217 kcal), fat (13.1 vs 14.1g), and carbs (23.6 vs 20.9g) profiles, representing the closest nutritional and conceptual match for this standard-fat frozen dessert",3.2,217.0,224,7.0,-0.1,-1.0,2.7,-0.1,-24.0,0.0,-49.0,-0.3,,4.0,-0.01,-0.06,,0.0,-0.017
13046,＜牛乳及び乳製品＞　（アイスクリーム類）　ラクトアイス　低脂肪,乳類,牛乳及び乳製品,True,False,173456,"Yogurt, fruit, low fat, 9 grams protein per 8 ounce, fortified with vitamin D",Dairy and Egg Products,medium,"Lacto ice (low-fat ice cream) is closest to yogurt with fruit/low-fat profile; similar energy (99 vs 108 kcal), low fat (1.15 vs 2.0g), protein (3.98 vs 1.8g), and moderate carbohydrates, though yogurt has higher carbs due to fruit content",8.7,108.0,99.0,-9.0,2.18,-0.85,,0.0,78.0,-0.04,97.0,0.57,0.6,11.0,0.014,0.042,,0.33,0.035
13047,＜牛乳及び乳製品＞　（アイスクリーム類）　ソフトクリーム,乳類,牛乳及び乳製品,True,False,170884,"Milk shakes, thick vanilla",Dairy and Egg Products,medium,"Soft-serve ice cream is a frozen dairy dessert; milk shake (vanilla) is closest match with similar energy (112 vs 146 kcal), protein (3.86 vs 3.8g), and fat (3.03 vs 5.6g) profiles, though soft-serve would typically be richer; no dedicated ice cream entry available in candidates",26.4,146.0,112,-34.0,0.06,-2.57,,0.0,16.0,0.0,-7.0,-0.01,0.0,16.0,-0.02,-0.025,1.1,0.32,0.041
13050,＜牛乳及び乳製品＞　（その他）　チーズホエーパウダー,乳類,牛乳及び乳製品,True,False,172195,"Milk, dry, nonfat, regular, with added vitamin A and vitamin D",Dairy and Egg Products,high,"Cheese whey powder is a dairy byproduct powder with high carbs (74.7g vs 52.0g), moderate protein (12.5g vs 36.2g), low fat, and high potassium; best match is nonfat dry milk powder which shares the powder form, similar carb-to-protein ratio, and comparable mineral profile despite protein difference due to whey's lower protein concentration",6.6,339.0,362,23.0,23.7,-0.43,-22.7,0.0,640.0,-0.08,-10.0,3.78,3.8,643.0,0.195,-0.8,,0.63,-0.441
13052,＜その他＞　やぎ乳,乳類,その他,True,False,171278,"Milk, goat, fluid, with added vitamin D",Dairy and Egg Products,high,"Exact food concept match - goat milk fluid; nutrient profile closely aligns with Japanese goat milk (Energy 69 vs 57 kcal is reasonable variation, protein 3.56g vs 3.1g, fat 4.14g vs 3.2g, carbs 4.45g vs 4.8g all within acceptable range for different production methods)",19.0,57.0,69.0,12.0,0.46,0.94,-0.35,0.0,14.0,-0.05,-16.0,0.0,0.3,57.0,0.008,-0.002,1.3,0.07,0.027
14023,（植物油脂類）　あまに油,油脂類,植物油脂類,True,False,172336,"Oil, canola",Fats and Oils,high,Flaxseed oil (あまに油) is a plant-based vegetable oil with similar energy (884-897 kcal) and fat content (99.5-100g); canola oil is the most common plant oil match in USDA database with equivalent nutritional profile,1.5,897.0,884,-13.0,,0.5,,0.0,,,,0.0,0.0,-11.0,0.0,0.0,0.0,,
14001,（植物油脂類）　オリーブ油,油脂類,植物油脂類,True,False,172336,"Oil, canola",Fats and Oils,high,"Olive oil is a common vegetable oil available globally; canola oil is the closest nutritional match (884 kcal, 100g fat) among vegetable oils, though olive oil specifically is not listed in USDA database candidates",1.1,894.0,884,-10.0,,1.1,,0.0,,,,0.0,0.0,-180.0,0.0,0.0,0.0,0.0,
14002,（植物油脂類）　ごま油,油脂類,植物油脂類,True,False,173573,"Oil, avocado",Fats and Oils,high,"Sesame oil is a common vegetable oil available in US food supply; avocado oil matches the nutrient profile (884 kcal, 100g fat) and represents an unhydrogenated, single-source vegetable oil closest to sesame oil's category and usage",0.7,890.0,884,-6.0,,1.9,,0.0,,,,,0.0,,0.0,0.0,,0.0,
14003,（植物油脂類）　米ぬか油,油脂類,植物油脂類,True,False,172336,"Oil, canola",Fats and Oils,high,"Rice bran oil (米ぬか油) is a vegetable oil with nutrient profile (880kcal, 96.1g fat) matching canola oil's composition; both are refined vegetable oils used for cooking with similar energy and fat content",0.5,880.0,884,4.0,,3.9,,0.0,,,,0.0,0.0,0.0,0.0,0.0,0.0,0.0,
14025,（植物油脂類）　サフラワー油　ハイリノール,油脂類,植物油脂類,True,False,171025,"Oil, sunflower, linoleic, (approx. 65%)",Fats and Oils,high,Safflower oil high-linoleic matches sunflower linoleic oil (both high polyunsaturated oils with similar fatty acid profiles and nearly identical nutrient values of ~884kcal and 100g fat),0.1,883.0,884,1.0,,3.4,,0.0,,,,0.0,0.0,0.0,0.0,0.0,0.0,0.0,
14005,（植物油脂類）　大豆油,油脂類,植物油脂類,True,False,172370,"Oil, vegetable, soybean, refined",Fats and Oils,high,"大豆油 (soybean oil) is refined vegetable oil matching 'Oil, vegetable, soybean, refined' with nearly identical nutrient profile (884 kcal, 100g fat)",0.1,885.0,884,-1.0,,3.0,,0.0,,0.02,,0.0,0.0,0.0,0.0,0.0,,0.0,
14006,（植物油脂類）　調合油,油脂類,植物油脂類,True,False,169867,"Oil, corn and canola",Fats and Oils,high,"調合油 (blended oil) is a vegetable oil blend commonly used in Japan; Option 4 'Oil, corn and canola' matches the concept of a mixed vegetable oil blend with nearly identical nutrient profile (884 kcal, 100g fat)",0.2,886.0,884,-2.0,,2.8,,0.0,,,,,0.0,0.0,0.0,0.0,0.0,0.0,
14007,（植物油脂類）　とうもろこし油,油脂類,植物油脂類,True,False,169867,"Oil, corn and canola",Fats and Oils,high,"とうもろこし油 (corn oil) matches 'Oil, corn and canola' with identical energy (884kcal) and fat (100g vs 96.8g) profiles, and is the only candidate explicitly listing corn oil as a primary ingredient",0.0,884.0,884,0.0,,3.2,,0.0,,,,0.0,0.0,0.0,0.0,0.0,0.0,0.0,
14008,（植物油脂類）　なたね油,油脂類,植物油脂類,True,False,172336,"Oil, canola",Fats and Oils,high,"Rapeseed oil (なたね油) is canola oil, matching USDA canola oil entry with identical energy (884kcal) and fat content (100g) profile",0.3,887.0,884,-3.0,,2.5,,0.0,,,,,0.0,0.0,0.0,0.0,0.0,0.0,
14009,（植物油脂類）　パーム油,油脂類,植物油脂類,True,False,172331,"Shortening frying (heavy duty), palm (hydrogenated)",Fats and Oils,high,"パーム油 (palm oil) matches best with Shortening frying (heavy duty), palm (hydrogenated) - both are palm-based oils with similar energy (887 vs 884 kcal) and fat content (97.3 vs 100g), and this is the only candidate explicitly identifying palm as the primary ingredient.",0.3,887.0,884,-3.0,,2.7,,0.0,,,,0.0,0.0,0.0,0.0,0.0,,0.0,
14010,（植物油脂類）　パーム核油,油脂類,植物油脂類,True,False,171412,"Oil, coconut",Fats and Oils,high,"パーム核油 (palm kernel oil) is a tropical plant oil similar to coconut oil in composition and properties, with matching energy (893 vs 892 kcal) and fat content (98.6 vs 99.1g per 100g)",0.1,893.0,892,-1.0,,0.5,,0.0,,0.05,,0.02,0.0,0.0,0.0,0.0,0.0,0.0,
14011,（植物油脂類）　ひまわり油　ハイリノール,油脂類,植物油脂類,True,False,171025,"Oil, sunflower, linoleic, (approx. 65%)",Fats and Oils,high,"Sunflower oil with high linoleic acid content (ハイリノール = high linoleic) matches USDA entry for sunflower linoleic oil with identical nutrient profile (884kcal, 100g fat)",1.7,899.0,884,-15.0,,0.1,,0.0,,,,0.0,0.0,0.0,0.0,0.0,0.0,0.0,
14026,（植物油脂類）　ひまわり油　ミッドオレイック,油脂類,植物油脂類,True,False,171042,"Oil, industrial, canola, high oleic",Fats and Oils,high,"Mid-oleic sunflower oil matches 'ミッドオレイック' (mid-oleic) descriptor; canola high oleic variant is closest available match with similar energy (900kcal) and fat content (100g) to the Japanese product (892kcal, 98.4g)",0.9,892.0,900,8.0,,1.6,,0.0,,,,0.0,0.0,0.0,0.0,0.0,0.0,0.0,
14027,（植物油脂類）　ひまわり油　ハイオレイック,油脂類,植物油脂類,True,False,171042,"Oil, industrial, canola, high oleic",Fats and Oils,high,"High oleic sunflower oil directly matches 'ハイオレイック' (high oleic) sunflower oil; candidate #2 is industrial high oleic canola oil with nearly identical nutrient profile (E=900kcal, F=100g) and the most specific functional match for high oleic vegetable oil",0.1,899.0,900,1.0,,0.3,,0.0,,,,0.0,0.0,0.0,0.0,0.0,0.0,0.0,
14028,（植物油脂類）　ぶどう油,油脂類,植物油脂類,True,False,172336,"Oil, canola",Fats and Oils,high,"Grape seed oil (ぶどう油) is a common vegetable oil; canola oil matches the neutral vegetable oil category with closest nutrient profile (884 kcal, 100g fat) to the Japanese entry (882 kcal, 96.5g fat)",0.2,882.0,884,2.0,,3.5,,0.0,,,,0.0,0.0,-6.0,0.0,0.0,0.0,0.0,
14012,（植物油脂類）　綿実油,油脂類,植物油脂類,True,False,171441,"Oil, industrial, cottonseed, fully hydrogenated",Fats and Oils,high,"綿実油 (cottonseed oil) matches Oil, industrial, cottonseed, fully hydrogenated with identical energy (884 kcal) and fat content (100g) profile",0.1,883.0,884,1.0,,3.4,,0.0,,,,0.0,0.0,0.0,0.0,0.0,0.0,0.0,
14013,（植物油脂類）　やし油,油脂類,植物油脂類,True,False,171412,"Oil, coconut",Fats and Oils,high,"やし油 (palm oil) matches coconut oil nutritionally (889 vs 892 kcal, 97.7 vs 99.1g fat) and is the closest tropical vegetable oil equivalent in USDA database",0.3,889.0,892,3.0,,1.4,,0.0,,0.05,,,0.0,0.0,0.0,0.0,0.0,0.0,
14014,（植物油脂類）　落花生油,油脂類,植物油脂類,True,False,172336,"Oil, canola",Fats and Oils,high,"落花生油 (peanut oil) is a common cooking oil globally; canola oil is the closest USDA match with nearly identical nutrient profile (884 kcal, 100g fat) and similar culinary applications as a neutral vegetable oil.",0.2,882.0,884,2.0,,3.6,,0.0,,,,0.0,0.0,0.0,0.0,0.0,0.0,0.0,
14019,（バター類）　発酵バター　有塩バター,油脂類,バター類,True,False,172369,"Margarine, industrial, soy and partially hydrogenated soy oil, use for baking, sauces and candy",Fats and Oils,medium,"Salted fermented butter (発酵バター有塩バター) is a dairy fat product; candidate 1 (margarine) has closest energy (714 vs 713 kcal) and fat content (80.0 vs 74.6g), though margarine is not a true butter equivalent and lacks butter's dairy composition and vitamin profile",0.1,713.0,714,1.0,-0.42,5.4,,0.0,-9.0,-0.28,-7.0,0.01,,,0.012,-0.02,,0.11,0.95
14020,（マーガリン類）　マーガリン　家庭用　有塩,油脂類,マーガリン類,True,False,171436,"Margarine, regular, 80% fat, composite, tub, with salt, with added vitamin D",Fats and Oils,high,"Salted household margarine with ~80% fat content matches energy (713 vs 715 kcal), fat (80.2 vs 78.9g), and salt (1.669 vs 1.3g) profiles most closely among available options",0.3,715.0,713,-2.0,-0.18,1.3,-0.15,0.0,-11.0,,-10.0,-0.1,0.1,519.0,-0.01,-0.03,-0.3,0.08,0.369
14033,（マーガリン類）　マーガリン　家庭用　無塩,油脂類,マーガリン類,True,False,171040,"Margarine, regular, 80% fat, composite, stick, without salt, with added vitamin D",Fats and Oils,high,"Perfect match: unsalted margarine with ~80% fat, nearly identical energy (717 vs 715 kcal), fat (80.7 vs 78.9g), and critically, zero salt (0.005g vs 0.0g) matching the Japanese '無塩' (unsalted) specification",0.3,715.0,717,2.0,-0.24,1.8,-0.2,0.0,-11.0,,-9.0,-0.1,0.2,519.0,0.0,0.007,-0.3,0.1,0.005
14029,（マーガリン類）　マーガリン　業務用　有塩,油脂類,マーガリン類,True,False,172369,"Margarine, industrial, soy and partially hydrogenated soy oil, use for baking, sauces and candy",Fats and Oils,high,"Industrial margarine with similar energy (740 vs 714 kcal), fat content (80.3 vs 80.0g), protein (0.3 vs 0.18g), and salt levels (1.3 vs 2.25g); best conceptual match for salted industrial-use margarine",3.6,740.0,714,-26.0,-0.12,-0.3,,0.0,-11.0,,-9.0,0.01,,,0.002,-0.03,,0.21,0.95
14034,（マーガリン類）　マーガリン　業務用　無塩,油脂類,マーガリン類,True,False,172369,"Margarine, industrial, soy and partially hydrogenated soy oil, use for baking, sauces and candy",Fats and Oils,high,"Industrial margarine with unsalted formulation matches Japanese product in category, fat content (80.0g vs 80.3g), energy (714 vs 740kcal), and protein profile; salt content difference (2.25g vs 0.0g) reflects the unsalted specification of Japanese item",3.6,740.0,714,-26.0,-0.12,-0.3,,0.0,-11.0,,-9.0,0.01,,,0.002,-0.03,,0.21,2.25
14021,（マーガリン類）　ファットスプレッド,油脂類,マーガリン類,True,False,172371,"Margarine-like spread, SMART BALANCE Regular Buttery Spread with flax oil",Fats and Oils,high,"Margarine-like spread with nearly identical energy (579 vs 583 kcal), fat content (64.1 vs 64.6g), and salt level (1.1 vs 1.641g); closest nutrient profile match among all candidates",0.7,579.0,583,4.0,-0.06,0.5,-0.46,0.0,,,11.0,,,,,,,,0.541
14022,（その他）　ショートニング　家庭用,油脂類,その他,True,False,172332,Shortening household soybean (hydrogenated) and palm,Fats and Oils,high,"Household shortening is the exact functional equivalent; nutrient profile (889 vs 884 kcal, 97.8 vs 100g fat) matches closely with soybean and palm hydrogenated blend being common household shortening composition in both countries.",0.6,889.0,884,-5.0,,2.2,,0.0,,,,0.0,0.0,0.0,0.0,0.0,,0.0,
14030,（その他）　ショートニング　業務用　製菓,油脂類,その他,True,False,172334,"Shortening, confectionery, fractionated palm",Fats and Oils,high,"Japanese confectionery shortening (製菓ショートニング) directly matches USDA 'Shortening, confectionery, fractionated palm' - both are commercial-grade shortening specifically formulated for baking/confectionery with nearly identical nutrient profiles (881 vs 884 kcal, 96.3 vs 100g fat).",0.3,881.0,884,3.0,,3.7,,0.0,,,,0.0,0.0,0.0,0.0,0.0,,0.0,
14031,（その他）　ショートニング　業務用　フライ,油脂類,その他,True,False,172331,"Shortening frying (heavy duty), palm (hydrogenated)",Fats and Oils,high,"Japanese frying shortening (業務用フライ) directly matches USDA 'Shortening frying (heavy duty), palm (hydrogenated)' - both are commercial-grade frying shortenings with identical energy (884-886 kcal) and fat content (97-100g per 100g)",0.2,886.0,884,-2.0,,2.7,,0.0,,,,0.0,0.0,0.0,0.0,0.0,,0.0,
15006,＜和生菓子・和半生菓子類＞　ういろう　白,菓子類,和生菓子・和半生菓子類,True,False,167738,"Pie fillings, blueberry, canned",Sweets,medium,"Uiro is a traditional Japanese steamed cake with simple ingredients (flour, sugar, water); pie filling is closest USDA match by energy (181 vs 181 kcal), carbs (44.4 vs 46.8g), minimal fat/protein, and low sodium, though conceptually different from traditional confectionery",0.0,181.0,181,0.0,-0.59,0.1,-2.4,2.5,25.0,0.6,98.0,-0.1,0.7,1.0,0.003,,0.0,0.0,0.03
15009,＜和生菓子・和半生菓子類＞　カステラ,菓子類,和生菓子・和半生菓子類,True,False,172707,"Cake, sponge, prepared from recipe",Baked Products,high,"Castella is a sponge cake; USDA entry 2 (Cake, sponge, prepared from recipe) matches both food category and nutrient profile closely (E: 297 vs 313 kcal, P: 7.3 vs 7.1g, F: 4.3g match, C: 57.7 vs 65.7g are comparable for cake variations)",5.2,313.0,297,-16.0,0.2,0.0,-8.0,,15.0,0.88,55.0,-0.01,0.0,70.0,0.109,0.121,,-0.03,0.379
15014,＜和生菓子・和半生菓子類＞　きりざんしょ,菓子類,和生菓子・和半生菓子類,True,False,169626,"Frostings, white, fluffy, dry mix, prepared with water",Sweets,high,"きりざんしょ is a Japanese confectionery with near-identical energy (245 vs 244 kcal) and carbohydrate (62.6g match) content; Option 1 (Frostings, white, fluffy, dry mix) provides the closest nutrient profile despite being a Western confectionery product rather than a traditional Japanese sweet.",0.4,245.0,244,-1.0,-0.6,,0.0,-0.2,2.0,-0.24,46.0,-0.28,0.0,0.0,-0.029,0.016,,0.01,0.196
15122,＜和生菓子・和半生菓子類＞　くずもち　関東風　小麦でん粉製品,菓子類,和生菓子・和半生菓子類,True,False,168798,"Puddings, tapioca, ready-to-eat, fat free",Sweets,high,"Kuzu mochi (wheat starch version) is a Japanese jelly-like confection; tapioca pudding ready-to-eat matches nearly identically on energy (94 kcal), carbs (21.3g vs 24.6g), and low protein/fiber profile, representing the closest US equivalent dessert gel/pudding product.",0.0,94.0,94.0,0.0,1.34,,-3.3,0.0,48.0,-0.09,68.0,,0.3,0.0,0.013,0.075,0.0,0.31,0.475
15024,＜和生菓子・和半生菓子類＞　タルト　（和菓子）,菓子類,和生菓子・和半生菓子類,True,False,172706,"Cake, sponge, commercially prepared",Baked Products,medium,"Sponge cake (commercially prepared) best matches the light, airy texture of Japanese tart-style confectionery with closest nutrient profile (E=290 vs 288kcal, P=5.4 vs 5.9g, C=61.0 vs 63.9g), though Japanese tart typically has less fat and higher carbs",0.7,288.0,290,2.0,-0.5,0.1,-2.9,-1.0,43.0,1.82,35.0,0.01,-1.0,42.0,0.203,0.159,-0.8,-0.06,1.482
15156,＜和生菓子・和半生菓子類＞　どら焼　こしあん入り,菓子類,和生菓子・和半生菓子類,True,False,173243,"Cake, pound, commercially prepared, fat-free",Baked Products,high,"Dorayaki is a Japanese sweet cake with filling; pound cake fat-free matches energy (283 vs 282kcal), carbs (61.0 vs 61.2g), and low fat profile most closely, despite being a Western cake equivalent",0.4,282.0,283,1.0,-1.2,-1.6,-0.2,-0.4,12.0,0.96,49.0,-0.19,0.0,28.0,0.085,0.212,-0.7,-0.2,0.566
15027,＜和生菓子・和半生菓子類＞　どら焼　つぶしあん入り,菓子類,和生菓子・和半生菓子類,True,False,172707,"Cake, sponge, prepared from recipe",Baked Products,medium,"Dorayaki is a Japanese pancake-based confection with sweet filling; sponge cake is the closest structural match in energy (297 vs 292 kcal), protein (7.3 vs 6.6g), and carbs (57.7 vs 63.7g), though no perfect US equivalent exists for this traditional Japanese sweet.",1.7,292.0,297,5.0,0.7,1.5,-6.0,,20.0,0.48,21.0,-0.01,0.0,76.0,0.119,0.211,,0.17,0.179
15158,＜和生菓子・和半生菓子類＞　生八つ橋　あん入り　つぶしあん入り,菓子類,和生菓子・和半生菓子類,True,False,169641,Jams and preserves,Sweets,medium,"生八つ橋 is a traditional Japanese confectionery with anko (red bean paste), which most closely matches jam/preserves in nutrient profile (E=275 vs 278kcal, C=67.8 vs 68.9g) and basic composition, though it's a distinctly Japanese product without direct US equivalent",1.1,275.0,278,3.0,-3.33,-0.23,1.1,-1.2,8.0,-0.51,-33.0,-0.54,8.8,0.0,-0.014,0.056,0.0,0.0,-0.019
15029,＜和生菓子・和半生菓子類＞　まんじゅう　カステラまんじゅう　こしあん入り,菓子類,和生菓子・和半生菓子類,True,False,172707,"Cake, sponge, prepared from recipe",Baked Products,medium,"Sponge cake matches the light, airy cake structure of castella manju with similar energy (297 vs 292 kcal), protein (7.3 vs 6.7g), and low fat (4.3 vs 1.8g), though the red bean filling component is not captured in USDA database",1.7,292.0,297,5.0,0.6,2.5,-8.2,,-3.0,0.28,64.0,-0.01,0.0,76.0,0.119,0.231,,0.27,0.479
15159,＜和生菓子・和半生菓子類＞　まんじゅう　カステラまんじゅう　つぶしあん入り,菓子類,和生菓子・和半生菓子類,True,False,172707,"Cake, sponge, prepared from recipe",Baked Products,medium,"Castella manjuu is a sponge cake-based confection with bean paste filling; sponge cake matches closest on energy (297 vs 292 kcal), protein (7.3 vs 6.9g), and carbs (57.7 vs 64.7g), though the high fiber in the Japanese item suggests significant bean paste contribution not fully captured in USDA sponge cake entry.",1.7,292.0,297,5.0,0.4,2.3,-7.0,,9.0,0.38,-19.0,-0.01,0.0,76.0,0.109,0.231,,0.27,0.379
15164,＜和生菓子・和半生菓子類＞　まんじゅう　とうまんじゅう　つぶしあん入り,菓子類,和生菓子・和半生菓子類,True,False,172707,"Cake, sponge, prepared from recipe",Baked Products,medium,"Toumainjuu (steamed bun with sweet bean paste) is a traditional Japanese confection with similar nutrient profile to sponge cake - comparable energy (297 vs 294 kcal), protein (7.3 vs 6.9g), and carbohydrates (57.7 vs 63.6g), though neither is a perfect proxy for this specific Japanese sweet",1.0,294.0,297,3.0,0.4,1.4,-5.9,,19.0,0.28,1.0,-0.11,0.0,76.0,0.119,0.211,,0.17,0.379
15041,＜和干菓子類＞　あめ玉,菓子類,和干菓子類,True,False,167990,"Candies, hard",Sweets,high,"あめ玉 (hard candy) matches 'Candies, hard' with nearly identical energy (394 vs 385 kcal), carbohydrates (98.0 vs 102.7g), and minimal protein/fiber, representing the same confectionery product category",2.3,385.0,394,9.0,,,-4.7,0.0,2.0,,3.0,0.01,0.0,0.0,0.004,0.003,0.0,0.0,0.097
15044,＜和干菓子類＞　おのろけ豆,菓子類,和干菓子類,True,False,169586,"Candies, peanut brittle, prepared-from-recipe",Sweets,high,"Peanut brittle matches the concept of おのろけ豆 (a peanut-based dry confectionery) with very similar energy (486 vs 438 kcal), protein (7.57 vs 11.3g), fat (19.0 vs 13.8g), and carbohydrates (71.2 vs 71.6g) profiles",10.4,438.0,486,48.0,-3.73,5.2,-0.4,0.2,10.0,0.12,-102.0,-0.73,0.0,37.0,0.004,-0.006,0.0,0.01,0.13
15049,＜和干菓子類＞　小麦粉せんべい　かわらせんべい,菓子類,和干菓子類,True,False,172722,"Cookies, fortune",Baked Products,medium,"Kawara senbei is a thin, crispy wheat flour cracker; fortune cookies are the closest USDA baked product match with similar protein (4.2g vs 7.0g), fat (2.7g vs 2.9g), carbs (84.0g vs 89.6g), and energy density, though traditional Japanese senbei lacks exact US equivalent in the database.",3.1,390.0,378,-12.0,-2.8,-0.2,-5.6,0.4,2.0,0.84,-13.0,-0.23,0.0,0.0,0.112,0.02,-0.3,-0.29,-0.021
15050,＜和干菓子類＞　小麦粉せんべい　巻きせんべい,菓子類,和干菓子類,True,False,172722,"Cookies, fortune",Baked Products,medium,"小麦粉せんべい (wheat flour cracker) is a baked wheat product most similar to fortune cookies in texture and ingredient profile, though fortune cookies have slightly lower carbs and higher protein; best available US match for this traditional Japanese wheat-based cracker",2.1,386.0,378,-8.0,-0.1,1.4,-11.1,0.6,-10.0,1.14,-30.0,-0.03,0.0,0.0,0.132,0.09,-0.3,-0.09,-0.021
15051,＜和干菓子類＞　小麦粉せんべい　南部せんべい　ごま入り,菓子類,和干菓子類,True,False,175083,"Nabisco, Nabisco Grahams Crackers",Baked Products,high,"Nabisco Graham Crackers best matches the wheat flour cracker concept with sesame seeds; similar energy (424 vs 423 kcal), protein (6.99 vs 11.2g), fat (10.0 vs 10.8g), carbs (76.2 vs 73.3g), and salt (1.674 vs 1.1g) profiles to Nanbu senbei, a traditional Japanese wheat cracker.",0.2,423.0,424,1.0,-4.21,-0.8,2.9,-0.8,-161.0,1.93,7.0,0.64,0.0,,-0.042,0.16,,,0.574
15052,＜和干菓子類＞　小麦粉せんべい　南部せんべい　落花生入り,菓子類,和干菓子類,True,False,170651,"Snacks, pretzels, hard, plain, made with unenriched flour, unsalted",Snacks,medium,"Nanbu senbei is a wheat flour cracker with peanuts; pretzels are structurally similar wheat-based savory crackers with comparable energy (421 vs 381kcal), protein (11.7 vs 9.1g), and carbohydrates (76.6 vs 79.2g), though peanut content affects fat profile differences.",10.0,421.0,381,-40.0,-2.6,-5.7,2.6,-0.7,10.0,0.97,-84.0,0.15,0.0,-1.0,0.01,0.05,,0.0,-0.166
15053,＜和干菓子類＞　しおがま,菓子類,和干菓子類,True,False,168846,"Candies, divinity, prepared-from-recipe",Sweets,medium,"しおがま is a traditional Japanese hard candy/confection with minimal fat and high carbohydrates; divinity candy matches the nutrient profile best (energy, protein, fat, carbs all very similar) and represents a comparable simple sugar-based confection, though it's not a perfect cultural equivalent",4.5,348.0,364,16.0,-1.28,-0.14,-0.6,-0.6,-9.0,-0.18,-19.0,-0.51,0.0,-510.0,-0.008,0.045,,0.01,-1.414
15055,＜和干菓子類＞　ひなあられ　関東風,菓子類,和干菓子類,True,False,167966,"Snacks, rice cracker brown rice, plain",Snacks,high,"Hinaあられ (Kanto-style) is a puffed rice cracker confectionery; rice cracker brown rice plain matches the core ingredient, texture category, and nutrient profile most closely (E=387 vs 380, P=8.2 vs 9.6, C=81.5 vs 78.4, salt=0.422 vs 1.5g)",1.8,380.0,387,7.0,-1.4,0.2,3.1,1.7,-7.0,0.69,70.0,1.3,0.0,-1.0,0.001,0.125,0.0,0.0,-1.078
15057,＜和干菓子類＞　米菓　揚げせんべい,菓子類,和干菓子類,True,False,174948,"Cookies, brownies, dry mix, regular",Baked Products,medium,"揚げせんべい (fried rice cracker) is a deep-fried snack with similar energy (458 vs 434kcal), protein (5.6 vs 4.0g), fat (16.9 vs 14.9g), and carbs (75.9 vs 76.6g) to brownie dry mix; best overall nutrient match among baked/snack products despite category difference.",5.4,458.0,434,-24.0,-1.6,-2.0,0.7,,14.0,1.29,137.0,-0.26,0.3,1.0,0.085,0.142,,0.0,-0.43
15058,＜和干菓子類＞　米菓　甘辛せんべい,菓子類,和干菓子類,True,False,168783,"Puddings, rice, dry mix",Sweets,medium,"Rice pudding dry mix matches the rice cracker base and nutrient profile (376 vs 374 kcal, 91.2 vs 91.0g carbs), though traditional senbei is a baked cracker rather than a pudding mix",0.5,374.0,376,2.0,-4.0,-0.7,0.2,0.1,7.0,0.89,-115.0,-0.69,0.0,0.0,0.158,-0.018,,0.0,-0.27
15059,＜和干菓子類＞　米菓　あられ,菓子類,和干菓子類,True,False,170252,"Snacks, rice cakes, brown rice, multigrain, unsalted",Snacks,high,"Arare (puffed rice crackers) best matches rice cakes in food concept and nutrient profile: similar energy (387 vs 378kcal), protein (8.5 vs 7.5g), carbs (80.1 vs 82.9g), and salt content (0.01g salt in unsalted version reflects that arare can be made unsalted, though higher salt variant would be closer to actual salted arare)",2.4,378.0,387,9.0,1.0,2.7,-2.8,,13.0,1.66,195.0,0.93,0.0,0.0,0.007,0.154,,,-1.69
15060,＜和干菓子類＞　米菓　しょうゆせんべい,菓子類,和干菓子類,True,False,168857,"Snacks, corn cakes",Snacks,high,"Soy-flavored rice cracker (shoyu senbei) is a savory rice-based snack that best matches corn cakes nutritionally and conceptually as a crispy, salty snack product with similar energy (387 vs 368 kcal), protein (8.1 vs 7.3g), and salt content (1.24 vs 1.3g); rice cakes are closer conceptually than sweets/candies.",5.0,368.0,387,19.0,0.8,1.5,-5.0,1.3,11.0,0.4,27.0,0.9,0.0,70.0,0.15,0.01,,0.0,-0.06
15062,＜和干菓子類＞　ボーロ　そばボーロ,菓子類,和干菓子類,True,False,170251,"Snacks, rice cakes, brown rice, buckwheat, unsalted",Snacks,medium,"Soba borō is a traditional Japanese buckwheat cracker/confection; rice cakes with buckwheat offer the closest conceptual and nutritional match (similar protein ~9g, carbs ~80g, fat ~3.5g, fiber, low salt) among available US snacks, though exact product type differs",4.6,398.0,380,-18.0,1.3,0.5,-10.3,,-10.0,0.24,169.0,1.8,0.0,-2.0,-0.064,-0.007,,-0.3,-0.29
15125,＜菓子パン類＞　揚げパン,菓子類,菓子パン類,True,False,175033,"Sweet rolls, cheese",Baked Products,high,"揚げパン (fried sweet bread roll) matches sweet rolls nutritionally (E=369 vs 360kcal, P=8.7 vs 7.1g, F=17.8 vs 18.3g) and conceptually as a sweetened bread product with similar salt content (1.1 vs 0.907g)",2.5,369.0,360,-9.0,-1.6,0.5,,-0.6,76.0,0.16,27.0,-0.07,0.2,,-0.03,0.0,,0.2,-0.193
15069,＜菓子パン類＞　あんパン　こしあん入り,菓子類,菓子パン類,True,False,172817,"Bread, raisin, unenriched",Baked Products,medium,"Anpan (sweet red bean bread) is a cake-like pastry bread closest to raisin bread in texture and nutrient profile; similar energy (274 vs 267 kcal), carbs (52.3 vs 51.6g), protein (7.9 vs 6.8g), and low fat content, though raisin bread is not a perfect concept match",2.6,267.0,274,7.0,1.1,1.0,0.7,1.8,36.0,0.83,163.0,0.12,0.1,,0.117,0.103,,-0.1,0.691
15168,＜菓子パン類＞　あんパン　つぶしあん入り,菓子類,菓子パン類,True,False,172817,"Bread, raisin, unenriched",Baked Products,medium,"Raisin bread most closely matches a sweet filled bread roll with similar energy (274 vs 266 kcal), carbohydrates (52.3 vs 54.1g), protein (7.9 vs 7.0g), and fat (4.4 vs 3.5g) profiles; anpan is a sweet bean-filled bread conceptually similar to fruit-filled bread products",3.0,266.0,274,8.0,0.9,0.9,-1.8,1.0,43.0,0.83,107.0,0.02,0.1,,0.117,0.103,,-0.1,0.691
15126,＜菓子パン類＞　あんパン　薄皮タイプ　こしあん入り,菓子類,菓子パン類,True,False,167929,"Muffin, blueberry, commercially prepared, low-fat",Baked Products,medium,"Anpan (sweet bean paste bread) is conceptually closest to blueberry muffin as both are sweetened pastries with filling; energy (255 vs 256 kcal), protein (4.23 vs 6.6g), fat (4.22 vs 3.0g), and carbs (50.0 vs 53.6g) are reasonably similar, though protein and carbs differ somewhat due to different fillings and formulations.",0.4,256.0,255,-1.0,-2.37,1.22,-3.6,1.8,-1.0,0.7,51.0,0.67,0.9,,0.133,0.135,0.0,,0.949
15169,＜菓子パン類＞　あんパン　薄皮タイプ　つぶしあん入り,菓子類,菓子パン類,True,False,167929,"Muffin, blueberry, commercially prepared, low-fat",Baked Products,medium,"Blueberry muffin is closest match as a sweet baked good with similar energy (255 vs 258 kcal), carbs (50.0 vs 52.5g), low fat (4.22 vs 3.4g), and modest protein; anpan (sweet red bean bread) lacks direct US equivalent but muffin is nearest in texture, sweetness profile, and nutritional composition among available options",1.2,258.0,255,-3.0,-2.57,0.82,-2.5,1.0,14.0,0.7,-54.0,0.57,0.9,,0.123,0.125,0.0,,0.849
15128,＜菓子パン類＞　カレーパン　皮のみ,菓子類,菓子パン類,True,False,172754,"Danish pastry, cheese",Baked Products,high,"Curry bread (カレーパン) is a fried sweet bread with savory filling; Danish pastry cheese matches closest on energy (363 vs 374kcal), protein (7.2 vs 8.0g), fat (21.2 vs 21.9g), carbs (38.5 vs 37.2g), and salt (1.0 vs 1.059g) profile, representing similar fried/baked enriched bread pastry category.",3.0,363.0,374,11.0,0.8,0.7,-1.3,-0.3,12.0,1.1,-2.0,0.1,0.1,24.0,0.08,0.08,0.0,0.1,0.059
15070,＜菓子パン類＞　クリームパン,菓子類,菓子パン類,True,False,174936,"Cake, coffeecake, creme-filled with chocolate frosting",Baked Products,medium,"Cream-filled sweet pastry/cake best matches creme-filled coffeecake with chocolate frosting in energy (331 vs 286kcal), protein (5.0 vs 7.9g), and fat (10.8 vs 6.8g) profiles, though neither is a perfect match for Japanese cream pan",14.6,286.0,331,45.0,-2.9,4.0,8.1,0.7,-19.0,-0.29,-42.0,-0.46,,33.0,-0.02,-0.066,,-0.2,0.42
15130,＜菓子パン類＞　クリームパン　薄皮タイプ,菓子類,菓子パン類,True,False,175013,"Pie, banana cream, prepared from mix, no-bake type",Baked Products,medium,"Cream-filled sweet pastry/bread best matches banana cream pie in baked products category; energy (251 vs 218 kcal) and macronutrient profile (fat 12.9g vs 6.3g, carbs 31.6g vs 33.4g) reasonably similar despite pie having higher fat content typical of US cream pies",14.1,218.0,251,33.0,-2.6,6.6,-1.8,0.0,1.0,-0.24,3.0,-0.47,,90.0,0.032,-0.004,,-0.29,0.537
15071,＜菓子パン類＞　ジャムパン,菓子類,菓子パン類,True,False,172707,"Cake, sponge, prepared from recipe",Baked Products,medium,"Jam pan is a sweet bread with jam filling; sponge cake matches closest on energy (297 vs 285 kcal), protein (7.3 vs 5.3g), fat (4.3 vs 3.7g), carbs (57.7 vs 56.2g), and low salt (0.579 vs 0.3g), though it's cake rather than bread",4.1,285.0,297,12.0,2.0,0.6,1.5,,22.0,1.08,57.0,0.09,-3.0,,0.089,0.231,,0.27,0.279
15072,＜菓子パン類＞　チョココロネ,菓子類,菓子パン類,True,False,172699,"Cake, coffeecake, cheese",Baked Products,high,"Choco coroné is a sweet bread/cake hybrid with chocolate filling; coffeecake matches the category and nutrient profile most closely (320 vs 339 kcal, similar protein, fat, carbs, and salt content)",5.8,320.0,339,19.0,1.2,0.6,0.0,-0.1,-19.0,0.04,129.0,-0.01,,39.0,0.025,-0.015,,0.14,0.461
15131,＜菓子パン類＞　チョコパン　薄皮タイプ,菓子類,菓子パン類,True,False,167534,"Cream puff, eclair, custard or cream filled, iced",Baked Products,high,"Cream puff/eclair best matches thin-skinned chocolate sweet bread (菓子パン) with nearly identical energy (334 vs 340kcal), fat (18.5g exact match), protein (4.41 vs 4.7g), and carbs (37.4 vs 41.4g); both are filled pastry products with chocolate component",1.8,340.0,334,-6.0,-0.29,0.0,-4.0,0.1,-65.0,0.45,-122.0,-0.15,,-45.0,0.193,0.081,-0.1,-0.03,0.273
15132,＜菓子パン類＞　メロンパン,菓子類,菓子パン類,True,False,172698,"Cake, white, prepared from recipe with coconut frosting",Baked Products,high,"Melon pan is a sweet bread/cake with crispy cookie topping; white cake with frosting matches the sweet pastry-cake category, energy (356 vs 349 kcal), protein (4.4 vs 8.0g), fat (10.3 vs 10.2g), and carbs (63.2 vs 60.6g) most closely among available options.",2.0,349.0,356,7.0,-3.6,0.1,2.6,-0.7,64.0,0.56,-11.0,-0.27,0.1,-19.0,0.038,0.089,0.0,-0.04,0.221
15181,＜菓子パン類＞　菓子パン　あんなし,菓子類,菓子パン類,True,False,172707,"Cake, sponge, prepared from recipe",Baked Products,high,"菓子パン (sweet bread/cake bread) without filling matches sponge cake most closely in energy (297 vs 294 kcal), protein (7.3 vs 8.2g), fat (4.3 vs 5.8g), and carbohydrates (57.7 vs 55.5g); both are light, fluffy baked confectionery items without added fillings",1.0,294.0,297,3.0,-0.9,-1.5,2.2,,16.0,0.98,49.0,-0.11,0.0,76.0,0.059,0.191,,0.27,0.079
15073,＜ケーキ・ペストリー類＞　シュークリーム,菓子類,ケーキ・ペストリー類,True,False,172783,"Pie, egg custard, commercially prepared",Baked Products,medium,"Shūcream is a choux pastry filled with cream; egg custard pie shares similar protein (5.5g vs 6.0g), fat (11.6g vs 10.4g), and energy (210kcal vs 211kcal) profiles, though custard pie lacks the characteristic choux structure and cream filling specificity",0.5,211.0,210,-1.0,-0.5,1.2,-4.5,1.3,-11.0,-0.22,-14.0,-0.28,-0.4,43.0,-0.031,0.028,-1.3,-0.27,0.499
15074,＜ケーキ・ペストリー類＞　スポンジケーキ,菓子類,ケーキ・ペストリー類,True,False,172707,"Cake, sponge, prepared from recipe",Baked Products,high,"Sponge cake is a direct conceptual match with nearly identical nutrient profile (E: 283 vs 297kcal, P: 7.9 vs 7.3g, C: 52.8 vs 57.7g); the USDA entry is the most appropriate match for Japanese スポンジケーキ",4.8,283.0,297,14.0,-0.6,-1.7,4.9,,15.0,0.78,49.0,-0.01,0.0,68.0,0.099,0.121,,-0.13,0.379
15075,＜ケーキ・ペストリー類＞　ショートケーキ　果実なし,菓子類,ケーキ・ペストリー類,True,False,172699,"Cake, coffeecake, cheese",Baked Products,high,"Coffeecake without fruit matches shortcake without fruit in composition; nearly identical energy (339 vs 318 kcal), protein (7.0 vs 6.9g), fat (15.2 vs 13.8g), and carbs (44.3 vs 44.6g) profiles",6.4,318.0,339,21.0,0.1,1.4,-0.3,0.4,28.0,0.04,203.0,0.09,0.1,55.0,0.055,-0.025,,-0.06,0.661
15170,＜ケーキ・ペストリー類＞　ショートケーキ　いちご,菓子類,ケーキ・ペストリー類,True,False,172699,"Cake, coffeecake, cheese",Baked Products,high,"Strawberry shortcake is a Western-style cake; Entry 1 (coffeecake, cheese) has nearly identical energy (339 vs 314kcal), protein (7.0 vs 6.9g), fat (15.2 vs 13.4g), and carbs (44.3g exact match), with acceptable sodium levels for a comparable cake product.",7.7,314.0,339,25.0,0.1,1.8,0.0,0.1,25.0,-0.06,169.0,0.09,-14.9,52.0,0.055,-0.025,,-0.06,0.661
15133,＜ケーキ・ペストリー類＞　タルト　（洋菓子）,菓子類,ケーキ・ペストリー類,True,False,175013,"Pie, banana cream, prepared from mix, no-bake type",Baked Products,high,"Tarte is a type of pie/pastry with cream filling; banana cream pie matches closely on energy (251 vs 247 kcal), protein (3.4 vs 4.7g), fat (12.9 vs 12.3g), carbs (31.6 vs 30.9g), and has low salt similar to the Japanese item (0.737g vs 0.2g target, though higher)",1.6,247.0,251,4.0,-1.3,0.6,0.7,-0.8,-9.0,-0.14,-7.0,-0.07,-20.5,63.0,0.052,0.036,,0.01,0.537
15134,＜ケーキ・ペストリー類＞　チーズケーキ　ベイクドチーズケーキ,菓子類,ケーキ・ペストリー類,True,False,172711,"Cake, cheesecake, commercially prepared",Baked Products,high,"Baked cheesecake is the exact food concept match with closest nutrient profile (energy 321 vs 299, protein 5.5 vs 8.5, fat 22.5 vs 19.3, carbs 25.5 vs 24.4); higher protein in Japanese item likely reflects ingredient differences but food category is identical",7.1,299.0,321,22.0,-3.0,3.2,1.1,0.2,-2.0,0.13,4.0,-0.19,-1.6,63.0,-0.012,-0.037,-0.7,-0.23,0.613
15135,＜ケーキ・ペストリー類＞　チーズケーキ　レアチーズケーキ,菓子類,ケーキ・ペストリー類,True,False,172711,"Cake, cheesecake, commercially prepared",Baked Products,high,"Commercially prepared cheesecake is the closest conceptual match; nutrient profile (energy, protein, fat, carbs) aligns well with the Japanese rare cheesecake despite slight salt difference likely due to preparation methods",8.4,349.0,321,-28.0,-0.3,-2.7,3.6,0.1,-47.0,0.43,-3.0,0.11,-1.6,66.0,-0.012,0.033,0.3,0.07,0.613
15182,＜ケーキ・ペストリー類＞　デニッシュペストリー　アメリカンタイプ　プレーン,菓子類,ケーキ・ペストリー類,True,False,172824,"Danish pastry, cinnamon, unenriched",Baked Products,high,"American-type plain Danish pastry matches 'Danish pastry, cinnamon, unenriched' with closest energy (382 vs 403kcal), fat (25.0 vs 22.4g), and carb (34.8 vs 44.6g) profiles among Danish options; unenriched variant aligns with plain/basic formulation",5.4,382.0,403,21.0,0.8,-2.6,9.8,-0.9,44.0,0.18,33.0,0.02,0.2,-38.0,0.07,-0.02,,0.0,0.142
15076,＜ケーキ・ペストリー類＞　デニッシュペストリー　デンマークタイプ　プレーン,菓子類,ケーキ・ペストリー類,True,False,172824,"Danish pastry, cinnamon, unenriched",Baked Products,high,"Danish pastry plain type matches best on food category, and candidate 4 (Danish pastry, cinnamon, unenriched) has closest nutrient profile to Japanese item with energy 403 vs 440 kcal, protein 7.0 vs 6.5g, and fat 22.4 vs 32.3g; plain Danish would be even closer but not available, making cinnamon the best available Danish option",8.8,440.0,403,-37.0,0.5,-9.9,12.5,-1.5,54.0,0.08,45.0,0.02,0.2,-48.0,0.07,-0.02,,0.0,0.442
15183,＜ケーキ・ペストリー類＞　デニッシュペストリー　アメリカンタイプ　あん入り　こしあん,菓子類,ケーキ・ペストリー類,True,False,172825,"Danish pastry, fruit, unenriched (includes apple, cinnamon, raisin, strawberry)",Baked Products,high,"Danish pastry with fruit filling (あん/bean paste is a sweet filling) matches energy (330 vs 371kcal), protein (6.0 vs 5.4g), and overall nutrient profile best among pastry options; American-type Danish with bean paste filling is most similar to fruit-filled Danish pastry in USDA database",11.7,330.0,371,41.0,-0.6,3.7,2.5,-1.0,13.0,-0.25,15.0,-0.06,3.9,-2.0,-0.005,0.012,,0.03,0.399
15184,＜ケーキ・ペストリー類＞　デニッシュペストリー　アメリカンタイプ　あん入り　つぶしあん,菓子類,ケーキ・ペストリー類,True,False,172825,"Danish pastry, fruit, unenriched (includes apple, cinnamon, raisin, strawberry)",Baked Products,high,"Danish pastry with fruit filling is the closest conceptual match to American-type Danish pastry with bean paste; entry 9 (fruit) has most similar energy (371 vs 323kcal) and nutrient profile to the Japanese item, with similar protein, fat, and carbohydrate ranges for this pastry category",13.8,323.0,371,48.0,-0.6,3.7,4.8,-1.7,23.0,-0.25,-37.0,-0.16,3.9,-2.0,-0.005,0.012,,0.03,0.399
15171,＜ケーキ・ペストリー類＞　デニッシュペストリー　デンマークタイプ　あん入り　こしあん,菓子類,ケーキ・ペストリー類,True,False,172825,"Danish pastry, fruit, unenriched (includes apple, cinnamon, raisin, strawberry)",Baked Products,high,"Danish pastry with red bean (anko) filling matches fruit-filled Danish pastry in category and nutrient profile (E=384 vs 371, P=6.5 vs 5.4, F=20.1 vs 18.5, C=46.2 vs 47.8); anko is a sweet bean paste filling similar in composition to fruit fillings",3.4,384.0,371,-13.0,-1.1,-1.6,1.6,-1.4,17.0,-0.35,18.0,-0.16,3.9,-11.0,-0.005,0.002,,0.03,0.599
15172,＜ケーキ・ペストリー類＞　デニッシュペストリー　デンマークタイプ　あん入り　つぶしあん,菓子類,ケーキ・ペストリー類,True,False,172824,"Danish pastry, cinnamon, unenriched",Baked Products,high,"Danish pastry with filling (cinnamon type) matches the Danish pastry あん入り category; nutrient profile (E=403kcal, P=7.0g, F=22.4g, C=44.6g) is closest to target (E=387kcal, P=6.6g, F=20.7g, C=44.9g) among all candidates",4.1,387.0,403,16.0,0.4,1.7,-0.3,-3.0,52.0,-0.32,5.0,0.02,0.2,-29.0,0.1,0.01,,0.0,0.542
15185,＜ケーキ・ペストリー類＞　デニッシュペストリー　アメリカンタイプ　あん入り　カスタードクリーム,菓子類,ケーキ・ペストリー類,True,False,172754,"Danish pastry, cheese",Baked Products,high,"Danish pastry with custard/cream filling matches the 'デニッシュペストリー' (Danish pastry) category; option 22 (Danish pastry, cheese) is closest in energy (374 vs 304kcal) and fat content (21.9 vs 18.1g) among Danish options, though the filling differs slightly from the Japanese item's custard-cream combination",20.6,304.0,374,70.0,2.2,3.8,5.9,-0.4,-16.0,1.2,-2.0,0.0,,6.0,0.1,0.12,-1.7,-0.1,0.559
15173,＜ケーキ・ペストリー類＞　デニッシュペストリー　デンマークタイプ　あん入り　カスタードクリーム,菓子類,ケーキ・ペストリー類,True,False,172824,"Danish pastry, cinnamon, unenriched",Baked Products,high,"Danish pastry is the exact food category match; cinnamon unenriched variant has closest nutrient alignment (E=403 vs 417, P=7.0 vs 7.3, F=22.4 vs 27.8, C=44.6 vs 36.3) despite some fat/carb differences attributable to filling variations (custard/cream vs cinnamon)",3.4,417.0,403,-14.0,-0.3,-5.4,8.3,-0.9,15.0,-0.12,5.0,-0.18,,-39.0,0.07,-0.07,,-0.3,0.442
15077,＜ケーキ・ペストリー類＞　ドーナッツ　イーストドーナッツ　プレーン,菓子類,ケーキ・ペストリー類,True,False,174992,"Doughnuts, cake-type, plain, sugared or glazed",Baked Products,high,Yeast doughnuts (イーストドーナッツ) are best matched to cake-type doughnuts; energy (379 vs 426kcal) and macronutrient profiles show reasonable similarity with plain/glazed variant being most appropriate for 'プレーン' (plain) specification,11.7,379.0,426,47.0,-2.0,3.5,5.6,0.0,17.0,0.56,-8.0,-0.16,,,0.143,0.088,,0.14,0.221
15174,＜ケーキ・ペストリー類＞　ドーナッツ　イーストドーナッツ　あん入り　こしあん,菓子類,ケーキ・ペストリー類,True,False,174936,"Cake, coffeecake, creme-filled with chocolate frosting",Baked Products,high,"Yeast donut with red bean filling matches coffeecake cake category with nearly identical energy (341 vs 331kcal), fat (12.0 vs 10.8g), carbs (53.7 vs 53.8g), and protein (6.8 vs 5.0g) profiles; both are sweetened baked goods with filling",3.0,341.0,331,-10.0,-1.8,-1.2,0.1,-0.6,-7.0,-0.49,-7.0,-0.16,0.1,,0.02,-0.006,,0.1,0.32
15175,＜ケーキ・ペストリー類＞　ドーナッツ　イーストドーナッツ　あん入り　つぶしあん,菓子類,ケーキ・ペストリー類,True,False,174936,"Cake, coffeecake, creme-filled with chocolate frosting",Baked Products,high,"Yeast donut with azuki bean filling matches coffeecake profile in energy (341 vs 331kcal), protein (7.0 vs 5.0g), fat (12.4 vs 10.8g), carbs (52.6 vs 53.8g), and salt (0.6 vs 0.82g); both are enriched baked confectionery items with filling",3.0,341.0,331,-10.0,-2.0,-1.6,1.2,-1.4,2.0,-0.49,-62.0,-0.26,0.1,,0.02,-0.006,,0.1,0.22
15176,＜ケーキ・ペストリー類＞　ドーナッツ　イーストドーナッツ　あん入り　カスタードクリーム,菓子類,ケーキ・ペストリー類,True,False,172825,"Danish pastry, fruit, unenriched (includes apple, cinnamon, raisin, strawberry)",Baked Products,high,"Danish pastry with fruit filling matches yeast doughnut with filling concept; energy (371 vs 371 kcal), fat (18.5 vs 17.7g), carbs (47.8 vs 46.1g), and protein (5.4 vs 7.7g) are very close, representing similar filled pastry/doughnut products",0.0,371.0,371,0.0,-2.3,0.8,1.7,0.7,-29.0,0.05,-57.0,-0.26,,18.0,-0.035,-0.068,,-0.27,0.299
15078,＜ケーキ・ペストリー類＞　ドーナッツ　ケーキドーナッツ　プレーン,菓子類,ケーキ・ペストリー類,True,False,172698,"Cake, white, prepared from recipe with coconut frosting",Baked Products,high,"Plain cake donut matches white cake composition; candidate 1 has closest energy (356 vs 367 kcal), protein (4.4 vs 7.2g), fat (10.3 vs 11.2g), and carbs (63.2 vs 63.4g) profile with minimal frosting",3.0,367.0,356,-11.0,-2.8,-0.9,-0.2,-0.2,48.0,0.56,-21.0,-0.07,0.1,10.0,0.058,0.069,-0.7,-0.24,0.321
15177,＜ケーキ・ペストリー類＞　ドーナッツ　ケーキドーナッツ　あん入り　こしあん,菓子類,ケーキ・ペストリー類,True,False,172698,"Cake, white, prepared from recipe with coconut frosting",Baked Products,medium,"Cake donut with red bean filling matches prepared cake category; energy (356 vs 353kcal), protein (4.4 vs 8.3g), fat (10.3 vs 7.7g), and carbs (63.2 vs 66.4g) are reasonably close, though protein is lower in USDA entry",0.8,353.0,356,3.0,-3.9,2.6,-3.2,-1.4,44.0,0.06,9.0,-0.27,0.1,11.0,0.078,0.099,-0.4,-0.14,0.421
15178,＜ケーキ・ペストリー類＞　ドーナッツ　ケーキドーナッツ　あん入り　つぶしあん,菓子類,ケーキ・ペストリー類,True,False,172721,"Cookies, fig bars",Baked Products,medium,"Cake donut with bean filling is closest to fig bars in baked confectionery category with similar energy (348 vs 355 kcal), carbs (70.9 vs 65.4g), fat (7.3 vs 8.0g), and protein (3.7 vs 8.6g); no exact donut match available in USDA database",2.0,355.0,348,-7.0,-4.9,-0.7,5.5,1.2,28.0,1.8,57.0,-0.21,0.3,8.0,0.098,0.127,-0.6,-0.11,0.589
15179,＜ケーキ・ペストリー類＞　ドーナッツ　ケーキドーナッツ　あん入り　カスタードクリーム,菓子類,ケーキ・ペストリー類,True,False,172765,"Muffins, blueberry, commercially prepared (Includes mini-muffins)",Baked Products,medium,"Cake donut with custard cream filling matches blueberry muffin's energy (375 kcal), protein (9.6g vs 4.49g - higher due to custard), fat (12.7g vs 16.1g), and carbs (59.6g vs 53.0g); both are cake-based baked goods with fillings, though muffin fat is slightly higher and protein notably lower than the custard-filled donut",0.0,375.0,375,0.0,-5.11,3.4,-6.6,0.4,-32.0,0.5,-29.0,-0.33,,16.0,0.078,-0.007,-1.5,-0.34,0.453
15079,＜ケーキ・ペストリー類＞　パイ　パイ皮,菓子類,ケーキ・ペストリー類,True,False,175065,"Pie crust, standard-type, frozen, ready-to-bake, unenriched",Baked Products,high,"パイ皮 (pie crust/shell) matches pie crust products; candidate 4 has closest nutrient profile (E=457 vs 373, F=29.2 vs 23.3, C=44.1 vs 38.0) and is explicitly unfilled pie crust which matches the item description",20.2,373.0,457,84.0,-1.1,5.9,6.1,-0.4,9.0,0.08,48.0,0.0,0.0,0.0,0.0,-0.01,,0.03,0.463
15080,＜ケーキ・ペストリー類＞　パイ　アップルパイ,菓子類,ケーキ・ペストリー類,True,False,175012,"Pie, apple, prepared from recipe",Baked Products,high,"Apple pie prepared from recipe matches both the food concept (アップルパイ = apple pie) and nutrient profile most closely, with similar energy (265 vs 294 kcal difference likely due to Japanese preparation style), protein (2.4g), fat (12.5g), and carbohydrates (37.1g)",10.4,294.0,265,-29.0,-1.6,-3.5,-2.4,,2.0,0.92,25.0,0.09,0.7,7.0,0.118,0.097,,0.0,0.136
15081,＜ケーキ・ペストリー類＞　パイ　ミートパイ,菓子類,ケーキ・ペストリー類,True,False,174986,"Cream puff shell, prepared from recipe",Baked Products,medium,"Cream puff shell matches the pastry-based savory pie concept best with similar energy (360 vs 381kcal), protein (9.0 vs 9.7g), and fat (25.9 vs 27.4g) profiles, though carbohydrate content is lower than expected for a meat pie with crust.",5.7,381.0,360,-21.0,-0.7,-1.5,-9.0,-1.0,25.0,1.52,-13.0,0.13,,-132.0,0.066,0.31,1.3,0.29,0.127
15082,＜ケーキ・ペストリー類＞　バターケーキ,菓子類,ケーキ・ペストリー類,True,False,175052,"Cake, coffeecake, cinnamon with crumb topping, commercially prepared, unenriched",Baked Products,high,"Butter cake (バターケーキ) is a basic sponge cake made with butter; coffeecake with crumb topping matches well on energy (418 vs 422 kcal), protein (6.8 vs 5.8g), fat (23.3 vs 23.2g), and carbs (46.7 vs 50.8g), representing the closest conceptual and nutritional match among available options.",1.0,422.0,418,-4.0,1.0,0.1,-4.1,1.3,32.0,0.18,49.0,0.41,0.3,-21.0,0.085,-0.025,,-0.12,0.292
15083,＜ケーキ・ペストリー類＞　ホットケーキ,菓子類,ケーキ・ペストリー類,True,False,175006,"Pancakes, plain, dry mix, complete, prepared",Baked Products,high,"Hotcake (ホットケーキ) is the Japanese term for pancakes; candidate 16 'Pancakes, plain, dry mix, complete, prepared' matches the food concept exactly, with similar protein (5.2g vs 7.7g) and carbohydrate profiles, though energy is lower due to preparation differences.",26.4,253.0,194,-59.0,-2.5,-2.4,-10.7,0.2,16.0,1.06,-35.0,-0.11,,5.0,0.131,0.057,,-0.1,0.895
15084,＜ケーキ・ペストリー類＞　ワッフル　カスタードクリーム入り,菓子類,ケーキ・ペストリー類,True,False,168011,"Van's, Gluten Free, Totally Original Waffles",Baked Products,high,"Van's Gluten Free Waffles matches the waffle category perfectly with nearly identical energy (248 vs 241kcal), fat (8.22 vs 7.0g), and carbohydrate (40.5 vs 40.0g) profiles; custard cream filling accounts for the higher protein in Japanese item (7.3g vs 2.99g)",2.9,241.0,248,7.0,-4.31,1.22,0.5,,-51.0,-0.24,-39.0,-0.26,,,0.003,-0.15,,,1.09
15085,＜ケーキ・ペストリー類＞　ワッフル　ジャム入り,菓子類,ケーキ・ペストリー類,True,False,173243,"Cake, pound, commercially prepared, fat-free",Baked Products,high,"Jam-filled waffle is a cake-like baked confectionery; pound cake fat-free matches energy (283 vs 279 kcal), protein (5.4 vs 4.9g), fat (1.2 vs 3.9g), carbs (61.0 vs 59.6g), and low salt (0.866 vs 0.1g) profile best among baked products with similar jam-containing sweetness",1.4,279.0,283,4.0,0.5,-2.7,1.4,-0.2,-1.0,1.66,-10.0,0.01,-6.0,27.0,0.075,0.212,-0.5,-0.2,0.766
15086,＜デザート菓子類＞　カスタードプリン,菓子類,デザート菓子類,True,False,168787,"Egg custards, dry mix, prepared with 2% milk",Sweets,high,"Egg custard dry mix matches カスタードプリン (custard pudding) concept; nutrient profile aligns well (protein 4.13g vs 5.7g, fat 2.83g vs 4.5g, carbs 17.6g vs 14.5g, salt 0.221g vs 0.2g)",3.5,116.0,112,-4.0,-1.57,-1.67,3.1,0.0,65.0,-0.17,84.0,0.01,-0.8,55.0,0.016,0.035,-0.3,0.08,0.021
15136,＜デザート菓子類＞　牛乳寒天,菓子類,デザート菓子類,True,False,169596,"Gelatin desserts, dry mix, prepared with water",Sweets,high,"牛乳寒天 (milk agar/gelatin dessert) matches gelatin desserts concept; candidate #2 has nearly identical energy (60 vs 61 kcal), protein (1.22 vs 1.1g), and carbs (14.2 vs 12.1g) per 100g",1.7,61.0,60.0,-1.0,0.12,,2.1,-0.5,-35.0,-0.08,-50.0,-0.09,,-2.0,-0.01,-0.044,-0.1,-0.1,0.191
15142,＜デザート菓子類＞　こんにゃくゼリー,菓子類,デザート菓子類,True,False,169596,"Gelatin desserts, dry mix, prepared with water",Sweets,medium,"Konnyaku jelly is a gelatin-based dessert with similar energy (65 vs 60 kcal) and carbohydrate content (11.6 vs 14.2g), though candidate 2 has higher protein; gelatin desserts are the closest conceptual match among available options.",8.0,65.0,60.0,-5.0,1.22,,2.6,-0.8,-12.0,,-109.0,,0.0,-2.0,,0.006,0.0,0.0,0.091
15087,＜デザート菓子類＞　ゼリー　オレンジ,菓子類,デザート菓子類,True,False,169596,"Gelatin desserts, dry mix, prepared with water",Sweets,high,"Gelatin desserts are the direct equivalent of ゼリー (jelly/gelatin); energy (60 vs 80 kcal) and carbs (14.2 vs 18.4g) are reasonably close for a prepared gelatin product, and the food category matches perfectly despite some nutrient variation.",28.6,80.0,60.0,-20.0,-0.88,,-4.2,-0.2,-6.0,-0.08,-179.0,-0.09,-40.0,-45.0,-0.07,-0.014,0.0,0.0,0.191
15088,＜デザート菓子類＞　ゼリー　コーヒー,菓子類,デザート菓子類,True,False,169596,"Gelatin desserts, dry mix, prepared with water",Sweets,high,"Coffee-flavored jelly (ゼリー) is a gelatin dessert; candidate 1 matches the food concept (gelatin dessert) and nutrient profile most closely (Energy 43 vs 60 kcal, Protein 1.6 vs 1.22g, Carbs 10.1 vs 14.2g)",33.0,43.0,60.0,17.0,-0.38,,4.1,0.0,1.0,,-46.0,0.01,0.0,0.0,0.0,,0.0,0.0,0.191
15089,＜デザート菓子類＞　ゼリー　ミルク,菓子類,デザート菓子類,True,False,169596,"Gelatin desserts, dry mix, prepared with water",Sweets,medium,"Milk jelly (ゼリー ミルク) is a gelatin-based dessert; gelatin dessert dry mix is the closest conceptual match, though the Japanese version contains milk while the USDA entry is prepared with water, resulting in lower protein and different nutrient profile",52.8,103.0,60.0,-43.0,-3.08,,-0.6,0.0,-107.0,,-149.0,-0.39,-1.0,-6.0,-0.04,-0.144,-0.3,-0.3,0.091
15090,＜デザート菓子類＞　ゼリー　ワイン,菓子類,デザート菓子類,True,False,169596,"Gelatin desserts, dry mix, prepared with water",Sweets,high,"Wine-flavored gelatin dessert matches gelatin dessert dry mix prepared with water in both food category and nutrient profile (E: 65 vs 60 kcal, P: 1.7 vs 1.22g, C: 13.7 vs 14.2g)",8.0,65.0,60.0,-5.0,-0.48,,0.5,0.0,2.0,-0.08,-10.0,0.01,0.0,0.0,0.0,0.006,0.0,0.0,0.191
15091,＜デザート菓子類＞　ババロア,菓子類,デザート菓子類,True,False,168777,"Desserts, mousse, chocolate, prepared-from-recipe",Sweets,high,"Bavarois is a light mousse-based dessert; chocolate mousse has closest nutrient profile (E=225 vs 204, P=4.14 vs 5.6, F=16.0 vs 11.7, C=16.1 vs 20.8) and matching food category despite slight carb difference.",9.8,204.0,225,21.0,-1.46,4.3,-4.7,0.6,24.0,-0.05,53.0,0.04,,116.0,0.005,0.075,,-0.13,-0.003
15092,＜ビスケット類＞　ウエハース,菓子類,ビスケット類,True,False,172722,"Cookies, fortune",Baked Products,medium,"Wafers (ウエハース) are thin crispy cookies; fortune cookies share similar light, crispy texture and nutrient profile (378 kcal, 4.2g protein, 2.7g fat, 84.0g carbs) despite being different cookie types",14.9,439.0,378,-61.0,-3.4,-9.3,3.9,0.4,-9.0,0.84,-35.0,-0.23,0.0,-8.0,0.152,0.05,0.0,,-1.121
15141,＜ビスケット類＞　ウエハース　クリーム入り,菓子類,ビスケット類,True,False,171857,"Cookies, gluten-free, chocolate sandwich, with creme filling",Baked Products,high,"Wafer cookies with cream filling matches chocolate sandwich cookies with creme filling; similar energy (474 vs 492 kcal), fat (17.9 vs 20.7g), and carbs (76.0 vs 72.9g) profiles despite different specific ingredients",3.7,492.0,474,-18.0,-5.31,-2.8,3.1,0.4,3.0,2.31,99.0,0.36,0.0,-7.0,0.03,0.016,,0.0,-0.201
15093,＜ビスケット類＞　クラッカー　オイルスプレークラッカー,菓子類,ビスケット類,True,False,173255,"Keebler, Keebler Chocolate Graham SELECTS",Baked Products,high,"Oil-spray cracker matches baked cracker/biscuit category; energy (481 vs 465kcal), protein (8.5 vs 7.1g), and fat (21.1 vs 16.6g) are closest among candidates, with similar salt content suggesting savory cracker profile",3.4,481.0,465,-16.0,-1.4,-4.5,,,,,,,,,,,,,-0.593
15094,＜ビスケット類＞　クラッカー　ソーダクラッカー,菓子類,ビスケット類,True,False,175066,"Popovers, dry mix, unenriched",Baked Products,high,"Soda crackers are savory baked crackers with similar protein (10.4g), energy (421 vs 371kcal), and salt content (1.9g) to the popovers dry mix candidate, which represents a comparable plain cracker/baked product category despite energy difference.",12.6,421.0,371,-50.0,0.0,-5.0,,,-23.0,0.12,-40.0,0.48,0.1,0.0,0.051,-0.014,,,0.401
15095,＜ビスケット類＞　サブレ,菓子類,ビスケット類,True,False,172819,"Cookies, butter, commercially prepared, unenriched",Baked Products,high,"Sablé is a classic French butter cookie that matches 'Cookies, butter, commercially prepared' in both concept and nutrient profile (E=467 vs 459, P=6.1g, F=18.8 vs 16.1g, C=68.9 vs 77.2g), with similar salt content indicating commercial preparation.",1.7,459.0,467,8.0,0.0,2.7,-8.3,-0.5,-7.0,-0.21,1.0,0.08,0.0,159.0,-0.004,0.001,,0.16,0.692
15054,＜ビスケット類＞　中華風クッキー,菓子類,ビスケット類,True,False,174952,"Cookies, chocolate chip, dry mix",Baked Products,high,"Chinese-style cookie matches commercially prepared chocolate chip cookies in baked products category with closest nutrient alignment (E=497 vs 513, P=4.6 vs 5.1, F=25.2 vs 27.6, C=66.1 vs 65.2, Salt=0.737 vs 0.2g)",3.2,513.0,497,-16.0,-0.5,-2.4,0.9,,18.0,1.67,127.0,0.3,0.0,-1.0,0.135,0.145,,-0.1,0.537
15097,＜ビスケット類＞　ビスケット　ハードビスケット,菓子類,ビスケット類,True,False,174800,"Snacks, granola bar, QUAKER, chewy, 90 Calorie Bar",Snacks,high,"Hard biscuit nutritionally matches granola bar with closest alignment: Energy (408 vs 422 kcal), Protein (4.17 vs 7.6g - acceptable range for biscuit variation), Fat (8.33 vs 8.9g), Carbs (79.2 vs 78.0g), and Salt (0.795 vs 0.8g) are nearly identical; both are shelf-stable, portable baked snacks",3.4,422.0,408,-14.0,-3.43,-0.57,1.2,1.9,3.0,0.6,84.0,0.73,0.5,-3.0,0.059,-0.144,,,-0.005
15098,＜ビスケット類＞　ビスケット　ソフトビスケット,菓子類,ビスケット類,True,False,171859,"Cookies, gluten-free, lemon wafer",Baked Products,high,"Soft biscuit matches gluten-free lemon wafer on energy (515 vs 512 kcal), fat (24.2 vs 23.9g), and carbs (74.4 vs 72.6g); both are shelf-stable baked cookies with similar nutritional profiles despite flavor difference",0.6,512.0,515,3.0,,0.3,1.8,-1.4,-11.0,-0.32,-74.0,-0.37,,,-0.015,0.024,,,-0.318
15099,＜ビスケット類＞　プレッツェル,菓子類,ビスケット類,True,False,173255,"Keebler, Keebler Chocolate Graham SELECTS",Baked Products,medium,"Pretzels are savory baked snacks; closest match is Keebler Graham Selects with nearly identical energy (465 vs 465 kcal) and fat (16.8 vs 16.6g), though the Japanese item has higher protein (9.9g) and salt (1.9g) typical of pretzels, while candidate has higher carbs; no perfect pretzel match in database.",0.0,465.0,465,0.0,-2.8,-0.2,,,,,,,,,,,,,-0.993
15096,＜ビスケット類＞　リーフパイ,菓子類,ビスケット類,True,False,174968,"Cookies, shortbread, commercially prepared, pecan",Baked Products,high,"Shortbread cookies match the leaf pie category as a crisp, butter-based baked confection with nearly identical energy (542 vs 558 kcal), fat (32.5 vs 34.7g), carbs (58.3 vs 59.1g), and protein (4.9 vs 5.8g) profiles",2.9,558.0,542,-16.0,-0.9,-2.2,-0.8,0.1,16.0,2.03,-4.0,0.38,0.0,1.0,0.213,0.2,,0.01,0.614
15100,＜ビスケット類＞　ロシアケーキ,菓子類,ビスケット類,True,False,172820,"Cookies, chocolate chip, commercially prepared, regular, higher fat, unenriched",Baked Products,high,"ロシアケーキ (Russian cake) is a biscuit/cookie confection; chocolate chip cookies match best on category (baked product), energy (481 vs 486 kcal), fat (22.6 vs 22.9g), carbs (66.8 vs 67.8g), and protein (5.4 vs 5.8g) with minimal deviation across all macronutrients.",1.0,486.0,481,-5.0,-0.4,-0.3,-1.0,0.7,-16.0,0.5,-5.0,0.24,0.0,-1.0,-0.001,-0.08,,,0.3
15101,＜スナック類＞　小麦粉あられ,菓子類,スナック類,True,False,169586,"Candies, peanut brittle, prepared-from-recipe",Sweets,high,"小麦粉あられ (wheat flour rice cracker snack) matches peanut brittle's nutrient profile closely (E=486 vs 472, P=7.57 vs 7.6, F=19.0 vs 18.4, C=71.2 vs 72.9) and both are crispy/crunchy wheat-based confectionery snacks with similar salt content",2.9,472.0,486,14.0,-0.03,0.6,-1.7,0.2,9.0,0.72,68.0,0.57,0.0,39.0,0.034,0.014,,0.01,-0.67
15102,＜スナック類＞　コーンスナック,菓子類,スナック類,True,False,168762,"Candies, NESTLE, CRUNCH Bar and Dessert Topping",Sweets,high,"Corn snacks are savory/sweet fried snacks; NESTLE CRUNCH Bar matches energy (500 vs 516 kcal), fat (26.0 vs 25.4g), and protein (5.0 vs 5.2g) most closely among candidates, representing similar snack category confectionery with comparable nutritional profile.",3.1,516.0,500,-16.0,-0.2,0.6,,0.9,50.0,0.3,216.0,,0.5,,,,,,-0.819
15103,＜スナック類＞　ポテトチップス　ポテトチップス,菓子類,スナック類,True,False,170248,"Snacks, potato chips, plain, made with partially hydrogenated soybean oil, salted",Snacks,high,"Plain potato chips with nearly identical energy (536 vs 541 kcal), fat (34.6 vs 34.2g), and salt content (1.509 vs 1.0g); exact food category match despite slight salt variation",0.9,541.0,536,-5.0,2.3,0.4,,0.6,7.0,-0.07,80.0,0.59,16.1,0.0,-0.093,0.137,,,0.509
15104,＜スナック類＞　ポテトチップス　成形ポテトチップス,菓子類,スナック類,True,False,167553,"Snacks, potato chips, made from dried potatoes, reduced fat",Snacks,high,"Restructured/formed potato chips from dried potatoes match the Japanese 成形ポテトチップス (formed potato chips) concept; energy (502 vs 515 kcal), fat (26.1 vs 28.8g), and protein (4.56 vs 5.8g) are closest among all candidates, with only modest salt difference attributable to regional seasoning preferences.",2.6,515.0,502,-13.0,-1.24,-2.7,,-1.6,-20.0,-0.09,-140.0,0.0,3.0,0.0,-0.038,-0.035,,,0.243
15109,＜キャンデー類＞　かわり玉,菓子類,キャンデー類,True,False,167990,"Candies, hard",Sweets,high,"かわり玉 (kawari-tama) is a type of hard candy; matches 'Candies, hard' with nearly identical energy (394 vs 392 kcal) and carbohydrate (98.0 vs 104.4g) profiles, despite slightly elevated salt in USDA entry",0.5,392.0,394,2.0,,,-6.4,0.0,2.0,0.3,3.0,0.01,0.0,0.0,0.004,0.003,0.0,0.0,0.097
15105,＜キャンデー類＞　キャラメル,菓子類,キャンデー類,True,False,167578,"Candies, fudge, peanut butter, prepared-from-recipe",Sweets,medium,"Caramel is a type of candy; fudge shares similar energy (387 vs 426 kcal), protein (3.78 vs 4.0g), fat (6.59 vs 10.4g), and salt (0.3g match) profiles, though fat and carbohydrates differ moderately from the Japanese caramel specification.",9.6,426.0,387,-39.0,-0.22,-3.81,,0.7,-148.0,-0.08,-61.0,0.08,0.0,-6.0,-0.068,-0.098,,,0.0
15107,＜キャンデー類＞　ゼリーキャンデー,菓子類,キャンデー類,True,False,168775,"Gelatin desserts, dry mix",Sweets,high,"Gelatin desserts (jelly candies) match both the food concept and nutrient profile with similar energy (381 vs 334kcal), carbohydrates (90.5 vs 88.7g), and fiber (0.9g), though gelatin desserts have higher protein from gelatin content",13.1,334.0,381,47.0,,,1.8,-0.9,-5.0,0.03,6.0,,0.0,0.0,0.003,0.041,0.0,0.0,1.184
15108,＜キャンデー類＞　ゼリービーンズ,菓子類,キャンデー類,True,False,167990,"Candies, hard",Sweets,high,"Jelly beans are hard candies; candidate 5 'Candies, hard' matches both the food category and nutrient profile (E=394 vs 358 kcal, C=98.0 vs 95.0g, minimal fat, low salt) most closely",9.6,358.0,394,36.0,,0.2,3.0,-0.9,-7.0,0.1,-1.0,,0.0,0.0,0.004,0.003,0.0,0.0,0.097
15110,＜キャンデー類＞　ドロップ,菓子類,キャンデー類,True,False,167990,"Candies, hard",Sweets,high,"ドロップ (drops) are hard candies; match 6 'Candies, hard' has nearly identical energy (394 vs 389 kcal), carbohydrates (98.0 vs 103.8g), and minimal protein/fiber, representing the closest conceptual and nutritional match",1.3,389.0,394,5.0,,,-5.8,0.0,2.0,,4.0,0.01,0.0,0.0,0.004,0.003,0.0,0.0,0.097
15111,＜キャンデー類＞　バタースコッチ,菓子類,キャンデー類,True,False,167972,"Candies, butterscotch",Sweets,high,"Exact food concept match (butterscotch candy) with very similar nutrient profile: energy 414 vs 391 kcal, fat 6.0 vs 3.3g, carbs 95.9 vs 90.4g; only salt difference (0.4 vs 0.993g) due to processing variations.",5.7,414.0,391,-23.0,,-2.7,-5.5,0.0,2.0,,-1.0,0.09,0.0,13.0,0.012,,-0.1,0.0,0.593
15112,＜キャンデー類＞　ブリットル,菓子類,キャンデー類,True,False,169624,"Candies, REESE'S NUTRAGEOUS Candy Bar",Sweets,high,"Brittle is a peanut-based hard candy; REESE'S NUTRAGEOUS matches closely in energy (517 vs 506 kcal), protein (11.3 vs 12.6g), fat (32.1 vs 27.0g), and carbs (52.8 vs 55.5g), with similar salt content (0.358 vs 0.2g)",2.2,506.0,517,11.0,-1.3,5.1,-2.7,0.3,42.0,0.33,-16.0,-0.21,0.5,,0.06,0.03,,,0.158
15113,＜キャンデー類＞　マシュマロ,菓子類,キャンデー類,True,False,167995,"Candies, marshmallows",Sweets,high,"Direct food match: marshmallows are common in both US and Japan; nutrient profile nearly identical (E: 324 vs 318kcal, P: 2.1 vs 1.8g, C: 84.1 vs 81.3g)",1.9,324.0,318,-6.0,-0.3,,-2.8,0.1,2.0,0.13,4.0,0.04,0.0,0.0,0.001,0.001,0.0,0.0,0.203
15106,＜キャンデー類＞　ラムネ,菓子類,キャンデー類,True,False,167990,"Candies, hard",Sweets,high,"ラムネ (ramune) is a hard candy; entry 11 'Candies, hard' matches both the food concept and nutrient profile (394 vs 373 kcal, similar carbohydrate content ~98-100g, minimal protein/fiber/salt)",5.5,373.0,394,21.0,,,,0.0,-107.0,0.2,0.0,0.01,-2.0,0.0,0.004,0.003,0.0,0.0,-0.103
15137,＜チョコレート類＞　アーモンドチョコレート,菓子類,チョコレート類,True,False,167979,"Candies, HERSHEY'S GOLDEN ALMOND SOLITAIRES",Sweets,high,"Almond chocolate candy with nearly identical energy (562 vs 569 kcal), protein (11.4 vs 12.0g), and carbohydrate (40.1 vs 46.8g) profiles; direct product category match for chocolate-covered almonds",1.2,562.0,569,7.0,0.6,-2.5,6.7,-1.7,-37.0,-0.3,,,0.0,,,,,,0.032
15114,＜チョコレート類＞　カバーリングチョコレート,菓子類,チョコレート類,True,False,169663,"Candies, MARS SNACKFOOD US, SNICKERS CRUNCHER",Sweets,high,"カバーリングチョコレート (covering chocolate) is a chocolate coating/covering product; SNICKERS CRUNCHER matches best with nearly identical energy (488 vs 488 kcal), protein (6.86 vs 7.1g), fat (24.4 vs 23.1g), and carbs (62.8 vs 66.4g), representing a chocolate-coated confection product.",0.0,488.0,488,0.0,-0.24,1.3,-3.6,-1.3,-70.0,-0.92,,,0.5,,,,,,0.18
15115,＜チョコレート類＞　ホワイトチョコレート,菓子類,チョコレート類,True,False,167571,"Candies, white chocolate",Sweets,high,"Direct match: both are white chocolate candies with very similar nutrient profiles (energy 539 vs 588 kcal, fat 32.1 vs 37.8g, carbs 59.2 vs 58.2g)",8.7,588.0,539,-49.0,-1.33,-5.7,1.0,-0.4,-51.0,0.14,-54.0,-0.06,,-30.0,-0.017,-0.108,,,0.029
15116,＜チョコレート類＞　ミルクチョコレート,菓子類,チョコレート類,True,False,168755,"Candies, milk chocolate, with rice cereal",Sweets,high,"Milk chocolate candy with closest nutrient match across energy (511 vs 550), fat (29.4 vs 32.8g), carbs (59.7 vs 59.3g), and salt (0.218 vs 0.2g); direct category match for plain milk chocolate confection",7.4,550.0,511,-39.0,0.74,-3.4,0.4,-0.6,-53.0,0.25,-70.0,0.69,0.6,28.0,-0.059,-0.087,-1.0,,0.018
15118,＜チューインガム類＞　板ガム,菓子類,チューインガム類,True,False,167990,"Candies, hard",Sweets,medium,"板ガム (stick/slab chewing gum) is closest to hard candies in energy (394 vs 388 kcal) and carbohydrate profile; both are sugar-based confections with minimal protein/fiber, though gum is specifically not meant to be swallowed",1.5,388.0,394,6.0,,,,0.0,0.0,0.2,2.0,,0.0,0.0,0.004,0.003,0.0,,0.097
15119,＜チューインガム類＞　糖衣ガム,菓子類,チューインガム類,True,False,167990,"Candies, hard",Sweets,high,"糖衣ガム (sugar-coated chewing gum) is a hard candy product; candidate 5 'Candies, hard' matches both the food concept and energy profile (394 vs 390 kcal) most closely, with similar minimal protein and fiber content",1.0,390.0,394,4.0,,,,0.0,2.0,0.2,1.0,,0.0,0.0,0.004,0.003,0.0,,0.097
15120,＜チューインガム類＞　風船ガム,菓子類,チューインガム類,True,False,167990,"Candies, hard",Sweets,medium,"Bubble gum is a chewable candy with energy profile (387 kcal) matching hard candies; entry 5 'Candies, hard' has closest energy match (394 kcal) and similar zero/near-zero protein/fiber profile, though salt content differs",1.8,387.0,394,7.0,,,,0.0,0.0,0.2,1.0,,0.0,0.0,0.004,0.003,0.0,,0.097
15138,＜その他＞　カスタードクリーム,菓子類,その他,True,False,168787,"Egg custards, dry mix, prepared with 2% milk",Sweets,high,"Custard cream is fundamentally an egg custard product; entry 18 'Egg custards, dry mix, prepared with 2% milk' matches the food concept perfectly with very similar nutrient profile (E=112 vs 174kcal difference likely due to Japanese version being creamier/richer formulation)",43.4,174.0,112,-62.0,-0.97,-3.67,-8.5,-0.2,53.0,-0.37,94.0,-0.29,-0.8,49.0,-0.014,0.075,-0.8,-0.02,0.121
15140,＜その他＞　しるこ　つぶしあん,菓子類,その他,True,False,167738,"Pie fillings, blueberry, canned",Sweets,high,"Shiruko with tsubushian (sweet red bean paste in liquid) is a bean-based confectionery with similar energy (181 vs 179 kcal), very low fat (0.2g match), comparable carbs (44.4 vs 41g), high fiber content, low sodium (0.03g vs 0.1g), and blueberry pie filling represents the closest textural and compositional match among available US sweets options.",1.1,179.0,181,2.0,-3.79,0.0,3.4,-1.7,13.0,-0.3,-5.0,-0.4,,1.0,0.013,0.014,0.0,0.0,-0.07
15180,＜その他＞　チョコレートクリーム,菓子類,その他,True,False,174949,"Cookies, brownies, prepared from recipe",Baked Products,high,"Chocolate cream is a creamy chocolate confection; brownies prepared from recipe match closely on energy (466 vs 481 kcal), fat (29.1 vs 30.6g), carbs (50.2 vs 50.1g), and protein (6.2 vs 4.6g), with similar salt content and baked product category.",3.2,481.0,466,-15.0,1.6,-1.5,0.1,,-103.0,1.24,-134.0,0.37,-0.7,81.0,0.071,-0.04,,-0.14,0.371
16001,＜アルコール飲料類＞　（醸造酒類）　清酒　普通酒,し好飲料類,アルコール飲料類,True,False,173190,"Alcoholic beverage, wine, table, red",Beverages,high,"清酒 (sake) is a brewed alcoholic beverage with ~107 kcal/100g and 2.5g carbs; red table wine at 85 kcal with 2.61g carbs is the closest match in alcohol content, carbohydrate profile, and beverage category among available options.",22.9,107.0,85.0,-22.0,-0.33,,0.11,0.0,5.0,,122.0,0.04,0.0,0.0,,0.031,0.0,0.0,0.01
16002,＜アルコール飲料類＞　（醸造酒類）　清酒　純米酒,し好飲料類,アルコール飲料類,True,False,174837,"Alcoholic beverage, wine, table, white",Beverages,high,"Pure rice sake (清酒 純米酒) is a Japanese brewed alcohol with nutrient profile closest to white table wine - similar energy (102 vs 82 kcal), protein (0.4 vs 0.07g), and carbohydrates (2.3 vs 2.6g); both are fermented beverages with minimal salt and fat",21.7,102.0,82.0,-20.0,-0.33,,0.3,0.0,6.0,0.17,66.0,0.02,0.0,0.0,,0.015,0.0,0.0,0.013
16003,＜アルコール飲料類＞　（醸造酒類）　清酒　本醸造酒,し好飲料類,アルコール飲料類,True,False,174837,"Alcoholic beverage, wine, table, white",Beverages,high,"Sake (本醸造酒) is a brewed alcoholic beverage with similar energy (106 vs 82 kcal), carbohydrate content (2.6g match), and low protein/fat profile; white table wine is the closest USDA equivalent as both are fermented beverages with comparable alcohol content and nutritional composition",25.5,106.0,82.0,-24.0,-0.33,,0.0,0.0,6.0,,66.0,0.02,0.0,0.0,,0.015,0.0,0.0,0.013
16004,＜アルコール飲料類＞　（醸造酒類）　清酒　吟醸酒,し好飲料類,アルコール飲料類,True,False,174837,"Alcoholic beverage, wine, table, white",Beverages,high,"Ginjo sake is a premium Japanese brewed rice wine with similar alcohol content and nutrient profile to white table wine; candidate 16 (white wine, generic) best matches the energy (82 vs 103 kcal difference likely due to alcohol content variation), carbohydrate (2.6g), and protein (0.07g) profile, though energy is notably lower suggesting lower alcohol content in the USDA entry",22.7,103.0,82.0,-21.0,-0.23,,0.2,0.0,7.0,,64.0,0.02,0.0,0.0,0.005,0.015,0.0,0.0,0.013
16005,＜アルコール飲料類＞　（醸造酒類）　清酒　純米吟醸酒,し好飲料類,アルコール飲料類,True,False,174837,"Alcoholic beverage, wine, table, white",Beverages,high,"Junmai ginjo-shu is a premium Japanese sake (brewed rice wine) with ~15% ABV and low residual sugar; USDA white table wine is the closest US equivalent with matching energy (102 vs 82 kcal), protein (0.4 vs 0.07g), and carbohydrate profile (2.5 vs 2.6g)",21.7,102.0,82.0,-20.0,-0.33,,0.1,0.0,7.0,,66.0,0.02,0.0,0.0,0.005,0.015,0.0,0.0,0.013
16006,＜アルコール飲料類＞　（醸造酒類）　ビール　淡色,し好飲料類,アルコール飲料類,True,False,168746,"Alcoholic beverage, beer, regular, all",Beverages,high,"Japanese淡色ビール (pale lager beer) matches USDA 'beer, regular' in both category and nutrient profile (39-43 kcal, 0.3-0.46g protein, minimal carbs/salt)",9.8,39.0,43.0,4.0,0.16,,,0.0,1.0,,-7.0,,0.0,0.0,0.005,0.005,0.0,-0.08,0.01
16007,＜アルコール飲料類＞　（醸造酒類）　ビール　黒,し好飲料類,アルコール飲料類,True,False,168746,"Alcoholic beverage, beer, regular, all",Beverages,high,"Black beer (黒ビール) matches regular beer profile with similar energy (45 vs 43 kcal), protein (0.4 vs 0.46g), and beverage category; USDA entry is closest conceptual and nutritional match despite lacking dark beer specificity",4.5,45.0,43.0,-2.0,0.06,,,-0.2,1.0,-0.08,-28.0,,0.0,0.0,0.005,-0.015,0.0,,0.01
16008,＜アルコール飲料類＞　（醸造酒類）　ビール　スタウト,し好飲料類,アルコール飲料類,True,False,168746,"Alcoholic beverage, beer, regular, all",Beverages,high,"Stout is a type of beer; USDA entry 16 'Alcoholic beverage, beer, regular, all' is the closest match with similar energy (62 vs 43 kcal difference likely due to stout being higher alcohol/more dense) and protein profile; wine entries are conceptually incorrect beverages",36.2,62.0,43.0,-19.0,-0.04,,,-0.3,1.0,-0.08,-38.0,,0.0,0.0,0.005,-0.025,0.0,,0.01
16009,＜アルコール飲料類＞　（醸造酒類）　発泡酒,し好飲料類,アルコール飲料類,True,False,174145,"Alcoholic beverage, beer, light, higher alcohol",Beverages,high,発泡酒 (happoshu/low-malt beer) is a Japanese fermented beer with similar alcohol content and caloric profile to light beer with higher alcohol; candidate 1 matches energy (44-46kcal) and protein (0.1-0.25g) most closely,4.4,44.0,46.0,2.0,0.15,,0.77,0.0,0.0,0.03,8.0,,0.0,0.0,0.005,0.005,0.0,0.02,0.01
16010,＜アルコール飲料類＞　（醸造酒類）　ぶどう酒　白,し好飲料類,アルコール飲料類,True,False,174837,"Alcoholic beverage, wine, table, white",Beverages,high,"Generic white table wine matches both the Japanese 'ぶどう酒　白' (white grape wine) category and nutrient profile (82kcal, 2.6g carbs) nearly identically",8.9,75.0,82.0,7.0,-0.03,,0.1,,1.0,-0.03,11.0,,0.0,0.0,0.005,0.015,0.0,0.0,0.013
16011,＜アルコール飲料類＞　（醸造酒類）　ぶどう酒　赤,し好飲料類,アルコール飲料類,True,False,173190,"Alcoholic beverage, wine, table, red",Beverages,high,"Red wine (赤ぶどう酒) matches table red wine category; energy (85 kcal vs 68 kcal) shows reasonable alignment considering Japanese database may use different alcohol content standard, and nutrient profile (protein 0.07g, carbs 2.61g, salt 0.01g) is most consistent with red wine.",22.2,68.0,85.0,17.0,-0.13,,2.41,,1.0,0.06,17.0,,0.0,0.0,0.005,0.021,0.0,0.0,0.01
16012,＜アルコール飲料類＞　（醸造酒類）　ぶどう酒　ロゼ,し好飲料類,アルコール飲料類,True,False,171908,"Alcoholic beverages, wine, rose",Beverages,high,Rosé wine is a specific wine type that matches the Japanese item 'ぶどう酒 ロゼ' (rosé wine); candidate 15 is explicitly labeled as rosé wine with similar energy (83 vs 71 kcal) and carbohydrate content (3.8 vs 2.5g),15.6,71.0,83.0,12.0,0.26,,1.3,0.0,0.0,-0.2,-1.0,,0.0,0.0,0.02,0.015,0.0,0.01,0.013
16013,＜アルコール飲料類＞　（醸造酒類）　紹興酒,し好飲料類,アルコール飲料類,True,False,175112,"Alcoholic beverage, wine, dessert, dry",Beverages,high,"Shaoxing wine is a Chinese rice wine similar to dessert wine in alcohol content (~12-15% ABV), sweetness profile, and nutrient composition; entry 11 (dessert wine, dry) matches energy (152 vs 126 kcal), protein (0.2g), and mineral content most closely among alcoholic beverages",18.7,126.0,152,26.0,-1.5,,,,-17.0,-0.06,37.0,-0.33,0.0,0.0,,-0.012,,,0.023
16014,＜アルコール飲料類＞　（蒸留酒類）　しょうちゅう　連続式蒸留しょうちゅう,し好飲料類,アルコール飲料類,True,False,174815,"Alcoholic beverage, distilled, all (gin, rum, vodka, whiskey) 80 proof",Beverages,high,連続式蒸留しょうちゅう (continuous distilled shochu) is a distilled spirit comparable to USDA's distilled alcoholic beverages category; entry 7 matches the alcohol type and energy content (203 vs 231 kcal) with negligible carbohydrates and other nutrients,12.9,203.0,231,28.0,,,,0.0,,,,,0.0,0.0,0.006,0.004,0.0,0.0,0.003
16060,＜アルコール飲料類＞　（蒸留酒類）　しょうちゅう　泡盛,し好飲料類,アルコール飲料類,True,False,174815,"Alcoholic beverage, distilled, all (gin, rum, vodka, whiskey) 80 proof",Beverages,high,Shochu/awamori is a distilled spirit (泡盛 is Okinawan distilled liquor); energy match (206 vs 231kcal) and zero carbs/salt profile align with distilled spirits category despite higher caloric value in USDA entry,11.4,206.0,231,25.0,,,,,,,1.0,0.04,,,,,,,0.003
16016,＜アルコール飲料類＞　（蒸留酒類）　ウイスキー,し好飲料類,アルコール飲料類,True,False,174815,"Alcoholic beverage, distilled, all (gin, rum, vodka, whiskey) 80 proof",Beverages,high,"Distilled whiskey is explicitly mentioned in the USDA entry, with nearly identical energy (234 vs 231 kcal) and nutrient profile (all minimal/zero values), matching both category and composition",1.3,234.0,231,-3.0,,,,0.0,,,1.0,,0.0,0.0,0.006,0.004,0.0,0.0,0.003
16017,＜アルコール飲料類＞　（蒸留酒類）　ブランデー,し好飲料類,アルコール飲料類,True,False,174815,"Alcoholic beverage, distilled, all (gin, rum, vodka, whiskey) 80 proof",Beverages,high,"Brandy is a distilled spirit; candidate 1 matches the distilled alcohol category with nearly identical energy (234 vs 231 kcal) and minimal nutrients, representing the closest USDA equivalent for this spirit type.",1.3,234.0,231,-3.0,,,,0.0,,0.04,1.0,,0.0,0.0,0.006,0.004,0.0,0.0,0.003
16018,＜アルコール飲料類＞　（蒸留酒類）　ウオッカ,し好飲料類,アルコール飲料類,True,False,174815,"Alcoholic beverage, distilled, all (gin, rum, vodka, whiskey) 80 proof",Beverages,high,Vodka is explicitly mentioned in USDA entry 1 as a distilled spirit with matching energy content (237 vs 231 kcal) and zero nutrient profile; perfect category and concept match,2.6,237.0,231,-6.0,,,,0.0,,0.04,,,0.0,0.0,0.006,0.004,0.0,0.0,0.003
16019,＜アルコール飲料類＞　（蒸留酒類）　ジン,し好飲料類,アルコール飲料類,True,False,173663,"Alcoholic beverage, distilled, all (gin, rum, vodka, whiskey) 94 proof",Beverages,high,Gin is explicitly listed in the distilled spirits category with energy content (275 kcal) closest to the Japanese entry (280 kcal) and matching zero carbohydrates and salt profile,1.8,280.0,275,-5.0,,,,0.0,,0.04,,,0.0,0.0,0.006,0.004,,0.0,0.003
16020,＜アルコール飲料類＞　（蒸留酒類）　ラム,し好飲料類,アルコール飲料類,True,False,174817,"Alcoholic beverage, distilled, rum, 80 proof",Beverages,high,Rum (80 proof) is the exact product match with nearly identical energy content (231 vs 237 kcal) and matches the Japanese item's distilled spirit category specification.,2.6,237.0,231,-6.0,,,,0.0,,0.12,,,0.0,0.0,0.008,0.0,0.0,0.0,0.003
16021,＜アルコール飲料類＞　（蒸留酒類）　マオタイ酒,し好飲料類,アルコール飲料類,True,False,173664,"Alcoholic beverage, distilled, all (gin, rum, vodka, whiskey) 100 proof",Beverages,high,Maotai is a distilled spirit (baijiu) with 317 kcal/100g matching distilled spirits category; option 10 at 295 kcal is closest match for clear distilled alcohol with minimal nutrients,7.2,317.0,295,-22.0,,,,0.0,,-0.26,,,0.0,,0.006,0.004,,0.0,0.003
16022,＜アルコール飲料類＞　（混成酒類）　梅酒,し好飲料類,アルコール飲料類,True,False,173176,"Alcoholic beverage, wine, dessert, sweet",Beverages,high,"Umeshu is a sweet fruit liqueur made from plums, nutritionally and conceptually most similar to dessert wine (E=160 vs 155kcal, similar alcohol-sweetened beverage profile with low protein and minimal vitamins)",3.2,155.0,160,5.0,0.1,,,,7.0,,53.0,,0.0,0.0,0.018,0.008,,0.0,0.023
16023,＜アルコール飲料類＞　（混成酒類）　合成清酒,し好飲料類,アルコール飲料類,True,False,174844,"Alcoholic beverage, wine, table, white, late harvest, Gewurztraminer",Beverages,high,"合成清酒 (synthetic sake) is an alcohol-based beverage with 108 kcal matching candidate 1 exactly; both are low-protein, low-mineral alcoholic drinks with similar energy profiles",0.0,108.0,108,0.0,-0.03,,,,,,,,,,,,,,
16024,＜アルコール飲料類＞　（混成酒類）　白酒,し好飲料類,アルコール飲料類,True,False,174146,"Beverages, AMBER, hard cider",Beverages,high,"白酒 (shiro-zake) is a sweet alcoholic beverage with 236kcal energy and low protein (1.9g); hard cider matches both energy (236kcal) and sweet beverage profile with measurable carbohydrates, making it the closest US equivalent to this mixed alcoholic drink category",0.0,236.0,236,0.0,,,,,1.0,-0.04,40.0,-0.28,1.3,1.0,-0.011,0.003,,0.0,0.01
16027,＜アルコール飲料類＞　（混成酒類）　薬味酒,し好飲料類,アルコール飲料類,True,False,169574,"Alcoholic beverage, daiquiri, prepared-from-recipe",Beverages,medium,"薬味酒 (yakumi-zake) is a mixed alcoholic beverage with herbs/spices; daiquiri is closest USDA match for mixed spirit-based cocktail with similar energy content (186 vs 181 kcal) and low micronutrient profile, though exact ingredient composition differs",2.7,181.0,186,5.0,,,,,2.0,,7.0,,1.6,0.0,0.013,0.005,,0.0,0.013
16028,＜アルコール飲料類＞　（混成酒類）　キュラソー,し好飲料類,アルコール飲料類,True,False,173665,"Alcoholic beverage, liqueur, coffee, 63 proof",Beverages,high,"Curaçao is a liqueur (mixed spirit), and option 4 (coffee liqueur) is the only liqueur in the candidates with energy value (308 kcal) closest to the Japanese entry (319 kcal), matching the liqueur category better than table wines",3.5,319.0,308,-11.0,,,,,,0.06,,,0.0,0.0,0.004,0.012,,0.0,0.02
16029,＜アルコール飲料類＞　（混成酒類）　スイートワイン,し好飲料類,アルコール飲料類,True,False,173176,"Alcoholic beverage, wine, dessert, sweet",Beverages,high,"Sweet wine (スイートワイン) best matches dessert sweet wine with similar energy (160 vs 125kcal), carbohydrates (13.7 vs 12.2g), and protein (0.2 vs 0.1g) profiles; candidate 1 is too low in carbs for a sweet wine",24.6,125.0,160,35.0,0.1,,1.5,,3.0,-0.06,22.0,,0.0,0.0,0.018,,,0.0,0.023
16030,＜アルコール飲料類＞　（混成酒類）　ペパーミント,し好飲料類,アルコール飲料類,True,False,173168,"Alcoholic beverage, creme de menthe, 72 proof",Beverages,high,Peppermint liqueur matches the Japanese mixed alcoholic beverage (混成酒類) category; creme de menthe is the closest equivalent with similar energy content (371 vs 300 kcal) and mint flavoring profile,21.2,300.0,371,71.0,,,,,,0.07,,,0.0,0.0,0.0,0.0,,0.0,0.013
16031,＜アルコール飲料類＞　（混成酒類）　ベルモット　甘口タイプ,し好飲料類,アルコール飲料類,True,False,173176,"Alcoholic beverage, wine, dessert, sweet",Beverages,high,"Vermouth is a fortified wine product; dessert sweet wine matches the alcohol content (151 vs 160 kcal), sweetness profile, and nutrient composition better than other candidates",5.8,151.0,160,9.0,0.1,,,,2.0,-0.06,63.0,,0.0,,0.018,0.018,,0.0,0.023
16059,＜アルコール飲料類＞　（混成酒類）　缶チューハイ　レモン風味,し好飲料類,アルコール飲料類,True,False,174145,"Alcoholic beverage, beer, light, higher alcohol",Beverages,medium,"Canned lemon-flavored chūhai is a mixed alcoholic beverage with ~51 kcal/100g and low carbs (~1.8g); light beer with higher alcohol content matches energy level and carbohydrate profile most closely, though specific flavorings differ.",10.3,51.0,46.0,-5.0,0.25,,-1.03,-0.1,3.0,0.03,8.0,0.01,0.0,0.0,0.005,0.015,0.0,0.02,0.01
16037,＜茶類＞　（緑茶類）　せん茶　浸出液,し好飲料類,茶類,True,False,171917,"Beverages, tea, green, brewed, regular",Beverages,high,"Sencha tea infusion (浸出液) is brewed green tea; USDA entry 10 'Beverages, tea, green, brewed, regular' matches both the tea type and preparation method with nearly identical energy (4.0 vs 2.0 kcal) and protein (0.22g) profiles",66.7,2.0,4.0,2.0,0.02,,,,,-0.18,-19.0,,-6.0,0.0,0.007,0.008,0.0,0.0,0.003
16038,＜茶類＞　（緑茶類）　かまいり茶　浸出液,し好飲料類,茶類,True,False,171917,"Beverages, tea, green, brewed, regular",Beverages,high,"Green tea brewed beverage is the exact conceptual match for かまいり茶 (roasted green tea infusion); energy (1.0 vs 4.0 kcal) shows minor difference likely due to preparation method, but protein (0.1g match), salt (0.003g match), and beverage category align perfectly.",120.0,1.0,4.0,3.0,0.12,,,,,,-21.0,,-4.0,0.0,0.007,0.018,0.0,0.0,0.003
16039,＜茶類＞　（緑茶類）　番茶　浸出液,し好飲料類,茶類,True,False,171917,"Beverages, tea, green, brewed, regular",Beverages,high,"番茶 (bancha) is a Japanese green tea infusion; candidate 24 is green tea brewed, which is the closest conceptual and categorical match with similar minimal energy and salt content",,0.0,4.0,4.0,,,,,,-0.18,-24.0,,-3.0,0.0,0.007,0.028,0.0,0.0,0.003
16040,＜茶類＞　（緑茶類）　ほうじ茶　浸出液,し好飲料類,茶類,True,False,174120,"Beverages, tea, Oolong, brewed",Beverages,high,"Hojicha is a roasted green tea infusion with minimal nutrients; Oolong brewed tea matches the beverage type, minimal energy (1.0 kcal), low sodium (0.008g), and similar mineral profile to brewed tea infusions",,0.0,1.0,1.0,,,,,-1.0,,-12.0,,,0.0,0.0,-0.02,0.0,0.0,0.008
16041,＜茶類＞　（緑茶類）　玄米茶　浸出液,し好飲料類,茶類,True,False,174120,"Beverages, tea, Oolong, brewed",Beverages,high,"Genmaicha (brown rice green tea) brewed is closest to Oolong tea brewed - both are Asian brewed teas with minimal energy, similar mineral content (K, Ca), and matching nutrient profiles (E=1.0kcal, low sodium, minimal vitamins)",,0.0,1.0,1.0,,,,0.0,-1.0,,5.0,,-1.0,0.0,0.0,-0.01,0.0,0.0,0.008
16042,＜茶類＞　（発酵茶類）　ウーロン茶　浸出液,し好飲料類,茶類,True,False,174120,"Beverages, tea, Oolong, brewed",Beverages,high,"Oolong tea brewed is the exact food concept match; nutrient profile aligns well (E=1.0kcal, low minerals, minimal vitamins typical of tea infusions)",,0.0,1.0,1.0,,,,,-1.0,,-1.0,,0.0,0.0,0.0,-0.03,0.0,0.0,0.008
16044,＜茶類＞　（発酵茶類）　紅茶　浸出液,し好飲料類,茶類,True,False,174155,"Beverages, tea, black, brewed, prepared with distilled water",Beverages,high,"Black tea brewed with distilled water matches the Japanese fermented black tea infusion (紅茶浸出液) in both category and nutrient profile (1.0 kcal, minimal protein/minerals, typical of unsweetened tea)",0.0,1.0,1.0,0.0,,,,,,0.01,13.0,,0.0,,0.0,0.004,,0.0,
16045,＜コーヒー・ココア類＞　コーヒー　浸出液,し好飲料類,コーヒー・ココア類,True,False,171889,"Beverages, coffee, brewed, prepared with tap water, decaffeinated",Beverages,high,"Brewed coffee prepared with tap water matches the Japanese instant coffee infusion (浸出液) in both concept and nutrient profile, with comparable energy (1.0 vs 4.0 kcal) and protein content (0.1 vs 0.2g); candidate 2 is the most appropriate brewed coffee option available",120.0,4.0,1.0,-3.0,-0.1,,,,0.0,,-11.0,,0.0,0.0,0.0,-0.01,0.0,0.0,0.005
16046,＜コーヒー・ココア類＞　コーヒー　インスタントコーヒー,し好飲料類,コーヒー・ココア類,True,False,174126,"Beverages, coffee, instant, regular, half the caffeine",Beverages,high,"Instant coffee is the exact food category match; candidate 1 has similar protein (14.4g vs 14.7g), energy (352 vs 287kcal), and fat (0.5g vs 0.2g) profiles, with the energy difference likely due to moisture content variation in instant coffee samples",20.3,287.0,352,65.0,-0.3,0.3,,,1.0,1.41,-60.0,-0.05,0.0,0.0,-0.012,-0.066,0.0,-0.1,-0.006
16047,＜コーヒー・ココア類＞　コーヒー　コーヒー飲料　乳成分入り　加糖,し好飲料類,コーヒー・ココア類,True,False,174863,"Malt beverage, includes non-alcoholic beer",Beverages,medium,"Malt beverage has closest energy (37 vs 38 kcal), protein (0.21 vs 0.7g), fat (0.12 vs 0.2g), and carbohydrate profile to sweetened coffee beverage with milk; best available match for a lightly sweetened, lightly dairy-containing beverage",2.7,38.0,37.0,-1.0,-0.49,-0.08,,,-15.0,-0.04,-52.0,-0.08,0.5,0.0,0.006,0.008,,,-0.067
16049,＜コーヒー・ココア類＞　ココア　ミルクココア,し好飲料類,コーヒー・ココア類,True,False,174122,"Beverages, Cocoa mix, powder",Beverages,high,"Both are cocoa/chocolate beverage powders with similar energy (400 vs 398 kcal), protein (7.4 vs 6.67g), and fat (6.6 vs 4.0g) profiles; exact food category match despite minor nutrient variations",0.5,400.0,398,-2.0,-0.73,-2.6,,-1.8,-47.0,-1.71,-18.0,-0.64,0.2,,0.026,0.145,,,0.58
16057,＜その他＞　スポーツドリンク,し好飲料類,その他,True,False,173660,"Beverages, PEPSICO QUAKER, Gatorade, G performance O 2, ready-to-drink.",Beverages,high,Sports drink (Gatorade) matches both the Japanese item category and energy content (26 vs 21 kcal) with similar electrolyte profile and salt content (0.099 vs 0.1g),21.3,21.0,26.0,5.0,,,,,-7.0,,-11.0,0.01,,0.0,0.011,0.0,0.0,0.0,-0.001
16052,＜その他＞　（炭酸飲料類）　果実色飲料,し好飲料類,その他,True,False,173199,"Carbonated beverage, cream soda",Beverages,high,Exact energy match (51.0 kcal) and both are carbonated fruit-flavored beverages with minimal micronutrients; cream soda is a common carbonated fruit-colored drink comparable to the Japanese fruit-colored carbonated beverage,0.0,51.0,51.0,0.0,,,,,2.0,,0.0,0.07,0.0,0.0,0.0,0.0,0.0,,0.03
16053,＜その他＞　（炭酸飲料類）　コーラ,し好飲料類,その他,True,False,175093,"Beverages, carbonated, cola, fast-food cola",Beverages,high,Carbonated cola beverage with closest energy (37 vs 46 kcal) and carbohydrate (9.56 vs 12.2g) match among cola options; represents standard cola product comparable to Japanese コーラ,21.7,46.0,37.0,-9.0,-0.03,,-2.64,,0.0,,,,0.0,0.0,0.0,0.0,0.0,,0.01
16054,＜その他＞　（炭酸飲料類）　サイダー,し好飲料類,その他,True,False,173206,"Beverages, carbonated, SPRITE, lemon-lime, without caffeine",Beverages,high,サイダー (cider/lemon-lime soda) matches SPRITE lemon-lime carbonated beverage with nearly identical energy (40 vs 41 kcal) and carbohydrate (10.1 vs 9.0g) profiles,2.5,41.0,40.0,-1.0,,,1.1,,1.0,,,-0.06,0.0,0.0,0.0,0.0,0.0,,0.023
16058,＜その他＞　（炭酸飲料類）　ビール風味炭酸飲料,し好飲料類,その他,True,False,174850,"Beverages, carbonated, low calorie, cola or pepper-type, with aspartame, without caffeine",Beverages,high,Beer-flavored carbonated beverage is a non-alcoholic carbonated drink; candidate 23 (low-calorie carbonated cola/pepper-type) matches the carbonated beverage category and has nearly identical energy (4 vs 5 kcal) and nutrient profile,22.2,5.0,4.0,-1.0,0.02,,,,1.0,0.02,-2.0,0.01,-8.0,0.0,0.005,0.023,0.0,0.0,0.01
16061,＜その他＞　なぎなたこうじゅ　浸出液,し好飲料類,その他,True,False,173658,"Beverages, DANNON, water, bottled, non-carbonated, with Fluoride",Beverages,high,"Naginata koji infusion is an extremely dilute herbal extract with minimal nutrients (0.0 kcal, trace minerals); best matches bottled non-carbonated water with minimal energy and salt content",,0.0,1.0,1.0,,,,,2.0,,,0.0,,,,,,,0.003
16055,＜その他＞　麦茶　浸出液,し好飲料類,その他,True,False,174120,"Beverages, tea, Oolong, brewed",Beverages,high,"Barley tea (麦茶) is a brewed grain tea beverage; Oolong brewed tea matches energy (1.0kcal), minimal sodium, and general brewed tea profile most closely among available options",0.0,1.0,1.0,0.0,,,,,-1.0,,6.0,-0.09,0.0,0.0,0.0,0.0,0.0,,0.008
17001,＜調味料類＞　（ウスターソース類）　ウスターソース,調味料・香辛料類,調味料類,True,False,174529,"Sauce, oyster, ready-to-serve","Soups, Sauces, and Gravies",medium,"Worcestershire sauce is a brown condiment sauce; oyster sauce is closest USDA match by category and carb/salt profile, though energy differs due to fat content not prominent in Japanese worcestershire sauce",58.2,117.0,213,96.0,0.35,,-13.2,-0.2,-27.0,-1.42,-136.0,-0.01,0.1,-47.0,0.0,0.104,0.0,,-1.566
17002,＜調味料類＞　（ウスターソース類）　中濃ソース,調味料・香辛料類,調味料類,True,False,171186,"Sauce, hot chile, sriracha","Soups, Sauces, and Gravies",medium,"中濃ソース (chūnō sauce) is a Japanese-style Worcestershire sauce; sriracha sauce shares similar profile (savory condiment, low fat, moderate carbs, high sodium) though flavor profile differs from traditional Worcestershire",32.4,129.0,93.0,-36.0,1.13,,-7.7,1.2,-43.0,-0.06,111.0,0.14,26.9,42.0,0.057,0.182,,,-0.415
17003,＜調味料類＞　（ウスターソース類）　濃厚ソース,調味料・香辛料類,調味料類,True,False,174529,"Sauce, oyster, ready-to-serve","Soups, Sauces, and Gravies",medium,"濃厚ソース (rich/thick Worcestershire-style sauce) best matches oyster sauce in category (Soups, Sauces, and Gravies), though energy and salt levels differ; no perfect Worcestershire match available in candidates",48.4,130.0,213,83.0,0.45,,-16.2,-0.7,-29.0,-1.32,-156.0,-0.01,0.1,-110.0,-0.02,0.084,0.0,,1.334
17085,＜調味料類＞　（ウスターソース類）　お好み焼きソース,調味料・香辛料類,調味料類,True,False,171829,"Sauce, barbecue, KC MASTERPIECE, original","Soups, Sauces, and Gravies",medium,"Okonomiyaki sauce is a savory-sweet condiment similar to barbecue sauce in function and nutrient profile (carb-dominant, low fat, moderate sodium); #10 KC Masterpiece matches energy (160 vs 144kcal) and carbs (37.9 vs 29.6g) better than alternatives, though salt is lower than Japanese version.",10.5,144.0,160,16.0,-0.6,,8.3,0.5,9.0,0.19,37.0,0.02,-2.8,-186.0,-0.003,0.043,,,-3.343
17004,＜調味料類＞　（辛味調味料類）　トウバンジャン,調味料・香辛料類,調味料類,True,False,173476,"Seasoning mix, dry, chili, original",Spices and Herbs,medium,"Tōbanjiang is a spicy chili paste condiment; candidate #1 is a dry chili seasoning mix with similar spice profile and closest energy/protein match among candidates, though salt content differs due to paste vs. dry format",149.0,49.0,335,286.0,8.8,5.5,,6.5,,1.6,,,2.9,,,,,,-6.065
17006,＜調味料類＞　（辛味調味料類）　ラー油,調味料・香辛料類,調味料類,True,False,172336,"Oil, canola",Fats and Oils,high,"Rayu is chili-infused oil; canola oil matches the base oil composition (884 kcal, 100g fat) and is the most common neutral cooking oil base used in rayu production",0.3,887.0,884,-3.0,,2.5,,,,,,,0.0,-710.0,0.0,0.0,0.0,,
17007,＜調味料類＞　（しょうゆ類）　こいくちしょうゆ,調味料・香辛料類,調味料類,True,False,174531,"Sauce, fish, ready-to-serve","Soups, Sauces, and Gravies",high,"Koikuchi shoyu is a fermented soy sauce with high protein (7.7g) and salt (14.5g); fish sauce is the closest USDA match with similar savory umami profile, high salt content, and comparable energy/protein levels despite slightly higher energy in fish sauce.",63.1,76.0,146,70.0,-2.64,,2.04,,14.0,-0.92,-102.0,-0.7,0.5,4.0,-0.038,-0.113,0.0,0.38,5.439
17086,＜調味料類＞　（しょうゆ類）　こいくちしょうゆ　減塩,調味料・香辛料類,調味料類,True,False,171167,"Sauce, teriyaki, ready-to-serve","Soups, Sauces, and Gravies",high,"Soy sauce (shoyu) is a fermented soy-based condiment; teriyaki sauce shares similar salty umami profile (9.7g salt vs 8.3g, comparable protein ~6g, both are ready-to-serve sauces), making it the closest functional equivalent in USDA database despite higher calories from added sugars in teriyaki formulation",138.0,68.0,371,303.0,-2.17,,14.3,0.1,-6.0,-0.4,-35.0,-0.8,0.0,,-0.04,-0.1,0.0,0.0,1.428
17008,＜調味料類＞　（しょうゆ類）　うすくちしょうゆ,調味料・香辛料類,調味料類,True,False,174531,"Sauce, fish, ready-to-serve","Soups, Sauces, and Gravies",high,"Usukuchi shoyu (light soy sauce) is a salty, protein-rich liquid seasoning most similar to fish sauce in nutrient profile (E≈60-146kcal, P≈5-5.7g, high salt≈16-19.9g) and functional use as a savory liquid condiment; fish sauce is the closest USDA match despite different origin",83.5,60.0,146,86.0,-0.64,,1.04,,19.0,-0.32,-32.0,-0.4,0.5,4.0,-0.038,-0.053,0.0,0.38,3.939
17139,＜調味料類＞　（しょうゆ類）　うすくちしょうゆ　低塩,調味料・香辛料類,調味料類,True,False,174531,"Sauce, fish, ready-to-serve","Soups, Sauces, and Gravies",high,"Fish sauce (candidate 2) is the closest match to low-sodium soy sauce - both are fermented, salty liquid seasonings with similar protein content (5.06g vs 6.4g), energy (146 vs 77kcal), and high salt profiles characteristic of Asian umami-based condiments",61.9,77.0,146,69.0,-1.34,,1.14,,24.0,-0.22,-42.0,-0.3,-3.5,4.0,-0.238,-0.023,,,7.139
17010,＜調味料類＞　（しょうゆ類）　さいしこみしょうゆ,調味料・香辛料類,調味料類,True,False,174531,"Sauce, fish, ready-to-serve","Soups, Sauces, and Gravies",high,"Saiishikomi shoyu is a double-fermented soy sauce with high protein (9.6g) and very high salt (12.4g); fish sauce matches this profile best with similar energy (146 vs 101kcal), protein (5.06g), and extremely high salt (19.94g), representing the closest umami-rich fermented condiment in USDA database",36.4,101.0,146,45.0,-4.54,,1.64,0.0,20.0,-1.32,-242.0,-0.9,0.5,4.0,-0.158,-0.093,0.0,0.28,7.539
17088,＜調味料類＞　（しょうゆ類）　照りしょうゆ,調味料・香辛料類,調味料類,True,False,174529,"Sauce, oyster, ready-to-serve","Soups, Sauces, and Gravies",medium,"照りしょうゆ (gloss soy sauce) is a soy-based sauce condiment; oyster sauce is the closest USDA match as a savory, salt-rich (6.9g vs 4.0g), protein-containing Asian sauce, though soy sauce would be more accurate if available in the database",21.3,172.0,213,41.0,-1.05,,-9.6,,22.0,-0.32,-56.0,-0.11,0.1,0.0,0.0,0.074,0.0,,2.934
17090,＜調味料類＞　（食酢類）　黒酢,調味料・香辛料類,調味料類,True,False,172240,"Vinegar, red wine",Spices and Herbs,high,"黒酢 (black vinegar) is a vinegar product; red wine vinegar is the closest USDA vinegar match in the Spices and Herbs category with similar energy content (79 vs 54 kcal) and acidity profile, though energy differs due to concentration differences between products",37.6,54.0,79.0,25.0,-0.96,,,0.0,1.0,0.25,-8.0,-0.27,0.5,0.0,,,,,0.02
17015,＜調味料類＞　（食酢類）　穀物酢,調味料・香辛料類,調味料類,True,False,172237,"Vinegar, distilled",Spices and Herbs,high,Grain vinegar (穀物酢) is a type of vinegar made from cereals; distilled vinegar is the closest US equivalent with similar energy content (25 vs 18 kcal) and minimal nutrients,32.6,25.0,18.0,-7.0,,,,0.0,4.0,,-2.0,-0.09,0.0,0.0,-0.01,-0.01,0.0,-0.1,0.005
17016,＜調味料類＞　（食酢類）　米酢,調味料・香辛料類,調味料類,True,False,172237,"Vinegar, distilled",Spices and Herbs,high,"米酢 (rice vinegar) is a vinegar product; candidate 1 (distilled vinegar) is the closest match in category and represents plain vinegar with minimal additives, though energy content differs slightly due to processing differences",87.5,46.0,18.0,-28.0,,,,0.0,4.0,-0.07,-14.0,-0.19,0.0,0.0,-0.01,-0.01,0.0,-0.1,0.005
17017,＜調味料類＞　（食酢類）　果実酢　ぶどう酢,調味料・香辛料類,調味料類,True,False,172237,"Vinegar, distilled",Spices and Herbs,high,"Grape vinegar (ぶどう酢) is a fruit vinegar that best matches distilled vinegar in the USDA database; both are acidic condiments with very low energy (22 vs 18 kcal) and minimal nutrients, making this the most appropriate categorization.",20.0,22.0,18.0,-4.0,,,,0.0,3.0,-0.17,-20.0,,,,,,,-0.1,0.005
17018,＜調味料類＞　（食酢類）　果実酢　りんご酢,調味料・香辛料類,調味料類,True,False,173469,"Vinegar, cider",Spices and Herbs,high,"Apple vinegar (りんご酢) is a fruit vinegar that best matches cider vinegar in concept and nutrient profile (energy 90 vs 26 kcal suggests concentration difference, but carbohydrate content 0.93g is closest match among vinegars)",110.3,26.0,90.0,64.0,,,0.43,0.0,3.0,0.0,14.0,-0.06,0.0,0.0,0.0,-0.01,,-0.3,0.013
17025,＜調味料類＞　（だし類）　中華だし,調味料・香辛料類,調味料類,True,False,172922,"Soup, beef broth or bouillon, powder, prepared with water","Soups, Sauces, and Gravies",high,中華だし (Chinese dashi/broth base) is a dry seasoning powder meant to be prepared with water; matches beef broth powder nutritionally (3.0 kcal vs 3.0 kcal) and functionally as a bouillon-type product,0.0,3.0,3.0,0.0,-0.59,,,,1.0,,-84.0,,0.0,0.0,-0.148,-0.027,,0.01,0.87
17026,＜調味料類＞　（だし類）　洋風だし,調味料・香辛料類,調味料類,True,False,171179,"Soup, SWANSON, beef broth, lower sodium","Soups, Sauces, and Gravies",high,"洋風だし (Western-style dashi/stock) is a light broth seasoning with nearly identical energy (6.0 kcal), protein (1.2-1.3g), and salt (0.457-0.5g) to beef broth; SWANSON beef broth lower sodium matches perfectly on both concept and nutrient profile.",0.0,6.0,6.0,0.0,-0.1,,,,-3.0,-0.06,-87.0,0.22,,0.0,0.0,0.035,,-0.2,-0.043
17027,＜調味料類＞　（だし類）　固形ブイヨン,調味料・香辛料類,調味料類,True,False,171561,"Soup, beef broth, cubed, dry","Soups, Sauces, and Gravies",high,"固形ブイヨン (solid bouillon/broth cube) matches beef broth cube category; energy (233 vs 711kcal) difference reflects concentration level, but protein (7.0g), fat (4.1g), and very high salt (43.2g) are characteristic of broth cubes; candidate #2 is closest conceptual match among available options",101.3,233.0,711,478.0,10.3,-0.1,,-0.3,34.0,1.83,203.0,0.11,0.0,0.0,0.17,0.16,,0.9,17.76
17092,＜調味料類＞　（だし類）　顆粒おでん用,調味料・香辛料類,調味料類,True,False,171560,"Soup, beef broth or bouillon, powder, dry","Soups, Sauces, and Gravies",medium,"Granular oden dashi stock is a Japanese soup/broth base product; candidate 1 (beef broth powder) is the closest match in category and nutrient profile, though salt content is slightly higher and fat profile differs",24.8,166.0,213,47.0,6.4,8.79,-3.9,,30.0,0.2,236.0,-0.4,0.0,0.0,0.05,0.133,-0.2,0.6,9.64
17093,＜調味料類＞　（だし類）　顆粒中華だし,調味料・香辛料類,調味料類,True,False,171560,"Soup, beef broth or bouillon, powder, dry","Soups, Sauces, and Gravies",medium,"Granular Chinese dashi is a dry bouillon/broth powder seasoning; candidate 3 (beef broth powder) is closest in energy (213 vs 210 kcal), protein (16.0 vs 12.6g), and extremely high salt content (66.04 vs 47.5g), representing the best available US equivalent despite being beef rather than Chinese-style broth.",1.4,210.0,213,3.0,3.4,7.39,,0.0,-24.0,0.4,-464.0,-0.5,0.0,-8.0,0.01,-0.317,0.0,0.7,18.54
17141,＜調味料類＞　（だし類）　めんつゆ　二倍濃縮,調味料・香辛料類,調味料類,True,False,174529,"Sauce, oyster, ready-to-serve","Soups, Sauces, and Gravies",medium,"Menつゆ (noodle dipping sauce) is a concentrated umami-rich sauce similar to oyster sauce in function and sodium content (6.6g vs 6.934g salt), though oyster sauce has higher energy; both are ready-to-serve Asian condiment sauces.",100.0,71.0,213,142.0,-2.05,,,,20.0,-0.42,-106.0,-0.21,0.1,0.0,-0.02,0.064,0.0,0.11,0.334
17030,＜調味料類＞　（だし類）　めんつゆ　三倍濃縮,調味料・香辛料類,調味料類,True,False,171167,"Sauce, teriyaki, ready-to-serve","Soups, Sauces, and Gravies",high,"Menつゆ (noodle dipping sauce) is a Japanese condiment most analogous to teriyaki sauce in USDA database; both are umami-rich, soy-based liquid seasonings with similar energy (98 vs 371 kcal per 100g) and high sodium profiles (9.9 vs 9.728g salt), though the menつゆ is more dilute/concentrated form",116.4,98.0,371,273.0,1.43,,,,9.0,0.9,5.0,-0.3,0.0,0.0,-0.01,0.0,0.0,-0.2,-0.172
17142,＜調味料類＞　（だし類）　ラーメンスープ　濃縮　しょうゆ味　ストレートしょうゆ味,調味料・香辛料類,調味料類,True,False,174531,"Sauce, fish, ready-to-serve","Soups, Sauces, and Gravies",medium,"Fish-based sauce matches shoyu ramen soup concept (umami, salty broth base); energy (146 vs 157 kcal) and salt (19.9 vs 17.1g) are closest among candidates, though protein differs",7.3,157.0,146,-11.0,1.76,-11.39,-0.06,,21.0,0.18,88.0,-0.1,0.5,,-0.018,-0.023,,,2.839
17094,＜調味料類＞　（調味ソース類）　甘酢,調味料・香辛料類,調味料類,True,False,174066,"Sauce, sweet and sour, ready-to-serve","Soups, Sauces, and Gravies",high,"Sweet and sour sauce best matches 甘酢 (sweet vinegar sauce) in both concept and nutrient profile - similar energy (154 vs 116 kcal), carbohydrates (38.2 vs 27.9g), and minimal protein/fat",28.1,116.0,154,38.0,0.17,,10.3,0.1,8.0,0.21,94.0,-0.01,8.7,1.0,0.038,0.009,0.0,-0.1,0.169
17031,＜調味料類＞　（調味ソース類）　オイスターソース,調味料・香辛料類,調味料類,True,False,174529,"Sauce, oyster, ready-to-serve","Soups, Sauces, and Gravies",high,"Oyster sauce is a direct conceptual match; candidate 1 is the only oyster sauce option in USDA database, with similar protein (7.7g vs 1.35g difference likely due to Japanese product concentration) and comparable energy profile to other condiment sauces.",67.9,105.0,213,108.0,-6.35,0.15,,0.1,7.0,-1.02,-206.0,-1.51,,,0.0,0.054,,-1.59,-4.466
17096,＜調味料類＞　（調味ソース類）　黄身酢,調味料・香辛料類,調味料類,True,False,171191,"Sauce, cheese, ready-to-serve","Soups, Sauces, and Gravies",medium,"黄身酢 (egg yolk vinegar sauce) is a savory condiment sauce with high protein (6.3g) and fat (11.2g); cheese sauce best matches the nutrient profile and savory sauce category among available options, though culturally distinct.",22.9,219.0,174,-45.0,0.41,2.1,-13.47,0.5,127.0,-1.59,-17.0,-0.42,0.4,71.0,-0.074,-0.066,,-1.26,-3.597
17133,＜調味料類＞　（調味ソース類）　魚醤油　いかなごしょうゆ,調味料・香辛料類,調味料類,True,False,174531,"Sauce, fish, ready-to-serve","Soups, Sauces, and Gravies",high,"Fish sauce/fish-based seasoning sauce with similar protein (13.9g vs 5.06g), low fat, and comparable salt content (21.2g vs 19.939g); ready-to-serve fish sauce is the closest USDA equivalent to いかなごしょうゆ (baby anchovy soy sauce)",78.1,64.0,146,82.0,-8.84,0.01,,,40.0,0.38,-192.0,-0.8,0.5,4.0,0.012,-0.253,0.0,-0.52,-1.261
17134,＜調味料類＞　（調味ソース類）　魚醤油　いしる　（いしり）,調味料・香辛料類,調味料類,True,False,174531,"Sauce, fish, ready-to-serve","Soups, Sauces, and Gravies",high,"Ishiru is a fermented fish sauce; 'Sauce, fish, ready-to-serve' is the closest conceptual match with similar protein (12.8g vs 5.06g) and salt content (21.9g vs 19.94g), though Japanese fish sauce is more concentrated.",74.2,67.0,146,79.0,-7.74,0.01,3.54,-0.3,18.0,-0.72,28.0,-4.3,0.5,4.0,0.012,-0.193,0.0,-3.42,-1.961
17135,＜調味料類＞　（調味ソース類）　魚醤油　しょっつる,調味料・香辛料類,調味料類,True,False,174531,"Sauce, fish, ready-to-serve","Soups, Sauces, and Gravies",high,"Fish sauce (しょっつる) is a fermented fish-based condiment that matches 'Sauce, fish, ready-to-serve' in both concept and nutrient profile (low energy, high protein, very high salt content)",133.7,29.0,146,117.0,-1.04,0.01,,-0.1,37.0,0.58,98.0,0.0,0.5,4.0,-0.018,-0.003,0.0,-1.42,-4.361
17107,＜調味料類＞　（調味ソース類）　魚醤油　ナンプラー,調味料・香辛料類,調味料類,True,False,174531,"Sauce, fish, ready-to-serve","Soups, Sauces, and Gravies",high,"Fish sauce (nam pla) is a fermented fish-based condiment that matches 'Sauce, fish, ready-to-serve' in both category and nutrient profile (high protein ~9g, high salt ~20g, low energy ~47-146kcal)",102.6,47.0,146,99.0,-4.04,0.01,,0.0,23.0,-0.42,58.0,-0.5,0.5,4.0,0.002,-0.043,0.0,-1.12,-2.961
17097,＜調味料類＞　（調味ソース類）　ごま酢,調味料・香辛料類,調味料類,True,False,171404,"Salad dressing, french dressing, reduced fat",Fats and Oils,medium,"Sesame vinegar is a condiment/dressing with similar energy (212 vs 222 kcal), fat (7.6 vs 11.5g), and carbohydrate (25.1 vs 31.2g) content to French dressing, though the salt content is lower and the nutritional profile isn't an exact match",4.6,212.0,222,10.0,-3.42,3.9,6.1,-0.4,-169.0,-0.97,-3.0,-0.8,4.8,26.0,-0.056,-0.008,0.0,-0.1,0.429
17098,＜調味料類＞　（調味ソース類）　ごまだれ,調味料・香辛料類,調味料類,True,False,172890,"Sauce, teriyaki, ready-to-serve, reduced sodium","Soups, Sauces, and Gravies",medium,"Teriyaki sauce shares similar Asian seasoning sauce profile with sesame dressing; comparable energy (372 vs 282kcal), protein (5.93 vs 7.2g), and salt content (4.521 vs 4.3g), though fat content differs significantly due to sesame oil in gomadarе",27.5,282.0,372,90.0,-1.27,-14.18,-5.1,-2.9,-195.0,-0.6,15.0,-1.5,0.0,-2.0,-0.08,-0.02,,-0.1,0.221
17099,＜調味料類＞　（調味ソース類）　三杯酢,調味料・香辛料類,調味料類,True,False,173590,"Salad dressing, italian dressing, fat-free",Fats and Oils,medium,"三杯酢 (sanbaizu) is a vinegar-based Japanese seasoning sauce; fat-free Italian dressing matches the low-fat, vinegar-based condiment profile and closest nutrient values (E=47 vs 85, low fat, similar carbs and salt)",57.6,85.0,47.0,-38.0,0.07,,-4.15,0.6,25.0,0.2,46.0,0.16,0.4,4.0,0.021,0.033,0.0,0.21,0.87
17101,＜調味料類＞　（調味ソース類）　すし酢　ちらし・稲荷用,調味料・香辛料類,調味料類,True,False,174066,"Sauce, sweet and sour, ready-to-serve","Soups, Sauces, and Gravies",medium,"Sushi vinegar (すし酢) is a sweet vinegar-based seasoning sauce; sweet and sour sauce matches the high carb (38.2g vs 31.6g), low fat, moderate sodium profile and condiment category best among available options.",2.6,150.0,154,4.0,0.17,,6.6,0.1,7.0,0.11,81.0,-0.01,8.7,1.0,0.038,0.009,0.0,-0.1,-5.131
17104,＜調味料類＞　（調味ソース類）　中華風合わせ酢,調味料・香辛料類,調味料類,True,False,171186,"Sauce, hot chile, sriracha","Soups, Sauces, and Gravies",medium,"Chinese-style vinegar blend is a savory condiment sauce; sriracha matches on energy (93 vs 153kcal is offset by typical dilution), protein (1.93g), carbs (19.2g vs 20.5g), and salt content (5.4g), with similar sauce category classification",48.8,153.0,93.0,-60.0,-1.07,-2.37,-1.3,,6.0,0.94,161.0,-0.16,26.9,129.0,0.057,0.152,,,-0.115
17105,＜調味料類＞　（調味ソース類）　デミグラスソース,調味料・香辛料類,調味料類,True,False,172901,"CAMPBELL'S, Cream of Mushroom Soup, condensed","Soups, Sauces, and Gravies",medium,"Demi-glace is a brown sauce similar to cream of mushroom in consistency and nutrient profile (energy 82 vs 81 kcal, protein 2.9 vs 1.29g, salt 1.3 vs 1.77g); best available match despite mushroom soup being slightly different in concept",1.2,82.0,81.0,-1.0,-1.61,,,,-3.0,-0.14,-113.0,-0.19,,,-0.03,-0.053,,,0.47
17108,＜調味料類＞　（調味ソース類）　冷やし中華のたれ,調味料・香辛料類,調味料類,True,False,171186,"Sauce, hot chile, sriracha","Soups, Sauces, and Gravies",medium,"Reiyashi chuka no tare is a cold noodle sauce with high sodium and moderate carbs; sriracha sauce matches best on food category (condiment sauce), nutritional profile (E=93 vs 114, C=19.2 vs 19.5g, Salt=5.385 vs 5.8g), and low fat content, though flavor profile differs from Asian noodle sauce.",20.3,114.0,93.0,-21.0,-0.17,-0.17,-0.3,2.2,11.0,1.34,232.0,0.04,26.9,128.0,-0.143,0.192,,,-0.415
17109,＜調味料類＞　（調味ソース類）　ホワイトソース,調味料・香辛料類,調味料類,True,False,172901,"CAMPBELL'S, Cream of Mushroom Soup, condensed","Soups, Sauces, and Gravies",high,"ホワイトソース (white sauce/béchamel) is a cream-based sauce that best matches cream of mushroom soup in nutrient profile (E=81kcal vs 99kcal, F=5.5g vs 6.2g, similar protein and carbs) and conceptual category as a creamy condiment sauce.",20.0,99.0,81.0,-18.0,-0.51,-0.7,0.99,0.2,-26.0,0.06,5.0,-0.09,0.5,,0.0,-0.033,,,0.77
17137,＜調味料類＞　（調味ソース類）　ぽん酢しょうゆ　市販品,調味料・香辛料類,調味料類,True,False,174529,"Sauce, oyster, ready-to-serve","Soups, Sauces, and Gravies",medium,"Oyster sauce is a savory condiment sauce with similar energy (213 vs 59kcal difference due to concentration), protein content, and high salt (6.934g vs 7.8g), making it the closest ready-to-serve sauce match to ponzu shoyu despite different flavor profiles",113.2,59.0,213,154.0,-2.35,,3.9,0.0,16.0,-0.52,-126.0,-0.21,,-1.0,-0.01,0.074,0.0,,-0.866
17111,＜調味料類＞　（調味ソース類）　マリネ液,調味料・香辛料類,調味料類,True,False,169875,"Salad dressing, sweet and sour",Fats and Oils,medium,"Marinade liquid is a seasoning sauce with low protein/fat and moderate carbs; sweet and sour salad dressing matches the vinegar-based liquid profile and nutrient similarity (E=63 vs 66, C=3.7 vs 11.1), though carb content differs somewhat.",4.7,66.0,63.0,-3.0,0.0,,-7.4,0.0,0.0,-0.16,7.0,0.02,8.1,0.0,0.01,0.0,0.0,,-0.372
17033,＜調味料類＞　（調味ソース類）　ミートソース,調味料・香辛料類,調味料類,True,False,172880,"Sauce, pizza, canned, ready-to-serve","Soups, Sauces, and Gravies",medium,"Pizza sauce is the closest condiment/sauce match in USDA database for meat sauce; similar energy (54 vs 96 kcal difference due to concentration), protein content, and carbohydrates, though sodium is notably lower in the pizza sauce candidate.",56.0,96.0,54.0,-42.0,-1.62,,-0.94,,37.0,0.1,104.0,,5.3,,-0.079,0.003,,,-0.616
17112,＜調味料類＞　（調味ソース類）　焼き鳥のたれ,調味料・香辛料類,調味料類,True,False,171186,"Sauce, hot chile, sriracha","Soups, Sauces, and Gravies",medium,"Yakitori no tare is a savory sauce similar to hot chile/sriracha sauce in nutritional profile (E=93vs131, C=19.2vs19.1g, Salt=5.4vs5.8g); sriracha is the closest sauce match despite different flavor profiles, as yakitori sauce is a concentrated condiment with similar carbs, low fat, and high sodium",33.9,131.0,93.0,-38.0,-1.37,0.93,0.1,,5.0,0.94,161.0,-0.16,26.9,129.0,0.057,0.152,,,-0.415
17113,＜調味料類＞　（調味ソース類）　焼き肉のたれ,調味料・香辛料類,調味料類,True,False,171167,"Sauce, teriyaki, ready-to-serve","Soups, Sauces, and Gravies",high,"焼き肉のたれ (yakiniku sauce) is a Japanese grilled meat sauce functionally equivalent to teriyaki sauce; candidate #2 matches best on nutrient profile (similar energy, protein, carbs, and salt content) and food category despite slightly higher values",77.4,164.0,371,207.0,1.63,-2.08,-12.8,-0.3,2.0,0.8,-5.0,-0.4,-1.0,-4.0,0.0,-0.02,,-0.1,1.428
17114,＜調味料類＞　（調味ソース類）　みたらしのたれ,調味料・香辛料類,調味料類,True,False,174066,"Sauce, sweet and sour, ready-to-serve","Soups, Sauces, and Gravies",high,"Mitarashi sauce is a sweet glaze (sugar-soy based); sweet and sour sauce matches the sweet profile (127 vs 154 kcal, 29.8 vs 38.2g carbs) and is the closest conceptual match for a ready-to-serve sweet condiment sauce.",19.2,127.0,154,27.0,-0.63,0.02,8.4,0.1,4.0,0.01,-21.0,-0.01,8.7,1.0,0.038,-0.001,0.0,0.0,-0.331
17034,＜調味料類＞　（トマト加工品類）　トマトピューレー,調味料・香辛料類,調味料類,True,False,172880,"Sauce, pizza, canned, ready-to-serve","Soups, Sauces, and Gravies",medium,"Tomato puree is a concentrated tomato product most similar to pizza sauce in category and nutrient profile, though pizza sauce has higher sodium and slightly different macronutrient composition than pure tomato puree",20.4,44.0,54.0,10.0,0.28,1.05,3.46,0.2,35.0,0.1,-136.0,-0.05,1.3,,-0.029,-0.017,,,0.884
17035,＜調味料類＞　（トマト加工品類）　トマトペースト,調味料・香辛料類,調味料類,True,False,174547,"CAMPBELL'S, Tomato Soup, condensed","Soups, Sauces, and Gravies",high,"Tomato paste is a concentrated tomato product; CAMPBELL'S Tomato Soup is the closest tomato-based processed product match with similar carbohydrate profile (15.2g vs 13.5g) and low fat content, despite being a soup rather than pure paste.",27.9,94.0,71.0,-23.0,-2.34,0.34,1.7,-3.6,-33.0,-1.01,-538.0,-0.42,-10.2,,-0.168,-0.125,,,0.858
17037,＜調味料類＞　（トマト加工品類）　トマトソース,調味料・香辛料類,調味料類,True,False,172880,"Sauce, pizza, canned, ready-to-serve","Soups, Sauces, and Gravies",medium,"Tomato sauce is a condiment/processed tomato product; pizza sauce (canned, ready-to-serve) is the closest tomato-based sauce match with similar energy (54 vs 41 kcal), carbs (8.66 vs 5.3g), and low fat profile, though salt is slightly elevated.",27.4,41.0,54.0,13.0,0.18,1.05,3.36,0.9,36.0,0.0,14.0,0.05,,,-0.029,-0.027,,,0.284
17038,＜調味料類＞　（トマト加工品類）　チリソース,調味料・香辛料類,調味料類,True,False,172880,"Sauce, pizza, canned, ready-to-serve","Soups, Sauces, and Gravies",medium,"Pizza sauce is the closest tomato-based condiment match; chili sauce shares similar tomato base, moderate energy (54 vs 112 kcal difference likely due to concentration/preparation), and salt content aligns with condiment category, though energy and fiber differences suggest different formulation",69.9,112.0,54.0,-58.0,0.38,1.05,,0.1,27.0,0.0,-146.0,0.05,,,-0.009,-0.017,,0.02,-2.116
17042,＜調味料類＞　（ドレッシング類）　半固形状ドレッシング　マヨネーズ　全卵型,調味料・香辛料類,調味料類,True,False,171009,"Salad dressing, mayonnaise, regular",Fats and Oils,high,"Exact food concept match (mayonnaise) with nearly identical nutrient profile (668 vs 680 kcal, 72.5 vs 74.8g fat, 1.9g vs 1.613g salt)",1.8,668.0,680,12.0,-0.44,2.3,-1.53,0.0,0.0,-0.09,7.0,-0.05,0.0,15.0,0.0,-0.011,-0.1,0.02,-0.287
17043,＜調味料類＞　（ドレッシング類）　半固形状ドレッシング　マヨネーズ　卵黄型,調味料・香辛料類,調味料類,True,False,171009,"Salad dressing, mayonnaise, regular",Fats and Oils,high,"Japanese egg yolk mayonnaise matches USDA regular mayonnaise salad dressing with nearly identical nutrient profiles (energy, fat, protein, carbs, salt all very close)",1.8,668.0,680,12.0,-1.54,2.0,0.07,0.0,-12.0,-0.39,-1.0,-0.35,0.0,13.0,-0.02,-0.051,-0.4,-0.28,-0.387
17118,＜調味料類＞　（ドレッシング類）　半固形状ドレッシング　マヨネーズタイプ調味料　低カロリータイプ,調味料・香辛料類,調味料類,True,False,171403,"Salad dressing, mayonnaise type, regular, with salt",Fats and Oils,high,"Mayonnaise-type dressing explicitly matches the Japanese product's 'マヨネーズタイプ調味料' (mayonnaise-type seasoning), with very similar energy (250 vs 262 kcal), fat (21.6 vs 26.4g), and carbohydrate profiles; the low-calorie nature is reflected in comparable nutrient density.",4.7,262.0,250,-12.0,-2.25,-4.8,12.1,-0.8,-5.0,-0.18,0.0,-0.13,0.0,-305.0,-0.01,-0.02,-0.3,-0.06,-2.241
17040,＜調味料類＞　（ドレッシング類）　分離液状ドレッシング　フレンチドレッシング　分離液状,調味料・香辛料類,調味料類,True,False,171414,"Salad dressing, french dressing, commercial, regular",Fats and Oils,high,"Direct match: French dressing, commercial, regular - identical food concept and closest nutrient profile (E=419 vs 325, F=39.1 vs 30.6, C=18.8 vs 11.4)",25.3,325.0,419,94.0,,8.5,7.4,2.4,26.0,,106.0,,0.0,23.0,,,0.0,,-4.621
17116,＜調味料類＞　（ドレッシング類）　分離液状ドレッシング　和風ドレッシング　分離液状,調味料・香辛料類,調味料類,True,False,171019,"Salad dressing, italian dressing, commercial, regular",Fats and Oils,medium,"Italian dressing commercial regular is closest conceptual match for separated liquid-style Japanese vinaigrette dressing, though energy and fat content are somewhat elevated compared to target",29.1,179.0,240,61.0,-1.49,7.1,5.5,-0.2,6.0,-0.14,9.0,-0.13,0.4,-2.0,-0.01,-0.03,,,-0.978
17039,＜調味料類＞　（ドレッシング類）　分離液状ドレッシング　和風ドレッシングタイプ調味料　ノンオイルタイプ,調味料・香辛料類,調味料類,True,False,173590,"Salad dressing, italian dressing, fat-free",Fats and Oils,high,"Non-oil Japanese-style dressing matches fat-free Italian dressing in category (salad dressing, Fats and Oils section) and similar energy profile (83 vs 47 kcal), though Japanese version has higher salt content (7.4g vs 2.87g) typical of Asian seasonings",55.4,83.0,47.0,-36.0,-2.13,,,0.4,20.0,0.1,-28.0,0.16,,1.0,0.011,0.023,0.0,0.31,-4.53
17117,＜調味料類＞　（ドレッシング類）　乳化液状ドレッシング　ごまドレッシング,調味料・香辛料類,調味料類,True,False,171006,"Salad dressing, sesame seed dressing, regular",Fats and Oils,high,"Sesame seed dressing is the direct conceptual match for ごまドレッシング (goma/sesame dressing); nutrient profile closely aligns (energy 399 vs 443, fat 37.1 vs 45.2, protein 2.7 vs 3.1)",10.5,399.0,443,44.0,0.4,8.1,-4.5,0.2,-67.0,-0.4,66.0,-0.5,0.0,1.0,-0.04,-0.05,-0.1,,-1.86
17041,＜調味料類＞　（ドレッシング類）　乳化液状ドレッシング　サウザンアイランドドレッシング,調味料・香辛料類,調味料類,True,False,171402,"Salad dressing, thousand island, commercial, regular",Fats and Oils,high,"Thousand island dressing is the exact food match; nutrient profile (energy, fat, carbs, salt) aligns very closely with the Japanese emulsified thousand island dressing",3.4,392.0,379,-13.0,0.79,-3.0,2.5,0.4,10.0,1.08,75.0,0.16,-2.0,-29.0,,0.048,-0.1,,-0.557
17149,＜調味料類＞　（ドレッシング類）　乳化液状ドレッシング　フレンチドレッシング　乳化液状,調味料・香辛料類,調味料類,True,False,171414,"Salad dressing, french dressing, commercial, regular",Fats and Oils,high,"Direct match: French dressing (emulsified liquid type) with similar energy (419 vs 376 kcal), fat content (39.1 vs 37.7g), and carbohydrates (18.8 vs 8.5g); the higher salt in Japanese version (6.4 vs 1.679g) reflects different formulation but same product category",10.8,376.0,419,43.0,0.77,1.4,10.3,2.4,26.0,,105.0,,-1.0,23.0,,0.053,-0.1,,-4.721
17049,＜調味料類＞　（みそ類）　即席みそ　粉末タイプ,調味料・香辛料類,調味料類,True,False,171570,"Gravy, unspecified type, dry","Soups, Sauces, and Gravies",medium,"Instant miso powder is a dry seasoning mix with high protein (21.9g), moderate carbs (21.3g), and very high salt (20.6g); gravy dry mix shows similar energy density (344 vs 321 kcal), protein profile (13.0g), and salt content (14.554g), making it the closest conceptual match among available options, though miso-specific entry would be ideal.",6.9,321.0,344,23.0,-8.9,0.6,36.7,,65.0,-1.8,-338.0,-0.4,7.0,-6.0,0.09,-2.148,,,-6.046
17051,＜調味料類＞　（ルウ類）　カレールウ,調味料・香辛料類,調味料類,True,False,171567,"Gravy, chicken, dry","Soups, Sauces, and Gravies",high,"Curry roux is a dry sauce/gravy mix; chicken gravy dry matches closest on energy (381 vs 474kcal), protein (11.3 vs 6.5g), fat (9.73 vs 32.8g), and carbohydrates (62.1 vs 38.1g), with similar salt content (10.54 vs 10.6g) and category classification.",21.8,474.0,381,-93.0,4.8,-23.07,24.0,,56.0,-2.17,84.0,0.89,0.6,-31.0,0.159,0.574,,,-0.059
17052,＜調味料類＞　（ルウ類）　ハヤシルウ,調味料・香辛料類,調味料類,True,False,173476,"Seasoning mix, dry, chili, original",Spices and Herbs,medium,"Hayashi roux is a seasoning mix/spice blend with high salt (10.7g) and fat (31.9g); candidate 19 is a dry seasoning mix with comparable energy (335 vs 501kcal), protein (10.8 vs 5.8g), and very similar salt content (11.735 vs 10.7g), making it the closest match despite some nutrient differences from the fat-heavy roux formulation",39.7,501.0,335,-166.0,5.0,-24.6,,8.3,,2.9,,,5.9,,,,,,1.035
17125,＜調味料類＞　（その他）　お茶漬けの素　さけ,調味料・香辛料類,調味料類,True,False,173476,"Seasoning mix, dry, chili, original",Spices and Herbs,medium,"Both are dry seasoning mixes with similar protein (20.2g vs 10.8g), carbs (29.7g vs 56.6g), and fat content (2.7g vs 7.3g); tea seasoning mix is closest conceptually to spice/seasoning category despite different culinary applications",28.7,251.0,335,84.0,-9.4,4.6,26.9,7.3,,1.8,,,-6.1,,,,,,-22.065
17126,＜調味料類＞　（その他）　即席すまし汁,調味料・香辛料類,調味料類,True,False,171560,"Soup, beef broth or bouillon, powder, dry","Soups, Sauces, and Gravies",high,"Instant clear soup stock is a dried bouillon/broth product; candidate #7 (beef broth powder) matches the category (dry soup base), protein content (16.0g vs 18.3g), energy (213 vs 194 kcal), and very high salt content (66.04g vs 45.7g) better than other options, with similar nutrient profile to instant soup stocks.",9.3,194.0,213,19.0,-2.3,8.39,6.5,-3.3,-16.0,-1.3,-44.0,-1.0,-25.0,-2300.0,-0.06,-0.067,-0.5,-3.7,20.34
17054,＜調味料類＞　（その他）　みりん風調味料,調味料・香辛料類,調味料類,True,False,174066,"Sauce, sweet and sour, ready-to-serve","Soups, Sauces, and Gravies",high,"Mirin-style seasoning is a sweet condiment sauce with 39.9g carbs and 225 kcal per 100g; sweet and sour sauce matches both the sauce category and nutrient profile (38.2g carbs, 154 kcal) with similar sweetness and low protein/fat content",37.5,225.0,154,-71.0,0.17,,-1.7,0.1,,0.11,96.0,,8.7,1.0,,-0.001,0.0,0.0,1.169
17055,＜香辛料類＞　オールスパイス　粉,調味料・香辛料類,香辛料類,True,False,171320,"Spices, cinnamon, ground",Spices and Herbs,high,"Allspice powder is a ground spice; cinnamon ground is the closest spice match in USDA database with similar energy (247 vs 364kcal), protein, fat content, and both are in Spices and Herbs category",38.3,364.0,247,-117.0,-1.61,-2.46,,,290.0,3.62,-869.0,0.63,3.8,-19.0,0.022,-0.009,0.0,0.0,-0.075
17056,＜香辛料類＞　オニオンパウダー,調味料・香辛料類,香辛料類,True,False,171325,"Spices, garlic powder",Spices and Herbs,high,"Onion powder is a dehydrated spice/seasoning with similar energy density (363 vs 331 kcal), protein content (8.8 vs 16.6g), and minimal fat; garlic powder is the closest spice category match in USDA database",9.2,363.0,331,-32.0,7.8,-0.07,,,-61.0,2.55,-110.0,-0.21,-8.8,,0.135,0.041,0.0,0.0,0.052
17057,＜香辛料類＞　からし　粉,調味料・香辛料類,香辛料類,True,False,170929,"Spices, mustard seed, ground",Spices and Herbs,high,"からし粉 (mustard powder) matches mustard seed, ground in both category (spices) and nutrient profile; candidate 1 has similar energy (508 vs 435kcal), protein (26.1 vs 33g), and fat content (36.2 vs 14.2g) with minor variations expected from processing differences",15.5,435.0,508,73.0,-6.9,22.0,,,16.0,-1.79,-152.0,-0.52,7.1,-36.0,0.075,0.001,0.0,0.0,-0.067
17058,＜香辛料類＞　からし　練り,調味料・香辛料類,香辛料類,True,False,171831,Wasabi,"Soups, Sauces, and Gravies",high,"Prepared mustard (練り=paste form) matches wasabi as a pungent condiment/spice paste with similar energy (314 vs 292 kcal), fat content (14.4 vs 10.9g), and notably high salt (7.4 vs 8.6g), both being concentrated seasonings/condiments",7.0,314.0,292,-22.0,-3.67,-3.5,,,-19.0,-1.6,-8.0,-0.39,0.0,-16.0,-0.17,0.0,0.0,0.0,1.211
17059,＜香辛料類＞　からし　練りマスタード,調味料・香辛料類,香辛料類,True,False,171046,"Dressing, honey mustard, fat-free",Fats and Oils,medium,"Honey mustard dressing is the closest conceptual match as a prepared mustard-based condiment, though nutrient profile differs notably in carbohydrates and fat content from the Japanese prepared mustard",3.4,175.0,169,-6.0,-3.73,-9.03,29.2,,-47.0,-1.44,-101.0,-0.51,,-49.0,-0.097,-0.019,,0.02,-0.46
17061,＜香辛料類＞　カレー粉,調味料・香辛料類,香辛料類,True,False,173476,"Seasoning mix, dry, chili, original",Spices and Herbs,medium,"Curry powder is a spice blend; option 2 (chili seasoning mix) best matches the dry spice/seasoning mix category, though nutrient profile shows lower fiber (56.6g vs 36.9g) and higher salt than typical curry powder",0.9,338.0,335,-3.0,-2.2,-4.3,,-26.1,,-25.1,,,3.9,,,,,,11.635
17068,＜香辛料類＞　しょうが　粉,調味料・香辛料類,香辛料類,True,False,170926,"Spices, ginger, ground",Spices and Herbs,high,"Ground ginger powder matches both category (Spices and Herbs) and nutrient profile (energy, protein, carbs, minerals very similar); minor differences in fat content likely due to processing variations between Japanese and US standards",8.2,365.0,335,-30.0,1.18,,12.4,,4.0,5.8,-80.0,1.94,0.7,-14.0,0.006,0.0,0.0,0.0,-0.031
17071,＜香辛料類＞　タイム　粉,調味料・香辛料類,香辛料類,True,False,170926,"Spices, ginger, ground",Spices and Herbs,high,"Thyme powder is a dried herb/spice; ginger ground is the closest match in Spices and Herbs category with similar energy (335 vs 342 kcal), protein (8.98 vs 6.5g), and fat (4.24 vs 3.2g) profiles for ground spices.",2.0,342.0,335,-7.0,2.48,1.04,,,-1586.0,-90.2,340.0,1.64,0.7,-978.0,-0.044,-0.52,0.0,0.0,0.069
17074,＜香辛料類＞　ナツメグ　粉,調味料・香辛料類,香辛料類,True,False,171330,"Spices, poppy seed",Spices and Herbs,medium,"Nutmeg powder is a spice; poppy seed spice has closest category match and similar energy/fat profile (525 vs 520 kcal, 41.6 vs 30.6g fat), though protein differs significantly",1.0,520.0,525,5.0,12.3,11.0,,,1280.0,7.26,289.0,6.6,1.0,-12.0,0.804,0.0,0.0,0.0,0.066
17077,＜香辛料類＞　バジル　粉,調味料・香辛料類,香辛料類,True,False,170937,"Spices, tarragon, dried",Spices and Herbs,high,"Dried herb/spice with matching protein (22.8g vs 21.1g), energy (295 vs 307kcal), and similar nutrient profile; basil powder is a dried culinary herb like tarragon",3.9,307.0,295,-12.0,1.7,5.04,,,-1660.0,-87.7,-80.0,0.0,49.0,-2290.0,-0.009,0.25,0.0,0.0,0.057
18024,和風料理　和え物類　青菜の白和え,調理加工食品類,,True,False,174542,"Sauce, white, thin, prepared-from-recipe, with butter","Soups, Sauces, and Gravies",medium,"White sauce (béchamel) best matches the concept of a creamy vegetable binding sauce; nutrient profile aligns well (protein 3.95g vs 4.2g, fat 2.56g vs 2.6g, carbs 8.29g vs 8.7g), though salt is lower than Japanese item",11.1,81.0,72.0,-9.0,-0.25,-0.04,-0.41,-2.3,36.0,-0.98,-13.0,-0.13,-3.0,-1516.0,0.008,0.158,,,-0.833
18028,和風料理　汁物類　とん汁,調理加工食品類,,True,False,172910,"Soup, chicken with rice, canned, prepared with equal volume water","Soups, Sauces, and Gravies",medium,"Tonjiru is a pork-based soup; candidate 4 (chicken with rice soup) matches closest on energy (24 vs 26 kcal), protein (1.45 vs 1.5g), fat (0.78 vs 1.4g), and salt (0.605 vs 0.6g) despite being chicken-based rather than pork-based, making it the best available USDA match for this Japanese soup category.",7.7,26.0,24.0,-2.0,-0.05,-0.62,1.72,-0.2,-1.0,0.11,-22.0,-0.09,-0.9,-191.0,-0.023,0.0,,-0.03,0.005
18036,和風料理　煮物類　肉じゃが,調理加工食品類,,True,False,174533,"Soup, bean & ham, canned, reduced sodium, prepared with water or ready-to-serve","Soups, Sauces, and Gravies",medium,"Nikujaga is a simmered meat-potato dish; bean & ham soup has similar energy (81 vs 78 kcal), protein (4.19 vs 4.3g), fat (1.03 vs 1.1g), carbs (13.7 vs 11.4g), and lower sodium than most candidates, making it the closest general match despite being a soup rather than a stew.",3.8,78.0,81.0,3.0,-0.11,-0.07,2.3,2.7,25.0,0.22,-52.0,-0.37,-7.9,-595.0,0.006,-0.021,0.0,-0.07,-0.725
18040,洋風料理　カレー類　チキンカレー,調理加工食品類,,True,False,171183,"SMART SOUP, Thai Coconut Curry","Soups, Sauces, and Gravies",medium,"Thai Coconut Curry soup matches the curry concept and has similar energy (151 vs 131 kcal), fat (1.06 vs 8.4g), and carb (6.5 vs 6.7g) profiles, though protein is notably lower; best available curry-based match in USDA database",15.3,131.0,151,20.0,-4.8,-7.34,-0.2,-0.2,-1.0,,,,-3.0,,,,,,-1.042
18018,洋風料理　コロッケ類　ポテトコロッケ,調理加工食品類,,True,False,170337,"TACO BELL, Nachos Supreme",Fast Foods,medium,"Potato croquette is a breaded fried potato dish; Nachos Supreme matches energy (223 vs 226 kcal), fat (12.5 vs 12.1g), and carbs (21.4 vs 25.4g) best among candidates, though conceptually different as fried potato-based processed food",1.3,226.0,223,-3.0,0.91,0.4,-4.0,1.7,32.0,0.21,48.0,0.55,-10.0,-25.0,-0.037,0.087,,0.21,0.184
18045,洋風料理　シチュー類　チキンシチュー,調理加工食品類,,True,False,172072,McDONALD'S Bacon Ranch Salad with Crispy Chicken,Fast Foods,medium,"Chicken-based prepared dish with matching energy (122 vs 124 kcal), protein (8.82 vs 6.2g), fat (6.3 vs 7.6g), and salt (0.693 vs 0.7g) profiles, though fast food category differs from traditional stew; soup options lack sufficient protein and fat for a cream-based stew",1.6,124.0,122,-2.0,2.62,-1.3,0.08,-0.2,8.0,0.21,,,2.7,,0.02,-0.029,,,-0.007
18011,洋風料理　シチュー類　ビーフシチュー,調理加工食品類,,True,False,174558,"Soup, mushroom with beef stock, canned, prepared with equal volume water","Soups, Sauces, and Gravies",medium,"Beef stew concept matches 'mushroom with beef stock' soup; similar energy (146 vs 153kcal), protein (1.29 vs 4.1g), fat (1.65 vs 11.9g), and salt (1.008 vs 1.0g) profiles, though fat content is notably lower in USDA entry",4.6,153.0,146,-7.0,-2.81,-10.25,-2.39,-0.4,-7.0,-0.16,-85.0,-0.23,-3.6,-594.0,-0.016,-0.021,,-0.4,0.008
18015,洋風料理　素揚げ類　ミートボール,調理加工食品類,,True,False,173277,"Fast foods, burrito, with beans and beef",Fast Foods,medium,Meatball is a Western-style fried dish with protein (10.2g) and fat (11.4g) similar to burrito with beans and beef; best available processed fast food match despite category difference from soups/sauces,4.0,199.0,191,-8.0,1.3,-3.93,6.1,1.7,68.0,1.11,29.0,1.19,0.9,-233.0,0.023,-0.005,0.0,0.48,0.248
18042,洋風料理　スープ類　かぼちゃのクリームスープ,調理加工食品類,,True,False,171158,"Soup, cream of potato, canned, condensed","Soups, Sauces, and Gravies",medium,"Cream soup category match with similar energy (73 vs 74 kcal), carbs (8.8 vs 12.8g), and fat (3.6 vs 1.88g) profile; pumpkin cream soup is closest Western cream soup equivalent despite potato base difference",1.4,73.0,74.0,1.0,0.01,-1.72,4.0,0.0,-15.0,0.14,5.0,-0.05,-8.8,-1081.0,-0.002,-0.031,-0.2,-0.06,0.734
18005,洋風料理　スープ類　コーンクリームスープ　コーンクリームスープ,調理加工食品類,,True,False,171576,"SMART SOUP, Santa Fe Corn Chowder","Soups, Sauces, and Gravies",high,"Santa Fe Corn Chowder is a cream-based corn soup with very similar energy (55 vs 62 kcal), carbohydrates (11.2 vs 8.0g), fat (0.71 vs 2.4g), and protein (2.0 vs 1.7g) profiles to the Japanese corn cream soup, and represents the closest conceptual match among available options.",11.3,62.0,55.0,-7.0,0.3,-1.69,3.2,1.4,-13.0,0.8,,,-1.0,,,,,,-0.567
18004,洋風料理　スープ類　コーンクリームスープ　粉末タイプ,調理加工食品類,,True,False,171584,"Sauce, cheese sauce mix, dry","Soups, Sauces, and Gravies",high,"Dry soup/sauce mix in powder form with similar energy (438 vs 425 kcal), protein (7.68 vs 8.1g), and notably similar high salt content (8.128 vs 7.1g); cheese sauce mix is a reasonable proxy for cream soup powder mix category",3.1,425.0,438,13.0,-0.42,,,,84.0,-0.7,-42.0,,-1.1,-34.0,0.061,0.268,,,1.028
18051,洋風料理　ハンバーグステーキ類　チキンハンバーグ,調理加工食品類,,True,False,170724,"WENDY'S, Ultimate Chicken Grill Sandwich",Fast Foods,medium,"Chicken-based prepared food with similar protein (14.7g vs 12.6g), fat (5.0g vs 9.6g), carbs (18.9g vs 7.5g), and salt (1.085g vs 1.2g) profiles; closest conceptual match to a chicken patty/burger item, though carbs and fat differ moderately",4.7,171.0,179,8.0,2.1,-4.6,11.4,0.1,3.0,0.85,-19.0,-0.23,-0.9,,0.302,0.15,,0.13,-0.115
18019,洋風料理　フライ類　いかフライ,調理加工食品類,,True,False,170756,"Fast Foods, Fried Chicken, Breast, meat and skin and breading",Fast Foods,high,"Fried squid (いかフライ) is a breaded and fried seafood item; fried chicken breast is the closest processed fried protein match in USDA database with similar energy (230 vs 227 kcal), protein (23.5 vs 13.3g), fat (12.4 vs 10.4g), and carbs (6.03 vs 21.1g) from breading",1.3,227.0,230,3.0,10.2,2.0,-15.07,-0.8,29.0,0.32,142.0,0.02,-1.0,9.0,0.064,0.198,0.0,-0.49,1.169
18020,洋風料理　フライ類　えびフライ,調理加工食品類,,True,False,172067,"McDONALD'S, BIG MAC (without Big Mac Sauce)",Fast Foods,medium,"えびフライ (breaded fried shrimp) best matches McDonald's Big Mac in energy, fat, and carbohydrate content, though protein is lower; no dedicated USDA shrimp tempura/fried shrimp entry exists, making this the closest nutritional match among breaded/fried fast foods",0.8,236.0,234,-2.0,-3.1,0.6,-1.1,0.7,55.0,1.54,-8.0,0.77,0.4,,0.11,0.173,,0.34,0.253
18021,洋風料理　フライ類　白身フライ,調理加工食品類,,True,False,172037,"Fast foods, shrimp, breaded and fried",Fast Foods,medium,"White fish fry (白身フライ) best matches breaded and fried shrimp in energy (308 vs 299kcal), protein (7.84 vs 9.7g), and salt (2.278 vs 0.9g); both are breaded/fried seafood preparations despite shrimp vs white fish difference",3.0,299.0,308,9.0,-1.86,,,,-18.0,0.36,-158.0,,-1.0,32.0,-0.04,-0.08,,,1.378
18022,洋風料理　フライ類　メンチカツ,調理加工食品類,,True,False,170349,"KFC, Fried Chicken, EXTRA CRISPY, Drumstick, meat and skin with breading",Fast Foods,high,"メンチカツ (breaded ground meat cutlet) matches fried chicken nutritionally and conceptually as a breaded/fried protein item; KFC drumstick has nearly identical energy (274 vs 273 kcal), fat (17.7g match), and protein (20.6g vs 10.7g reasonable for different meat types), with similar salt content (1.605g vs 0.9g)",0.4,273.0,274,1.0,9.9,0.0,-11.34,,1.0,-0.29,-3.0,0.24,,,-0.103,0.105,,0.24,0.705
18010,洋風料理　フライ用冷凍食品　白身フライ　冷凍,調理加工食品類,,True,False,170356,"Fast Foods, Fried Chicken, Breast, meat only, skin and breading removed",Fast Foods,medium,"Frozen white fish fry (breaded fried fish) matches fried chicken breast in protein content (11.6g vs 27.9g expected for unbreaded), energy level, and fried preparation method, though USDA entry is meat-only without breading which would account for lower energy in the Japanese item.",3.4,148.0,153,5.0,16.3,,,,-24.0,0.04,66.0,,-1.0,4.0,0.004,0.132,,,0.4
18002,中国料理　点心類　ぎょうざ,調理加工食品類,,True,False,172038,"Fast foods, burrito, with beans",Fast Foods,medium,"Gyoza is a filled dumpling comparable to burrito in structure (wrapped/filled carb-based item); nutrient profile matches well on energy (206 vs 209 kcal), protein (6.48 vs 6.9g), carbs (32.9 vs 22.6g), and salt (1.153 vs 1.2g), though carbs are slightly elevated",1.4,209.0,206,-3.0,-0.42,-3.78,10.3,,30.0,1.48,131.0,0.1,-3.1,,0.15,0.21,,0.4,-0.047
18012,中国料理　点心類　しゅうまい,調理加工食品類,,True,False,173277,"Fast foods, burrito, with beans and beef",Fast Foods,medium,"Shumai is a Chinese dumpling with pork/shrimp filling; burrito with beans and beef provides best macro nutrient match (Energy, Protein, Fat, Carbs, Salt all closely aligned) despite different food category",0.0,191.0,191,0.0,2.4,-1.23,-0.2,1.3,64.0,1.01,9.0,1.19,0.9,16.0,0.013,0.015,0.0,0.48,0.148
18048,中国料理　菜類　八宝菜,調理加工食品類,,True,False,171596,"Soup, vegetable chicken, canned, prepared with water, low sodium","Soups, Sauces, and Gravies",medium,"八宝菜 (mixed vegetable stir-fry with meat) best matches vegetable chicken soup in energy (69 vs 64kcal), protein (5.1 vs 5.8g), and mixed vegetable composition, though soup format is not ideal for stir-fry dish",7.8,64.0,69.0,5.0,-0.7,-0.9,5.86,-0.5,-15.0,0.21,3.0,0.3,-2.7,-302.0,-0.11,0.01,-0.3,-0.2,-0.711
