confidence,fdc_id,food_name_en,matched,no_match,reason,us_only,usda_category
high,167517,"Waffle, buttermilk, frozen, ready-to-heat, toasted",False,True,"Frozen buttermilk waffles are a distinctly American processed convenience food with no equivalent in Japanese food composition tables; candidates are either instant noodles, bread products, or flour mixes with substantially different nutrient profiles and preparation methods",,Baked Products
high,167519,"Waffle, plain, frozen, ready-to-heat, microwave",False,True,"Frozen ready-to-heat microwave waffles are a distinctly American processed convenience food with no equivalent in Japanese food composition tables; closest candidates (croissants, bread) differ significantly in preparation method, texture, and nutritional profile (especially carbs at 45.4g vs 49-82g in candidates)",,Baked Products
high,167520,"Pie Crust, Cookie-type, Graham Cracker, Ready Crust",False,True,"Graham cracker pie crust is a highly processed American product with 2100 kcal/100g energy density and high fat content (24.8g) that doesn't match any Japanese table entries; closest candidates (instant noodles, croissants) are 3-5x lower in energy and have different nutrient profiles unsuitable for this ready-to-eat crust product",,Baked Products
high,167521,"Pie Crust, Cookie-type, Chocolate, Ready Crust",False,True,"Chocolate cookie-type pie crust is a highly processed American product with no equivalent in Japanese food composition table; candidates are either too low in energy (386-547 kcal vs 2020 kcal per 100g), lack fat content, or are fundamentally different food categories (noodles, bread, cereals)",,Baked Products
high,167523,"Pie crust, deep dish, frozen, unbaked, made with enriched flour",False,True,"Frozen unbaked pie crust (1960 kcal/100g) is a highly processed American product with no equivalent in Japanese food composition table; closest candidates (croissants, instant noodles) are fundamentally different products with vastly different energy densities and compositions",,Baked Products
high,167528,"Pastry, Pastelitos de Guava (guava pastries)",False,True,"Pastelitos de guava are a Latin American pastry with guava filling; at 1590 kcal/100g they are significantly more energy-dense than all Japanese candidates (most under 550 kcal/100g), indicating a fundamentally different food composition (likely fresh vs. dried state comparisons) with no suitable Japanese pastry equivalent in the table",,Baked Products
high,167532,"Bread, white wheat",False,True,"US white wheat bread (994 kcal, 43.9g carbs per 100g) is a prepared baked good; Japanese table contains only raw grains and noodles with much lower energy density (332-547 kcal), making no suitable match available",,Baked Products
high,167534,"Cream puff, eclair, custard or cream filled, iced",False,True,"Cream puffs/eclairs are French pastries with custard/cream filling and icing - a sophisticated dessert with ~334kcal, 18.5g fat, and 37.4g carbs that doesn't match any Japanese bread product. Japanese table lacks filled/iced pastry or choux-based dessert entries; closest candidates are basic breads (200-310kcal, 3-10g fat) which are nutritionally and conceptually distinct from this filled, iced dessert pastry.",,Baked Products
high,167535,"Tortillas, ready-to-bake or -fry, flour, shelf stable",False,True,"Flour tortillas are a Mexican/Tex-Mex staple with no direct Japanese equivalent; the energy density (1240 kcal/100g) is unusually high for the nutrient profile and doesn't match any Japanese wheat-based prepared foods in the table, which are all substantially lower in calories and designed for different culinary applications.",,Baked Products
high,167536,"Snacks, beef jerky, chopped and formed",False,True,Beef jerky is a uniquely processed American meat snack with extremely high protein (33.2g) and salt (4.5g) that far exceeds all Japanese candy/snack candidates; no Japanese food composition table entry adequately matches this specialized dried meat product,,Snacks
high,167541,"Snacks, fruit leather, rolls",False,True,"Fruit leather rolls are a concentrated fruit product with very high carbs (85.8g), high calories (1550 kcal/100g), minimal fat (3.0g), and notably high vitamin C (120mg) - a nutrient profile that doesn't match any Japanese candy, biscuit, snack, or confection in the table; no Japanese equivalent exists for this specific dried fruit product category.",,Sweets
high,167549,"Snacks, popcorn, oil-popped, microwave, regular flavor, no trans fat",False,True,"Microwave popcorn is a distinctly American processed snack with no Japanese equivalent in the table; nutrient profile (2440 kcal/100g, 43.6g fat, 45.1g carb) is too high in energy density compared to all candidates (465-588 kcal/100g), indicating different food processing and composition from Japanese snacks.",,Snacks
high,167567,"Baking chocolate, unsweetened, liquid",False,True,"Unsweetened liquid baking chocolate (1980 kcal/100g, 47.7g fat, 18.1g fiber) is a pure cocoa product fundamentally different from all Japanese candidates which are finished confections with lower energy density, added ingredients, and higher carbohydrates; no Japanese food composition table entry exists for unsweetened cocoa liquor/mass",,Sweets
high,167568,"Baking chocolate, unsweetened, squares",False,True,"Unsweetened baking chocolate (pure cocoa solids ~50%+, minimal sugar, high fiber from cocoa) has no close match; all candidates are sweetened chocolates or confections with much higher carbs and lower cocoa content",,Sweets
high,167572,"Ice creams, vanilla, light",False,True,"Light vanilla ice cream (755 kcal, 4.8g protein, 4.8g fat, 29.5g carbs) has no match in Japanese table; candidates are all shelf-stable baked goods/candies with different macronutrient profiles and much lower energy density when accounting for water content in ice cream",,Sweets
high,167574,"Desserts, flan, caramel custard, prepared-from-recipe",False,True,"Flan is a custard-based dessert with high carbohydrate content (22.8g) and moderate protein (4.53g) per 100g; no Japanese candidates match this profile - all available options are either hard candies, biscuits, or pastries with significantly different macronutrient compositions and none represent a custard dessert category.",,Sweets
high,167575,"Ice creams, vanilla",False,True,Vanilla ice cream is a frozen dairy dessert with ~87kcal/100g; all candidates are shelf-stable confections (380-588kcal/100g) with fundamentally different compositions and moisture content. No suitable Japanese match exists in the provided table.,,Sweets
high,167577,"Sherbet, orange",False,True,"Orange sherbet is a frozen dessert with ~60kcal per 100g and low fat; all candidates are shelf-stable candies/baked goods with 300-520kcal per 100g, making them nutritionally and conceptually incompatible with frozen sherbet products not found in Japanese composition tables",,Sweets
high,167583,"Candies, TWIZZLERS Strawberry Twists Candy",False,True,"Twizzlers strawberry twists are a uniquely American extruded candy product with extremely high carbohydrates (79.2g) and very low fat (2.32g) per 100g; no Japanese candy entry matches this profile—the closest Japanese candy entries (キャラメル, ブリットル) have much lower carbs and higher fat content, making them nutritionally incompatible with this American-specific confection.",,Sweets
high,167592,"Glutino, Gluten Free Cookies, Chocolate Vanilla Creme",False,True,"Glutino gluten-free cookies (1980 kcal/100g) are a specialized processed snack with no nutritional equivalent in the Japanese table; all candidates are <550 kcal/100g and represent different food categories (noodles, bread, grains) rather than cookies",,Baked Products
high,167595,"Pepperidge Farm, Goldfish, Baked Snack Crackers, Parmesan",False,True,"Goldfish crackers are a highly processed American snack with unique formulation (baked, cheese-flavored); no Japanese table entry matches the high energy density (1920 kcal/100g) combined with moderate protein, fat, and carb profile - closest candidates (instant noodles) are significantly lower in energy and lack the cheese/baked cracker concept",,Baked Products
high,167599,"Udi's, Gluten Free, Soft & Hearty Whole Grain Bread",False,True,"Udi's gluten-free whole grain bread has unique nutritional profile (1300 kcal/100g energy density, 4.9g fiber, low mineral content) and formulation unmatched by Japanese table entries; closest bread candidates (croissants, dried bread) differ significantly in composition and processing, lacking gluten-free whole grain bread equivalents in 八訂 database",,Baked Products
high,167601,"Van's, Gluten Free, Totally Original Pancakes",False,True,"Van's Gluten Free Pancakes (902kcal/100g, high carb, low protein) is a frozen/ready-to-eat pancake product with no direct Japanese equivalent in the table; closest bread items are significantly lower in energy and carbohydrate density, and no pancake entry exists in Japanese composition data",,Baked Products
high,167602,"Seaweed, Canadian Cultivated EMI-TSUNOMATA, dry",False,True,"Canadian cultivated seaweed (nori-like product) has distinctly different nutrient profile (1080 kcal, 46.2g carbs, 10.998g salt, 2.25μg B12) from all Japanese candidates; closest options (菊のり, dried ferns) are much lower calorie and lack comparable carbohydrate/salt content; no adequate match exists in the Japanese food composition table",,Vegetables and Vegetable Products
high,167603,"Seaweed, Canadian Cultivated EMI-TSUNOMATA, rehydrated",False,True,Seaweed (Tsunomata) is a marine algae product not represented in the provided Japanese vegetable composition table; closest candidates are terrestrial vegetables with fundamentally different nutrient profiles and food concepts,,Vegetables and Vegetable Products
high,167604,"Potatoes, hash brown, refrigerated, unprepared",False,True,"Hash brown potatoes are a prepared potato product with high carbs (19.2g) and moderate energy (353kcal per 100g raw); no Japanese table entry matches raw/refrigerated shredded potatoes - closest candidates are cooked vegetables with much lower energy values, making them nutritionally incompatible",,Vegetables and Vegetable Products
high,167605,"Potatoes, hash brown, refrigerated, prepared, pan-fried in canola oil",False,True,"Hash brown potatoes (pan-fried in oil) have no equivalent in Japanese composition table; candidates are all non-potato vegetables with drastically lower energy (26-208 kcal vs 242 kcal), fat (0-6.4g vs 10.3g), and carbs, making nutritional matching impossible.",,Vegetables and Vegetable Products
high,167606,"Sweet Potatoes, french fried, frozen as packaged, salt added in processing",False,True,"Sweet potato french fries (762kcal, 8.92g fat, 35.6g carbs) have no nutritionally similar match in Japanese table; candidates are either legumes (1-3, 6), pickled vegetables (4-5, 9, 11), or low-calorie vegetables (7-8, 10, 12-25) with vastly different energy/macronutrient profiles",,Vegetables and Vegetable Products
,167607,"Moose, meat, raw (Alaska Native)",False,True,No MEXT category mapped for American Indian/Alaska Native Foods,True,American Indian/Alaska Native Foods
,167608,"Mashu roots, raw (Alaska Native)",False,True,No MEXT category mapped for American Indian/Alaska Native Foods,True,American Indian/Alaska Native Foods
,167609,"Moose, liver, braised (Alaska Native)",False,True,No MEXT category mapped for American Indian/Alaska Native Foods,True,American Indian/Alaska Native Foods
,167610,"Seal, bearded (Oogruk), meat, raw (Alaska Native)",False,True,No MEXT category mapped for American Indian/Alaska Native Foods,True,American Indian/Alaska Native Foods
,167611,"Oil, bearded seal (Oogruk) (Alaska Native)",False,True,No MEXT category mapped for American Indian/Alaska Native Foods,True,American Indian/Alaska Native Foods
,167612,"Oopah (tunicate), whole animal (Alaska Native)",False,True,No MEXT category mapped for American Indian/Alaska Native Foods,True,American Indian/Alaska Native Foods
,167613,"Owl, horned, flesh, raw (Alaska Native)",False,True,No MEXT category mapped for American Indian/Alaska Native Foods,True,American Indian/Alaska Native Foods
,167614,"Fish, salmon, king, chinook, smoked and canned (Alaska Native)",False,True,No MEXT category mapped for American Indian/Alaska Native Foods,True,American Indian/Alaska Native Foods
,167615,"Fish, salmon, king, chinook, smoked, brined (Alaska Native)",False,True,No MEXT category mapped for American Indian/Alaska Native Foods,True,American Indian/Alaska Native Foods
,167616,"Fish, salmon, king, chinook, liver (Alaska Native)",False,True,No MEXT category mapped for American Indian/Alaska Native Foods,True,American Indian/Alaska Native Foods
,167617,"Duck, scoter, white-winged, meat (Alaska Native)",False,True,No MEXT category mapped for American Indian/Alaska Native Foods,True,American Indian/Alaska Native Foods
,167618,"Sea cucumber, yane (Alaska Native)",False,True,No MEXT category mapped for American Indian/Alaska Native Foods,True,American Indian/Alaska Native Foods
,167619,"Squirrel, ground, meat (Alaska Native)",False,True,No MEXT category mapped for American Indian/Alaska Native Foods,True,American Indian/Alaska Native Foods
,167620,"Tea, tundra, herb and laborador combination (Alaska Native)",False,True,No MEXT category mapped for American Indian/Alaska Native Foods,True,American Indian/Alaska Native Foods
,167621,"Walrus, meat, dried (Alaska Native)",False,True,No MEXT category mapped for American Indian/Alaska Native Foods,True,American Indian/Alaska Native Foods
,167622,"Deer (venison), sitka, raw (Alaska Native)",False,True,No MEXT category mapped for American Indian/Alaska Native Foods,True,American Indian/Alaska Native Foods
,167623,"Whale, bowhead, subcutaneous fat (blubber) (Alaska Native)",False,True,No MEXT category mapped for American Indian/Alaska Native Foods,True,American Indian/Alaska Native Foods
,167624,"Whale, bowhead, skin and subcutaneous fat (muktuk) (Alaska Native)",False,True,No MEXT category mapped for American Indian/Alaska Native Foods,True,American Indian/Alaska Native Foods
,167625,"Oil, whale, bowhead (Alaska Native)",False,True,No MEXT category mapped for American Indian/Alaska Native Foods,True,American Indian/Alaska Native Foods
,167626,"Fish, whitefish, broad, liver (Alaska Native)",False,True,No MEXT category mapped for American Indian/Alaska Native Foods,True,American Indian/Alaska Native Foods
,167627,"Mush, blue corn with ash (Navajo)",False,True,No MEXT category mapped for American Indian/Alaska Native Foods,True,American Indian/Alaska Native Foods
,167628,"Cornmeal, blue (Navajo)",False,True,No MEXT category mapped for American Indian/Alaska Native Foods,True,American Indian/Alaska Native Foods
,167629,"Melon, banana (Navajo)",False,True,No MEXT category mapped for American Indian/Alaska Native Foods,True,American Indian/Alaska Native Foods
,167630,Chilchen (Red Berry Beverage) (Navajo),False,True,No MEXT category mapped for American Indian/Alaska Native Foods,True,American Indian/Alaska Native Foods
,167631,"Corn, dried (Navajo)",False,True,No MEXT category mapped for American Indian/Alaska Native Foods,True,American Indian/Alaska Native Foods
,167632,"Squash, Indian, cooked, boiled (Navajo)",False,True,No MEXT category mapped for American Indian/Alaska Native Foods,True,American Indian/Alaska Native Foods
,167633,"Bread, kneel down (Navajo)",False,True,No MEXT category mapped for American Indian/Alaska Native Foods,True,American Indian/Alaska Native Foods
,167634,"Mutton, cooked, roasted (Navajo)",False,True,No MEXT category mapped for American Indian/Alaska Native Foods,True,American Indian/Alaska Native Foods
,167635,"Frybread, made with lard (Navajo)",False,True,No MEXT category mapped for American Indian/Alaska Native Foods,True,American Indian/Alaska Native Foods
,167636,Tamales (Navajo),False,True,No MEXT category mapped for American Indian/Alaska Native Foods,True,American Indian/Alaska Native Foods
,167637,"Stew, steamed corn (Navajo)",False,True,No MEXT category mapped for American Indian/Alaska Native Foods,True,American Indian/Alaska Native Foods
,167638,"Fish, halibut, raw, with skin (Alaska Native)",False,True,No MEXT category mapped for American Indian/Alaska Native Foods,True,American Indian/Alaska Native Foods
,167639,"Fish, salmon, coho (silver), raw (Alaska Native)",False,True,No MEXT category mapped for American Indian/Alaska Native Foods,True,American Indian/Alaska Native Foods
,167640,"Blueberries, wild, raw (Alaska Native)",False,True,No MEXT category mapped for American Indian/Alaska Native Foods,True,American Indian/Alaska Native Foods
,167641,"Oil, spotted seal (Alaska Native)",False,True,No MEXT category mapped for American Indian/Alaska Native Foods,True,American Indian/Alaska Native Foods
,167642,"Fish, salmon, red, canned, bones removed (Alaska Native)",False,True,No MEXT category mapped for American Indian/Alaska Native Foods,True,American Indian/Alaska Native Foods
,167643,"Fish, whitefish, eggs (Alaska Native)",False,True,No MEXT category mapped for American Indian/Alaska Native Foods,True,American Indian/Alaska Native Foods
,167644,"Caribou, rump meat, half dried (Alaska Native)",False,True,No MEXT category mapped for American Indian/Alaska Native Foods,True,American Indian/Alaska Native Foods
,167645,"Fish, salmon, red, (sockeye), canned, smoked (Alaska Native)",False,True,No MEXT category mapped for American Indian/Alaska Native Foods,True,American Indian/Alaska Native Foods
,167646,"Fish, salmon, red, (sockeye), kippered (Alaska Native)",False,True,No MEXT category mapped for American Indian/Alaska Native Foods,True,American Indian/Alaska Native Foods
,167647,"Fish, salmon, king, with skin, kippered, (Alaska Native)",False,True,No MEXT category mapped for American Indian/Alaska Native Foods,True,American Indian/Alaska Native Foods
,167648,"Fish, sheefish, raw (Alaska Native)",False,True,No MEXT category mapped for American Indian/Alaska Native Foods,True,American Indian/Alaska Native Foods
,167649,"Buffalo, free range, top round steak, raw (Shoshone Bannock)",False,True,No MEXT category mapped for American Indian/Alaska Native Foods,True,American Indian/Alaska Native Foods
,167650,"Seal, bearded (Oogruk), meat, partially dried (Alaska Native)",False,True,No MEXT category mapped for American Indian/Alaska Native Foods,True,American Indian/Alaska Native Foods
,167651,"Buffalo, free range, top round steak, cooked (Shoshone Bannock)",False,True,No MEXT category mapped for American Indian/Alaska Native Foods,True,American Indian/Alaska Native Foods
,167652,"Elk, free range, roast, eye of round, raw (Shoshone Bannock)",False,True,No MEXT category mapped for American Indian/Alaska Native Foods,True,American Indian/Alaska Native Foods
,167653,"Corn, dried, yellow (Northern Plains Indians)",False,True,No MEXT category mapped for American Indian/Alaska Native Foods,True,American Indian/Alaska Native Foods
,167654,"Smelt, dried (Alaska Native)",False,True,No MEXT category mapped for American Indian/Alaska Native Foods,True,American Indian/Alaska Native Foods
,167655,"Frybread, made with lard (Apache)",False,True,No MEXT category mapped for American Indian/Alaska Native Foods,True,American Indian/Alaska Native Foods
,167656,Corned beef and potatoes in tortilla (Apache),False,True,No MEXT category mapped for American Indian/Alaska Native Foods,True,American Indian/Alaska Native Foods
high,167657,"ON THE BORDER, soft taco with ground beef, cheese and lettuce",False,True,"Soft taco is a distinctly Mexican/American Tex-Mex food with no Japanese equivalent; nutritional profile (959kcal/100g energy is unusually high, suggesting data may be for prepared dish not normalized) doesn't match any candidate, and the combination of soft tortilla, ground beef, cheese, and lettuce has no Japanese food counterpart in the table",,Restaurant Foods
high,167659,"Restaurant, Latino, chicken and rice, entree, prepared",False,True,"Chicken and rice is a common global dish, but the US restaurant version's nutrient profile (174kcal, 12g protein, 20g carbs, 5g fat, 1.3g salt) doesn't match any Japanese candidates; closest options are either fried preparations (higher fat/lower carbs) or curry/stew dishes with different macronutrient ratios and lower protein",,Restaurant Foods
high,167662,"Restaurant, Latino, pupusas con queso (pupusas, cheese)",False,True,"Pupusas are a Central American stuffed flatbread with no direct Japanese equivalent; nutritionally unique (high energy 1070kcal, moderate protein 11.7g, low fat 13.2g per 100g) and conceptually distinct from all Japanese candidates which are fried/processed dishes with different macronutrient profiles",,Restaurant Foods
high,167664,"Restaurant, Latino, tamale, corn",False,True,"Tamale is a Mexican/Latin American steamed corn masa dish with no direct Japanese equivalent; nutrient profile (776kcal per 100g) is significantly higher than all candidates, suggesting a prepared/cooked item vs. Japanese table entries which appear to be cooked weights",,Restaurant Foods
high,167666,"Restaurant, Mexican, refried beans",False,True,"Refried beans is a Mexican legume dish with no Japanese culinary equivalent; candidates are all Western/Chinese processed foods with fundamentally different compositions (fried items, dumplings, burgers) lacking the bean-based, fiber-rich profile of refried beans",,Restaurant Foods
high,167668,"Restaurant, Chinese, fried rice, without meat",False,True,"Fried rice is a stir-fried carbohydrate-based dish with ~730kcal/100g; all Japanese candidates are either fried breaded items (fry, croquette, cutlet: 140-275kcal/100g), dumplings/point items (175-210kcal/100g), or other prepared dishes with mismatched macronutrient profiles and significantly lower energy density - no suitable match exists in the Japanese composition table",,Restaurant Foods
high,167669,"CRACKER BARREL, steak fries",False,True,"Steak fries are deep-fried potato strips with 1070 kcal/100g energy density far exceeding all Japanese candidates (max 425 kcal); no Japanese fried potato dish equivalent exists in the table to match this high-calorie, high-carb fried side dish.",,Restaurant Foods
high,167670,"CRACKER BARREL, grilled sirloin steak",False,True,"Grilled sirloin steak is a simple cooked meat dish with high protein (31.5g) and moderate fat (8.52g), but all Japanese candidates are processed/prepared dishes (fried foods, hamburgers, dumplings) with significantly lower protein and different nutritional profiles; no plain grilled meat entry exists in the table",,Restaurant Foods
high,167671,"CRACKER BARREL, macaroni n' cheese plate, from kid's menu",False,True,"Mac and cheese is a distinctly American comfort food with no Japanese equivalent; nutrient profile (802 kcal/100g, high carbs from pasta, moderate protein/fat from cheese sauce) doesn't match any candidate, which are mostly fried items, croquettes, or Asian dishes with lower energy density",,Restaurant Foods
high,167673,"DENNY'S, top sirloin steak",False,True,"Top sirloin steak is a high-protein (28.9g), low-carb grilled beef cut with minimal processing; Japanese table contains only processed/fried dishes and prepared foods with much lower protein and higher carbs/salt, making none nutritionally comparable to this simple grilled steak",,Restaurant Foods
high,167674,"Restaurant, Chinese, lemon chicken",False,True,"Lemon chicken is a Westernized Chinese-American restaurant dish with 1050kcal per 100g (unusually high calorie density suggesting significant oil/sauce); no Japanese table entry matches both the concept (sweet-sour chicken dish) and nutrient profile (high energy, moderate protein/carbs, low salt at 0.64g vs typical Japanese prepared dishes at 0.7-1.7g salt)",,Restaurant Foods
high,167676,"Restaurant, Chinese, kung pao chicken",False,True,"Kung pao chicken (541kcal, 9.76g protein, 6.98g fat) is a stir-fried Chinese dish with significantly higher energy density than all candidates; closest Chinese options (gyoza, shumai, mapo tofu) are substantially lower in calories and macronutrients, indicating no nutritionally equivalent match in the Japanese food composition table",,Restaurant Foods
high,167677,"Restaurant, Chinese, vegetable lo mein, without meat",False,True,"Vegetable lo mein is a noodle-based dish with ~506kcal/100g and low protein (4.77g), but all candidates are either breaded/fried foods (200-300kcal), dumplings (190-210kcal), or rice dishes (120-150kcal) - no noodle dish exists in the Japanese table to match this Chinese restaurant preparation",,Restaurant Foods
high,167679,"Restaurant, Chinese, orange chicken",False,True,Orange chicken is a Chinese-American dish with 1100 kcal/100g (restaurant preparation with sauce/breading); Japanese table entries are all base ingredients or prepared dishes at 120-300 kcal/100g - no nutritionally comparable match exists,,Restaurant Foods
high,167680,"Restaurant, Italian, spaghetti with meat sauce",False,True,"Spaghetti with meat sauce is a pasta-based Italian dish; Japanese table lacks noodle/pasta dishes with meat sauce. All candidates are fried foods, croquettes, or Asian dishes with fundamentally different composition and preparation methods.",,Restaurant Foods
high,167681,"Beverages, fruit-flavored drink, dry powdered mix, low calorie, with aspartame",False,True,"US item is a dry powdered drink mix (218 kcal/100g, 87.4g carbs, high vitamin C, low sodium) - a concentrated beverage powder product; Japanese table candidates are either alcoholic beverages, brewed tea infusions (near 0 kcal), or ready-to-drink sports drinks (21 kcal) - no equivalent dry powdered beverage mix category exists in the Japanese food composition table",,Beverages
high,167683,"Frozen novelties, ice cream type, vanilla ice cream, light, no sugar added, chocolate coated",False,True,"Frozen ice cream novelty with chocolate coating is a modern processed product not represented in Japanese composition table; closest candidates (chocolate, cakes) differ significantly in energy density, macronutrient ratios, and product format",,Sweets
high,167684,"Creamy dressing, made with sour cream and/or buttermilk and oil, reduced calorie",False,True,"Creamy dressing is a prepared condiment/sauce with dairy, oil, and carbs (7g) - fundamentally different from pure oils/fats in the Japanese table; no mayo, dressing, or sauce category exists in the provided candidates",,Fats and Oils
high,167686,"Milk dessert, frozen, milk-fat free, chocolate",False,True,"Frozen milk-fat free chocolate dessert (699 kcal, 37.7g carbs, very low fat) has no close match - candidates are either too high in fat (cakes, donuts, chocolate cream at 300-500 kcal with 13-38g fat), too low in carbs (hard candies, gum), or wrong category; Japanese table lacks frozen dairy desserts or ice cream equivalents",,Sweets
,167690,"Babyfood, apple yogurt dessert, strained",False,True,No MEXT category mapped for Baby Foods,True,Baby Foods
high,167691,"Vegetable oil-butter spread, reduced calorie",False,True,"Reduced-calorie butter-oil spread (53g fat, 1950kcal per 100g) is fundamentally different from pure oils/fats (97-99g fat, 880-900kcal per 100g); contains water, emulsifiers, and other ingredients absent from Japanese oil table entries",,Fats and Oils
high,167692,"Salad dressing, blue or roquefort cheese dressing, light",False,True,"Light blue cheese dressing is a condiment/sauce with low fat (2.7g) and high carbs (13.2g) from water and thickeners, fundamentally different from pure oils/fats in the Japanese table which all contain 60-97g fat per 100g; no Japanese condiment equivalent exists in this oil-focused table",,Fats and Oils
high,167693,"Salad dressing, french dressing, reduced calorie",False,True,"Reduced-calorie French dressing is a processed condiment with 27g carbs, 13g fat, and 948 kcal/100g—fundamentally different from pure oils/fats in Japanese table; no Japanese salad dressing equivalent exists in the provided candidates",,Fats and Oils
high,167695,"Mayonnaise, made with tofu",False,True,"Tofu mayonnaise is a modern processed emulsion condiment with no direct equivalent in Japanese food composition table; all candidates are pure oils/fats lacking the protein (5.95g), carbs (3.06g), and emulsified structure characteristic of mayonnaise",,Fats and Oils
high,167699,"Salad dressing, blue or roquefort cheese dressing, fat-free",False,True,"Fat-free salad dressing is a processed condiment with high carbs (25.6g), low fat (1.01g), and specific seasoning ingredients; all Japanese candidates are pure oils/fats with 96-97% fat content and negligible carbs - fundamentally incompatible food categories",,Fats and Oils
high,167700,"Salad Dressing, mayonnaise-like, fat-free",False,True,"Fat-free mayonnaise-like dressing (351 kcal, 2.7g fat, 15.5g carbs) is a modern processed condiment with thickeners/emulsifiers that doesn't match Japanese oil/fat entries (all >500 kcal with >60g fat); no Japanese equivalent exists in the composition table",,Fats and Oils
high,167704,"Salad dressing, bacon and tomato",False,True,"Bacon and tomato salad dressing is a composite emulsified condiment with egg, vinegar, and seasonings (~35% fat, 1360 kcal/100g, 2.3g salt) - fundamentally different from pure oils and fats in the Japanese table which lack protein, carbs, and have 880-900 kcal/100g; no Japanese equivalent exists for this specific American condiment",,Fats and Oils
high,167706,"Jams, preserves, marmalade, reduced sugar",False,True,"Reduced-sugar jam/preserve is a modern functional food with carbs ~37.6g and fiber ~1.5g; no Japanese table entry matches this specific product category - candidates are all baked goods, pastries, or candies with different nutritional profiles and food concepts",,Sweets
high,167707,"Beverages, fruit-flavored drink, powder, with high vitamin C with other added vitamins, low calorie",False,True,"US item is a vitamin-fortified fruit-flavored powder drink (227 kcal/100g, 91g carbs, 2400mg VitC, 6000μg VitA per 100g) with no Japanese equivalent in the table; all candidates are either alcoholic beverages, tea extracts, or traditional Japanese drinks with fundamentally different compositions and purposes",,Beverages
high,167708,"Tomato and vegetable juice, low sodium",False,True,"Tomato and vegetable juice is a processed beverage with multiple vegetable components; Japanese table contains only whole raw/cooked vegetables with no juice entries, making this a food category mismatch rather than a simple vegetable substitution",,Vegetables and Vegetable Products
high,167709,"Turkey, wing, smoked, cooked, with skin, bone removed",False,True,"Smoked turkey wing with skin is poultry (bird meat) but no Japanese composition table entry exists for turkey or smoked poultry products; closest candidate (chicken thigh karaage, #3) differs significantly in energy (307 vs 926kcal) and preparation method (fried vs smoked), making it unsuitable",,Poultry Products
high,167710,"Turkey, drumstick, smoked, cooked, with skin, bone removed",False,True,"Smoked turkey drumstick is poultry with distinctly high protein (27.9g), low fat (9.8g), and high salt (2.53g) from smoking - no Japanese candidate matches this lean poultry profile; all candidates are beef, pork, lamb, or chicken with different fat/protein ratios and preparation methods",,Poultry Products
high,167711,"Beverages, Chocolate-flavored drink, whey and milk based",False,True,"US chocolate-flavored milk beverage (whey/milk-based with 10.7g carbs, 0.64g protein, 100mg Ca, micronutrients) has no equivalent in provided Japanese alcohol-only beverage table; all candidates are alcoholic beverages",,Beverages
high,167712,"Pork, cured, bacon, cooked, broiled, pan-fried or roasted, reduced sodium",False,True,"Cooked cured bacon (2260 kcal, 37g protein, 41.8g fat per 100g) requires a processed, cured, and cooked pork product entry; all Japanese candidates are raw fatty pork cuts (631-759 kcal) with 3.6-6.6g protein, lacking the curing, cooking, and nutritional profile transformation of bacon.",,Pork Products
high,167717,Yeast extract spread,False,True,"Yeast extract spread is a highly processed fermented condiment (Marmite/Vegemite type) with unique nutrient profile (extremely high B vitamins, salt, potassium) that has no equivalent in Japanese vegetable composition table; closest candidates are dried/processed vegetables but none match the concentrated fermentation-derived nutrient profile",,Vegetables and Vegetable Products
,167718,"Babyfood, juice, pear",False,True,No MEXT category mapped for Baby Foods,True,Baby Foods
,167720,"Babyfood, meat, beef with vegetables, toddler",False,True,No MEXT category mapped for Baby Foods,True,Baby Foods
high,167721,"Frozen novelties, juice type, juice with cream",False,True,"Frozen juice novelties with cream are a specific frozen dessert category not represented in Japanese sweets table; closest candidates (cakes, pastries) differ significantly in composition and preparation method, making NO_MATCH the most appropriate choice",,Sweets
high,167722,Tofu yogurt,False,True,"Tofu yogurt is a yogurt product (dairy fermentation) with tofu added, not a traditional tofu preparation; no Japanese equivalent exists in the tofu/legume table as yogurt is a dairy product category not represented in this legume-focused composition table",,Legumes and Legume Products
,167726,"Babyfood, mixed fruit yogurt, strained",False,True,No MEXT category mapped for Baby Foods,True,Baby Foods
high,167727,"Beverages, ABBOTT, ENSURE PLUS, ready-to-drink",False,True,"ENSURE PLUS is a nutritionally-complete medical/dietary supplement beverage with specific macronutrient ratios (589kcal, 5.16g protein, balanced carbs/fat) - a modern processed nutritional product category absent from the Japanese 八訂 table which contains only traditional alcoholic beverages, coffee/cocoa, and amazake",,Beverages
,167728,"Babyfood, rice and apples, dry",False,True,No MEXT category mapped for Baby Foods,True,Baby Foods
,167729,"Babyfood, juice, apple - cherry",False,True,No MEXT category mapped for Baby Foods,True,Baby Foods
,167731,"Babyfood, cereal, rice with pears and apple, dry, instant fortified",False,True,No MEXT category mapped for Baby Foods,True,Baby Foods
,167732,"Babyfood, banana no tapioca, strained",False,True,No MEXT category mapped for Baby Foods,True,Baby Foods
,167733,"Babyfood, banana apple dessert, strained",False,True,No MEXT category mapped for Baby Foods,True,Baby Foods
high,167736,"Mayonnaise dressing, no cholesterol",False,True,"Mayonnaise dressing is an emulsified condiment with eggs, oil, and vinegar (~77.8g fat, 688kcal per 100g); Japanese table contains only pure oils/fats and butter with 74-98g fat and 700-897kcal per 100g - no emulsified condiment or mayo equivalent exists in the provided candidates",,Fats and Oils
high,167739,"Beverages, Cocktail mix, non-alcoholic, concentrated, frozen",False,True,Non-alcoholic concentrated frozen cocktail mix has no equivalent in Japanese food composition table; all candidates are either alcoholic beverages or non-relevant categories like cocoa and kombucha,,Beverages
high,167743,"Syrup, Cane",False,True,"Cane syrup is a liquid sweetener with minimal protein/fat and high carbs; all Japanese candidates are solid/semi-solid confections with added ingredients (flour, protein, fat), making nutritional profiles incompatible despite similar energy density.",,Sweets
high,167744,"Mollusks, snail, raw",False,True,"Snails (escargot) are not part of traditional Japanese cuisine; no Japanese shellfish entry matches the high protein (16.1g), moderate carbs (2.0g), and low fat (1.4g) profile of raw snails, making it a culturally unique food without an equivalent in the Japanese food composition table.",,Finfish and Shellfish Products
high,167745,"Turtle, green, raw",False,True,"Green sea turtle is a reptile, not fish/shellfish; the extremely high energy (372 kcal) with very low fat (0.5g) and high protein (19.8g) profile is inconsistent with all Japanese seafood candidates which show either higher fat content or much lower energy values",,Finfish and Shellfish Products
high,167748,"Lemon juice from concentrate, canned or bottled",False,True,"Lemon juice from concentrate (72 kcal, 5.62g carbs, 14.3mg VitC, 0.061g salt) does not match available Japanese entries; closest citrus juice options (orange, grapefruit) are significantly lower in energy (39-46 kcal) and lack concentrated juice designation, making this a unique processed product without direct Japanese equivalent.",,Fruits and Fruit Juices
high,167751,"Plums, dried (prunes), stewed, without added sugar",False,True,"US item is stewed dried prunes (107kcal, 28.1g carbs, 3.1g fiber) - a processed dried fruit preparation. Japanese candidates lack dried plum/prune entries; closest fresh plum (item 7, 46kcal) and fresh ume (item 17, 33kcal) are nutritionally distant and represent fresh rather than dried/stewed forms. No suitable match exists in the provided table.",,Fruits and Fruit Juices
high,167752,"Plums, dried (prunes), stewed, with added sugar",False,True,"Stewed prunes with added sugar is a processed/cooked dried fruit product with high carbs (32.9g) and moderate energy (124kcal) that has no direct match in the Japanese table; candidates like jams (7, 22) are closer nutritionally but represent different food categories, and no dried plum/umeboshi stewed preparation exists in the provided entries",,Fruits and Fruit Juices
high,167753,"Prune juice, canned",False,True,"Prune juice is a processed juice product with no direct Japanese equivalent in the table; closest candidates (fruit juices/drinks) have significantly different nutrient profiles, and prune-specific entries are absent",,Fruits and Fruit Juices
high,167757,"Raspberries, frozen, red, sweetened",False,True,"Frozen sweetened raspberries (103 kcal, 26.2g carbs, 4.4g fiber) have no close match in Japanese table; candidates are either tropical fruits, citrus beverages, or jams with significantly different nutritional profiles and preparation methods",,Fruits and Fruit Juices
high,167758,"Rhubarb, raw",False,True,"Rhubarb is a vegetable (not fruit) with unique tart properties and nutritional profile (very low energy at 21 kcal, high fiber at 1.8g, distinctive Ca:K ratio) that doesn't match any Japanese fruit candidate; no Japanese culinary or nutritional equivalent exists in the table",,Fruits and Fruit Juices
high,167760,"Sapote, mamey, raw",False,True,"Mamey sapote is a tropical American fruit with no direct Japanese equivalent; closest candidate (White sapote #17) has only 73 kcal vs 520 kcal, indicating it's a different species entirely, making NO_MATCH the appropriate choice",,Fruits and Fruit Juices
high,167768,"Apricots, canned, heavy syrup, drained",False,True,"US item is canned apricots in heavy syrup (drained) with 347 kcal/100g; Japanese candidates lack apricot entries, and peach/pear canned options (79-83 kcal) represent drained fruit with minimal syrup, not the higher-calorie heavy syrup variant. No nutritionally equivalent match exists.",,Fruits and Fruit Juices
high,167782,"Abiyuch, raw",False,True,"Abiyuch is an Andean fruit (Ecuadorian origin) with no established Japanese food composition table entry; closest candidates (ホワイトサポテ, チェリモヤ) differ significantly in energy (73-82 vs 69kcal) and carbs, and abiyuch is not a common food in Japanese cuisine warranting a table entry",,Fruits and Fruit Juices
high,167783,"Rowal, raw",False,True,"Rowal is an obscure/unidentified fruit with no clear Japanese equivalent; the nutrient profile (111kcal, high fiber 6.2g, moderate carbs 23.9g) doesn't match any single candidate well, and rowal itself appears to be a misspelling or extremely rare fruit not represented in standard Japanese food composition tables",,Fruits and Fruit Juices
high,167784,"Guava nectar, canned, with added ascorbic acid",False,True,"Guava nectar is a tropical fruit nectar/juice product with 262kcal/100g energy content; all Japanese candidates are either jams (190-338kcal), canned fruit in syrup (60-83kcal), or fruit beverages (59kcal) - none match the nectar format or energy profile of a concentrated juice product",,Fruits and Fruit Juices
high,167787,"Pomegranate juice, bottled",False,True,"Pomegranate juice (bottled, 228kcal/100g) has significantly higher energy and carbohydrate content than all Japanese candidates; closest juice options (grape, apple) are 47-54kcal and lack pomegranate's specific nutrient profile; no Japanese bottled pomegranate juice entry exists in the table",,Fruits and Fruit Juices
high,167788,"Nance, canned, syrup, drained",False,True,"Nance is a tropical American fruit with no Japanese equivalent in the composition table; candidates are either juices/beverages (not drained fruit), common fruits (apple, citrus, berries), or other tropical fruits with significantly different nutrient profiles than canned nance syrup-drained",,Fruits and Fruit Juices
high,167789,"Nance, frozen, unsweetened",False,True,"Nance is a tropical fruit native to Central/South America with unique nutritional profile (high fiber 7.5g, high vitamin C 92.5mg, low carbs 17g); no Japanese table entry matches both the fruit type and frozen unsweetened preparation with comparable macronutrient composition",,Fruits and Fruit Juices
high,167790,"Naranjilla (lulo) pulp, frozen, unsweetened",False,True,"Naranjilla is a tropical South American fruit with no direct Japanese equivalent; all candidates are either common fruits with significantly lower energy/carbs (fresh fruits) or processed beverages, none matching the frozen pulp composition profile (103kcal, 5.9g carbs, 1.1g fiber, 200mg K)",,Fruits and Fruit Juices
high,167797,"Fruit juice smoothie, BOLTHOUSE FARMS, BERRY BOOST",False,True,"Berry smoothie with 194 kcal, 10.9g carbs, and 109mg VitC is a blended beverage significantly more energy-dense than any Japanese fruit drink candidate (38-54 kcal); no comparable smoothie entry exists in the table",,Fruits and Fruit Juices
high,167798,"Fruit juice smoothie, BOLTHOUSE FARMS, GREEN GOODNESS",False,True,Green smoothie is a blended beverage with high energy (234kcal) and moderate carbs (13.0g) with added nutrients; no Japanese table entry matches both the beverage format and nutrient profile of a fruit juice smoothie,,Fruits and Fruit Juices
high,167801,"Lemon juice from concentrate, bottled, CONCORD",False,True,"Lemon juice from concentrate is a citrus juice product, but no Japanese candidates match lemon specifically; available citrus entries are grapefruit and orange juices with significantly different nutrient profiles, and the low vitamin C (0.0mg) in the US item suggests processing loss making direct matching problematic.",,Fruits and Fruit Juices
high,167804,"Cranberry sauce, jellied, canned, OCEAN SPRAY",False,True,"Cranberry sauce is a distinctly American condiment with no Japanese equivalent in the table; all candidates are either fresh fruits, canned fruits in syrup, or fruit beverages with significantly lower energy (41-194 kcal vs 160 kcal) and different carbohydrate profiles, making none suitable matches.",,Fruits and Fruit Juices
high,167806,Baobab powder,False,True,"Baobab powder is an African fruit powder with exceptionally high fiber (44.5g), vitamin C (173mg), and potassium (2190mg) that far exceeds all dried fruit candidates; no Japanese food composition table entry matches this unique nutritional profile or food concept.",,Fruits and Fruit Juices
high,167808,"Raspberries, puree, seedless",False,True,"Raspberry puree is a processed fruit product with specific nutrient profile (high fiber 0.9g, moderate protein 1.02g) that doesn't match any Japanese table entries; closest candidates (pear, peach) are whole fresh fruits with significantly different compositions, and no Japanese raspberry or seedless berry puree entry exists",,Fruits and Fruit Juices
high,167817,"Pork, fresh, leg (ham), rump half, separable lean only, cooked, roasted",False,True,"US item is lean-only roasted pork leg (690 kcal, 28.9g protein, 4.62g fat) with very low fat content; all Japanese candidates are either higher fat cuts with skin/fat attached, processed products, or cooked differently, with no lean-only roasted leg option available",,Pork Products
high,167833,"Pork, fresh, loin, center rib (chops or roasts), bone-in, separable lean only, raw",False,True,"US item is separable lean only (very low fat at 4.8g) with high protein (21.8g) and very high energy (570kcal), which is anomalous and doesn't match any Japanese pork loin entry; all Japanese candidates show fat content 14-35g with energy 201-444kcal, indicating the US data may be erroneous or the item specification incompatible with Japanese composition tables",,Pork Products
high,167856,"Pork, fresh, variety meats and by-products, chitterlings, cooked, simmered",False,True,"Pork chitterlings (intestines) are a specific offal product with unique composition (low energy, moderate protein/fat); Japanese table lacks pork variety meat entries and all candidates are premium muscle cuts or poultry with higher fat/energy profiles that don't match the nutrient composition",,Pork Products
high,167859,"Pork, fresh, variety meats and by-products, feet, raw",False,True,Pork feet are a collagen-rich offal with very high energy (889kcal) and low protein (23.2g) - no Japanese candidate matches this unique nutritional profile of variety meat/by-product; all candidates are muscle meat or processed products with different macronutrient ratios,,Pork Products
high,167865,"Pork, fresh, variety meats and by-products, spleen, raw",False,True,"Pork spleen (organ meat) is not represented in the provided Japanese table; closest candidates are other organ meats (heart, gizzard) and muscle meats, but none match the distinctive nutritional profile of spleen (high iron 22.3mg, vitamin C 28.5mg, moderate protein 17.9g)",,Pork Products
high,167866,"Pork, fresh, variety meats and by-products, spleen, cooked, braised",False,True,"Pork spleen (braised) has no direct match in Japanese table; candidates are all beef/deer/goat/lamb muscle meat or beef organ (rumen), not pork offal, and nutrient profile (high Fe 22.2, high protein 28.2g, low fat) characteristic of organ meat is not well-represented in any candidate.",,Pork Products
high,167898,"Pork, fresh, loin, sirloin (chops), boneless, separable lean and fat, cooked, braised",False,True,US item shows unusually high energy (714kcal) with low fat (5.47g) - inconsistent with braised pork; no Japanese candidate matches this anomalous nutrient profile which suggests data error in source,,Pork Products
high,167914,"Pork, cured, bacon, cooked, baked",False,True,"Cured, baked bacon is a processed cured meat product with high salt (5.563g) and high protein (35.7g) typical of cooked cured pork. All candidates are raw fatty cuts with near-zero salt and low protein; no Japanese table entry matches the cooked, cured, processed nature of bacon.",,Pork Products
high,167920,"Pork, cured, ham with natural juices, shank, bone-in, separable lean only, heated, roasted",False,True,"Cured/processed pork ham with high salt (2.083g) and specific curing profile has no direct match in Japanese table; closest candidates are all fresh/raw meats with salt <0.3g, making nutrient profile incompatible despite similar energy/protein levels",,Pork Products
high,167921,"Pillsbury Grands, Buttermilk Biscuits, refrigerated dough",False,True,"Pillsbury Grands buttermilk biscuits (refrigerated dough, 1230 kcal/100g) are a distinctly American processed food product with no Japanese equivalent; energy content is nearly 3x higher than Japanese bread products due to high fat content in the dough formulation, placing it outside the range of all candidates",,Baked Products
high,167922,"Heinz, Weight Watcher, Chocolate Eclair, frozen",False,True,Frozen chocolate eclair is a specific dessert product with high energy (1010 kcal) and moderate carbs (40.3g) characteristic of cream-filled pastries; no Japanese food composition table entry matches both the concept (frozen dessert/pastry) and nutrient profile (particularly the high energy density and fat content from cream filling),,Baked Products
high,167926,"Pancakes, plain, frozen, ready-to-heat, microwave (includes buttermilk)",False,True,Frozen ready-to-heat microwave pancakes are a distinctly American convenience food with no equivalent in Japanese food composition tables; closest candidates (bread/baked goods) have significantly lower energy density (270-438 kcal vs 1000 kcal per 100g) and lack the characteristic pancake nutrient profile,,Baked Products
high,167928,"Toaster pastries, fruit, toasted (include apple, blueberry, cherry, strawberry)",False,True,"Toaster pastries are a uniquely processed American convenience food with no Japanese equivalent; the high energy density (1710 kcal/100g) and specific nutrient profile don't match any candidate, and the closest options (pastries, instant noodles) are significantly lower in energy and lack the characteristic sweet fruit-filled formulation",,Baked Products
high,167931,"Pie crust, deep dish, frozen, baked, made with enriched flour",False,True,Frozen deep-dish pie crust is a highly processed American baked product with unique fat content (31.8g per 100g) and energy density (2180 kcal) that far exceeds all Japanese candidates; no Japanese equivalent exists in the composition table for this specific American frozen pie crust product,,Baked Products
high,167935,"Bread, pan dulce, sweet yeast bread",False,True,"Pan dulce is a sweet yeast bread with 1540 kcal/100g energy density; all Japanese candidates are either raw ingredients/flours (346-369 kcal), instant noodles (417-453 kcal), or croissants (406-438 kcal) - none match the finished sweet bread product's high energy and carbohydrate profile",,Baked Products
high,167937,"Cake, pound, Bimbo Bakeries USA, Panque Casero, home baked style",False,True,"Pound cake is a specific Western baked good with high fat content (21.7g/100g) and high energy density (1750 kcal/100g); no Japanese table entry matches both the cake concept and nutrient profile—candidates are either raw ingredients, instant noodles, or lower-fat baked goods like croissants and rolls",,Baked Products
high,167940,"Cinnamon buns, frosted (includes honey buns)",False,True,"Frosted cinnamon buns are a distinctly American pastry product with no equivalent in Japanese food composition table; closest candidates (croissants, instant noodles) lack the sweet frosting/icing characteristic and have significantly different nutrient profiles (energy 438-453 kcal vs 1890 kcal per 100g suggests different product form/moisture content)",,Baked Products
high,167941,"Crackers, cheese, reduced fat",False,True,"Cheese crackers are a processed American snack with no direct Japanese equivalent; closest candidates (instant ramen, bread products) differ significantly in fat content (11.7g vs 16-19g), energy density (1750 vs 400-450 kcal/100g as consumed), and lack cheese component found in Japanese table",,Baked Products
high,167945,"Focaccia, Italian flatbread, plain",False,True,"Focaccia is an Italian flatbread with high energy density (1040 kcal/100g) that significantly exceeds all Japanese bread candidates; the nutrient profile (particularly high calories, moderate fat at 7.89g, and carbs at 35.8g per 100g) doesn't match any available Japanese bread entry, with croissants being closest but still substantially lower in energy density.",,Baked Products
high,167957,"Syrup, fruit flavored",False,True,"Fruit-flavored syrup is a liquid condiment/topping with 1090 kcal/100g and 65.1g carbs, fundamentally different from all solid candy/biscuit/snack candidates which range 373-588 kcal/100g; no Japanese syrup equivalent exists in the provided table",,Sweets
high,167958,"Snacks, oriental mix, rice-based",False,True,"Oriental rice-based snack mix with 2120kcal/100g is exceptionally energy-dense with high fiber (13.2g), far exceeding all Japanese candidates which max at 588kcal; likely a concentrated nut-and-seed mixture with no direct Japanese equivalent in the provided table",,Snacks
high,167959,"Snacks, popcorn, air-popped",False,True,"Air-popped popcorn (1620 kcal/100g, 12.9g protein, 4.54g fat, 77.8g carbs, 14.5g fiber) has a unique nutritional profile with very high energy density and low fat that doesn't match any Japanese snack candidate; closest options like corn snacks (516 kcal) or wheat crackers are significantly lower in energy and have different macronutrient ratios",,Snacks
high,167961,"Snacks, pork skins, plain",False,True,"Pork skins are a unique fried pork byproduct snack with extremely high protein (61.3g) and fat (31.3g) per 100g that has no nutritionally or conceptually similar match in the Japanese food composition table; all candidates are candy, chocolate, biscuits, or plant-based snacks with vastly different macronutrient profiles and food concepts.",,Snacks
high,167973,"Candies, carob, unsweetened",False,True,"Carob candy (unsweetened, 2260 kcal/100g) is a cocoa substitute with unique nutrient profile (high fiber 3.8g, high minerals); no Japanese table entry matches both the carob concept and the extremely high energy density per 100g which suggests a concentrated/processed form fundamentally different from listed chocolate or candy products",,Sweets
high,167978,"Candies, sweet chocolate coated fondant",False,True,US candies with sweet chocolate-coated fondant (1530 kcal/100g) are significantly higher in energy and lower in fat than all Japanese candidates; no Japanese table entry matches this specific confection type and nutrient profile,,Sweets
high,167982,"Candies, YORK Peppermint Pattie",False,True,York Peppermint Pattie (1610 kcal/100g) is a chocolate-covered mint candy with energy density far exceeding all Japanese candidates (max 588 kcal/100g); no nutritionally or conceptually comparable Japanese food exists in the table,,Sweets
high,167998,"Puddings, chocolate, dry mix, instant, prepared with 2% milk",False,True,"Chocolate pudding prepared with milk is a creamy dairy dessert without a direct Japanese equivalent; closest candidates (ババロア, カスタードクリーム) have significantly lower energy (174-204 kcal vs 441 kcal) and different macronutrient profiles, indicating no suitable match in the Japanese food composition table",,Sweets
high,167999,"Baking chocolate, mexican, squares",False,True,"Mexican baking chocolate (1780 kcal/100g, high cocoa solids, spiced) is fundamentally different from all Japanese candidates which are finished confections at ~450-590 kcal/100g; no Japanese baking chocolate or raw chocolate product exists in the table",,Sweets
high,168002,"Glutino, Gluten Free Wafers, Lemon Flavored",False,True,Glutino gluten-free lemon wafers (2160 kcal/100g) are a highly processed American gluten-free snack with no equivalent in the Japanese food composition table; the extremely high energy density and specific product formulation lack a conceptually or nutritionally similar Japanese match,,Baked Products
high,168003,"Glutino, Gluten Free Wafers, Milk Chocolate",False,True,"Glutino gluten-free wafers with milk chocolate coating is a specialized processed snack with no direct Japanese equivalent; closest candidates (croissants, bread products) differ significantly in composition and lack chocolate coating, and the gluten-free formulation makes it distinctly different from standard wheat-based Japanese table entries",,Baked Products
high,168004,"Mary's Gone Crackers, Original Crackers, Organic Gluten Free",False,True,"Mary's Gone Crackers is an organic, gluten-free, high-fiber cracker with unique composition (64.3g carbs, 16.2g fiber, 1870 kcal/100g) that doesn't match any Japanese table entry; closest candidates (instant noodles #9, #18, #24, #25) differ significantly in fiber content, salt levels, and overall nutrient profile, indicating no adequate Japanese equivalent exists",,Baked Products
high,168006,"Pepperidge Farm, Goldfish, Baked Snack Crackers, Explosive Pizza",False,True,"Goldfish crackers are a highly processed American snack with unique formulation (1920 kcal/100g, 16.8g fat, 67.2g carbs, 2.205g salt) that significantly exceeds all Japanese candidates in energy density and salt content; no Japanese baked snack cracker entry provides adequate nutritional match",,Baked Products
high,168008,"Schar, Gluten-Free, Classic White Rolls",False,True,"Gluten-free white rolls have no equivalent in Japanese composition table; all candidates are either fried instant noodles, traditional grains, or regular wheat products with fundamentally different nutritional profiles and processing methods",,Baked Products
high,168015,"Sweet Potatoes, french fried, crosscut, frozen, unprepared",False,True,"Sweet potato french fries (frozen, fried) have no direct match in Japanese table; candidates are either wrong vegetables (peanuts, eggplant, daikon) or unfried preparations with vastly different energy (874 kcal vs 91-298 kcal) and fat content (11.1g vs 0-23.9g)",,Vegetables and Vegetable Products
high,168016,"Sweet Potato puffs, frozen, unprepared",False,True,"Sweet potato puffs are a frozen, processed snack product with no direct equivalent in the Japanese food composition table; all candidates are fresh/cooked vegetables with drastically lower energy (11-208 kcal) and carbohydrate content, making nutritional matching impossible",,Vegetables and Vegetable Products
,168017,"Mouse nuts, roots (Alaska Native)",False,True,No MEXT category mapped for American Indian/Alaska Native Foods,True,American Indian/Alaska Native Foods
,168018,"Mouse nuts, seedlings (Alaska Native)",False,True,No MEXT category mapped for American Indian/Alaska Native Foods,True,American Indian/Alaska Native Foods
,168019,Octopus (Alaska Native),False,True,No MEXT category mapped for American Indian/Alaska Native Foods,True,American Indian/Alaska Native Foods
,168020,"Seal, bearded (Oogruk), meat, dried (Alaska Native)",False,True,No MEXT category mapped for American Indian/Alaska Native Foods,True,American Indian/Alaska Native Foods
,168021,"Fish, pike, northern, liver (Alaska Native)",False,True,No MEXT category mapped for American Indian/Alaska Native Foods,True,American Indian/Alaska Native Foods
,168022,"Rhubarb, wild, leaves (Alaska Native)",False,True,No MEXT category mapped for American Indian/Alaska Native Foods,True,American Indian/Alaska Native Foods
,168023,"Fish, salmon, tipnuk, fermented (Alaska Native)",False,True,No MEXT category mapped for American Indian/Alaska Native Foods,True,American Indian/Alaska Native Foods
,168024,"Fish, salmon, king, chinook, kippered, canned (Alaska Native)",False,True,No MEXT category mapped for American Indian/Alaska Native Foods,True,American Indian/Alaska Native Foods
,168025,"Seal, ringed, meat (Alaska Native)",False,True,No MEXT category mapped for American Indian/Alaska Native Foods,True,American Indian/Alaska Native Foods
,168026,"Seal, ringed, liver (Alaska Native)",False,True,No MEXT category mapped for American Indian/Alaska Native Foods,True,American Indian/Alaska Native Foods
,168027,"Soup, fish, homemade (Alaska Native)",False,True,No MEXT category mapped for American Indian/Alaska Native Foods,True,American Indian/Alaska Native Foods
,168028,"Sourdock, young leaves (Alaska Native)",False,True,No MEXT category mapped for American Indian/Alaska Native Foods,True,American Indian/Alaska Native Foods
,168029,"Walrus, meat, raw (Alaska Native)",False,True,No MEXT category mapped for American Indian/Alaska Native Foods,True,American Indian/Alaska Native Foods
,168030,"Walrus, meat and subcutaneous fat raw (Alaska Native)",False,True,No MEXT category mapped for American Indian/Alaska Native Foods,True,American Indian/Alaska Native Foods
,168031,"Walrus, liver, raw (Alaska Native)",False,True,No MEXT category mapped for American Indian/Alaska Native Foods,True,American Indian/Alaska Native Foods
,168032,"Oil, walrus (Alaska Native)",False,True,No MEXT category mapped for American Indian/Alaska Native Foods,True,American Indian/Alaska Native Foods
,168033,"Fish, whitefish, mixed species, raw (Alaska Native)",False,True,No MEXT category mapped for American Indian/Alaska Native Foods,True,American Indian/Alaska Native Foods
,168034,"Fish, whitefish, broad, head, eyes, cheeks and soft bones (Alaska Native)",False,True,No MEXT category mapped for American Indian/Alaska Native Foods,True,American Indian/Alaska Native Foods
,168035,"Willow, leaves in oil (Alaska Native)",False,True,No MEXT category mapped for American Indian/Alaska Native Foods,True,American Indian/Alaska Native Foods
,168036,"Willow, young leaves, chopped (Alaska Native)",False,True,No MEXT category mapped for American Indian/Alaska Native Foods,True,American Indian/Alaska Native Foods
,168037,"Corn, white, steamed (Navajo)",False,True,No MEXT category mapped for American Indian/Alaska Native Foods,True,American Indian/Alaska Native Foods
,168038,"Cornmeal, white (Navajo)",False,True,No MEXT category mapped for American Indian/Alaska Native Foods,True,American Indian/Alaska Native Foods
,168039,"Cornmeal, yellow (Navajo)",False,True,No MEXT category mapped for American Indian/Alaska Native Foods,True,American Indian/Alaska Native Foods
,168040,"Squash, Indian, raw (Navajo)",False,True,No MEXT category mapped for American Indian/Alaska Native Foods,True,American Indian/Alaska Native Foods
,168041,"Tortilla, includes plain and from mutton sandwich (Navajo)",False,True,No MEXT category mapped for American Indian/Alaska Native Foods,True,American Indian/Alaska Native Foods
,168042,"Stew, dumpling with mutton (Navajo)",False,True,No MEXT category mapped for American Indian/Alaska Native Foods,True,American Indian/Alaska Native Foods
,168043,"Stew, hominy with mutton (Navajo)",False,True,No MEXT category mapped for American Indian/Alaska Native Foods,True,American Indian/Alaska Native Foods
,168044,"Stew, mutton, corn, squash (Navajo)",False,True,No MEXT category mapped for American Indian/Alaska Native Foods,True,American Indian/Alaska Native Foods
,168045,"Fish, salmon, sockeye (red), raw (Alaska Native)",False,True,No MEXT category mapped for American Indian/Alaska Native Foods,True,American Indian/Alaska Native Foods
,168046,"Fish, Salmon, Chum, raw (Alaska Native)",False,True,No MEXT category mapped for American Indian/Alaska Native Foods,True,American Indian/Alaska Native Foods
,168047,"Fish, salmon, king (chinook), raw (Alaska Native)",False,True,No MEXT category mapped for American Indian/Alaska Native Foods,True,American Indian/Alaska Native Foods
,168048,"Salmonberries, raw (Alaska Native)",False,True,No MEXT category mapped for American Indian/Alaska Native Foods,True,American Indian/Alaska Native Foods
,168049,"Caribou, shoulder meat, dried (Alaska Native)",False,True,No MEXT category mapped for American Indian/Alaska Native Foods,True,American Indian/Alaska Native Foods
,168050,"Caribou, hind quarter meat, raw (Alaska Native)",False,True,No MEXT category mapped for American Indian/Alaska Native Foods,True,American Indian/Alaska Native Foods
,168051,"Seal, bearded (Oogruk), meat, dried, in oil (Alaska Native)",False,True,No MEXT category mapped for American Indian/Alaska Native Foods,True,American Indian/Alaska Native Foods
,168052,"Fish, whitefish, dried (Alaska Native)",False,True,No MEXT category mapped for American Indian/Alaska Native Foods,True,American Indian/Alaska Native Foods
,168053,"Seal, bearded (Oogruk), meat, low quadrant, raw (Alaska Native)",False,True,No MEXT category mapped for American Indian/Alaska Native Foods,True,American Indian/Alaska Native Foods
,168054,"Fish, salmon, chum, dried (Alaska Native)",False,True,No MEXT category mapped for American Indian/Alaska Native Foods,True,American Indian/Alaska Native Foods
,168055,"Elk, free range, ground, cooked patties (Shoshone Bannock)",False,True,No MEXT category mapped for American Indian/Alaska Native Foods,True,American Indian/Alaska Native Foods
,168056,"Elk, free range, ground, raw (Shoshone Bannock)",False,True,No MEXT category mapped for American Indian/Alaska Native Foods,True,American Indian/Alaska Native Foods
,168057,"Elk, free range, roast, eye of round, cooked (Shoshone Bannock)",False,True,No MEXT category mapped for American Indian/Alaska Native Foods,True,American Indian/Alaska Native Foods
,168058,"Chokecherries, raw, pitted (Shoshone Bannock)",False,True,No MEXT category mapped for American Indian/Alaska Native Foods,True,American Indian/Alaska Native Foods
,168059,"Steelhead trout, dried, flesh (Shoshone Bannock)",False,True,No MEXT category mapped for American Indian/Alaska Native Foods,True,American Indian/Alaska Native Foods
,168060,"Steelhead trout, boiled, canned (Alaska Native)",False,True,No MEXT category mapped for American Indian/Alaska Native Foods,True,American Indian/Alaska Native Foods
,168061,Acorn stew (Apache),False,True,No MEXT category mapped for American Indian/Alaska Native Foods,True,American Indian/Alaska Native Foods
high,168064,"Restaurant, Latino, Arroz con frijoles negros (rice and black beans)",False,True,Arroz con frijoles negros is a Latin American staple (rice+black beans) with no Japanese equivalent in the table; all candidates are Western/Chinese fried/processed dishes with fundamentally different compositions and food concepts,,Restaurant Foods
high,168068,"Restaurant, Latino, black bean soup",False,True,"Black bean soup is a Latin American legume-based soup with no equivalent in the Japanese food composition table; all candidates are fried dishes, Asian dumplings, or processed Western dishes with fundamentally different nutritional profiles and food concepts",,Restaurant Foods
high,168070,"Restaurant, Latino, arepa (unleavened cornmeal bread)",False,True,Arepa is an unleavened cornmeal bread (Venezuelan/Colombian staple) with 916kcal per 100g and low protein (5.48g); no Japanese candidate matches this high energy density combined with simple carbohydrate-based bread composition - all candidates are fried/processed dishes with lower energy or different nutrient profiles,,Restaurant Foods
high,168071,"Restaurant, Latino, bunuelos (fried yeast bread)",False,True,"Bunuelos is a Latin American fried yeast bread dessert with high carbs (48.6g) and moderate fat (26.2g) that doesn't match any Japanese fried food candidates; closest options (croquettes, fries) are significantly lower in energy and carbs, and no sweet fried bread equivalent exists in the table",,Restaurant Foods
high,168076,"DENNY'S, mozzarella cheese sticks",False,True,"Mozzarella cheese sticks are a breaded fried cheese appetizer with unique nutritional profile (high fat 17.9g, moderate carbs 27.2g from breading, high calcium 331mg from cheese) that doesn't match any Japanese prepared food entries; closest candidates (fried items #3-7, croquettes #4,6,8) are all significantly lower in energy, fat, and calcium, and lack the cheese-based composition.",,Restaurant Foods
high,168078,"DENNY'S, macaroni & cheese, from kid's menu",False,True,Macaroni & cheese is a creamy pasta dish with no close Japanese equivalent in the table; closest candidates are fried items or Asian dishes with fundamentally different compositions and preparation methods,,Restaurant Foods
high,168081,"Restaurant, Chinese, sweet and sour chicken",False,True,"Sweet and sour chicken is a Chinese-American restaurant dish with 1040 kcal/100g energy density; all candidates are significantly lower (139-425 kcal/100g) and represent either prepared/frozen foods or different dish types, making none nutritionally comparable",,Restaurant Foods
high,168083,"Restaurant, Chinese, chicken chow mein",False,True,"Chicken chow mein is a noodle-based dish with high carbohydrates (~8.29g per 100g), but all candidates are either fried items, dumplings, or curry dishes with fundamentally different compositions; no Japanese table entry represents a stir-fried noodle dish matching this nutrient profile",,Restaurant Foods
high,168085,"OLIVE GARDEN, spaghetti with meat sauce",False,True,"Spaghetti with meat sauce is an Italian pasta dish; no Japanese table entry matches pasta-based dishes, and all candidates are either fried foods, dumplings, or other prepared dishes with significantly different nutrient profiles (higher fat/energy or missing carbohydrate data for pasta).",,Restaurant Foods
high,168086,"CARRABBA'S ITALIAN GRILL, spaghetti with meat sauce",False,True,"Spaghetti with meat sauce is a pasta-based dish with no equivalent in the Japanese composition table; all candidates are fried items, Asian dishes, or other preparations with substantially different nutritional profiles and food concepts",,Restaurant Foods
high,168087,"Restaurant, Chinese, sesame chicken",False,True,"Sesame chicken is a Chinese-American restaurant dish with no direct equivalent in Japanese food table; closest candidates (Chinese dishes #9-10, fried items #1-8) are nutritionally mismatched - sesame chicken has higher protein (14.3g vs 6.9-15.9g range) and carbs (26.9g) with moderate fat (14.2g) characteristic of a sauced poultry dish absent from table",,Restaurant Foods
high,168088,"Syrups, grenadine",False,True,"Grenadine is a unique sugar syrup with pomegranate flavoring and specific composition (high carbs, very low protein/fat, minimal micronutrients) that does not match any Japanese candy or syrup category; closest candidates like きんぎょく糖 and ラムネ are candies with different structures and nutrient profiles, making NO_MATCH most appropriate",,Sweets
,168090,"Babyfood, banana juice with low fat yogurt",False,True,No MEXT category mapped for Baby Foods,True,Baby Foods
,168091,"Babyfood, mixed fruit juice with low fat yogurt",False,True,No MEXT category mapped for Baby Foods,True,Baby Foods
high,168092,"Ham, turkey, sliced, extra lean, prepackaged or deli",False,True,"Turkey ham is a processed/cured meat product with 2.64g salt per 100g, significantly higher than all Japanese raw meat candidates (max 0.3g salt); no Japanese processed poultry luncheon meat equivalent exists in the table",,Sausages and Luncheon Meats
high,168093,"Salad dressing, peppercorn dressing, commercial, regular",False,True,"Commercial peppercorn dressing is an emulsified condiment with eggs, vinegar, and spices (~61% fat, 3.5% carbs, 1.2% protein, 2.8% salt) fundamentally different from pure oils (97-99% fat, 0% protein/carbs/salt); no Japanese oil or fat entry matches this composite dressing profile",,Fats and Oils
high,168094,"Mayonnaise, reduced-calorie or diet, cholesterol-free",False,True,"Reduced-calorie mayonnaise is an emulsified condiment with water/thickeners (33.3g fat, 6.7g carbs vs pure oils at 96-99g fat); no Japanese oil/fat entry matches this product category or nutrient profile",,Fats and Oils
high,168096,"Salad dressing, italian dressing, reduced calorie",False,True,"Reduced-calorie Italian dressing is an emulsified condiment with water, oil, vinegar, and seasonings; no Japanese composition table entry exists for salad dressings or emulsified condiments—all candidates are pure or near-pure fats/oils with fundamentally different composition (20g fat vs 74-98g fat per 100g)",,Fats and Oils
high,168099,"Creamy dressing, made with sour cream and/or buttermilk and oil, reduced calorie, fat-free",False,True,"US fat-free creamy dressing (107 kcal, 2.7g fat, 20g carbs) is a dairy-based emulsified condiment fundamentally different from pure oils/fats in Japanese table; all candidates are high-fat (64-97g fat) with near-zero carbs, making none nutritionally compatible",,Fats and Oils
high,168100,"Creamy dressing, made with sour cream and/or buttermilk and oil, reduced calorie, cholesterol-free",False,True,"Reduced-calorie creamy dressing (8g fat, 16g carb per 100g) is fundamentally different from pure oils/fats in Japanese table; no dressing/condiment category exists in provided candidates",,Fats and Oils
high,168103,"Frozen yogurts, chocolate, nonfat milk, sweetened without sugar",False,True,"Frozen yogurt is a dairy-based frozen dessert with protein and probiotics; no Japanese table entry matches this concept - candidates are all baked goods, candies, or cream-based pastries with fundamentally different compositions and processing methods",,Sweets
high,168104,"Frozen yogurts, chocolate",False,True,"Frozen yogurt is a dairy-based frozen dessert with low fat and moderate carbs; no Japanese table entry matches this product category - all candidates are baked goods, candies, or pastries with fundamentally different compositions and processing methods",,Sweets
high,168109,"Salad Dressing, coleslaw, reduced fat",False,True,"Coleslaw dressing is a creamy emulsified condiment (329kcal, 20g fat, 40g carbs) with high carbohydrate and moderate fat content, fundamentally different from pure oils/fats in the Japanese table which are 700-890kcal with 74-98g fat and minimal carbs; no Japanese condiment equivalent exists in provided candidates",,Fats and Oils
high,168112,"Salad dressing, mayonnaise and mayonnaise-type, low calorie",False,True,"Low-calorie mayonnaise is a highly processed American condiment with specific emulsifiers and additives (likely water-based with gums/starches) that has no direct Japanese equivalent; Japanese table contains only pure oils/fats with vastly different compositions (880-900 kcal vs 1100 kcal, <1g carbs vs 23.9g carbs)",,Fats and Oils
high,168113,"Frozen novelties, juice type, orange",False,True,Frozen juice novelties (popsicles) are not represented in Japanese food composition table; closest candidates are all baked goods/confections with fundamentally different macronutrient profiles (high fat/protein vs. high carb/water content of frozen juice bars),,Sweets
high,168115,"Mayonnaise, low sodium, low calorie or diet",False,True,"Low-calorie/diet mayonnaise with 16g carbs and only 19.2g fat per 100g is a modern processed condiment with no equivalent in Japanese food composition table; all candidates are pure oils/fats with >64g fat and near-zero carbs, fundamentally different from mayonnaise's emulsified structure",,Fats and Oils
high,168117,"Cranberry juice, unsweetened",False,True,"Cranberry juice unsweetened (194 kcal, 12.2g carbs) has no close match; all juice candidates are 46-54 kcal with much lower carbs, and jam/canned fruit entries don't represent juice products",,Fruits and Fruit Juices
high,168118,"Beef, bologna, reduced sodium",False,True,"Beef bologna is a highly processed cured/emulsified sausage product with carbohydrates and additives; all candidates are raw meat cuts with no processing, curing, binding agents, or carbohydrate content - fundamentally different food categories with no nutritional alignment possible",,Sausages and Luncheon Meats
high,168119,"Turnip greens, canned, no salt added",False,True,"Turnip greens (canned, no salt) is a leafy green vegetable with notably higher energy (81 kcal), calcium (118mg), and vitamin A (298μg) than all candidates; no Japanese entry matches this nutritional profile or the specific food concept of cooked/canned turnip greens",,Vegetables and Vegetable Products
high,168122,"Beverages, coffee, instant, with whitener, reduced calorie",False,True,Instant coffee with whitener and reduced calories is a highly processed American convenience product with no equivalent in Japanese food composition table; all candidates are either alcoholic beverages or traditional Japanese tea/coffee items with drastically different nutrient profiles,,Beverages
,168125,"Babyfood, dinner, macaroni, beef and tomato sauce, toddler",False,True,No MEXT category mapped for Baby Foods,True,Baby Foods
high,168131,"Frankfurter, low sodium",False,True,"Frankfurter is a highly processed cured sausage with added salt, spices, and binders; Japanese candidates are all raw/cooked muscle cuts with no processing, curing, or additives - fundamentally different food categories with incompatible nutritional profiles (candidates lack carbs, have much lower protein, and are pure meat vs. emulsified sausage)",,Sausages and Luncheon Meats
,168133,"Babyfood, dessert, peach yogurt",False,True,No MEXT category mapped for Baby Foods,True,Baby Foods
,168134,"Babyfood, dessert, blueberry yogurt, strained",False,True,No MEXT category mapped for Baby Foods,True,Baby Foods
,168135,"Babyfood, dessert, banana yogurt, strained",False,True,No MEXT category mapped for Baby Foods,True,Baby Foods
high,168136,"Ice creams, chocolate, rich",False,True,"Ice cream is not represented in the Japanese food composition table (菓子類 category lacks frozen desserts/ice cream entries); closest candidates (chocolate, pastries, cakes) all have significantly lower energy density (~350-588 kcal vs 1050 kcal) and cannot account for the high caloric content and specific macronutrient profile of rich chocolate ice cream",,Sweets
high,168138,"Cereals ready-to-eat, POST, HONEY BUNCHES OF OATS, honey roasted",False,True,"Honey Bunches of Oats is a heavily fortified ready-to-eat breakfast cereal with nutrient levels (401kcal, 7.12g protein, 81.2g carbs, high B vitamins, iron, and vitamin A fortification) that don't match any Japanese table entries; Japanese candidates are either rice/wheat porridges (33-65kcal), bread products (247-438kcal with different macros), or instant noodles (314-453kcal with high sodium), none of which represent fortified breakfast cereal",,Breakfast Cereals
,168140,"Babyfood, fruit supreme dessert",False,True,No MEXT category mapped for Baby Foods,True,Baby Foods
,168144,"Babyfood, grape juice, no sugar, canned",False,True,No MEXT category mapped for Baby Foods,True,Baby Foods
high,168145,"Jellies, reduced sugar, home preserved",False,True,"Reduced-sugar home-preserved jellies have no equivalent in Japanese food composition table; all candidates are either gum, crackers, cookies, donuts, or baked goods with fundamentally different compositions (higher energy, protein, fat) and lack the gel-based preserve structure of jellies.",,Sweets
high,168149,"Fish, mackerel, salted",False,True,"Salted mackerel (1280 kcal, 25.1g fat, 11.3g salt) significantly exceeds all Japanese candidates in energy and salt content; closest option (さんま みりん干し at 382 kcal, 3.6g salt) is less than one-third the caloric and salt values, indicating the US item represents a heavily preserved/concentrated product not present in the Japanese table",,Finfish and Shellfish Products
high,168155,"Limes, raw",False,True,"Limes are a citrus fruit (かんきつ類) but the Japanese table lacks a specific lime entry; available citrus options (natsumikan, hassaku, orobranco, hyuganatsu) are all significantly lower in energy (42-47 kcal vs 126 kcal) and carbohydrates, making them poor matches for raw limes which are more acidic and nutrient-dense than these Japanese citrus varieties",,Fruits and Fruit Juices
high,168157,"Lime juice, canned or bottled, unsweetened",False,True,"Lime juice is a citrus juice product not represented in Japanese table; closest candidates are other citrus beverages but with significantly lower energy (39-63 kcal vs 88 kcal) and different nutrient profiles, indicating no adequate match exists",,Fruits and Fruit Juices
high,168161,"Prunes, dehydrated (low-moisture), stewed",False,True,"Prunes (stewed, dehydrated) at 113 kcal/100g with 29.7g carbs is a concentrated dried fruit product; Japanese table contains only fresh and canned fruits with significantly lower energy (32-83 kcal) and no dehydrated/dried fruit equivalents",,Fruits and Fruit Juices
high,168162,"Plums, dried (prunes), uncooked",False,True,"Prunes (dried plums) are not represented in the Japanese food composition table; the closest dried fruits (grapes, dates, figs) have significantly lower energy (272-324 kcal vs 1010 kcal) and different nutrient profiles, indicating no suitable match exists.",,Fruits and Fruit Juices
high,168168,"Rhubarb, frozen, uncooked",False,True,"Rhubarb is a vegetable-like fruit with very low energy (21 kcal), high fiber (1.8g), and very high calcium (194mg) with minimal carbs (5.1g); no Japanese candidates match this unique nutritional profile - all candidates have higher energy and lower calcium, making rhubarb incomparable to typical Japanese fruits",,Fruits and Fruit Juices
high,168169,"Rhubarb, frozen, cooked, with sugar",False,True,"Rhubarb is not a traditional Japanese food and has no direct equivalent in the Japanese composition table; all candidates are either different fruits or processed beverages/preserves with substantially different nutrient profiles (lower energy, missing detailed carbohydrate/calcium data)",,Fruits and Fruit Juices
high,168172,"Strawberries, canned, heavy syrup pack, solids and liquids",False,True,Canned strawberries in heavy syrup have significantly higher energy (92 vs 35-81 kcal) and carbohydrates (23.5g) than all candidates; no Japanese table entry matches this specific berry product in syrup,,Fruits and Fruit Juices
high,168174,"Strawberries, frozen, sweetened, sliced",False,True,"Frozen sweetened sliced strawberries (96 kcal, 25.9g carbs, 41.4mg VitC) have no adequate match in Japanese table; all candidates are either fresh citrus fruits (35-50 kcal), processed non-berry items, or beverages with significantly lower energy and carbohydrate content",,Fruits and Fruit Juices
high,168188,"Apple juice, frozen concentrate, unsweetened, undiluted, with added ascorbic acid",False,True,"Frozen concentrate juice requires reconstitution and has no direct Japanese equivalent in the table; closest candidates (diluted fruit drinks #4, #5, #10) are pre-diluted beverages with vastly different nutrient profiles (46 vs 166 kcal/100g), making none nutritionally comparable to the concentrated form",,Fruits and Fruit Juices
high,168195,"Clementines, raw",False,True,"Clementines are a specific mandarin variety with 198kcal per 100g (raw, whole fruit edible portion), but all Japanese citrus candidates are significantly lower in energy (41-56kcal), suggesting they report only the juice sacs ('砂じょう') rather than whole fruit; no Japanese entry matches whole raw clementine composition",,Fruits and Fruit Juices
high,168199,"Plantains, green, fried",False,True,"Fried green plantains (starchy, fried tropical fruit) has no equivalent in Japanese food composition table; all candidates are either processed fruit products (jams, preserves, dried fruit) or fresh tropical fruits with fundamentally different nutrient profiles, particularly lacking the high fat content (11.8g) from frying and the specific carbohydrate/starch composition of plantains",,Fruits and Fruit Juices
high,168206,"Fruit juice smoothie, NAKED JUICE, BLUE MACHINE",False,True,"NAKED JUICE BLUE MACHINE is a high-energy (296 kcal/100g) commercial fruit juice smoothie with added nutrients (B12, fortified); no Japanese table entry matches both the energy density and processed smoothie beverage concept—closest candidates are either whole fruits (much lower kcal), fruit jams (similar kcal but different form), or juice drinks (much lower kcal at 53 kcal), making this a processed American commercial product without a direct Japanese equivalent",,Fruits and Fruit Juices
high,168212,"Cranberry juice blend, 100% juice, bottled, with added vitamin C and calcium",False,True,"Cranberry juice blend (187 kcal, 10.9g carbs, fortified with vitamin C and calcium) has no nutritionally similar match in Japanese table; all candidates are either much lower energy (44-63 kcal range for juices) or different fruit types, and cranberry is not a traditional Japanese fruit",,Fruits and Fruit Juices
high,168213,"Fruit juice smoothie, ODWALLA, strawberry banana",False,True,"US smoothie (200kcal, 11g carbs, 38.4mg VitC per 100g) is a blended beverage product with no direct Japanese equivalent; all candidates are either whole fruits, jams, or simple juices with substantially lower energy/nutrient density than a protein-fortified smoothie",,Fruits and Fruit Juices
high,168218,"Pork, fresh, composite of separable fat, with added solution, cooked",False,True,"US item is cooked pork fat with added solution (2450 kcal/100g, 60.4g fat, 10.1g protein), while all Japanese candidates are raw separable fat (raw state, 580-759 kcal/100g, 3.6-6.6g protein); the cooking method and solution addition create a fundamentally different product with no equivalent in the Japanese table",,Pork Products
high,168229,"Pork, fresh, leg (ham), shank half, separable lean only, cooked, roasted",False,True,"US item is roasted pork leg (ham) shank with separable lean only (733 kcal, 28.7g protein, 5.83g fat) representing a very lean, high-protein cut; Japanese candidates are either processed ham products with high salt, fatty pork cuts with skin, or poultry - no entry matches the specific lean pork leg shank composition and cooking method",,Pork Products
high,168249,"Pork, fresh, loin, tenderloin, separable lean only, raw",False,True,"US item is raw pork tenderloin (456 kcal, 2.17g fat, 21g protein) but all Japanese candidates are either cooked preparations or different cuts with substantially lower energy/higher fat content; no raw tenderloin equivalent exists in the table",,Pork Products
high,168256,"Pork, fresh, shoulder, arm picnic, separable lean and fat, cooked, braised",False,True,"US item has 985 kcal/100g (braised pork shoulder), while all Japanese candidates are raw/cooked cuts at 358-575 kcal/100g; the high energy and protein-to-fat ratio suggests significant cooking loss or measurement differences not represented in Japanese table entries",,Pork Products
high,168261,"Pork, fresh, shoulder, (Boston butt), blade (steaks), separable lean only, cooked, braised",False,True,"US item is braised pork shoulder (lean only, 973 kcal/100g) with exceptionally high energy density; Japanese candidates are all cooked/prepared meats with 280-575 kcal/100g, making the energy mismatch too significant to justify any match",,Pork Products
high,168264,"Pork, fresh, variety meats and by-products, brain, raw",False,True,"Pork brain (raw) is not listed in Japanese composition table; candidates are either beef/chicken offal, processed products, or muscle cuts - no pork brain entry exists",,Pork Products
high,168265,"Pork, fresh, variety meats and by-products, brain, cooked, braised",False,True,"Pork brain (braised) has no direct match in Japanese table; candidates are mostly intestines/organ meats from beef/pork or processed items, lacking brain-specific entry and braised preparation",,Pork Products
high,168266,"Pork, fresh, variety meats and by-products, chitterlings, raw",False,True,"Pork chitterlings (intestines) are a specific organ meat with very low protein (7.64g) and very high fat (16.6g) - none of the Japanese table entries represent organ meats or offal products; all candidates are muscle cuts or skin, making this a poor conceptual and nutritional match",,Pork Products
high,168271,"Pork, fresh, variety meats and by-products, lungs, cooked, braised",False,True,"Pork lungs (cooked, braised) is a specific organ meat preparation not represented in the Japanese composition table; closest candidates are beef/other animal organs but none match pork lungs specifically, and nutrient profile (high protein 16.6g, high iron 16.4mg, moderate energy 99kcal) doesn't align well enough with available entries to justify a forced match",,Pork Products
high,168273,"Pork, fresh, variety meats and by-products, pancreas, raw",False,True,"Pork pancreas (raw) has no direct equivalent in Japanese food composition table; closest candidates are other organ meats but differ significantly in energy (96-470 kcal vs 199 kcal) and fat content (3.3-48.5g vs 13.2g), and pancreas is not listed among Japanese organ meats.",,Pork Products
high,168274,"Pork, fresh, variety meats and by-products, pancreas, cooked, braised",False,True,"Pork pancreas (cooked, braised) has no direct equivalent in Japanese food composition table; closest candidates are beef/pork organ meats but none match pancreas specifically, and braised preparation with resulting nutrient profile (219kcal, 28.5g protein, 10.8g fat) doesn't align well with available cooked organ meat entries which are either raw or differently prepared",,Pork Products
high,168287,"Pork, cured, salt pork, raw",False,True,"Salt pork is a cured/preserved product with 6.8g salt per 100g, while all Japanese candidates are raw uncured pork/beef with minimal salt (0.0-0.1g); the curing process fundamentally changes the product composition and no cured pork entry exists in the Japanese table",,Pork Products
high,168324,"Pork, bacon, rendered fat, cooked",False,True,"Rendered/melted bacon fat (98.5% fat, 0g protein) has no equivalent in Japanese table; all candidates are raw meat cuts with significant protein (3.6-7.1g) and lower fat content, representing fundamentally different food products",,Pork Products
high,168337,"Pork, cured, ham with natural juices, rump, bone-in, separable lean only, unheated",False,True,Cured ham (processed pork product with 2.27g salt/100g) has no direct match in Japanese table; candidates are all fresh/raw meats with negligible salt content. The high sodium from curing process is incompatible with all available entries.,,Pork Products
high,168339,"Pork, cured, ham with natural juices, slice, bone-in, separable lean only, unheated",False,True,"US item is cured/processed pork ham (high salt 2.187g, specific preservation method), while all candidates are fresh/cooked unprocessed meats with minimal salt (0.1-0.3g); no Japanese processed pork ham equivalent in table",,Pork Products
high,168342,"Pork, cured, ham with natural juices, slice, bone-in, separable lean and fat, unheated",False,True,"US item is cured pork ham (processed/preserved meat with high salt 2.131g), while all candidates are fresh/cooked unprocessed meats with minimal salt (0.1-0.3g); no Japanese equivalent for cured ham in the table",,Pork Products
high,168343,"Pork, cured, ham with natural juices, shank, bone-in, separable lean and fat, unheated",False,True,"US item is cured pork ham (processed/cured meat with high sodium 1.979g salt), but all candidates are fresh/raw or cooked unprocessed meats with very low salt (0.1-0.2g); no Japanese cured pork ham equivalent in table",,Pork Products
high,168344,"Pork, cured, ham with natural juices, rump, bone-in, separable lean and fat, unheated",False,True,"US item is cured/processed ham with 2.129g salt, but all Japanese candidates are fresh/raw/cooked meats with minimal salt (0.1-0.3g); no cured pork product equivalent exists in the provided Japanese table",,Pork Products
high,168361,"Pork, fresh, enhanced, loin, tenderloin, separable lean only, raw",False,True,"US item is enhanced pork tenderloin (separable lean only, raw) with exceptionally high energy (443kcal) and very low fat (2.09g) indicating moisture/salt enhancement; Japanese candidates lack comparable enhanced/injected pork products and show much lower energy values (159-275kcal for raw lean cuts); no nutritional match exists in table",,Pork Products
high,168364,"Pork, fresh, loin, top loin (chops), boneless, separable lean only, with added solution, cooked, broiled",False,True,"US item is lean-only broiled pork loin (712 kcal, 5.73g fat) with added solution; Japanese candidates are all much lower in energy (233-467 kcal) and higher in fat (14.5-41.9g), indicating different cut/preparation; no nutritional match exists in the table",,Pork Products
high,168372,"Pork, ground, 84% lean / 16% fat, raw",False,True,"Ground pork raw is a basic ingredient not listed in Japanese composition table; closest candidates are cooked/processed pork cuts with significantly different energy (366-444 kcal vs 911 kcal) and fat profiles, indicating no adequate match exists",,Pork Products
high,168385,"Amaranth leaves, raw",False,True,"Amaranth leaves are a leafy green vegetable with high energy (97 kcal), moderate protein (2.46g), and notably high calcium (215mg) and iron (2.32mg); no Japanese table entry matches this nutritional profile - all candidates are either too low in energy/carbs (cabbage varieties, leafy greens) or have different nutrient compositions (root vegetables, processed items)",,Vegetables and Vegetable Products
high,168386,"Artichokes, (globe or french), cooked, boiled, drained, without salt",False,True,"Artichokes are not commonly cultivated in Japan and have no traditional equivalent in the Japanese food composition table; the available candidates (daikon, corn, burdock, lily bulb, etc.) differ significantly in both nutrient profile and botanical/culinary nature from artichokes.",,Vegetables and Vegetable Products
high,168387,"Artichokes, (globe or french), frozen, unprepared",False,True,"Artichokes are a Mediterranean vegetable with unique composition (high fiber 3.9g, moderate carbs 7.75g, specific mineral profile) that does not match any Japanese vegetable candidates; closest options (beets, young corn) differ significantly in carbohydrate and fiber content, and artichokes have no traditional Japanese culinary equivalent in the composition table.",,Vegetables and Vegetable Products
high,168388,"Artichokes, (globe or french), frozen, cooked, boiled, drained, without salt",False,True,"Artichokes are not a traditional Japanese vegetable and have no nutritional equivalent in the Japanese composition table; candidates are primarily corn, onion, and radish preparations with significantly different nutrient profiles (lower energy, different carbohydrate/fiber ratios)",,Vegetables and Vegetable Products
high,168389,"Asparagus, raw",False,True,"Asparagus (raw) is not present in the Japanese food composition table; the only asparagus entry (候補5) is canned/cooked asparagus with significantly different nutritional profile (24kcal vs 85kcal, different sodium content), making it unsuitable as a match for raw asparagus",,Vegetables and Vegetable Products
high,168394,"Balsam-pear (bitter gourd), pods, cooked, boiled, drained, without salt",False,True,"Bitter gourd (momordica charantia) is a tropical vegetable with distinctive nutritional profile (79 kcal, 4.32g carbs, 33mg VitC) that does not match any Japanese food composition table entry; closest candidates (turnip, cabbage, daikon) are all significantly lower in energy and carbohydrates, indicating bitter gourd has no suitable Japanese equivalent in this table",,Vegetables and Vegetable Products
high,168395,"Beans, kidney, mature seeds, sprouted, cooked, boiled, drained, without salt",False,True,"Sprouted kidney beans are legume sprouts with high protein (4.83g) and carbs (4.72g), but Japanese table only lists daizu moyashi (soybean sprouts, 3.7g protein, 0.6g carbs); no equivalent sprouted bean entry exists that matches the nutritional profile of cooked sprouted kidney beans.",,Vegetables and Vegetable Products
high,168408,"Cress, garden, cooked, boiled, drained, without salt",False,True,"Garden cress is a leafy green vegetable with boiled preparation showing energy 96kcal (far higher than all raw leafy candidates), suggesting significant nutrient concentration; no Japanese entry matches both the cooked boiled state, energy level, and nutrient profile of this specific preparation",,Vegetables and Vegetable Products
high,168415,"Gourd, dishcloth (towelgourd), cooked, boiled, drained, without salt",False,True,"Dishcloth gourd (luffa) is a tropical Asian vegetable with unique texture and composition; no Japanese candidate matches its 56 kcal energy, 14.3g carbs, 2.9g fiber, and 453mg potassium profile - closest options are 38-50 kcal with different nutrient ratios",,Vegetables and Vegetable Products
high,168416,"Drumstick leaves, raw",False,True,"Drumstick leaves (moringa) are a tropical leafy green with very high protein (9.4g), iron (4.0mg), and calcium (185mg) that don't match any Japanese vegetable candidates; closest candidates (edamame, fava beans) have different macronutrient profiles and are not leaf vegetables",,Vegetables and Vegetable Products
high,168417,"Drumstick leaves, cooked, boiled, drained, without salt",False,True,"Drumstick leaves (Moringa oleifera) are a nutrient-dense leafy green with very high energy (251kcal) and distinctive micronutrient profile; no Japanese vegetable candidate matches this combination—closest candidates are legume vegetables or low-energy greens, neither fitting the high caloric density or specific nutrient pattern of cooked drumstick leaves",,Vegetables and Vegetable Products
high,168418,"Pepeao, dried",False,True,"Pepeao (木耳/tree ear mushroom) is a dried fungus with high carbs (81g) and iron (6.14mg), but no Japanese table entry matches dried mushrooms with these specific nutrients; all candidates are vegetables/tubers with vastly different compositions",,Vegetables and Vegetable Products
high,168420,"Jute, potherb, cooked, boiled, drained, without salt",False,True,"Jute potherb (Corchorus olitorius) is a leafy vegetable with high energy (153kcal), moderate protein (3.68g), and distinctive mineral profile (Ca=211mg, Fe=3.14mg, K=550mg) that doesn't match any Japanese candidates; closest options (asparagus boiled at 25kcal, leafy greens at 15-35kcal) are far too low in energy and nutrients, indicating no suitable Japanese food composition table equivalent",,Vegetables and Vegetable Products
high,168422,"Mushrooms, Chanterelle, raw",False,True,"Chanterelle mushrooms are not represented in the provided Japanese food composition table; all candidates are vegetables (broccoli, leafy greens, peppers, etc.) with significantly different nutrient profiles, and mushrooms are a distinct fungal food category absent from this list.",,Vegetables and Vegetable Products
high,168423,"Mushrooms, morel, raw",False,True,"Morel mushrooms are not represented in the provided Japanese food composition table; the candidates are all non-mushroom vegetables lacking the distinctive high protein, iron, and vitamin D profile characteristic of morels",,Vegetables and Vegetable Products
high,168426,"Leeks, (bulb and lower leaf-portion), cooked, boiled, drained, without salt",False,True,"Leeks (bulb and lower leaf-portion, cooked, boiled) have no close match in Japanese food composition table; candidates are all significantly lower in energy (7-100 kcal vs 130 kcal), protein, and carbohydrates, with leeks being a distinct vegetable not commonly used in Japanese cuisine",,Vegetables and Vegetable Products
high,168434,"Mushrooms, brown, italian, or crimini, raw",False,True,"Mushrooms are a common global food that should have Japanese equivalents, but none of the provided candidates are mushroom entries - the table appears to lack mushroom varieties despite mushrooms being widely consumed in Japan",,Vegetables and Vegetable Products
high,168435,"Mushrooms, shiitake, stir-fried",False,True,"Shiitake mushrooms stir-fried are not represented in the provided Japanese food composition table; candidates are all corn, onion, or other vegetable varieties with incompatible nutrient profiles (higher carbs, lower protein) and no mushroom entries available",,Vegetables and Vegetable Products
high,168436,"Mushrooms, shiitake, dried",False,True,"Dried shiitake mushrooms are a common Japanese ingredient but no dried mushroom entry exists in the provided table; all candidates are fresh vegetables/roots with vastly different nutrient profiles (energy 13-306 kcal vs 296 kcal, protein 0.7-15.5g vs 9.58g, carbs mostly 'None' vs 75.4g)",,Vegetables and Vegetable Products
high,168437,"Mushrooms, shiitake, cooked, without salt",False,True,"Shiitake mushrooms are a Japanese staple but no mushroom entries exist in the provided table; all candidates are other vegetables with significantly different nutrient profiles (e.g., corn at 89-104 kcal vs. shiitake at 234 kcal, onions, eggplant, etc.)",,Vegetables and Vegetable Products
high,168438,"Mustard spinach, (tendergreen), raw",False,True,"Mustard spinach (tendergreen) is an Asian leafy green with high protein (2.2g), calcium (210mg), and vitamin C (130mg) that doesn't match any of the provided candidates, which are mostly peppers, cabbage, and other vegetables with significantly lower protein and different nutrient profiles.",,Vegetables and Vegetable Products
high,168441,"New Zealand spinach, cooked, boiled, drained, without salt",False,True,"New Zealand spinach (Tetragonia tetragonioides) is a unique leafy green with no direct Japanese equivalent; while energy (51 kcal) is higher than all candidates, the nutrient profile doesn't match any single entry well enough to justify a forced match to unrelated vegetables like bean sprouts, Chinese greens, or radish varieties.",,Vegetables and Vegetable Products
high,168442,"Potatoes, french fried, all types, salt added in processing, frozen, unprepared",False,True,"Frozen french fried potatoes are a processed frozen potato product with specific preparation (fried, salted) that has no equivalent in the Japanese food composition table; candidates are all vegetables/prepared dishes with very different nutrient profiles (energy 78-306 kcal vs 613 kcal, carbs 0-26.7g vs 24.8g, fat 0-23.9g vs 4.66g)",,Vegetables and Vegetable Products
high,168443,"Potato wedges, frozen (Includes foods for USDA's Food Distribution Program)",False,True,Frozen potato wedges (fried/oil-cooked potatoes) have no equivalent in Japanese food composition table; candidates are either non-potato vegetables or pickled/preserved items with incompatible nutrient profiles,,Vegetables and Vegetable Products
high,168444,"Potatoes, french fried, steak fries, salt added in processing, frozen, as purchased",False,True,"Frozen french fries are a processed fried potato product with no equivalent in the Japanese food composition table; all candidates are either raw vegetables, pickled vegetables, or minimally processed items with drastically lower energy (15-95 kcal vs 130 kcal) and fat content (0-1.3g vs 3.39g)",,Vegetables and Vegetable Products
high,168445,"Potatoes, french fried, steak fries, salt added in processing, frozen, oven-heated",False,True,"French fried potatoes are a prepared starch-based food with high energy (620kcal) and moderate carbs (27g); no Japanese vegetable composition entries match this profile - all candidates are either raw vegetables, minimal-preparation vegetables, or pickled items with much lower energy and different nutritional profiles",,Vegetables and Vegetable Products
high,168446,Potato flour,False,True,Potato flour is a processed starch product with 1490kcal/100g and 83.1g carbs; all candidates are fresh/cooked vegetables with 23-306kcal/100g and no starch-based processed equivalents exist in the Japanese table,,Vegetables and Vegetable Products
high,168447,"Pumpkin leaves, cooked, boiled, drained, without salt",False,True,"Pumpkin leaves (kabocha na) are not represented in the Japanese food composition table; candidates are either different vegetables (leek, beet, corn) or different preparations, with no nutritionally or conceptually similar match available.",,Vegetables and Vegetable Products
high,168448,"Pumpkin, raw",False,True,"Pumpkin (kabocha squash equivalent) is not represented in the provided Japanese food composition table candidates; all entries are low-energy vegetables (11-54 kcal) and processed tomato products, whereas raw pumpkin at 26 kcal with 6.5g carbs and 426μg VitA requires a dedicated squash/gourd entry not present in this list",,Vegetables and Vegetable Products
high,168449,"Pumpkin, cooked, boiled, drained, without salt",False,True,"Pumpkin (kabocha/pumpkin) is not represented in the provided Japanese food composition table candidates; all candidates are low-energy vegetables (7-82 kcal) while cooked pumpkin at 83 kcal with 4.9g carbs and higher mineral content matches no single entry, and pumpkin would typically appear as a distinct entry in Japanese food tables but is absent here.",,Vegetables and Vegetable Products
high,168455,"Rutabagas, cooked, boiled, drained, without salt",False,True,"Rutabaga (swede) is a cruciferous root vegetable with distinctive nutrient profile (127kcal, 6.84g carbs); closest candidates are turnips/kabu (18-20kcal) and lotus root/renkon (66kcal), but energy content and carbohydrate composition differ significantly, indicating no adequate Japanese equivalent in the provided table",,Vegetables and Vegetable Products
high,168456,"Seaweed, irishmoss, raw",False,True,"Irish moss (Chondrus crispus) is a red seaweed with unique composition (high carbs ~12g, low protein ~1.5g, high iron 8.9mg, high riboflavin 0.466mg) that doesn't match any Japanese vegetable entries; Japanese table lacks seaweed/海藻 category entries among provided candidates, and none of the vegetables match the nutritional profile of raw seaweed",,Vegetables and Vegetable Products
high,168457,"Seaweed, kelp, raw",False,True,"Kelp (kombu) is a fundamental Japanese seaweed ingredient but not found in the vegetable category candidates provided; all options are land vegetables with drastically lower energy (9-82 kcal vs 43 kcal), protein (0.3-2.4g vs 1.68g), and minerals, making none nutritionally comparable to raw kelp's unique marine composition",,Vegetables and Vegetable Products
high,168458,"Seaweed, laver, raw",False,True,"Laver (nori) is a marine seaweed with unique nutrient profile (high protein ~5.8g, vitamin B12 absent in raw form, high vitamin A and B2) that does not match any terrestrial vegetable in the provided Japanese table; no seaweed category entries are available for matching.",,Vegetables and Vegetable Products
high,168462,"Spinach, raw",False,True,"Raw spinach (97 kcal, 2.86g protein, 558mg K, 469μg VitA) has distinctly higher energy and nutrient density than all Japanese candidates, which are mostly young shoots/pods (13-54 kcal) with different nutritional profiles; no adequate match exists in the provided table",,Vegetables and Vegetable Products
high,168463,"Spinach, cooked, boiled, drained, without salt",False,True,"Cooked boiled spinach has no direct match in Japanese table; closest candidates (asparagus, bean sprouts, greens) differ significantly in protein (2.97g vs 1.2-2.6g), iron (3.57mg unavailable in candidates), and vitamin A (524μg much higher than candidates), and spinach is not traditionally represented in 八訂 vegetables list",,Vegetables and Vegetable Products
high,168464,"Squash, summer, crookneck and straightneck, raw",False,True,"Summer squash (crookneck/straightneck) is a distinctly American Cucurbitaceae variety with higher energy (78 kcal) and carbs (3.88g) than all Japanese candidates; closest matches are daikon/turnip entries at 13-20 kcal, representing fundamentally different vegetables with no Japanese equivalent for this specific squash type",,Vegetables and Vegetable Products
high,168466,"Squash, summer, crookneck and straightneck, canned, drained, solid, without salt",False,True,"Canned summer squash (crookneck/straightneck) is a specific Cucurbitaceae vegetable with moderate energy (54 kcal) and fiber (1.4g) profile that doesn't match any Japanese table entries; closest candidates (へちま/hairy gourd, はやとうり/chayote) are too low in energy and carbs, and lack comparable nutrient density for a canned drained product",,Vegetables and Vegetable Products
high,168471,"Squash, summer, zucchini, italian style, canned",False,True,"Canned Italian-style zucchini (cooked, processed with added salt) has no close Japanese equivalent; candidates are all raw vegetables with different preparation methods and nutritional profiles, particularly lacking the elevated sodium (0.95g salt) characteristic of canned products",,Vegetables and Vegetable Products
high,168472,"Squash, winter, acorn, raw",False,True,"Acorn squash (40 kcal, 10.4g carbs, 1.5g fiber) is a winter squash with higher energy and carbohydrates than all candidates; closest option is sōmen kabocha (25 kcal) but significantly lower; no Japanese table entry matches winter squash composition",,Vegetables and Vegetable Products
high,168473,"Squash, winter, butternut, frozen, unprepared",False,True,"Butternut squash (winter squash) is a distinct Cucurbitaceae species not represented in Japanese table; closest candidates (sweet corn, eggplant, other vegetables) differ significantly in botanical classification, nutrient profile, and culinary use - no adequate Japanese equivalent exists",,Vegetables and Vegetable Products
high,168474,"Squash, winter, butternut, frozen, cooked, boiled, without salt",False,True,"Butternut squash (winter squash) is a New World crop with no direct Japanese equivalent; closest candidates (soumen kabocha, hayatouri) are significantly lower in energy (25kcal, 21kcal vs 39kcal) and carbohydrates, and Japanese winter squashes differ botanically and nutritionally from Cucurbita moschata butternut",,Vegetables and Vegetable Products
high,168475,"Squash, winter, hubbard, raw",False,True,"Winter squash (hubbard) is a starchy winter vegetable with ~167kcal and 8.7g carbs; no Japanese candidates match this profile - corn and onion entries are too low in energy/carbs, and other root vegetables don't match the squash composition",,Vegetables and Vegetable Products
high,168476,"Squash, winter, hubbard, baked, without salt",False,True,"Winter squash (hubbard) is a starchy winter vegetable with ~11g carbs and 335μg vitamin A; no Japanese candidates match this nutrient profile - all listed vegetables are either leafy greens, shoots, or legumes with <2g carbs and much lower energy content",,Vegetables and Vegetable Products
high,168477,"Succotash, (corn and limas), cooked, boiled, drained, without salt",False,True,Succotash is a corn-lima bean mixture; no Japanese candidate combines both legumes and corn with matching macronutrient profile (especially the high carbs from two sources and protein from legumes). Individual corn entries are too low in protein and the nutrient balance doesn't match a legume-corn blend.,,Vegetables and Vegetable Products
high,168482,"Sweet potato, raw, unprepared (Includes foods for USDA's Food Distribution Program)",False,True,"Sweet potato (satsumaimo) is a common Japanese vegetable but no candidates in the table match it - all candidates are either leafy greens, sprouts, or low-carb vegetables with 12-51 kcal, whereas sweet potato has 86 kcal and 20.1g carbs typical of a starchy root vegetable",,Vegetables and Vegetable Products
high,168483,"Sweet potato, cooked, baked in skin, flesh, without salt",False,True,"Sweet potato (satsumaimo) is a common Japanese vegetable, but none of the provided candidates match it; all listed items are low-energy leafy greens, sprouts, or other vegetables (12-89 kcal) versus sweet potato's 378 kcal, making this a clear case where the Japanese food composition table entry exists but was not included in this candidate list.",,Vegetables and Vegetable Products
high,168484,"Sweet potato, cooked, boiled, without skin",False,True,"Sweet potato (boiled, skinless) with 320kcal/100g and 17.7g carbs has no match in provided Japanese table; candidates are all low-energy vegetables (12-51kcal) with minimal carbohydrates, showing significant nutritional mismatch",,Vegetables and Vegetable Products
high,168485,"Sweet potato, canned, vacuum pack",False,True,"Sweet potato is a common global ingredient, but the provided candidates are all low-energy vegetables (13-54 kcal) while canned sweet potato has 91 kcal with 21.1g carbs; no nutritionally comparable Japanese entry exists in this list",,Vegetables and Vegetable Products
high,168486,"Taro, cooked, without salt",False,True,"Taro is a tropical tuber crop with high carbohydrate (~35g/100g) and moderate energy (~594kcal/100g as dry matter), but no Japanese composition table entry for taro exists; closest candidates (kuawai, yuri-ne) are starchy tubers but significantly lower in energy and carbohydrates, making them poor nutritional matches",,Vegetables and Vegetable Products
high,168487,"Taro leaves, raw",False,True,"Taro leaves are a starchy leafy vegetable with high carbohydrates and fiber; no Japanese table entry adequately matches this nutrient profile—candidates are either legume pods, cruciferous vegetables, or low-carb greens, none resembling taro's composition",,Vegetables and Vegetable Products
high,168488,"Taro leaves, cooked, steamed, without salt",False,True,"Taro leaves (cooked, steamed) are a leafy vegetable with unique nutrient profile (higher protein 2.72g, fiber 2.0g, energy 24kcal, calcium 86mg) not well-matched by the provided candidates which are either cruciferous vegetables, legume sprouts, or asparagus with different nutritional compositions; no direct Japanese taro leaf entry available in the table",,Vegetables and Vegetable Products
high,168490,"Arrowroot, raw",False,True,Arrowroot is a starch extracted from tropical plant rhizomes; the US item shows 271kcal (cooked starch composition) but all Japanese candidates are vegetable foods with much lower energy and different nutrient profiles - no conceptual or nutritional match exists,,Vegetables and Vegetable Products
high,168493,"Arrowhead, cooked, boiled, drained, with salt",False,True,"Arrowhead (Sagittaria) is an aquatic plant tuber with no direct Japanese equivalent in the table; closest candidates (ゆりね, くわい, むかご) are nutritionally and botanically distinct, with energy values 40-51 kcal higher and different macronutrient profiles",,Vegetables and Vegetable Products
high,168496,"Balsam-pear (bitter gourd), pods, cooked, boiled, drained, with salt",False,True,"Bitter gourd (goya) is not present in Japanese food composition table candidates; nutritional profile (79 kcal, high vitamin C at 33mg, low protein at 0.84g) doesn't match any available options which are all significantly lower in energy and vitamin C content",,Vegetables and Vegetable Products
high,168497,"Bamboo shoots, cooked, boiled, drained, with salt",False,True,Bamboo shoots (takenoko) are a common Japanese vegetable but no cooked/boiled bamboo shoot entry exists in the provided Japanese composition table; all candidates are unrelated vegetables with significantly lower energy (7-38 kcal vs 46 kcal) and different nutrient profiles,,Vegetables and Vegetable Products
high,168500,"Beans, navy, mature seeds, sprouted, cooked, boiled, drained, with salt",False,True,"Sprouted mature navy beans (legume sprouts, boiled with salt) have no equivalent in the Japanese food composition table; candidates are immature legumes, vegetables, or pickled items with significantly different nutrient profiles (energy 89-306 kcal vs 325 kcal, protein 0.4-13.0g vs 7.07g, carbs largely missing or much higher)",,Vegetables and Vegetable Products
high,168504,"Beans, snap, yellow, canned, no salt added, solids and liquids",False,True,"Snap beans (yellow wax beans) are a specific legume vegetable with distinct nutrient profile (higher protein ~0.8g, carbs ~3.5g, fiber ~1.5g); no Japanese table entry matches this bean type - all candidates are either sprouts, gourds, root vegetables, or other produce with significantly different nutritional compositions",,Vegetables and Vegetable Products
high,168508,"Beet greens, cooked, boiled, drained, with salt",False,True,"Beet greens (cooked, boiled with salt) have distinctly higher energy (113 kcal), carbs (5.46g), and potassium (909mg) than all candidates; no Japanese leafy green vegetable in the table matches this nutrient profile, and beet greens are not traditional in Japanese cuisine",,Vegetables and Vegetable Products
high,168512,"Broccoli, frozen, spears, cooked, boiled, drained, with salt",False,True,"Broccoli is not represented in the Japanese food composition table candidates; the closest option (cauliflower, entry 1) differs significantly in carbohydrates (3.0g vs 5.35g) and lacks broccoli's higher protein (2.7g vs 3.1g) and vitamin C (40.1mg), making it an inadequate match for this specific cruciferous vegetable",,Vegetables and Vegetable Products
high,168515,"Cabbage, red, cooked, boiled, drained, with salt",False,True,"Red cabbage cooked/boiled is not represented in the Japanese food composition table; candidates are onions, leeks, corn, beets, and other vegetables, but no cabbage entry exists to match the target food",,Vegetables and Vegetable Products
high,168518,"Carrots, canned, no salt added, drained solids",False,True,"Canned carrots (drained) have distinctly higher carbohydrates (5.54g), fiber (1.5g), potassium (179mg), and vitamin A (558μg) than all candidates; no Japanese entry matches the carrot vegetable profile, all candidates are leafy greens, sprouts, or other low-carb vegetables",,Vegetables and Vegetable Products
high,168519,"Carrots, frozen, cooked, boiled, drained, with salt",False,True,"Frozen cooked carrots have ~155 kcal and distinctive carrot nutrient profile (high carotenoids, moderate carbs); all candidates are low-energy vegetables (13-51 kcal) with different compositions, and no Japanese table entry for carrots (にんじん) appears in the provided list",,Vegetables and Vegetable Products
high,168524,"Collards, frozen, chopped, cooked, boiled, drained, with salt",False,True,"Collards are a leafy dark green cruciferous vegetable with 151kcal energy profile; all Japanese candidates are either legume pods (23-47kcal), shoots/sprouts (17-44kcal), or processed items, with none matching the high energy density, high calcium (210mg), high vitamin A (575μg), and cooked leafy green profile of collards",,Vegetables and Vegetable Products
high,168529,"Cowpeas, leafy tips, cooked, boiled, drained, with salt",False,True,Cowpeas (black-eyed peas) leafy tips are a legume vegetable product with no direct Japanese equivalent; candidates are mostly other leafy vegetables/pickles with different nutritional profiles and no legume match available,,Vegetables and Vegetable Products
high,168530,"Gourd, dishcloth (towelgourd), cooked, boiled, drained, with salt",False,True,"Dishcloth gourd (luffa) is a specific Asian vegetable with unique nutritional profile (high carbs at 13.8g, moderate energy at 54kcal, high potassium at 453mg) that doesn't match any Japanese table entries; closest candidates (beets, Japanese pumpkin) differ significantly in nutrient composition and food identity",,Vegetables and Vegetable Products
high,168531,"Drumstick leaves, cooked, boiled, drained, with salt",False,True,"Drumstick leaves (moringa) are a nutrient-dense leafy green with high protein (5.27g), calcium (151mg), and vitamin content; no Japanese candidate matches this nutritional profile or botanical category - moringa is not traditionally used in Japanese cuisine",,Vegetables and Vegetable Products
high,168533,"Hyacinth-beans, immature seeds, cooked, boiled, drained, with salt",False,True,"Hyacinth beans (dolichos lablab) are a legume with no direct equivalent in Japanese food table; closest candidates are corn/vegetable entries but energy (209kcal) and macronutrient profile (high carbs 9.2g, protein 2.95g, low fat) don't match well with any listed option",,Vegetables and Vegetable Products
high,168534,"Lambsquarters, cooked, boiled, drained, with salt",False,True,"Lambsquarters is a leafy green with high energy (134kcal), calcium (258mg), and vitamin A (391μg) when cooked; no Japanese table entry matches this nutritional profile - candidates are mostly young pods/shoots with 13-54kcal and lower micronutrients",,Vegetables and Vegetable Products
high,168537,"Mushrooms, white, cooked, boiled, drained, with salt",False,True,"White mushrooms (cooked, boiled) are common globally but no mushroom entry exists in the provided Japanese food composition table candidates; all candidates are other vegetable types with significantly different nutrient profiles",,Vegetables and Vegetable Products
high,168547,"Peppers, sweet, red, frozen, chopped, unprepared",False,True,"Sweet red peppers (frozen, chopped) are a common global vegetable, but no Japanese table entry for red peppers exists; only green peppers (青ピーマン) are listed, and the US item's higher energy (84 kcal vs 20 kcal), carbs (4.45g vs 2.3g), vitamin C (58.7mg), and vitamin A (121μg) profile significantly exceeds green pepper data, indicating frozen chopped red peppers cannot be accurately matched to available candidates",,Vegetables and Vegetable Products
high,168548,"Peppers, sweet, red, frozen, chopped, boiled, drained, without salt",False,True,"Red bell peppers are a common global vegetable, but the US item is cooked/processed (frozen, chopped, boiled) with notably higher energy (65 kcal), vitamin C (41.2 mg), and vitamin A (96 μg) than all Japanese candidates which are mostly raw cruciferous vegetables (13-21 kcal); no Japanese red pepper entry exists in the provided table",,Vegetables and Vegetable Products
high,168549,"Peppers, sweet, red, frozen, chopped, boiled, drained, with salt",False,True,"Red sweet peppers (Capsicum annuum) are not represented in the Japanese food composition table candidates; closest options are unrelated vegetables like cabbage, radish, and turnip with different nutrient profiles, particularly lacking the high vitamin C (41.2mg) and vitamin A (96μg) characteristic of red peppers",,Vegetables and Vegetable Products
high,168551,"Lentils, sprouted, cooked, stir-fried, with salt",False,True,"Sprouted lentils are legume sprouts with distinctive nutrient profile (high protein 8.8g, moderate carbs 21.2g, low fat 0.45g); no Japanese table entry matches this sprouted legume category - candidates are either unsprouted legumes, non-legume vegetables, or pickled items with incompatible nutrient profiles",,Vegetables and Vegetable Products
high,168552,"Mountain yam, hawaii, cooked, steamed, with salt",False,True,"Mountain yam (Dioscorea alata) Hawaii variety is a specific cultivar with no direct Japanese equivalent in the table; closest candidates (ゆりね, むかご) are different tuber species with significantly different nutrient profiles, and energy/carb content of 82kcal/20g carbs doesn't match well enough to justify forcing a match",,Vegetables and Vegetable Products
high,168553,"Tree fern, cooked, with salt",False,True,"Tree fern (unfamiliar botanical structure with very high energy 166kcal and low protein 0.29g) has no nutritional or conceptual match in Japanese food composition table; closest candidates (corn, vegetables) differ significantly in macronutrient profiles and botanical classification",,Vegetables and Vegetable Products
high,168554,"Potatoes, mashed, prepared from granules, without milk, whole milk and margarine",False,True,"Mashed potatoes from granules are a processed Western starch dish with no equivalent in the Japanese food composition table; candidates are all fresh/cooked vegetables with fundamentally different nutrient profiles (much lower energy, protein, and fat) and preparation methods",,Vegetables and Vegetable Products
high,168555,"Potatoes, mashed, home-prepared, whole milk and butter added",False,True,"Mashed potatoes with milk and butter are a prepared potato dish with dairy; no Japanese composition table entry matches this specific preparation - closest candidates (corn, vegetables) have drastically different energy (78-125 kcal vs 471 kcal), protein (1.7-4.2g vs 1.86g), and fat profiles (0.5-5.7g vs 4.22g)",,Vegetables and Vegetable Products
high,168556,Catsup,False,True,"Catsup is a distinctly American processed condiment (tomato-based sauce with vinegar, spices, sugar) with no nutritional or conceptual equivalent in Japanese food composition table; candidates are all fresh/pickled vegetables with drastically different nutrient profiles (energy 7-82 kcal vs 101 kcal, carbs mostly absent vs 27.4g)",,Vegetables and Vegetable Products
high,168557,"Mushrooms, brown, italian, or crimini, exposed to ultraviolet light, raw",False,True,"Raw mushrooms (crimini/brown) are common globally but the Japanese table lacks a specific raw mushroom entry; all candidates are either processed vegetables, different vegetable types, or prepared dishes with significantly different nutrient profiles",,Vegetables and Vegetable Products
high,168561,"Pickle relish, sweet",False,True,"Sweet pickle relish (130kcal, 35.1g carbs, 2.06g salt) is a distinctly American condiment with added sugar/sweetener; no Japanese pickled vegetable entry matches this high energy and carbohydrate profile—all candidates are low-cal fermented/salt-pickled vegetables (13-25kcal) without sweetening.",,Vegetables and Vegetable Products
high,168562,"Pickles, cucumber, sour, low sodium",False,True,Sour pickles are fermented/brined cucumber products with characteristic vinegar and salt preservation; no Japanese table entry matches both the fermentation process (pickled state) and nutrient profile - candidates are all fresh or simply cooked vegetables lacking the acidic preservation and resulting nutrient composition of pickled cucumbers,,Vegetables and Vegetable Products
high,168566,"Tomatillos, raw",False,True,"Tomatillos are a unique Mesoamerican fruit with no nutritional or conceptual equivalent in Japanese cuisine; the 133 kcal energy is substantially higher than all candidates, and tomatillos' tartness and culinary use differ fundamentally from available Japanese vegetables.",,Vegetables and Vegetable Products
high,168567,"Tomatoes, sun-dried",False,True,"Sun-dried tomatoes are a processed tomato product with no equivalent in the Japanese food composition table; candidates are all fresh/cooked vegetables with dramatically different nutrient profiles (lower energy, protein, carbs, and fiber than sun-dried tomatoes)",,Vegetables and Vegetable Products
high,168568,"Carrots, baby, raw",False,True,"Baby carrots (raw, 145kcal/100g) have significantly higher energy and carbohydrates than all Japanese candidates; closest match would be Japanese pumpkin at 41-50kcal, but energy disparity is too large and no carrot entry exists in the Japanese table",,Vegetables and Vegetable Products
high,168569,"Hearts of palm, canned",False,True,"Hearts of palm is a tropical plant product with unique nutritional profile (high fiber 2.4g, iron 3.13mg, zinc 1.15mg) not well-represented in Japanese food composition table; closest candidates (bamboo shoots, asparagus) lack comparable fiber and mineral content, and hearts of palm has no traditional Japanese culinary equivalent",,Vegetables and Vegetable Products
high,168570,"Peppers, hot chile, sun-dried",False,True,"Sun-dried hot chile peppers (1360 kcal, 69.9g carbs, 28.7g fiber, high K/Fe/VitA) have no nutritionally comparable match in the Japanese table; closest candidates (ドライトマト at 291 kcal, cut dried daikon at 280 kcal) are 4-5x lower in energy and lack the high carbohydrate and mineral profile of dried chiles",,Vegetables and Vegetable Products
high,168573,"Lemon grass (citronella), raw",False,True,"Lemongrass is a tropical Southeast Asian herb with no direct Japanese equivalent in the composition table; candidates are all root vegetables, tubers, or legumes with fundamentally different nutritional profiles and food concepts",,Vegetables and Vegetable Products
high,168575,"Grape leaves, raw",False,True,"Grape leaves (raw) are a Mediterranean/Middle Eastern food with distinctive high fiber (11.0g), moderate protein (5.6g), and specific micronutrient profile that don't match any Japanese vegetable entry; closest candidates (leafy vegetables) are all significantly lower in energy, carbs, and fiber, indicating no true Japanese equivalent in the table",,Vegetables and Vegetable Products
high,168577,"Peppers, chili, green, canned",False,True,"Canned green chili peppers have no Japanese equivalent in the table; closest candidates (cabbage, turnip, radish) lack the distinctive capsicum profile, higher vitamin C (34.2mg vs max 2.4mg), and canned preparation characteristic of the US item",,Vegetables and Vegetable Products
high,168579,"Peppers, pasilla, dried",False,True,"Pasilla dried peppers are a Mexican chili with unique nutrient profile (high fat 15.8g, fiber 26.8g, vitamin B2 3.2mg) that doesn't match any Japanese vegetable entries; closest candidates (ドライトマト, 切干しだいこん) differ significantly in fat content and overall composition, making NO_MATCH most appropriate",,Vegetables and Vegetable Products
high,168580,"Mushrooms, oyster, raw",False,True,"Oyster mushrooms are a common fungal food available in Japan, but the Japanese composition table provided contains only vegetable entries (野菜類) with no mushroom (きのこ) entries; mushrooms should have their own dedicated section in a complete Japanese food table, making this a case of missing category rather than a true NO_MATCH, but given the candidates provided, no suitable match exists.",,Vegetables and Vegetable Products
high,168581,"Fungi, Cloud ears, dried",False,True,"Cloud ears (木耳) are fungi/edible mushrooms with very high fiber (70.1g), high carbs (73g), and moderate protein (9.25g) in dried form - no Japanese vegetable table entry matches this dried fungal composition profile; closest candidates (dried vegetables like 切干しだいこん, ぜんまい) have different macronutrient ratios and are not fungal products",,Vegetables and Vegetable Products
high,168582,"Mushrooms, straw, canned, drained solids",False,True,"Straw mushrooms (canned, drained) are a specific Asian mushroom variety with distinctive nutrient profile (high protein 3.83g, moderate energy 32kcal, notable fiber 2.5g, high salt 0.975g from canning) that does not match any of the provided Japanese vegetable candidates, which are all non-mushroom vegetables with lower protein and different compositional characteristics.",,Vegetables and Vegetable Products
high,168584,"Fiddlehead ferns, frozen, unprepared",False,True,"Fiddlehead ferns are a wild edible plant with notably high protein (4.31g), minerals (Fe, Zn, K), and vitamin C; no Japanese table entries match this nutritional profile or botanical category—closest candidates (warabi, young vegetables) are significantly lower in protein and minerals",,Vegetables and Vegetable Products
high,168606,"Beef, retail cuts, separable fat, cooked",False,True,"US item is cooked beef fat (2840 kcal, 10.6g protein) while all Japanese candidates are raw fat (537-759 kcal, 3.6-7.1g protein); the cooked state dramatically increases energy density and the nutrient profile mismatch is too significant for reliable matching",,Beef Products
high,168607,"Beef, brisket, whole, separable lean only, all grades, raw",False,True,"US brisket (658 kcal, 20.7g protein, 7.37g fat, raw) has uniquely high energy and low fat for raw beef, incompatible with all Japanese candidates which are either cooked (lower kcal) or have much higher fat content (25-34g); no Japanese table entry matches this specific raw lean brisket profile",,Beef Products
high,168621,"Beef, rib eye, small end (ribs 10-12), separable lean only, trimmed to 0"" fat, select, raw",False,True,"US item is raw beef (625 kcal/100g, 21.2g protein, 6.57g fat) but all Japanese candidates are cooked preparations (280-457 kcal); the high energy and low fat of raw lean rib eye has no close match in the cooked-only Japanese table",,Beef Products
high,168622,"Beef, variety meats and by-products, brain, raw",False,True,"Beef brain is not listed in the Japanese food composition table; while other beef offal items exist (heart, tongue, diaphragm, stomach), there is no specific entry for brain (脳), making this a true food item absent from the database.",,Beef Products
high,168623,"Beef, variety meats and by-products, brain, cooked, pan-fried",False,True,"Beef brain (cooked, pan-fried) has no direct equivalent in Japanese food composition table; closest candidates are other beef offal organs (heart, kidney, tripe) but their raw/boiled preparations show significantly lower energy (96-128 kcal vs 196 kcal) and fat content (3.3-6.2g vs 15.8g), indicating cooking method and specific organ differences that preclude reliable matching",,Beef Products
high,168624,"Beef, variety meats and by-products, brain, cooked, simmered",False,True,"Beef brain (cooked, simmered) is not represented in the Japanese table; candidates are either raw organ meats, different cooking methods, or non-brain offal with mismatched nutrient profiles",,Beef Products
high,168628,"Beef, variety meats and by-products, lungs, raw",False,True,"Beef lungs (肺) is not represented in the Japanese food composition table; candidates are either different organ meats (third stomach, uterus, gizzard) or muscle cuts, none matching the specific organ type and nutrient profile of raw beef lungs",,Beef Products
high,168629,"Beef, variety meats and by-products, lungs, cooked, braised",False,True,"Beef lungs (cooked, braised) is a variety meat/offal with no matching entry in the Japanese table; all candidates are either muscle meat cuts or non-beef offal, lacking the specific nutrient profile and organ meat composition of braised beef lungs",,Beef Products
high,168640,"Beef, short loin, porterhouse steak, separable lean only, trimmed to 1/8"" fat, select, raw",False,True,"US porterhouse steak raw (608 kcal, 5.41g fat) has exceptionally high energy and low fat for raw beef, indicating measurement or data quality issues; no Japanese candidates match this nutritional profile - all beef entries are cooked and show 285-338 kcal with 20-31g fat, making this item unmatched as presented",,Beef Products
high,168645,"Beef, short loin, t-bone steak, bone-in, separable lean only, trimmed to 1/8"" fat, select, raw",False,True,"US item is raw beef (raw/生) with very low fat (5.34g) and high protein (22.4g), but all Japanese beef candidates are cooked (焼き/ゆで) with significantly different nutrient profiles; the raw lean beef cut has no adequate match in the provided table",,Beef Products
high,168650,"Beef, ground, 70% lean meat / 30% fat, patty cooked, pan-broiled",False,True,"Ground beef (70/30) cooked via pan-broiling has no direct match; closest candidates (all whole cuts at 457-541 kcal, 14.6-20.4g protein) show significantly lower energy and fat profiles than the US item's 995 kcal and 15.5g fat per 100g, indicating the Japanese table lacks ground beef entries or cooked preparations at comparable composition levels",,Beef Products
high,168652,"Beef, ground, 70% lean meat / 30% fat, raw",False,True,"Ground beef (70/30) is a processed/emulsified product with no direct equivalent in Japanese table; all candidates are intact cuts (脂身/脂身つき) or cooked preparations, not ground meat",,Beef Products
high,168658,"Beef, brisket, flat half, boneless, separable lean only, trimmed to 0"" fat, select, raw",False,True,"US item is raw beef brisket (520 kcal, 4.14g fat) with very high energy; all Japanese candidates are cooked preparations (230-358 kcal) with different nutritional profiles, making direct comparison unreliable and suggesting no adequate match exists in the table",,Beef Products
high,168674,"Beef, chuck eye roast, boneless, America's Beef Roast, separable lean only, trimmed to 0"" fat, all grades, cooked, roasted",False,True,"US item has exceptionally high energy (765kcal) and fat (8.46g) due to cooking method differences; all Japanese candidates are 50% lower in energy, suggesting different beef grades, cuts, or cooking techniques with no suitable match",,Beef Products
high,168747,"Alcoholic beverage, beer, regular, BUDWEISER",False,True,"Budweiser regular beer (170 kcal, 2.97g carbs, 0.36g protein) does not match any Japanese beer entry; entry 25 is stout (62 kcal) with different profile, and no regular lager beer exists in the Japanese composition table",,Beverages
high,168751,"Beverages, almond milk, sweetened, vanilla flavor, ready-to-drink",False,True,"Sweetened vanilla almond milk is a plant-based dairy alternative with specific fortification profile (high Ca, B12, VitD) that has no equivalent in Japanese composition table; closest candidates are alcoholic beverages or tea infusions which are nutritionally and conceptually mismatched",,Beverages
high,168752,"Alcoholic beverage, pina colada, prepared-from-recipe",False,True,Pina colada is a cocktail with significant carbohydrates (22.7g) and fat (1.88g) from coconut cream and pineapple juice - no Japanese alcoholic beverage candidate matches this composition; all listed options are either pure spirits (near 0g carbs/fat) or traditional Japanese liqueurs with different nutrient profiles,,Beverages
high,168756,"Candies, MARS SNACKFOOD US, MILKY WAY Bar",False,True,Milky Way bar (1910 kcal/100g energy density) is a chocolate-caramel-nougat candy bar with no Japanese equivalent; Japanese candidates max at 588 kcal/100g and lack comparable structure/composition profile,,Sweets
high,168765,"Candies, ROLO Caramels in Milk Chocolate",False,True,"ROLO is a filled caramel-in-chocolate candy with 1980 kcal/100g (likely as-packaged with air), far exceeding all Japanese candidates (426-588 kcal/100g); no Japanese キャンデー or チョコレート entry matches this energy density or the specific filled caramel-chocolate structure",,Sweets
high,168771,Chewing gum,False,True,Chewing gum is a non-food product (indigestible gum base) with no nutritional equivalent in Japanese food composition tables; all candidates are edible foods with protein and different macronutrient profiles,,Sweets
high,168774,"Cocoa, dry powder, unsweetened, HERSHEY'S European Style Cocoa",False,True,"Unsweetened cocoa powder is a basic ingredient with high protein (20g), fiber (20g), and iron (36mg) that doesn't match any Japanese sweets/confectionery entries which are all finished products with much lower protein and different nutrient profiles; cocoa powder should be in a Japanese ingredients/basics table, not confectionery",,Sweets
high,168778,"Puddings, chocolate, ready-to-eat",False,True,"Chocolate pudding is a creamy dessert with no equivalent in the Japanese food composition table; all candidates are either hard candies, baked goods, or pastries with fundamentally different composition (no protein-fat-carb balance matching pudding's structure)",,Sweets
high,168779,"Puddings, chocolate, dry mix, instant",False,True,Instant chocolate pudding dry mix is a highly processed American convenience food with no Japanese equivalent; closest candidates are dry sweets/crackers but lack chocolate composition and the specific dry mix formulation characteristic of American instant puddings,,Sweets
high,168780,"Puddings, chocolate, dry mix, regular, prepared with 2% milk",False,True,"Chocolate pudding prepared with milk is a dairy-based dessert with moderate energy (463kcal) and protein (3.28g); no Japanese table entry matches this milk pudding category—candidates are either hard candies, baked goods, or cream fillings with fundamentally different compositions and preparation methods",,Sweets
high,168786,"Puddings, lemon, dry mix, instant, prepared with 2% milk",False,True,"Instant pudding prepared with milk is a processed dairy dessert with high carbohydrates (20.2g/100g) and low fat (1.71g/100g); no Japanese candidates match this nutrient profile or food concept - closest options like ババロア (bavarois) have similar texture but only 204kcal vs 449kcal, and all other candidates are baked goods or candies with fundamentally different compositions",,Sweets
high,168789,"Rennin, chocolate, dry mix, prepared with 2% milk",False,True,"Rennin chocolate pudding prepared with milk is a specific milk-based dessert with moderate protein (3.24g) and carbs (13.5g) that doesn't match any candidate; closest candidates (ババロア, カスタードプリン) have significantly different energy values and nutrient profiles, and no Japanese table entry adequately represents this prepared milk-based chocolate pudding",,Sweets
high,168794,"Desserts, rennin, tablets, unsweetened",False,True,"Rennin tablets are a food additive/enzyme product with unusually high calcium (3730mg) and salt (66.04g) per 100g, indicating concentrated form; no Japanese dessert candidate matches this specialized enzymatic product's composition or purpose",,Sweets
high,168798,"Puddings, tapioca, ready-to-eat, fat free",False,True,"Tapioca pudding is a specific Western dessert with starch-based creamy texture; closest Japanese candidates (kuzu mochi, jellies) have similar energy but significantly different carb/protein profiles and lack the pudding/custard concept; no nutritionally or conceptually equivalent Japanese food exists",,Sweets
high,168799,"Puddings, chocolate, ready-to-eat, fat free",False,True,"Fat-free chocolate pudding is a modern processed dessert with no direct Japanese equivalent; closest candidates (ババロア, カスタードクリーム) have significantly different fat content (11.7g, 6.5g vs 0.3g) and energy profiles, making them poor matches",,Sweets
high,168810,"Ice creams, strawberry",False,True,"Ice cream is a frozen dessert product not represented in the Japanese food composition table; closest candidates (custard cream, bavarian cream, milk jelly) are non-frozen dairy desserts with significantly different nutrient profiles, particularly lower fat (3.4-11.7g vs 8.4g) and different carbohydrate structures",,Sweets
high,168812,"Frozen novelties, ice type, italian, restaurant-prepared",False,True,Italian ice is a frozen water-based dessert with minimal protein/fat (0.03g/0.02g) and high water content; no Japanese candidate matches this unique profile - closest options are gelatin-based desserts with significantly different composition,,Sweets
high,168813,"Frozen novelties, ice type, pop",False,True,Frozen ice pop (popsicle) is a uniquely American frozen novelty with no direct Japanese equivalent in the composition table; closest candidates are desserts/candies but none match the frozen ice pop concept or the very low fat (0.24g) and moderate carb (19.2g) profile per 100g,,Sweets
high,168816,"Fruit butters, apple",False,True,"Apple butter is a concentrated fruit spread with high carbs (42.5g) and low fat (0.3g), but no Japanese candidates match this food concept; all candidates are processed snacks, cookies, or pastries with fundamentally different compositions and food categories.",,Sweets
high,168819,"Marmalade, orange",False,True,"Orange marmalade is a fruit preserve/jam with very high carbohydrates (66.3g), minimal protein (0.3g), and high energy density (1030 kcal) from sugar content; no Japanese composition table candidates match this preserve category - all candidates are biscuits, cookies, chocolate, or snacks with different nutrient profiles and food concepts",,Sweets
high,168821,"Pectin, unsweetened, dry mix",False,True,"Pectin is a purified hydrocolloid food additive/ingredient with 90.4g carbs and 8.6g fiber per 100g; no Japanese confection candidate matches this composition profile - all candidates are finished food products with protein, fat, and lower carb concentrations typical of actual sweets rather than a dry pectin mix",,Sweets
high,168824,"Pie fillings, canned, cherry",False,True,"Canned cherry pie filling is a processed fruit filling product with very high sugar content (28g carbs, 481 kcal per 100g) that has no direct Japanese equivalent in the provided table; closest candidates are cakes/pastries but lack the fruit filling composition and the processed, canned nature of the US product",,Sweets
high,168825,"Puddings, banana, dry mix, regular, prepared with whole milk",False,True,"Banana pudding prepared with milk is a creamy dessert with ~463kcal and moderate protein/fat from milk; no Japanese candidate matches this dairy-based pudding profile—all options are either hard candies, baked goods, or pastries with incompatible nutrient profiles",,Sweets
high,168826,"Puddings, coconut cream, dry mix, instant",False,True,Instant pudding dry mix (1740 kcal/100g) is a highly processed American convenience food with no Japanese equivalent; all candidates are baked goods/snacks with ~420-590 kcal/100g and fundamentally different composition,,Sweets
high,168828,"Puddings, coconut cream, dry mix, regular",False,True,Coconut cream pudding dry mix is a highly processed American convenience product with no conceptual or nutritional equivalent in Japanese food table; candidates are cookies/crackers/snacks with 480-590 kcal vs. 1810 kcal for this concentrated dry mix,,Sweets
high,168831,"Puddings, lemon, dry mix, regular",False,True,"Lemon pudding dry mix is a prepared dessert product with specific formulation (lemon flavoring, thickeners, sweeteners) with no direct Japanese equivalent; closest candidates are hard candies/gummies but they differ significantly in food concept (pudding mix vs. finished confection) and lack the protein/mineral profile of a pudding base.",,Sweets
high,168838,"Syrups, table blends, pancake, with 2% maple",False,True,Pancake syrup blend is a distinctly American processed condiment with no Japanese food equivalent; closest candidates are Japanese confections with added proteins/fats not present in thin syrup,,Sweets
high,168841,"Toppings, butterscotch or caramel",False,True,"Butterscotch/caramel topping is a liquid or semi-liquid American candy sauce with no direct Japanese equivalent; closest candidates are solid mochi/manju items with significantly different textures, compositions, and lower carbohydrate concentration than expected for a pure sugar-based topping syrup",,Sweets
high,168844,"Frostings, vanilla, creamy, dry mix, prepared with margarine",False,True,"Vanilla frosting dry mix prepared with margarine is a highly processed American baking ingredient with no direct Japanese equivalent; the 1730 kcal/100g energy value reflects its concentrated sugar and fat composition, which differs fundamentally from all Japanese confectionery candidates that are finished products rather than dry mixes.",,Sweets
high,168849,"Snacks, banana chips",False,True,"Banana chips are a tropical fruit snack with unique composition (2170 kcal/100g energy density, 7.7g fiber, high K at 536mg) that doesn't match any Japanese snack candidates; closest options (potato chips, corn snacks) are lower energy, different macronutrient profiles, and no banana-based equivalent exists in the Japanese table",,Snacks
high,168850,"Snacks, beef sticks, smoked",False,True,"Smoked beef sticks are a savory, protein-rich meat snack (21.5g protein, high fat, low carbs, high salt) with no equivalent in Japanese sweet snack/candy table; closest candidates are all confections/baked goods with vastly different nutritional profiles and food concepts",,Snacks
high,168851,"Snacks, pork skins, barbecue-flavor",False,True,Pork skins are a uniquely American processed snack with extremely high protein (57.9g) and fat (31.8g) that far exceed all Japanese candidates; no Japanese food composition table entry matches this specific product category or nutrient profile,,Snacks
high,168866,"Puddings, banana, dry mix, instant, with added oil",False,True,Instant banana pudding mix is a distinctly American processed dessert product with no equivalent in Japanese food composition table; closest candidates are dry candies/crackers but differ fundamentally in composition (pudding mix has much higher fat at 4.4g vs 0.6-2.9g in candidates) and food category (instant pudding mix vs dry confections),,Sweets
high,168873,"Oat bran, cooked",False,True,Oat bran (燕麦糠) is not found in Japanese food composition table; candidates are all rice/wheat porridges or instant noodles with different nutritional profiles and cooking methods,,Cereal Grains and Pasta
high,168887,"Rye flour, light",False,True,"Rye flour (dark grain flour, 1490 kcal/100g) has no Japanese equivalent in the table; all candidates are wheat products, corn products, or other grains but no rye (麦) entries exist",,Cereal Grains and Pasta
high,168895,"Wheat flour, white, all-purpose, self-rising, enriched",False,True,"Self-rising wheat flour (pre-mixed with leavening agents) has no direct equivalent in Japanese food composition table; closest candidates are premixes (items 17) or bread products, but none match the enriched all-purpose flour concept with high energy (1480 kcal) and moderate sodium (3.023g) profile when adjusted to dry basis",,Cereal Grains and Pasta
high,168910,"Pasta, whole-wheat, cooked (Includes foods for USDA's Food Distribution Program)",False,True,"Cooked whole-wheat pasta (625 kcal/100g, 5.99g protein, 30.1g carbs) has no nutritionally comparable match in the Japanese table; all candidates are either bread products, wheat flour products, or Asian noodles with significantly lower energy density and different macronutrient profiles than cooked pasta.",,Cereal Grains and Pasta
high,168914,"Rice noodles, cooked",False,True,"Rice noodles (cooked) are a Southeast Asian product; Japanese table lacks rice noodle entries, and all candidates are wheat-based or cooked rice dishes with significantly different nutrient profiles (higher energy, protein, or carbs when cooked preparation method differs)",,Cereal Grains and Pasta
high,168926,"Noodles, egg, unenriched, cooked, without added salt",False,True,"Cooked egg noodles (unenriched) are a specific pasta product; while Japan has noodles and pasta products, none of the candidates match the cooked state with egg content and characteristic nutrient profile (578 kcal, 4.54g protein, 25.2g carbs per 100g). Closest pasta options (items 18-20, 25) are all significantly lower in energy (189-232 kcal) and represent different noodle types (instant fried ramen, sautéed pasta, steamed Chinese noodles).",,Cereal Grains and Pasta
high,168938,"Wheat flour, white (industrial), 10% protein, unbleached, enriched",False,True,"US industrial white wheat flour (1530 kcal/100g, enriched) is a raw ingredient with no matching entry in Japanese table; all candidates are processed products (noodles, bread, fried items) with drastically lower energy and different nutrient profiles",,Cereal Grains and Pasta
high,168942,"Wheat flour, white (industrial), 13% protein, bleached, enriched",False,True,"US wheat flour (1510 kcal/100g, raw) is fundamentally different from all Japanese candidates which are either processed products (bread, noodles, tempura batter) or other grains; no raw wheat flour entry exists in the Japanese table",,Cereal Grains and Pasta
high,168945,"Potatoes, yellow fleshed, hash brown, shredded, salt added in processing, frozen, unprepared",False,True,"Frozen hash brown potatoes (shredded, processed) have no conceptual match in Japanese food table; candidates are all non-potato vegetables with vastly different nutrient profiles (energy 53-216 kcal vs 338 kcal, protein 0.3-7.1g vs 2.04g, carbs mostly non-starchy vegetables vs 18g starch)",,Vegetables and Vegetable Products
high,168946,"Potatoes, french fried, wedge cut, frozen, unprepared",False,True,"Frozen french fries are a processed potato product with high fat content (7.47g/100g) from frying oil; no Japanese composition table entry matches this specific preparation method - candidates are either non-potato vegetables, pickled items, or unfried preparations with vastly different nutrient profiles",,Vegetables and Vegetable Products
high,168947,"Potatoes, french fried, steak cut, salt not added in processing, frozen, unprepared",False,True,"Frozen french fried potatoes are a processed potato product with fried preparation; Japanese table lacks potato entries and all candidates are fresh/cooked vegetables with vastly different nutrient profiles (energy 12-208 kcal vs 134 kcal, fat 0-6.4g vs 3.42g, carbs mostly missing data vs 24.3g)",,Vegetables and Vegetable Products
high,168948,"Potatoes, french fried, cross cut, frozen, unprepared",False,True,"Frozen french fries are a processed potato product with specific frying preparation; no Japanese table entry matches the high energy (784kcal), moderate fat (10.0g), and carbohydrate profile of this industrial frozen fried potato product",,Vegetables and Vegetable Products
,168949,"Rice and vermicelli mix, beef flavor, unprepared",False,True,"No MEXT category mapped for Meals, Entrees, and Side Dishes",True,"Meals, Entrees, and Side Dishes"
,168950,"Rice and vermicelli mix, beef flavor, prepared with 80% margarine",False,True,"No MEXT category mapped for Meals, Entrees, and Side Dishes",True,"Meals, Entrees, and Side Dishes"
,168951,"Rice and vermicelli mix, rice pilaf flavor, unprepared",False,True,"No MEXT category mapped for Meals, Entrees, and Side Dishes",True,"Meals, Entrees, and Side Dishes"
,168952,"Rice and vermicelli mix, rice pilaf flavor, prepared with 80% margarine",False,True,"No MEXT category mapped for Meals, Entrees, and Side Dishes",True,"Meals, Entrees, and Side Dishes"
,168953,"Pasta mix, classic cheeseburger macaroni, unprepared",False,True,"No MEXT category mapped for Meals, Entrees, and Side Dishes",True,"Meals, Entrees, and Side Dishes"
,168954,"Pasta mix, classic beef, unprepared",False,True,"No MEXT category mapped for Meals, Entrees, and Side Dishes",True,"Meals, Entrees, and Side Dishes"
,168955,"Pasta mix, Italian lasagna, unprepared",False,True,"No MEXT category mapped for Meals, Entrees, and Side Dishes",True,"Meals, Entrees, and Side Dishes"
,168956,"Yellow rice with seasoning, dry packet mix, unprepared",False,True,"No MEXT category mapped for Meals, Entrees, and Side Dishes",True,"Meals, Entrees, and Side Dishes"
,168957,"Pizza rolls, frozen, unprepared",False,True,"No MEXT category mapped for Meals, Entrees, and Side Dishes",True,"Meals, Entrees, and Side Dishes"
,168958,"Pasta mix, Italian four cheese lasagna, unprepared",False,True,"No MEXT category mapped for Meals, Entrees, and Side Dishes",True,"Meals, Entrees, and Side Dishes"
,168959,"Spanish rice mix, dry mix, unprepared",False,True,"No MEXT category mapped for Meals, Entrees, and Side Dishes",True,"Meals, Entrees, and Side Dishes"
,168960,"Lasagna, cheese, frozen, unprepared",False,True,"No MEXT category mapped for Meals, Entrees, and Side Dishes",True,"Meals, Entrees, and Side Dishes"
,168961,"Chicken, thighs, frozen, breaded, reheated",False,True,"No MEXT category mapped for Meals, Entrees, and Side Dishes",True,"Meals, Entrees, and Side Dishes"
,168962,"Turnover, meat- and cheese-filled, tomato-based sauce, reduced fat, frozen",False,True,"No MEXT category mapped for Meals, Entrees, and Side Dishes",True,"Meals, Entrees, and Side Dishes"
,168963,"Turnover, filled with egg, meat and cheese, frozen",False,True,"No MEXT category mapped for Meals, Entrees, and Side Dishes",True,"Meals, Entrees, and Side Dishes"
,168964,"Rice mix, white and wild, flavored, unprepared",False,True,"No MEXT category mapped for Meals, Entrees, and Side Dishes",True,"Meals, Entrees, and Side Dishes"
,168965,"Salisbury steak with gravy, frozen",False,True,"No MEXT category mapped for Meals, Entrees, and Side Dishes",True,"Meals, Entrees, and Side Dishes"
,168966,"Infant Formula, MEAD JOHNSON, ENFAMIL, Newborn, with ARA and DHA, powder",False,True,No MEXT category mapped for Baby Foods,True,Baby Foods
,168967,"Infant Formula, MEAD JOHNSON, ENFAMIL, Premium LIPIL, Infant, powder",False,True,No MEXT category mapped for Baby Foods,True,Baby Foods
,168968,"Infant Formula, MEAD JOHNSON, ENFAMIL, Premium LIPIL, Infant, Liquid concentrate, not reconstituted",False,True,No MEXT category mapped for Baby Foods,True,Baby Foods
,168969,"Infant Formula, MEAD JOHNSON, ENFAMIL, Premium, Infant, Liquid concentrate, not reconstituted",False,True,No MEXT category mapped for Baby Foods,True,Baby Foods
,168970,"Infant formula, MEAD JOHNSON, ENFAMIL, ENFAGROW, GENTLEASE, Toddler transitions, with ARA and DHA, powder",False,True,No MEXT category mapped for Baby Foods,True,Baby Foods
,168971,"Infant formula, ABBOTT NUTRITION, SIMILAC, GO AND GROW, powder, with ARA and DHA",False,True,No MEXT category mapped for Baby Foods,True,Baby Foods
,168972,"Infant formula, GERBER, GOOD START 2 SOY, with iron, powder",False,True,No MEXT category mapped for Baby Foods,True,Baby Foods
,168973,"Infant formula, MEAD JOHNSON, ENFAMIL, NUTRAMIGEN, PurAmino, powder, not reconstituted",False,True,No MEXT category mapped for Baby Foods,True,Baby Foods
,168974,"Infant formula, MEAD JOHNSON, ENFAMIL, Premature, 20 calories ready-to-feed Low iron",False,True,No MEXT category mapped for Baby Foods,True,Baby Foods
,168975,"Babyfood, rice cereal, dry, EARTHS BEST ORGANIC WHOLE GRAIN, fortified only with iron",False,True,No MEXT category mapped for Baby Foods,True,Baby Foods
,168976,"Agutuk, fish/berry with seal oil (Alaskan ice cream) (Alaska Native)",False,True,No MEXT category mapped for American Indian/Alaska Native Foods,True,American Indian/Alaska Native Foods
,168977,"Agutuk, meat-caribou (Alaskan ice cream) (Alaska Native)",False,True,No MEXT category mapped for American Indian/Alaska Native Foods,True,American Indian/Alaska Native Foods
,168978,Ascidians (tunughnak) (Alaska Native),False,True,No MEXT category mapped for American Indian/Alaska Native Foods,True,American Indian/Alaska Native Foods
,168979,"Whale, beluga, flipper, raw (Alaska Native)",False,True,No MEXT category mapped for American Indian/Alaska Native Foods,True,American Indian/Alaska Native Foods
,168980,"Whale, beluga, liver, raw (Alaska Native)",False,True,No MEXT category mapped for American Indian/Alaska Native Foods,True,American Indian/Alaska Native Foods
,168981,"Oil, beluga, whale (Alaska Native)",False,True,No MEXT category mapped for American Indian/Alaska Native Foods,True,American Indian/Alaska Native Foods
,168982,"Blackberries, wild, raw (Alaska Native)",False,True,No MEXT category mapped for American Indian/Alaska Native Foods,True,American Indian/Alaska Native Foods
,168983,"Caribou, liver, raw (Alaska Native)",False,True,No MEXT category mapped for American Indian/Alaska Native Foods,True,American Indian/Alaska Native Foods
,168984,"Stew/soup, caribou (Alaska Native)",False,True,No MEXT category mapped for American Indian/Alaska Native Foods,True,American Indian/Alaska Native Foods
,168985,"Caribou, tongue, raw (Alaska Native)",False,True,No MEXT category mapped for American Indian/Alaska Native Foods,True,American Indian/Alaska Native Foods
,168986,"Chiton, leathery, gumboots (Alaska Native)",False,True,No MEXT category mapped for American Indian/Alaska Native Foods,True,American Indian/Alaska Native Foods
,168987,"Fish, devilfish, meat (Alaska Native)",False,True,No MEXT category mapped for American Indian/Alaska Native Foods,True,American Indian/Alaska Native Foods
,168988,"Fireweed, young leaves, raw (Alaska Native)",False,True,No MEXT category mapped for American Indian/Alaska Native Foods,True,American Indian/Alaska Native Foods
,168989,"Fish, herring eggs on giant kelp, Pacific (Alaska Native)",False,True,No MEXT category mapped for American Indian/Alaska Native Foods,True,American Indian/Alaska Native Foods
,168990,"Fish, herring eggs, Pacific, dry (Alaska Native)",False,True,No MEXT category mapped for American Indian/Alaska Native Foods,True,American Indian/Alaska Native Foods
,168991,"Stew, moose (Alaska Native)",False,True,No MEXT category mapped for American Indian/Alaska Native Foods,True,American Indian/Alaska Native Foods
,168992,"Agave, cooked (Southwest)",False,True,No MEXT category mapped for American Indian/Alaska Native Foods,True,American Indian/Alaska Native Foods
,168993,"Agave, dried (Southwest)",False,True,No MEXT category mapped for American Indian/Alaska Native Foods,True,American Indian/Alaska Native Foods
,168994,"Cattail, Narrow Leaf Shoots (Northern Plains Indians)",False,True,No MEXT category mapped for American Indian/Alaska Native Foods,True,American Indian/Alaska Native Foods
,168995,"Lambsquarters, raw (Northern Plains Indians)",False,True,No MEXT category mapped for American Indian/Alaska Native Foods,True,American Indian/Alaska Native Foods
,168996,"Prairie Turnips, boiled (Northern Plains Indians)",False,True,No MEXT category mapped for American Indian/Alaska Native Foods,True,American Indian/Alaska Native Foods
,168997,"Raspberries, wild (Northern Plains Indians)",False,True,No MEXT category mapped for American Indian/Alaska Native Foods,True,American Indian/Alaska Native Foods
,168998,"Rose Hips, wild (Northern Plains Indians)",False,True,No MEXT category mapped for American Indian/Alaska Native Foods,True,American Indian/Alaska Native Foods
,168999,"Chokecherries, raw, pitted (Northern Plains Indians)",False,True,No MEXT category mapped for American Indian/Alaska Native Foods,True,American Indian/Alaska Native Foods
,169000,"Sea lion, Steller, liver (Alaska Native)",False,True,No MEXT category mapped for American Indian/Alaska Native Foods,True,American Indian/Alaska Native Foods
,169001,"Sea lion, Steller, kidney (Alaska Native)",False,True,No MEXT category mapped for American Indian/Alaska Native Foods,True,American Indian/Alaska Native Foods
,169002,"Sea lion, Steller, heart (Alaska Native)",False,True,No MEXT category mapped for American Indian/Alaska Native Foods,True,American Indian/Alaska Native Foods
,169003,"Sea lion, Steller, meat (Alaska Native)",False,True,No MEXT category mapped for American Indian/Alaska Native Foods,True,American Indian/Alaska Native Foods
,169004,"Piki bread, made from blue cornmeal (Hopi)",False,True,No MEXT category mapped for American Indian/Alaska Native Foods,True,American Indian/Alaska Native Foods
,169005,"Wocas, tuber, cooked, Oregon, yellow pond lily (Klamath)",False,True,No MEXT category mapped for American Indian/Alaska Native Foods,True,American Indian/Alaska Native Foods
,169006,"Stew, pinto bean and hominy, badufsuki (Hopi)",False,True,No MEXT category mapped for American Indian/Alaska Native Foods,True,American Indian/Alaska Native Foods
,169007,"Tamales, masa and pork filling (Hopi)",False,True,No MEXT category mapped for American Indian/Alaska Native Foods,True,American Indian/Alaska Native Foods
high,169009,"APPLEBEE'S, french fries",False,True,"French fries are a distinct fried potato preparation; while Japanese table has various fried foods (croquettes, tempura), none match the simple potato fry composition (high carbs 39.5g, moderate fat 13.2g, low protein 3.31g) - the closest candidates (potato croquettes) are significantly lower in energy and have different macronutrient ratios due to added fillings",,Restaurant Foods
high,169010,"APPLEBEE'S, KRAFT, Macaroni & Cheese, from kid's menu",False,True,"Macaroni & cheese is a creamy pasta dish with no direct Japanese equivalent in the table; closest candidates (croquettes, fried items) differ substantially in fat content (4.34g vs 12-17g) and lack the dairy-based sauce characteristic of mac & cheese",,Restaurant Foods
high,169011,"APPLEBEE'S, mozzarella sticks",False,True,"Mozzarella sticks are a uniquely American fried cheese appetizer with no direct Japanese equivalent; closest candidates (croquettes, fried items) have significantly lower energy (139-273 kcal vs 1320 kcal) and different macronutrient profiles, indicating the Japanese table entries are per-serving portions while the US data is per-100g, making meaningful comparison impossible.",,Restaurant Foods
high,169014,"T.G.I. FRIDAY'S, classic sirloin steak (10 oz)",False,True,"Classic sirloin steak is a simple grilled meat dish with very high protein (31g) and moderate fat (7.83g) per 100g; all Japanese candidates are processed/fried dishes with much lower energy density (139-273 kcal vs 822 kcal) and different nutritional profiles, making none a suitable match",,Restaurant Foods
high,169015,"Restaurant, family style, fried mozzarella sticks",False,True,"Fried mozzarella sticks (1360 kcal/100g, cheese-based fried appetizer) has no direct Japanese equivalent; closest candidates (メンチカツ, コロッケ) are 4-6x lower in energy density and lack the cheese component that defines mozzarella sticks",,Restaurant Foods
high,169018,"APPLEBEE'S, chili",False,True,"Applebee's chili is a specific US restaurant meat chili with high energy (656kcal) and protein (12.6g) per 100g; no Japanese table entry matches chili composition—closest candidates are curries/stews at 104-131kcal or processed fried items at 139-299kcal, all substantially misaligned in both energy and nutrient profile",,Restaurant Foods
high,169020,"APPLEBEE'S, coleslaw",False,True,Coleslaw is a raw vegetable salad (cabbage-based) with minimal cooking; all candidates are cooked/fried dishes with 2-3x higher energy density and different macronutrient profiles; no Japanese equivalent exists in this table.,,Restaurant Foods
high,169023,"DENNY'S, coleslaw",False,True,"Coleslaw is a raw vegetable salad (cabbage-based) with mayonnaise dressing; all candidates are cooked/fried prepared dishes with fundamentally different compositions and preparation methods, making none a suitable match",,Restaurant Foods
high,169026,"Restaurant, family style, coleslaw",False,True,Coleslaw is a raw vegetable salad with minimal dressing; all candidates are cooked/fried dishes with drastically higher energy (119-665 kcal range mismatch) and different macronutrient profiles; no Japanese equivalent exists in the table,,Restaurant Foods
high,169027,"Restaurant, family style, onion rings",False,True,"Onion rings are a uniquely American deep-fried vegetable side dish with no direct Japanese equivalent in the composition table; closest candidates (croquettes, fried items) have significantly lower energy, protein, and carbohydrate profiles, and Japanese cuisine lacks this specific preparation method for onions.",,Restaurant Foods
high,169028,"Restaurant, family style, chili with meat and beans",False,True,"Chili with meat and beans is a distinctly American dish with no direct Japanese equivalent in the table; the high energy (656kcal) and protein (12.6g) profile doesn't match any candidate, as Japanese entries are either fried dishes, croquettes, or Asian preparations with different nutritional compositions",,Restaurant Foods
high,169030,"CARRABBA'S ITALIAN GRILL, lasagne",False,True,"Carrabba's lasagne (799kcal, 10.5g protein, 12.4g carbs per 100g) has no nutritionally comparable Japanese table entry; all candidates are significantly lower in energy and carbohydrates, representing fried/breaded items or different dish types rather than pasta-based casseroles",,Restaurant Foods
high,169032,"ON THE BORDER, refried beans",False,True,"Refried beans (Mexican legume dish) has no equivalent in Japanese food composition table; all candidates are Western fried foods, Asian dumplings, or Japanese vegetable dishes with vastly different nutritional profiles and preparation methods",,Restaurant Foods
high,169033,"Restaurant, Italian, spaghetti with pomodoro sauce (no meat)",False,True,"Spaghetti with pomodoro sauce is a pasta dish fundamentally different from all candidates which are fried foods, dumplings, or meat-based dishes; no Japanese table entry matches pasta-based compositions",,Restaurant Foods
high,169034,"ON THE BORDER, cheese quesadilla",False,True,"Cheese quesadilla is a Tex-Mex item with high fat (25.5g) and moderate carbs (24.2g) that doesn't match any Japanese dish; closest candidates (croquettes, fried foods) have significantly lower fat and different protein profiles",,Restaurant Foods
high,169035,"Restaurant, Mexican, cheese quesadilla",False,True,"Cheese quesadilla is a Mexican-specific food with no direct Japanese equivalent; all candidates are either Asian dishes (gyoza, shumai, ちまき) or Western fried/breaded items with significantly lower energy (139-299 kcal vs 1540 kcal) and different macronutrient profiles, making no nutritionally or conceptually suitable match available.",,Restaurant Foods
high,169037,"OLIVE GARDEN, cheese ravioli with marinara sauce",False,True,"Cheese ravioli with marinara sauce is a specific Italian pasta dish with unique nutrient profile (very high carbs at 664kcal/100g, low protein 7.44g, moderate fat 5.61g); no Japanese table entries match this pasta-based composition - candidates are mostly fried items, dumplings, or burgers with significantly different macronutrient ratios",,Restaurant Foods
high,169038,"Restaurant, Italian, cheese ravioli with marinara sauce",False,True,"Cheese ravioli with marinara sauce is a distinctly Italian pasta dish with no Japanese equivalent in the table; candidates are mostly Asian dumplings, fried foods, and non-pasta Western dishes with significantly different nutrient profiles and cooking methods",,Restaurant Foods
high,169039,"Cereals ready-to-eat, frosted oat cereal with marshmallows",False,True,"Frosted oat cereal with marshmallows is a highly processed American breakfast product with no nutritional or conceptual equivalent in Japanese food composition table; candidates are noodles, flours, grains, and rice products that don't match the fortified ready-to-eat cereal profile",,Breakfast Cereals
high,169041,"Cereals ready-to-eat, POST, GREAT GRAINS, Raisin, Date & Pecan",False,True,"US ready-to-eat breakfast cereal with dried fruits and nuts (1580 kcal/100g, high fiber 9.3g) has no equivalent in Japanese table; all candidates are either raw grains, instant noodles, or fried products with vastly different energy density and composition",,Breakfast Cereals
,169042,"Babyfood, juice, apple-sweet potato",False,True,No MEXT category mapped for Baby Foods,True,Baby Foods
,169043,"Babyfood, juice, orange-carrot",False,True,No MEXT category mapped for Baby Foods,True,Baby Foods
high,169044,"Beverages, Orange juice drink",False,True,"Orange juice drink is a non-alcoholic fruit beverage with 13.4g carbs and significant vitamin C; all candidates are alcoholic beverages (sake, shochu, wine, etc.) or甘酒 (sweet rice drink), making none nutritionally or conceptually equivalent to orange juice drink",,Beverages
high,169045,"Gums, seed gums (includes locust bean, guar)",False,True,"Seed gums (locust bean, guar) are pure hydrocolloid additives with extremely high fiber (77.3g/100g) and very low energy density relative to carbs; no Japanese confectionery candidate matches this unique composition profile of an industrial food additive rather than a consumable sweet.",,Sweets
,169047,"Babyfood, baked product, finger snacks cereal fortified",False,True,No MEXT category mapped for Baby Foods,True,Baby Foods
,169048,"Babyfood, cereal, brown rice, dry, instant",False,True,No MEXT category mapped for Baby Foods,True,Baby Foods
,169049,"Babyfood, green beans and turkey, strained",False,True,No MEXT category mapped for Baby Foods,True,Baby Foods
high,169053,"Margarine-like, vegetable oil-butter spread, reduced calorie, tub, with salt",False,True,"US item is a reduced-calorie margarine spread (50g fat, 1880kcal/100g) with added water, protein, carbs, and salt; Japanese candidates are pure oils (96-99g fat, 880-899kcal/100g) with no water or emulsifiers - fundamentally different product categories with no nutritional match",,Fats and Oils
,169054,"Babyfood, dinner, chicken and rice",False,True,No MEXT category mapped for Baby Foods,True,Baby Foods
high,169055,"Salad dressing, caesar dressing, regular",False,True,"Caesar dressing is an emulsified condiment with eggs, anchovies, cheese, and seasonings (~57.8g fat, 2270 kcal/100g); all Japanese candidates are pure oils (96-100g fat, 880-900 kcal/100g). The nutrient profiles are fundamentally incompatible - dressing contains proteins, minerals, and lower fat density than pure oils.",,Fats and Oils
high,169056,"Salad dressing, coleslaw",False,True,"Coleslaw dressing is a mayonnaise-based emulsion with vinegar and seasonings (not pure oil), with carbs (22.4g) and lower fat (34.5g) incompatible with Japanese pure oil entries which contain ~97-99g fat and no carbohydrates",,Fats and Oils
high,169057,"Salad dressing, green goddess, regular",False,True,"Green goddess dressing is a creamy herb-based salad dressing (not a pure oil/fat) with significant carbohydrates (7.36g), protein (1.9g), and lower fat (43.3g) than all Japanese oil/fat candidates; all 25 Japanese entries are pure or nearly-pure oils/fats with 0-0.6g carbs and minimal protein, making nutritional alignment impossible",,Fats and Oils
high,169062,"Pie fillings, cherry, low calorie",False,True,"Cherry pie filling is a specific American dessert product with no direct Japanese equivalent; closest candidates (gelees, custard desserts) differ significantly in concept and nutritional profile, particularly in carbohydrate content which is unusually low (12g) for a pie filling",,Sweets
high,169063,"Breakfast bars, oats, sugar, raisins, coconut (include granola bar)",False,True,"US breakfast bars with oats, raisins, and coconut (1940 kcal/100g) are significantly more energy-dense than all Japanese candidates (max 588 kcal/100g); no Japanese granola/breakfast bar equivalent exists in the composition table",,Snacks
high,169064,"Pretzels, soft",False,True,"Soft pretzels are a distinctly American bread-based snack with high salt content (0.516g) and specific texture/preparation unique to US cuisine; no Japanese equivalent exists in the table that matches both the food concept and nutritional profile, as Japanese candidates are primarily sweet confections (wagashi) rather than savory bread snacks",,Snacks
high,169072,"Sweeteners, tabletop, saccharin (sodium saccharin)",False,True,"Saccharin is a synthetic sweetener with minimal nutritional content; no Japanese food composition table entry exists for pure tabletop sweeteners or saccharin products, making this a food category not covered in the database.",,Sweets
high,169074,"Tomato sauce, canned, no salt added",False,True,"Tomato sauce is a processed tomato product with no direct equivalent in the Japanese food composition table; all candidates are fresh/cooked vegetables with significantly lower energy (9-82 kcal vs 102 kcal) and different nutrient profiles, lacking the concentrated tomato paste/sauce composition of the US item",,Vegetables and Vegetable Products
high,169077,"Cereals ready-to-eat, wheat and bran, presweetened with nuts and fruits",False,True,"US ready-to-eat presweetened cereal with nuts and fruits (1610 kcal/100g) is a highly processed American breakfast product with no equivalent in Japanese food composition table; all candidates are either basic grains, instant noodles, or traditional whole grains with substantially different energy density and composition",,Breakfast Cereals
high,169084,"Potatoes, canned, drained solids, no salt added",False,True,"Canned potatoes drained (250kcal, 13.6g carbs, low fat) have no nutritional match in provided candidates; closest items are corn and other vegetables with dramatically lower energy values (38-104kcal) and different macronutrient profiles",,Vegetables and Vegetable Products
high,169085,"Vegetables, mixed (corn, lima beans, peas, green beans, carrots) canned, no salt added",False,True,"US item is a specific canned mixed vegetable blend (corn, lima beans, peas, green beans, carrots) with 153kcal/100g; all Japanese candidates are single vegetables or sprouts with 13-54kcal/100g, making nutritional and compositional match impossible",,Vegetables and Vegetable Products
high,169108,"Passion-fruit, (granadilla), purple, raw",False,True,"Passion fruit is a tropical exotic fruit with high fiber (10.4g), moderate carbs (23.4g), and distinctive nutritional profile; no Japanese candidate matches these characteristics - closest options (カシス, グーズベリー) have similar energy but lack fiber and carb content comparable to passion fruit",,Fruits and Fruit Juices
high,169116,"Peaches, frozen, sliced, sweetened",False,True,"Frozen sweetened peaches (94 kcal, 24g carbs, 1.8g fiber, high vitamin C) have no close match in Japanese table; candidates are mostly fresh citrus, fresh berries, or fruit drinks/juices with significantly lower energy and carbohydrates, not canned/frozen sweetened stone fruit",,Fruits and Fruit Juices
high,169122,"Pears, dried, sulfured, stewed, without added sugar",False,True,"Dried, sulfured, stewed pears without added sugar have no equivalent in Japanese food composition table; candidates are either fresh fruits, juices, jams, or pickled items with significantly different processing methods and nutrient profiles",,Fruits and Fruit Juices
high,169123,"Pears, dried, sulfured, stewed, with added sugar",False,True,"Dried, stewed pears with added sugar is a specific processed preparation not found in Japanese food composition table; closest candidates are fresh pears (entry 20) or jams (entry 3), but neither matches the dried-stewed-with-sugar profile adequately in terms of energy density (140 kcal vs 49 or 174 kcal) and carbohydrate composition",,Fruits and Fruit Juices
high,169131,"Plantains, yellow, baked",False,True,"Plantains are a starchy tropical fruit with high energy (650kcal) and carbohydrates (41.4g) when baked; no Japanese table entry matches this nutritional profile or food concept - closest candidates are dried fruits/jams with vastly different energy levels (174-329kcal) or processed products, making plantain truly without equivalent in the Japanese composition table",,Fruits and Fruit Juices
high,169133,"Plums, canned, purple, extra heavy syrup pack, solids and liquids",False,True,"US canned plums in extra heavy syrup (101kcal, 26.3g carbs) have no close Japanese match; closest candidates are plum-related items (うめ drinks at 49kcal) or other canned fruits (76-83kcal range) but none match the high energy/carb profile of syrup-packed fruit, and Japanese table lacks specific canned plum entry",,Fruits and Fruit Juices
high,169134,"Pomegranates, raw",False,True,"Pomegranate is not represented in the Japanese food composition table; closest candidates (アテモヤ at 81kcal, チェリモヤ at 82kcal) differ significantly in fat content (0.2-0.3g vs 1.17g) and lack fiber/mineral data matching pomegranate's distinctive nutritional profile",,Fruits and Fruit Juices
high,169136,"Lima beans, immature seeds, canned, regular pack, solids and liquids",False,True,"Lima beans (legume, immature seeds) have no equivalent in the provided Japanese table; all candidates are corn, chrysanthemum, beets, lotus root, or other vegetables/pickles, but no legume entries exist",,Vegetables and Vegetable Products
high,169139,"Beans, navy, mature seeds, sprouted, raw",False,True,"Sprouted navy beans are legume sprouts with high protein (6.15g) and moderate carbs; Japanese table lacks sprouted bean entries and closest candidates (soramame) are immature beans with different nutritional profiles, making NO_MATCH most appropriate",,Vegetables and Vegetable Products
high,169140,"Beans, navy, mature seeds, sprouted, cooked, boiled, drained, without salt",False,True,"Sprouted navy beans (legume sprouts, boiled) have no direct match in Japanese food table; candidates are corn varieties and unrelated vegetables with significantly different protein (7.07g vs 2.8-10.9g), carb profiles, and nutritional composition",,Vegetables and Vegetable Products
high,169141,"Beans, snap, green, cooked, boiled, drained, without salt",False,True,"Green snap beans (immature pod legumes) have no direct equivalent in Japanese food table; candidates are all leafy vegetables or other produce with significantly different nutrient profiles (lower protein ~1.0-1.4g vs 1.89g, missing the characteristic legume carbohydrate and fiber content of snap beans)",,Vegetables and Vegetable Products
high,169142,"Beans, snap, green, canned, regular pack, solids and liquids",False,True,"Canned green snap beans have no close match in Japanese table; candidates are either too low in energy/protein (leafy vegetables, sprouts, root vegetables), too high in carbs (corn, onions), or different vegetables entirely (asparagus, bamboo shoot)",,Vegetables and Vegetable Products
high,169143,"Beans, snap, green, canned, regular pack, drained solids",False,True,"Green snap beans (fresh legume pods) have no nutritionally comparable match in Japanese table; closest candidates are asparagus (E=24) and bamboo shoots (E=22) which are structurally similar but nutritionally divergent (lower energy, different macronutrient profiles), and no green bean or pod vegetable entry exists",,Vegetables and Vegetable Products
high,169147,"Beets, canned, regular pack, solids and liquids",False,True,"Canned beets (126 kcal, 7.14g carbs, 0.73g protein) have no nutritional match in provided candidates; all options are either much lower energy (15-34 kcal) or different vegetables entirely, with no Japanese beet entry available in the table",,Vegetables and Vegetable Products
high,169155,"Pork, cured, ham, separable fat, boneless, heated",False,True,"US item is cured/heated ham (processed pork product with 1.72g salt, 2.0g carbs from curing/heating) while all Japanese candidates are raw pork/beef fat only; no processed cured meat equivalent exists in the provided table",,Pork Products
high,169156,"Pork, cured, ham, separable fat, boneless, unheated",False,True,Cured ham (processed pork product with 1.565g salt) has no direct match in Japanese table which contains only raw/cooked fresh meat; closest candidates are raw pork fat cuts with vastly different salt content (0.1g) and processing methods,,Pork Products
high,169165,"Pork, cured, ham -- water added, shank, bone-in, separable lean and fat, heated, roasted",False,True,"Cured ham with added water is a processed pork product with high salt (2.51g) not well-represented in Japanese table; closest candidate (option 9, sausage) has similar salt but different composition and processing method; no Japanese cured ham equivalent matches the nutrient profile of this American processed meat product",,Pork Products
high,169178,"Pork, fresh, spareribs, separable lean and fat, cooked, roasted",False,True,"US item is cooked roasted pork spareribs with lean+fat combined (1510 kcal, 20.9g protein, 30.9g fat per 100g), but all Japanese candidates are raw fat-only cuts (631-759 kcal, 3.6-6.6g protein, 65-83g fat) with completely different macronutrient profiles; no nutritional or compositional match exists",,Pork Products
high,169184,"Pork, fresh, loin, tenderloin, separable lean and fat, with added solution, raw",False,True,"US item specifies 'tenderloin' (ヒレ) with 'added solution' (injected broth/marinade) and very high energy (478kcal) despite low fat (3.14g), indicating high water content from added solution; Japanese candidates are either traditional cuts without injection or prepared dishes (fried/boiled), with no raw tenderloin with added solution equivalent",,Pork Products
high,169185,"Pork, fresh, loin, tenderloin, separable lean and fat, with added solution, cooked, roasted",False,True,"US item is cooked tenderloin with added solution (504kcal, 21.5g protein, 3.7g fat); Japanese candidates are all raw or boiled loin cuts with much lower energy (190-310kcal) and higher fat content (11-23g), or processed ham products - no nutritional match exists for this specific lean, solution-injected roasted tenderloin",,Pork Products
high,169191,"Pork, ground, 72% lean / 28% fat, cooked, crumbles",False,True,"US item is cooked ground pork (72% lean), but all Japanese candidates are raw fatty cuts (脂身/fat only) with 60-85% fat and 3-6g protein per 100g; no cooked ground pork entry exists in the Japanese table to match the 22.8g protein and 32.9g fat composition",,Pork Products
high,169201,"Pork, fresh, loin, country-style ribs, separable lean and fat, boneless, cooked, roasted",False,True,US item is roasted boneless country-style ribs (1130 kcal/100g) with high protein (26.4g) and moderate fat (18.3g); all Japanese candidates are either raw/boiled cuts with much lower energy (366-631 kcal) or breaded/fried preparations with carbs; no nutritional match exists in the table,,Pork Products
high,169202,"Amaranth leaves, cooked, boiled, drained, without salt",False,True,"Amaranth leaves are a leafy green vegetable with distinctive nutritional profile (high Ca 209mg, Fe 2.26mg, K 641mg) that doesn't match any Japanese table entry; closest candidates (cabbage, cauliflower) are significantly lower in minerals and lack amaranth's nutrient density, making NO_MATCH the most appropriate choice",,Vegetables and Vegetable Products
high,169204,"Arrowhead, cooked, boiled, drained, without salt",False,True,"Arrowhead (aquatic tuber) has no direct Japanese equivalent in the table; closest candidates (lily bulb, arrowhead bulb alternatives) show significantly different nutrient profiles (higher energy/protein in items 1-5, much lower in others), and arrowhead's specific mineral composition (K=881mg, Fe=1.21mg) doesn't match any candidate closely enough",,Vegetables and Vegetable Products
high,169205,"Artichokes, (globe or french), raw",False,True,"Artichoke (globe/French) is a Mediterranean vegetable with unique composition (high fiber 5.4g, moderate carbs 10.5g, low fat 0.15g, moderate energy 197kcal) that does not match any Japanese vegetable in the table; closest candidates like lily bulb (ゆりね) and kuawai (くわい) differ significantly in macronutrient profile and are starchy tubers rather than flower buds",,Vegetables and Vegetable Products
high,169211,"Bamboo shoots, cooked, boiled, drained, without salt",False,True,"Bamboo shoots (mature cooked/boiled) have no direct Japanese table equivalent; closest candidates are leafy stems/stalks (celery, fuki, udo) but bamboo shoots have distinctly higher protein (1.53g) and potassium (533mg) profiles that don't match available entries, and the cooked boiled preparation of mature bamboo is not represented in the Japanese composition table",,Vegetables and Vegetable Products
high,169220,"Cowpeas (blackeyes), immature seeds, raw",False,True,"Cowpeas (blackeyes) are immature legume seeds with unique nutritional profile (376kcal, 2.95g protein, 18.8g carbs, 5.0g fiber); no Japanese candidates match - closest options are processed corn (89-125kcal) or cooked legumes with different macronutrient ratios, making this a legume product without direct Japanese table equivalent",,Vegetables and Vegetable Products
high,169222,"Yardlong bean, raw",False,True,"Yardlong bean (asparagus bean) is a legume vegetable with moderate protein (2.8g), carbs (8.35g), and energy (47kcal) typical of fresh beans; no Japanese table entry matches this nutrient profile - candidates are either too low in energy/carbs (leafy vegetables) or structurally different (corn, turnip, onion)",,Vegetables and Vegetable Products
high,169223,"Yardlong bean, cooked, boiled, drained, without salt",False,True,"Yardlong bean (asparagus bean) is a legume vegetable with cooked boiled profile (47 kcal, 2.53g protein, 9.18g carbs) that has no direct equivalent in the Japanese food composition table; candidates are mostly raw vegetables, shoots, and roots with significantly lower energy and carbohydrate content, and no Japanese legume vegetable entries are available for matching.",,Vegetables and Vegetable Products
high,169226,"Dandelion greens, raw",False,True,"Dandelion greens (raw) are a leafy green vegetable with high energy (188kcal), fiber (3.5g), calcium (187mg), and iron (3.1mg) per 100g; no Japanese candidates match this nutritional profile - all listed options are young pods/shoots/stems with 19-125kcal and lack the mineral density characteristic of dandelion greens",,Vegetables and Vegetable Products
high,169227,"Dandelion greens, cooked, boiled, drained, without salt",False,True,"Dandelion greens (野菜) are a leafy green vegetable, but the US item's energy (138kcal) is significantly higher than all Japanese candidates (13-96kcal), suggesting substantial water loss during cooking or data inconsistency; no Japanese entry specifically matches dandelion greens' nutritional profile or botanical equivalent",,Vegetables and Vegetable Products
high,169228,"Eggplant, raw",False,True,"Eggplant (なす) is not adequately represented in candidates; entry 12 is 'べいなす' (bell pepper) with drastically different nutrients (20kcal vs 104kcal, 2.7g carbs vs 5.88g), making it a poor match for Japanese eggplant composition data",,Vegetables and Vegetable Products
high,169229,"Eggplant, cooked, boiled, drained, without salt",False,True,"Eggplant (nasu/なす) is a common vegetable in Japanese cuisine, but none of the provided candidates match it - the table appears to lack boiled eggplant entries, containing only onions, corn, lotus root, leeks, and other vegetables with significantly different nutrient profiles",,Vegetables and Vegetable Products
high,169230,"Garlic, raw",False,True,"Raw garlic has no equivalent in Japanese composition table; candidates are either cooked vegetables (onion, corn), pickled products, or legumes with drastically different nutrient profiles (energy 89-306 kcal vs 623 kcal for garlic)",,Vegetables and Vegetable Products
high,169234,"Hyacinth-beans, immature seeds, raw",False,True,"Hyacinth beans (immature legume seeds, ~46kcal, 2.1g protein, 9.2g carbs) have no nutritionally comparable match; candidates are mostly leafy vegetables (17-35kcal) or corn products (29-96kcal), none matching the legume seed composition profile",,Vegetables and Vegetable Products
high,169235,"Hyacinth-beans, immature seeds, cooked, boiled, drained, without salt",False,True,"Hyacinth beans (immature seeds) are legumes with significantly higher protein (2.95g), carbohydrates (9.2g), and energy (50kcal) than all Japanese vegetable candidates listed, which are mostly low-calorie leafy/root vegetables; no Japanese legume seed entry available in this table",,Vegetables and Vegetable Products
high,169236,"Jerusalem-artichokes, raw",False,True,"Jerusalem artichokes are tuberous roots with high inulin content (17.4g carbs, 1.6g fiber per 100g); no Japanese table entry matches this nutritional profile - all candidates are either leafy vegetables, gourds, or corn with significantly lower energy and carbohydrate content",,Vegetables and Vegetable Products
high,169238,"Kale, cooked, boiled, drained, without salt",False,True,"Kale is a cruciferous leafy green with high fiber (4.0g), calcium (150mg), and vitamin C (17.8mg) when boiled; no Japanese vegetable candidates match this nutritional profile—all candidates are either stir-fried (high fat), low-fiber vegetables, or corn-based, making a true match impossible from the provided table",,Vegetables and Vegetable Products
high,169239,"Kale, frozen, unprepared",False,True,"Frozen kale is a leafy cruciferous vegetable with high protein (2.66g), vitamin C (39.3mg), and vitamin A (206μg) per 100g; no Japanese table entry matches these characteristics—all candidates are either cooked preparations, different vegetable types (cabbage, tomato, peas), or have much lower nutrient density than raw/frozen kale.",,Vegetables and Vegetable Products
high,169240,"Kale, frozen, cooked, boiled, drained, without salt",False,True,"Kale is a cruciferous leafy green with high energy (151kcal), protein (2.94g), calcium (150mg), and vitamin C (17.8mg) per 100g cooked; no Japanese table entry matches this nutritional profile—all candidates are either too low in energy/protein (leeks, negi, hakusai, eggplant) or fundamentally different vegetables (corn, bean sprouts)",,Vegetables and Vegetable Products
high,169241,"Kanpyo, (dried gourd strips)",False,True,"Kanpyo is a dried gourd product (Lagenaria siceraria) with distinctive high carbohydrate (65g), fiber (9.8g), and mineral content (K=1580mg, Ca=280mg, Fe=5.12mg) that doesn't match any candidate; all options are fresh vegetables with vastly lower energy and carbohydrates, making this a unique Japanese food item with no equivalent in the provided table.",,Vegetables and Vegetable Products
high,169242,"Mushrooms, shiitake, raw",False,True,"Shiitake mushrooms are not represented in the provided Japanese food composition table; all candidates are vegetables (corn, peppers, carrots, etc.) with fundamentally different nutrient profiles, and shiitake requires a specific mushroom entry which does not exist in this subset.",,Vegetables and Vegetable Products
high,169243,"Mushrooms, portabella, grilled",False,True,"Portabella mushrooms (grilled) are a common cultivated mushroom globally, but the Japanese composition table lacks mushroom entries; all candidates are non-mushroom vegetables with significantly different nutrient profiles (lower energy, protein, and potassium)",,Vegetables and Vegetable Products
high,169245,"Lambsquarters, cooked, boiled, drained, without salt",False,True,"Lambsquarters is a leafy green with high energy (134 kcal), calcium (258mg), and vitamin A (391μg) typical of dark leafy greens like spinach or amaranth; no Japanese table entry matches this nutritional profile—all candidates are pod vegetables or low-energy greens with far lower energy and mineral content",,Vegetables and Vegetable Products
high,169248,"Lettuce, iceberg (includes crisphead types), raw",False,True,"Iceberg lettuce is a leafy green vegetable with ~58kcal, low protein (0.9g), and high water content; no Japanese table entry matches this nutrient profile - all candidates are either too low in energy (vegetables like daikon, udon at 13-21kcal) or represent different vegetable types (bean sprouts, onions) with mismatched macronutrients",,Vegetables and Vegetable Products
high,169251,"Mushrooms, white, raw",False,True,"White mushrooms are a common global food but no mushroom entries exist in the Japanese food composition table; all candidates are leafy vegetables, sprouts, or other non-fungal items with significantly different nutrient profiles",,Vegetables and Vegetable Products
high,169252,"Mushrooms, white, cooked, boiled, drained, without salt",False,True,"White mushrooms (cooked, boiled) are common globally but absent from Japanese composition table; closest candidates are unrelated vegetables (corn, leeks, bamboo shoots) with significantly different nutrient profiles (higher carbs, lower protein, different mineral content)",,Vegetables and Vegetable Products
high,169253,"Mushrooms, white, stir-fried",False,True,"White mushrooms stir-fried are a common global ingredient, but the Japanese food composition table lacks mushroom entries; the provided candidates are all non-mushroom vegetables with significantly different nutrient profiles and food concepts.",,Vegetables and Vegetable Products
high,169254,"Mushrooms, canned, drained solids",False,True,"Canned mushrooms are a common global ingredient, but no Japanese mushroom canned product entry exists in the provided table; all candidates are other vegetables with significantly different nutrient profiles (lower energy, protein, and salt content than the US item).",,Vegetables and Vegetable Products
high,169255,"Mushrooms, portabella, raw",False,True,"Portabella mushrooms are not represented in Japanese food composition table; closest candidates are all leafy vegetables/plant stems with significantly lower protein (0.3-1.3g vs 2.11g) and energy (6-28kcal vs 22kcal), making no acceptable match available",,Vegetables and Vegetable Products
high,169257,"Mustard greens, cooked, boiled, drained, without salt",False,True,"Mustard greens (cooked, boiled) are a leafy brassica vegetable with 110kcal and high Ca/K/VitA content; no Japanese table entry matches this energy level, nutrient profile, or preparation method for this specific vegetable type",,Vegetables and Vegetable Products
high,169258,"Mustard greens, frozen, unprepared",False,True,"Mustard greens is a leafy brassica vegetable with high vitamin A (258μg) and vitamin C (25.3mg) that doesn't match available Japanese table entries; closest candidates (cabbage, napa cabbage, leek leaves) are significantly lower in both vitamins and lack the nutritional profile of mustard greens",,Vegetables and Vegetable Products
high,169259,"Mustard greens, frozen, cooked, boiled, drained, without salt",False,True,"Mustard greens (leafy brassica vegetable) have no direct Japanese equivalent in the table; closest candidates (lettuce, bean sprouts) differ significantly in fiber (2.8g vs 0.5-1.4g), carbs (3.11g vs 0.5-2.3g), and nutritional profile of a nutrient-dense leafy green.",,Vegetables and Vegetable Products
high,169260,"Okra, raw",False,True,"Okra is a tropical vegetable with unique mucilaginous properties and nutrient profile (high fiber 3.2g, moderate carbs 7.45g, specific micronutrients) that does not match any Japanese vegetable entries in the table; closest candidates (Young corn, leeks, negi) differ significantly in composition and are botanically distinct vegetables",,Vegetables and Vegetable Products
high,169261,"Okra, cooked, boiled, drained, without salt",False,True,"Okra is a tropical vegetable with no direct Japanese equivalent; all candidates are either leafy vegetables (negi, leek), beans (moyashi), or other crops with significantly different nutrient profiles and botanical characteristics from okra's unique mucilaginous pod structure.",,Vegetables and Vegetable Products
high,169262,"Okra, frozen, unprepared",False,True,"Okra is a tropical vegetable with high fiber (2.2g), moderate carbs (6.63g), and specific micronutrient profile not closely matched by any Japanese table entry; closest candidates (leek, young corn) differ significantly in carbohydrates and fiber content, making okra without a direct Japanese equivalent",,Vegetables and Vegetable Products
high,169263,"Okra, frozen, cooked, boiled, drained, without salt",False,True,"Okra is not cultivated or commonly consumed in Japan; no Japanese food composition table entry exists for okra or nutritionally equivalent vegetable (all candidates are alliums, corn, or other vegetables with distinctly different nutrient profiles)",,Vegetables and Vegetable Products
high,169264,"Potatoes, french fried, all types, salt added in processing, frozen, home-prepared, oven heated",False,True,"Frozen oven-heated french fries have no equivalent in Japanese food composition table; candidates are all fresh/pickled vegetables with vastly different energy (11-208 kcal vs 158 kcal), macronutrient profiles, and preparation methods",,Vegetables and Vegetable Products
high,169265,"Potatoes, french fried, cottage-cut, salt not added in processing, frozen, as purchased",False,True,"French fried potatoes are a processed potato product with no direct equivalent in the Japanese food composition table; all candidates are either fresh vegetables, cooked vegetables, or pickled items with fundamentally different nutrient profiles (much lower energy, fat, and carbohydrates than fried potatoes)",,Vegetables and Vegetable Products
high,169266,"Potatoes, french fried, cottage-cut, salt not added in processing, frozen, oven-heated",False,True,"French fried potatoes are a processed potato product with specific frying preparation; Japanese table lacks potato/fried potato entries, and all candidates are unrelated vegetables (onions, arrowhead, lily bulbs, pickles, corn, etc.) with drastically different nutritional profiles",,Vegetables and Vegetable Products
high,169267,"Potatoes, frozen, french fried, par fried, extruded, unprepared",False,True,"Frozen par-fried extruded potato product is a highly processed American food item with no equivalent in the Japanese food composition table; all candidates are either traditional vegetables, pickled items, or minimally processed foods, none matching the nutrient profile (260kcal, 15g fat, 30.2g carbs) or preparation method of frozen french fries",,Vegetables and Vegetable Products
high,169268,"Potatoes, frozen, french fried, par fried, extruded, prepared, heated in oven, without salt",False,True,"French fried potatoes are a processed frozen food product with high fat content (18.7g) and specific preparation method; Japanese table lacks potato-based fried/frozen entries, containing only traditional Japanese vegetables and pickles with vastly different nutrient profiles",,Vegetables and Vegetable Products
high,169269,"Potato salad, home-prepared",False,True,"Potato salad is a prepared dish with mayonnaise-based dressing; no Japanese table entry matches the cooked potato + mayo composition (143kcal, 8.2g fat from dressing). Available candidates are all single vegetables or simple preparations lacking the characteristic creamy potato salad profile.",,Vegetables and Vegetable Products
high,169271,"Pumpkin flowers, cooked, boiled, drained, without salt",False,True,"Pumpkin flowers are a specialized vegetable product with distinct nutritional profile (higher protein 1.09g, carbs 3.3g, fiber 0.9g) not adequately represented in Japanese composition table; closest candidates (へちま, しろうり) are gourd vegetables with significantly lower protein and carbohydrate content, making no acceptable match available.",,Vegetables and Vegetable Products
high,169272,"Pumpkin leaves, raw",False,True,"Pumpkin leaves are not a traditional Japanese vegetable with no suitable match in the composition table; closest candidates (leafy vegetables) have significantly different nutrient profiles, particularly lower protein (0.4-2.1g vs 3.15g) and energy (12-35kcal vs 19kcal)",,Vegetables and Vegetable Products
high,169274,"Purslane, raw",False,True,"Purslane is a succulent leafy vegetable with notably higher energy (84 kcal), carbohydrates (3.39g), potassium (494mg), and vitamin C (21mg) than all Japanese candidates; no Japanese table entry matches its nutritional profile or botanical characteristics sufficiently",,Vegetables and Vegetable Products
high,169277,"Salsify, (vegetable oyster), raw",False,True,"Salsify is a root vegetable with unique starchy composition (18.6g carbs, 3.3g fiber, 82 kcal per 100g raw) that doesn't match any Japanese table entries; closest candidates (sweet corn, beets, lotus root) all differ significantly in carbohydrate content and nutrient profiles, and salsify has no traditional Japanese culinary equivalent",,Vegetables and Vegetable Products
high,169278,"Salsify, cooked, boiled, drained, without salt",False,True,"Salsify is a root vegetable with unique nutritional profile (284 kcal, low fat 0.17g, moderate carbs 15.4g) that doesn't match any Japanese table entries; closest candidates (lotus root, taro) are significantly lower in energy and have different macronutrient compositions",,Vegetables and Vegetable Products
high,169280,"Seaweed, agar, raw",False,True,"Agar seaweed (寒天) is a Japanese staple food with unique composition (high carbs/fiber, low protein/fat, distinctive mineral profile) that does not match any provided vegetable candidates, which are all terrestrial vegetables with fundamentally different nutrient profiles",,Vegetables and Vegetable Products
high,169285,"Spinach, canned, regular pack, solids and liquids",False,True,"Canned spinach with liquids has no direct Japanese equivalent in the table; candidates are all raw/cooked vegetables with different compositions (lower protein, different mineral profiles, no salt content like canned product)",,Vegetables and Vegetable Products
high,169286,"Spinach, canned, regular pack, drained solids",False,True,"Canned spinach has distinctly higher protein (2.81g), fiber (2.4g), calcium (127mg), iron (2.3mg), and vitamin A (490μg) than all candidates; no Japanese entry matches leafy greens like spinach, only young shoots/sprouts and other vegetables with much lower nutrient density",,Vegetables and Vegetable Products
high,169287,"Spinach, frozen, chopped or leaf, unprepared (Includes foods for USDA's Food Distribution Program)",False,True,"Frozen chopped spinach is a common global vegetable with no direct equivalent in the Japanese table; candidates are all young shoots/sprouts/lettuce with fundamentally different nutrient profiles (lower protein, missing key minerals like calcium and iron that characterize spinach)",,Vegetables and Vegetable Products
high,169288,"Spinach, frozen, chopped or leaf, cooked, boiled, drained, without salt",False,True,"Frozen cooked spinach (143 kcal, 4.01g protein, 3.7g fiber, 603μg VitA) has no adequate match in Japanese table; candidates are all low-energy vegetables (16-54 kcal) with vastly different nutrient profiles, suggesting spinach entries may not be included in 八訂 Japanese composition table",,Vegetables and Vegetable Products
high,169290,"Squash, summer, scallop, cooked, boiled, drained, without salt",False,True,Summer squash (scallop/patty pan) is a specific squash variety with higher energy (67 kcal) and carbs (3.3g) than all Japanese candidates; closest options like そうめんかぼちゃ (25 kcal) and はやとうり (20-21 kcal) are significantly lower in nutrients and represent different squash types not found in Japanese composition tables,,Vegetables and Vegetable Products
high,169291,"Squash, summer, zucchini, includes skin, raw",False,True,"Zucchini (summer squash) is a specific cultivar not found in Japanese food composition table; closest candidates (winter squash varieties, gourds, radishes) have significantly lower energy (13-25 kcal vs 70 kcal) and different nutrient profiles, indicating no adequate match exists",,Vegetables and Vegetable Products
high,169292,"Squash, summer, zucchini, includes skin, cooked, boiled, drained, without salt",False,True,"Zucchini is a summer squash with cooked preparation; Japanese table lacks cooked squash/gourd entries with matching nutritional profile (energy 15kcal, protein 1.14g, carbs 2.69g). Closest candidates are raw gourds/vegetables (へちま, はやとうり) with different nutrient compositions and preparation methods.",,Vegetables and Vegetable Products
high,169293,"Squash, winter, acorn, cooked, baked, without salt",False,True,"Acorn squash (winter squash, cooked baked) has no suitable match in Japanese composition table; closest candidates (corn, beets, lotus root) differ significantly in energy (56 vs 38-104 kcal), macronutrient profiles, and botanical classification - winter squash is not a traditional Japanese vegetable in this database",,Vegetables and Vegetable Products
high,169294,"Squash, winter, acorn, cooked, boiled, mashed, without salt",False,True,"Acorn squash (winter squash) is not represented in the Japanese food composition table; candidates are all alliums, corn, or other vegetables with significantly different nutrient profiles (much lower energy, carbs, and potassium than the US item)",,Vegetables and Vegetable Products
high,169296,"Squash, winter, butternut, cooked, baked, without salt",False,True,"Butternut squash (winter squash) is a New World cucurbit with no direct Japanese equivalent; Japanese kabocha candidates (#2, #19) are botanically different species with substantially lower energy (41-50 kcal vs 167 kcal) and carbohydrates (8-10g vs 10.5g), indicating fundamentally different nutritional profiles incompatible with the US item.",,Vegetables and Vegetable Products
high,169297,"Squash, winter, hubbard, cooked, boiled, mashed, without salt",False,True,"Hubbard squash (winter squash, cooked mashed) has higher carbohydrates (6.46g), fiber (2.9g), potassium (214mg), and vitamin A (200μg) than all candidates; closest match is Leek boiled (#16: 28kcal, 1.3g protein, 2.9g carbs) but nutritional profile mismatch is too large for confident matching to any Japanese vegetable in table",,Vegetables and Vegetable Products
high,169302,"Water convolvulus, cooked, boiled, drained, without salt",False,True,"Water convolvulus (morning glory vegetable/water spinach) is a tropical Asian leafy green with no direct equivalent in Japanese food composition table; closest candidates (leafy greens, asparagus) have 3-5x lower energy and significantly different nutrient profiles, suggesting water convolvulus has different botanical composition and preparation method not represented in the table.",,Vegetables and Vegetable Products
high,169304,"Sweet potato leaves, cooked, steamed, without salt",False,True,"Sweet potato leaves (ipomoea batatas) are a specific leafy green vegetable with no direct Japanese food composition table entry; candidates are eggplant, corn, onion, leek, and other vegetables with substantially different nutrient profiles (particularly high carbs/low protein in corn options, or oil-fried preparations not matching steamed preparation)",,Vegetables and Vegetable Products
high,169305,"Sweet potato, canned, mashed",False,True,"Sweet potato is a common global vegetable, but Japanese table lacks a canned mashed sweet potato entry; all candidates are other vegetables with vastly different nutrient profiles (energy 18-208 kcal vs 421 kcal, carbs mostly <17g vs 23.2g, no starch-based tuber matches)",,Vegetables and Vegetable Products
high,169306,"Sweet potato, frozen, unprepared (Includes foods for USDA's Food Distribution Program)",False,True,"Sweet potato is a common global vegetable, but the US frozen unprepared item (401 kcal, 22.2g carbs) has no nutritionally comparable match in the Japanese table; all candidates are either low-energy vegetables (16-54 kcal) or processed items, making NO_MATCH the only valid selection",,Vegetables and Vegetable Products
high,169307,"Sweet potato, frozen, cooked, baked, without salt",False,True,"Sweet potato (cooked, frozen) has ~100kcal, 23.4g carbs, and 1040μg VitA; all candidates are low-energy leafy greens/vegetables (12-50kcal, minimal carbs) with no nutritional or conceptual match to a starchy root vegetable",,Vegetables and Vegetable Products
high,169310,"Taro, tahitian, raw",False,True,"Tahitian taro is a tropical root vegetable with distinctive nutrient profile (44 kcal, 6.91g carbs, 606mg K, 96mg VitC, 102μg VitA) that doesn't match any Japanese vegetable candidates; closest candidates (wasabi, lotus root) differ significantly in energy, carbs, and vitamin content",,Vegetables and Vegetable Products
high,169311,"Artichokes, (globe or french), cooked, boiled, drained, with salt",False,True,"Artichoke (globe/french) is not a traditional Japanese vegetable and has no direct equivalent in the Japanese food composition table; candidates are all radish, corn, fern, burdock, ginger, or other vegetables with significantly different nutrient profiles and botanical characteristics",,Vegetables and Vegetable Products
high,169312,"Artichokes, (globe or french), frozen, cooked, boiled, drained, with salt",False,True,"Artichokes are not traditionally consumed in Japan and no Japanese composition table entry exists for this vegetable; all candidates are fundamentally different vegetables (corn, onion, daikon, garlic, lily bulb, etc.) with incompatible nutrient profiles and no conceptual similarity to artichokes.",,Vegetables and Vegetable Products
high,169317,"Lima beans, immature seeds, canned, no salt added, solids and liquids",False,True,"Lima beans (legume, mature/immature seeds) have no equivalent in the Japanese food composition table; candidates are all corn or unrelated vegetables, not legumes",,Vegetables and Vegetable Products
high,169318,"Lima beans, immature seeds, frozen, baby, cooked, boiled, drained, with salt",False,True,"Lima beans (immature legume seeds, high protein 6.65g, moderate carbs 19.4g, fiber 4.8g) have no equivalent in Japanese food composition table; candidates are all corn, root vegetables, or non-legume items with significantly different nutrient profiles",,Vegetables and Vegetable Products
high,169320,"Beans, snap, yellow, raw",False,True,"Yellow snap beans (immature legume pods, raw) have no direct Japanese equivalent in the table; closest legume candidates (shikakumame, fujimame) are different species and cooked, with significantly lower energy and different nutrient profiles",,Vegetables and Vegetable Products
high,169321,"Beans, snap, green, cooked, boiled, drained, with salt",False,True,"Green snap beans (immature pod legume vegetable) have no direct equivalent in the Japanese food composition table; candidates are all leafy vegetables, mushrooms, or root vegetables with distinctly different nutrient profiles (lower protein, carbs, and fiber than snap beans)",,Vegetables and Vegetable Products
high,169322,"Beans, snap, yellow, cooked, boiled, drained, without salt",False,True,"Yellow snap beans (immature pod beans) have no equivalent in Japanese food composition table; candidates are all corn, onion, leek, beet, or other vegetables, with no legume pod matches available",,Vegetables and Vegetable Products
high,169323,"Beans, snap, yellow, cooked, boiled, drained, with salt",False,True,"Yellow snap beans (immature legume pods) are not represented in Japanese table; closest candidates (vegetables like leeks, beets, corn) differ significantly in protein (1.89g vs 0.7-2.3g in candidates), carbs (7.88g vs 1.6-13.5g), and fiber content, with no Japanese equivalent for this specific legume type",,Vegetables and Vegetable Products
high,169324,"Beans, snap, yellow, frozen, all styles, unprepared",False,True,"Yellow snap beans (frozen, unprepared) are a common legume vegetable with no adequate match in the Japanese table; candidates are mostly allium/leafy vegetables with significantly different nutrient profiles, particularly lacking the characteristic protein (1.8g), carbs (7.58g), and fiber (2.8g) of legume pods",,Vegetables and Vegetable Products
high,169326,"Beans, snap, yellow, frozen, cooked, boiled, drained, without salt",False,True,"Yellow snap beans (immature pod legume, boiled without oil) have no equivalent in Japanese table; candidates are either oil-fried vegetables, corn, or other botanically different vegetables with mismatched nutrient profiles",,Vegetables and Vegetable Products
high,169328,"Broadbeans, immature seeds, cooked, boiled, drained, with salt",False,True,Broad beans (fava beans) are legumes with high protein (4.8g) and moderate carbs (10.1g) when cooked; no Japanese vegetable candidate matches this legume profile - closest options are corn or other vegetables with insufficient protein and different nutrient composition,,Vegetables and Vegetable Products
high,169333,"Burdock root, cooked, boiled, drained, with salt",False,True,"Burdock root (gobo) cooked is a common Japanese vegetable but no cooked burdock entry exists in the provided table; all candidates are either very low energy (raw vegetables) or nutritionally dissimilar (sweet corn, lotus root), making NO_MATCH the appropriate choice despite burdock being traditional to Japanese cuisine",,Vegetables and Vegetable Products
high,169338,"Cardoon, cooked, boiled, drained, with salt",False,True,"Cardoon is a Mediterranean thistle vegetable with no direct Japanese equivalent; closest candidates (ふき, セロリ, うど) are all raw/fresh forms with 12-23 kcal, while cooked cardoon at 82 kcal with higher carbs matches no Japanese entry, making it a unique food without adequate match",,Vegetables and Vegetable Products
high,169339,"Carrots, cooked, boiled, drained, with salt",False,True,"Carrots (にんじん) boiled with salt are not represented in the provided Japanese composition table; all candidates are leafy greens, sprouts, or other vegetables with drastically different nutrient profiles (energy 12-51 kcal vs 147 kcal for carrots).",,Vegetables and Vegetable Products
high,169340,"Carrots, canned, no salt added, solids and liquids",False,True,"Canned carrots require a carrot entry in the Japanese table, but all candidates are other vegetables (tomatoes, bean sprouts, lettuce, beans, asparagus, etc.) with no carrot match available",,Vegetables and Vegetable Products
high,169343,"Chard, swiss, cooked, boiled, drained, with salt",False,True,"Swiss chard (cooked, boiled with salt) has no direct Japanese equivalent in the table; closest candidates like asparagus and leafy greens differ significantly in energy (20 vs 11-25kcal), fiber content (2.1g vs near-zero), and mineral profile, particularly iron (2.26mg) and potassium (549mg) which are distinctly higher than all available options.",,Vegetables and Vegetable Products
high,169344,"Chayote, fruit, cooked, boiled, drained, with salt",False,True,"Chayote is a tropical American vegetable with no direct Japanese equivalent; nutrient profile (90 kcal, low protein/fat, moderate carbs, 2.8g fiber) doesn't match any boiled vegetable candidates which are all significantly lower in energy and carbohydrates",,Vegetables and Vegetable Products
high,169351,"Dandelion greens, cooked, boiled, drained, with salt",False,True,"Dandelion greens are a leafy green vegetable with distinctive bitter flavor and nutritional profile (high Ca, Fe, VitA); no Japanese candidate adequately matches the combination of energy (~33kcal), protein (2.0g), fiber (2.9g), and mineral content (Ca 140mg, Fe 1.8mg), as most candidates are either too low in energy/protein or have different vegetable compositions",,Vegetables and Vegetable Products
high,169352,"Eggplant, cooked, boiled, drained, with salt",False,True,"Eggplant (nasu/茄子) is a common vegetable but notably absent from the Japanese food composition table candidates provided; the closest matches are nutritionally distant (corn, onion, lotus root, pickles) with different macronutrient profiles and food concepts",,Vegetables and Vegetable Products
high,169354,"Jute, potherb, cooked, boiled, drained, with salt",False,True,"Jute (nalta jute) is a leafy green vegetable from South Asia with distinctly high energy (153 kcal) and carbohydrates (7.29g) for a cooked green, plus notably high calcium (211mg) and iron (3.14mg); no Japanese vegetable candidate matches this nutrient profile - all boiled Japanese vegetables are substantially lower in energy and carbs, making jute botanically and nutritionally distinct from available Japanese food entries",,Vegetables and Vegetable Products
high,169355,"Kale, cooked, boiled, drained, with salt",False,True,"Kale is a cruciferous leafy green with higher protein (2.94g), fiber (2.3g), calcium (150mg), and vitamin C (17.8mg) than any Japanese table candidate; closest options (leeks, Chinese cabbage) are nutritionally and botanically distinct, and kale has no traditional Japanese equivalent in the 八訂 table",,Vegetables and Vegetable Products
high,169356,"Kale, frozen, cooked, boiled, drained, with salt",False,True,"Kale is a cruciferous leafy green with high protein (2.94g), calcium (150mg), and vitamin C (17.8mg) per 100g cooked; no Japanese table entry matches this nutritional profile - candidates are all much lower in energy, protein, and minerals, with Japanese vegetables being primarily onions, eggplant, sprouts, and corn rather than nutrient-dense dark leafy greens like kale",,Vegetables and Vegetable Products
high,169359,"Yardlong bean, cooked, boiled, drained, with salt",False,True,"Yardlong bean (asparagus bean) is a legume vegetable with low energy (~196 kcal appears to be data entry error for boiled; typical ~30-35 kcal) and high protein for vegetables. No Japanese table entry matches legume pods; closest candidates are starchy vegetables (corn, root vegetables) which differ fundamentally in composition and culinary use.",,Vegetables and Vegetable Products
high,169369,"Soybeans, mature seeds, sprouted, cooked, steamed, with salt",False,True,"Sprouted mature soybeans are a distinct legume product not represented in the Japanese table; closest candidates (peanuts, fava beans, corn) differ significantly in protein (8.47g vs 10-12g), energy (340 vs 100-300kcal range), and composition profile",,Vegetables and Vegetable Products
high,169372,"Potatoes, mashed, dehydrated, prepared from flakes without milk, whole milk and margarine added",False,True,"US item is dehydrated mashed potato flakes with added milk and margarine (processed starch+dairy+fat); Japanese table lacks potato entries and no candidates match the high carb (15g), moderate fat (5.6g), and processed potato base profile",,Vegetables and Vegetable Products
high,169374,"Beans, snap, yellow, canned, regular pack, drained solids",False,True,"Yellow snap beans (string beans) are a common vegetable globally, but no Japanese composition table entry matches both the food concept and nutrient profile; all candidates are either much lower in energy/carbs (leafy vegetables, sprouts, radish) or nutritionally dissimilar vegetables",,Vegetables and Vegetable Products
high,169375,"Beans, snap, yellow, canned, no salt added, drained solids",False,True,"Yellow snap beans (string beans) are a common legume vegetable with no direct Japanese equivalent in the provided table; candidates are either too different in composition (corn, onion, melons) or legume sprouts rather than pod beans",,Vegetables and Vegetable Products
high,169376,"Mushroom, white, exposed to ultraviolet light, raw",False,True,"White mushrooms (raw, UV-exposed) are common globally, but the Japanese composition table lacks a raw mushroom entry; all candidates are other vegetables with significantly different nutrient profiles (lower protein, energy, and potassium)",,Vegetables and Vegetable Products
high,169377,"Mushrooms, portabella, exposed to ultraviolet light, grilled",False,True,"Portabella mushrooms are not represented in the Japanese composition table; the closest candidates (vegetables like broccoli, eggplant, asparagus) differ substantially in energy (121 vs 25-109 kcal), protein (3.28 vs 1.5-6.9g), and lack mushroom-specific nutrients like the high vitamin D (13.1μg) and potassium (437mg) profile of grilled portabellas.",,Vegetables and Vegetable Products
high,169380,"Pickles, cucumber, sweet, low sodium (includes bread and butter pickles)",False,True,Sweet pickles are preserved/processed cucumber products with added sugar and vinegar; no Japanese table entry matches the 122kcal energy and 33.7g carbohydrates from pickling brine - all candidates are fresh/minimally processed vegetables with <25kcal and negligible carbs,,Vegetables and Vegetable Products
high,169381,"Catsup, low sodium",False,True,"Catsup is a highly processed American condiment with no direct Japanese equivalent; Japanese candidates are fresh/pickled vegetables with fundamentally different nutrient profiles (much lower energy, carbs, and higher sodium in pickles), not sauce-based products",,Vegetables and Vegetable Products
high,169382,"Mushrooms, enoki, raw",False,True,"Enoki mushrooms are a common Japanese ingredient but no mushroom entry exists in the provided table; all candidates are other vegetable types with significantly different nutrient profiles (lower protein, different carbs/fiber ratios)",,Vegetables and Vegetable Products
high,169384,"Tomatoes, sun-dried, packed in oil, drained",False,True,Sun-dried tomatoes packed in oil are a processed Mediterranean product with no equivalent in Japanese food composition table; closest candidates (oil-fried vegetables) lack tomato base and have substantially different nutrient profiles,,Vegetables and Vegetable Products
high,169387,"Arugula, raw",False,True,"Arugula (105kcal, 2.58g protein, 369mg potassium) has significantly higher energy and nutrient density than all candidates, which are mostly 12-35kcal leafy vegetables; no Japanese equivalent exists in the table",,Vegetables and Vegetable Products
high,169388,"Nopales, cooked, without salt",False,True,Nopales (cactus paddle) is a unique Mexican vegetable with no direct Japanese equivalent; closest candidates (leafy/stem vegetables) are nutritionally too low in energy (9-35 kcal vs 65 kcal) and lack nopales' distinctive nutritional profile including higher carbs and specific mineral content,,Vegetables and Vegetable Products
high,169392,"Broccoli, chinese, cooked",False,True,Chinese broccoli (gai lan) is a distinct cruciferous vegetable with higher protein (1.14g) and vitamin C (28.2mg) than provided Japanese candidates; no close nutritional or botanical match exists in the table,,Vegetables and Vegetable Products
high,169393,"Grape leaves, canned",False,True,"Grape leaves (dolma ingredient) are not traditional Japanese foods; no candidate matches the high energy (287kcal), high fiber (9.9g), high calcium (289mg), and high salt (7.2g) profile characteristic of canned grape leaves",,Vegetables and Vegetable Products
high,169394,"Pepper, banana, raw",False,True,"Banana pepper is a specific pepper variety with high carbs (5.35g) and energy (113kcal) not found in Japanese table; closest pepper entry (青ピーマン) has only 2.3g carbs and 20kcal, indicating different pepper type entirely",,Vegetables and Vegetable Products
high,169395,"Peppers, serrano, raw",False,True,"Serrano peppers are a specific chili pepper variety with characteristic high energy (134kcal), moderate carbs (6.7g), and high vitamin C (44.9mg). None of the Japanese candidates represent peppers/chili peppers; all are brassicas, alliums, or other vegetables with drastically lower energy values (15-30kcal for raw vegetables), making nutritional matching impossible.",,Vegetables and Vegetable Products
high,169396,"Peppers, ancho, dried",False,True,"Ancho peppers are dried Mexican chili peppers with very high energy (1180 kcal), fiber (21.6g), iron (10.9mg), and potassium (2410mg); no Japanese dried pepper or vegetable product in the table matches this nutritional profile or food concept - Japanese dried vegetables listed are significantly lower in calories and have different nutrient compositions",,Vegetables and Vegetable Products
high,169397,"Pickles, chowchow, with cauliflower onion mustard, sweet",False,True,"Chowchow is a uniquely American pickled vegetable relish with no direct Japanese equivalent; candidates are either single-vegetable pickles (cucumber, daikon) or non-pickle items, and the energy profile (505 kcal) is substantially higher than all provided options, suggesting a sweetened preserve rather than a standard pickled vegetable",,Vegetables and Vegetable Products
high,169398,"Epazote, raw",False,True,"Epazote is a Mexican herb with unique nutritional profile (high K=633mg, moderate fiber=3.8g, VitB2=0.348mg) not well-represented in Japanese vegetable table; closest candidates (Leek, Beet) differ significantly in composition and concept",,Vegetables and Vegetable Products
high,169399,"Fireweed, leaves, raw",False,True,"Fireweed is a wild leafy green with high fiber (10.6g), moderate protein (4.71g), and high calcium (429mg) typical of leafy vegetables; no Japanese table entry matches this nutrient profile or this specific wild plant species",,Vegetables and Vegetable Products
high,169402,"Mushrooms, white, microwaved",False,True,"White mushrooms microwaved are a common global food, but no mushroom entries exist in the provided Japanese food composition table; all candidates are other vegetables with significantly different nutrient profiles",,Vegetables and Vegetable Products
high,169403,"Mushrooms, maitake, raw",False,True,"Maitake mushroom (raw) is a Japanese fungus but has no direct entry in the provided table; closest candidates are vegetables with dissimilar nutrient profiles (energy 31 kcal, protein 1.94g, fiber 2.7g, vitamin D 28.1μg are distinctive mushroom characteristics not matched by any vegetable entry)",,Vegetables and Vegetable Products
high,169404,"Broccoli, chinese, raw",False,True,"Chinese broccoli (gai lan) is a distinct Asian cruciferous vegetable with higher protein (1.2g), fat (0.76g), and vitamin C (29.6mg) than all Japanese candidates; no Japanese table entry adequately represents this specific vegetable's nutritional profile",,Vegetables and Vegetable Products
high,169405,"Fiddlehead ferns, raw",False,True,"Fiddlehead ferns are a wild foraged vegetable with high energy (143kcal) and carbohydrates (5.54g) distinctive to North American cuisine; no Japanese table entry matches both the concept and nutrient profile - closest candidates (asparagus, artichoke) are cooked preparations with lower energy and different macronutrient ratios",,Vegetables and Vegetable Products
high,169417,"Seeds, sunflower seed kernels from shell, dry roasted, with salt added",False,True,"Sunflower seeds have no direct entry in Japanese food composition table; closest candidates (peanuts, almonds, other nuts) differ significantly in protein (19.3g vs 20-26g), fat profile, and especially salt content (15.3g vs 0-1.5g) which is unusually high for the US item",,Nut and Seed Products
high,169428,"Nuts, mixed nuts, oil roasted, without peanuts, lightly salted",False,True,"US item is a mixed nuts blend (without peanuts, oil roasted, lightly salted) with 2540kcal/100g energy - significantly higher than any individual Japanese nut entry (max 751kcal); Japanese table lacks mixed nut compositions and all candidates are single-nut or single-seed products with much lower energy density, making direct nutritional matching impossible",,Nut and Seed Products
high,169440,"Beef, brisket, flat half, separable lean and fat, trimmed to 0"" fat, choice, cooked, braised",False,True,"US brisket (924 kcal, 9.24g fat) is a lean, braised cut with nutrient profile significantly higher in energy and lower in fat than all Japanese beef candidates (227-575 kcal range, 12.0-58.2g fat), indicating a data anomaly or specialized US grading/preparation not represented in Japanese composition tables",,Beef Products
high,169452,"Beef, variety meats and by-products, pancreas, raw",False,True,"Beef pancreas (膵臓) is not represented in the Japanese food composition table; closest candidates are other beef offal organs (heart, kidney, intestines) but none match the high energy (235kcal), protein (15.7g), and fat (18.6g) profile of raw pancreas",,Beef Products
high,169453,"Beef, variety meats and by-products, pancreas, cooked, braised",False,True,"Beef pancreas (膵臓) is not represented in the Japanese food composition table; closest candidates are other beef organ meats (heart, kidney, tripe) but none match the pancreas profile, and no cooked/braised pancreas entry exists.",,Beef Products
high,169454,"Beef, variety meats and by-products, spleen, raw",False,True,"Beef spleen (raw) is a specific organ meat with distinctive high iron (44.6mg) and vitamin C (45.5mg) profile not adequately represented in Japanese table; closest beef organ entries (third stomach, diaphragm) differ substantially in nutrients and organ type",,Beef Products
high,169459,"Beef, short loin, porterhouse steak, separable lean and fat, trimmed to 0"" fat, all grades, cooked, broiled",False,True,"US porterhouse steak (1160 kcal, 24g protein, 19.3g fat per 100g) is significantly leaner and higher in protein than all Japanese beef candidates which are raw/boiled/fried preparations with much higher fat content (428-575 kcal, 9.7-20.4g protein, 40-58g fat); no Japanese composition table entry matches this specific trimmed, broiled preparation profile",,Beef Products
high,169462,"Beef, short loin, porterhouse steak, separable lean only, trimmed to 1/8"" fat, all grades, raw",False,True,"US porterhouse steak raw (648kcal, 22.3g protein, 6.6g fat) is significantly leaner than all Japanese beef candidates which are either cooked (lower energy), have much higher fat content, or represent different cuts/grades; no nutritionally equivalent raw lean beef cut exists in the Japanese table",,Beef Products
high,169463,"Beef, short loin, porterhouse steak, separable lean only, trimmed to 0"" fat, select, cooked, broiled",False,True,"US item is lean broiled beef (813 kcal, 26.9g protein, 8.81g fat) with very high energy density; all Japanese candidates are either raw/uncooked meat or much lower calorie entries (267-451 kcal), with no broiled lean loin cut matching the nutritional profile of this premium, trimmed, cooked steak",,Beef Products
high,169468,"Beef, short loin, t-bone steak, separable lean only, trimmed to 0"" fat, select, cooked, broiled",False,True,"US item has exceptionally high energy (742 kcal) and low fat (7.36g) relative to protein (26g), inconsistent with all Japanese beef entries which show lower energy values; likely data error in source or specialized preparation not represented in Japanese table",,Beef Products
high,169539,"Beef, loin, top loin, separable lean and fat, trimmed to 1/8"" fat, all grades, cooked, grilled",False,True,"US item is lean trimmed beef loin (1/8"" fat, high protein 26.4g, moderate fat 16.8g) while all Japanese candidates are either untrimmed/fattier cuts (ribrosu/bara with 40-58g fat) or raw preparations; no nutritionally equivalent match exists in the table",,Beef Products
high,169567,"Beef, chuck, short ribs, boneless, separable lean only, trimmed to 0"" fat, choice, cooked, braised",False,True,"US chuck short ribs braised (1050 kcal, 28.8g protein, 15.0g fat) is significantly higher in energy and protein than all Japanese beef candidates, which max out around 575 kcal; no Japanese table entry matches this high-protein, high-calorie braised short rib composition",,Beef Products
high,169576,"Candies, milk chocolate coated raisins",False,True,"Milk chocolate coated raisins (1630kcal/100g) is significantly higher in energy than all Japanese candidates (max 588kcal/100g); the US item appears to be measured at a different moisture content or the Japanese table uses cooked/prepared weights, making direct matching impossible without a dried fruit chocolate confection entry",,Sweets
high,169577,"Syrups, table blends, pancake, reduced-calorie",False,True,"Reduced-calorie pancake syrup is a highly processed American product with no conceptual or nutritional equivalent in Japanese cuisine; all candidates are traditional Japanese sweets with different compositions (higher energy, protein, or carbs) and none match the syrup's thin liquid nature or reduced-calorie formulation",,Sweets
high,169578,"Syrups, table blends, pancake",False,True,"Pancake syrup is a liquid sweetener (61.5g carbs, 977 kcal per 100g, minimal fat/protein) with no equivalent among the Japanese candidates, which are all solid/semi-solid confections with significantly lower energy density and higher fat/protein content",,Sweets
high,169593,"Cocoa, dry powder, unsweetened",False,True,"Unsweetened cocoa powder is a pure ingredient with extremely high protein (19.6g), fiber (37.0g), iron (13.9mg), and potassium (1520mg) that doesn't match any Japanese sweets/confectionery entries which are all finished products with lower nutrient density; no Japanese food composition table entry represents pure cocoa powder as an ingredient",,Sweets
high,169594,"Cocoa, dry powder, unsweetened, processed with alkali",False,True,"Cocoa powder is a basic global ingredient with unique nutritional profile (high protein 18.1g, high fiber 29.8g, high minerals); no Japanese confectionery candidate matches - all candidates are finished sweets/snacks with lower protein, different carb/fiber ratios, and higher energy density",,Sweets
high,169599,"Gelatins, dry powder, unsweetened",False,True,"Unflavored gelatin powder (85.6g protein, 1400 kcal/100g) is a pure protein ingredient with no Japanese food composition table equivalent; all candidates are finished sweets/snacks with carbohydrates and lower protein content",,Sweets
high,169601,"Desserts, apple crisp, prepared-from-recipe",False,True,"Apple crisp is a baked fruit dessert with oats/streusel topping (675kcal, 30.8g carbs, low protein/fat); no Japanese candidates match this profile - all are either confections (ガム, キャンデー), savory crackers, or cream-filled pastries with different nutritional compositions",,Sweets
high,169602,"Flan, caramel custard, dry mix",False,True,Flan dry mix is a specialized custard dessert base with extremely high energy density (1460 kcal/100g) and carbohydrates (91.6g) that exceeds all Japanese candidates by 2-3x; no Japanese dry mix or instant dessert preparation matches this nutritional profile or product category,,Sweets
high,169603,"Puddings, chocolate, dry mix, regular",False,True,"Chocolate pudding dry mix is a prepared dessert product with very high carbohydrates (89.3g) and low fat (2.1g) that doesn't match any Japanese confection category; closest candidates are biscuits/crackers with 50-80% lower energy density and different macronutrient profiles, making NO_MATCH the most appropriate selection",,Sweets
high,169604,"Puddings, chocolate, dry mix, regular, prepared with whole milk",False,True,"Chocolate pudding prepared with whole milk is a creamy custard-based dessert with specific dairy content (106mg Ca, 0.31μg B12) and moderate carbohydrates (19.6g); no Japanese candidates match this dairy-rich, pudding-specific composition - closest candidates (ババロア/Bavarois #18) are structurally similar but significantly lower in energy and carbohydrates, and others are fundamentally different product types (cakes, pastries, crackers)",,Sweets
high,169607,"Puddings, tapioca, dry mix, prepared with whole milk",False,True,"Tapioca pudding prepared with whole milk is a dairy-based creamy dessert with specific milk composition; no Japanese candidate matches the low energy (481 kcal is actually moderate for pudding), protein profile (2.84g from milk), or dairy-based composition—all candidates are either hard candies, baked goods, or custard, lacking the characteristic creamy milk pudding structure and nutrient balance of a prepared tapioca pudding.",,Sweets
high,169608,"Puddings, vanilla, ready-to-eat",False,True,"Vanilla pudding is a creamy custard-based dessert with low energy (545kcal appears high but likely includes water content not reflected in Japanese table entries); no Japanese candidate matches the pudding concept or nutrient profile—all candidates are dry baked goods, candies, or gums with fundamentally different composition and texture.",,Sweets
high,169612,"Puddings, tapioca, dry mix, prepared with 2% milk",False,True,"Tapioca pudding prepared with 2% milk is a dairy-based dessert with moderate protein (2.88g) and carbs (19.6g) that doesn't match any Japanese sweets candidates; closest options like ババロア and カスタードクリーム have significantly lower energy and different macronutrient profiles, indicating no suitable Japanese equivalent exists in the composition table",,Sweets
high,169613,"Frozen novelties, ice type, fruit, no sugar added",False,True,"Frozen fruit ice novelties with no sugar added (24 kcal, 6.2g carb) are substantially lower in energy and carbohydrates than all Japanese dessert candidates; closest option (Coffee Jelly at 43 kcal) is still 79% higher in energy, indicating no suitable match in the Japanese composition table",,Sweets
high,169617,"Rennin, chocolate, dry mix, prepared with whole milk",False,True,"Rennin chocolate dry mix prepared with whole milk is a specific prepared beverage/dessert product with distinctive nutrient profile (403kcal, 3.2g protein, 13.3g carbs); no Japanese candidate matches both the chocolate milk drink concept and complete nutrient composition—closest options (puddings, creams) are too low in energy and differ significantly in macronutrient ratios",,Sweets
high,169619,"Frostings, cream cheese-flavor, ready-to-eat",False,True,"Cream cheese frosting is a distinctly American product (ready-to-eat frosting) with extremely high energy density (1740 kcal/100g) and very low protein (0.1g); no Japanese confectionery candidate matches this ultra-processed, spreadable frosting category or its extreme caloric concentration",,Sweets
high,169631,"Ice creams, vanilla, light, no sugar added",False,True,"Light vanilla ice cream with no sugar added has no equivalent in Japanese food composition table - candidates are all shelf-stable candies/snacks/baked goods with vastly different composition (higher energy density, missing dairy/frozen characteristics, no sugar-free formulation)",,Sweets
high,169632,"Frozen novelties, fruit and juice bars",False,True,"Frozen fruit and juice bars are modern frozen desserts with minimal protein/fat and high water content; Japanese table lacks direct equivalent - closest candidates (jellies, ices) have either wrong macronutrient profiles or don't represent the specific product category",,Sweets
high,169635,"Snacks, SUNKIST, SUNKIST Fruit Roll, strawberry, with vitamins A, C, and E",False,True,"Fruit roll is a specific modern processed fruit snack with added vitamins A, C, E; no Japanese equivalent exists in the table - closest candidates (marrons glacés, traditional Japanese sweets) differ significantly in composition, processing method, and fortification approach",,Snacks
high,169636,"Snacks, fruit leather, pieces, with vitamin C",False,True,"Fruit leather is a dried fruit product with added vitamin C; no Japanese candy candidate matches its low protein (0.1g), moderate fat (3.5g), high carbs (85.2g), high fiber (3.5g), and high vitamin C (120mg) profile—closest candidates (entries 14, 17-20, 24-25) lack fiber, have different nutrient distributions, and don't represent equivalent dried fruit confections in Japanese cuisine",,Snacks
high,169638,"Frozen novelties, ice type, lime",False,True,"Frozen lime ice novelty is a frozen dessert/ice product with very high water content; all Japanese candidates are shelf-stable confectionery items (gum, candy, pastries, biscuits) with no frozen ice novelty category match and incompatible nutrient profiles",,Sweets
high,169640,Honey,False,True,"Honey is a pure natural sweetener with minimal fat and protein; all candidates are processed confections with added fats, proteins, and higher salt content that do not match honey's simple composition profile",,Sweets
high,169642,Jellies,False,True,"Jellies are primarily pectin/gelatin-based confections with minimal protein/fat and high carbs (~70g/100g), but all Japanese candidates are either biscuits, crackers, snacks, or candies with substantially higher fat content (10-38g) and lower carbs. No nutritionally equivalent entry exists in the table.",,Sweets
high,169657,"Sweeteners, tabletop, aspartame, EQUAL, packets",False,True,Aspartame sweetener packets are a highly processed artificial sweetener product with minimal actual food content; no Japanese composition table entry exists for pure artificial sweetener packets as a standalone food item,,Sweets
high,169658,"Sugars, maple",False,True,"Maple sugar is a pure crystalline sweetener (91% carbs, minimal protein/fat, 1480 kcal/100g) with no nutritional equivalent in Japanese sweets table; all candidates are composite foods with protein, fat, or lower energy density",,Sweets
high,169659,"Syrups, corn, high-fructose",False,True,"High-fructose corn syrup is a liquid sweetener with 76g carbs and 1180 kcal per 100g; all candidates are solid foods with 400-590 kcal/100g and protein/fat content absent from HFCS, making no suitable match",,Sweets
high,169660,"Syrups, malt",False,True,"Malt syrup is a liquid sweetener with 71.3g carbs and only 6.2g protein per 100g, fundamentally different from solid biscuits/candies in the table which have 23-37g fat; no Japanese confectionery matches this composition profile of a pure syrup product",,Sweets
high,169661,"Syrups, maple",False,True,"Maple syrup is a pure liquid sweetener with minimal protein/fat and very low salt (0.03g), distinctly different from all Japanese candidates which are solid/semi-solid confections with higher protein (1.0-7.9g) and negligible salt; no Japanese food composition equivalent exists for this specific product category",,Sweets
high,169669,"Candies, fudge, chocolate marshmallow, prepared-from-recipe",False,True,Chocolate marshmallow fudge (1890 kcal/100g) is significantly more energy-dense than all Japanese candidates (420-588 kcal/100g); the US item appears to be a concentrated confection with no direct Japanese equivalent in the composition table,,Sweets
high,169684,"Snacks, potato chips, fat-free, made with olestra",False,True,"Fat-free potato chips made with olestra are a uniquely American processed snack with no direct Japanese equivalent; all Japanese potato chip entries have 28-34g fat, while this US item has only 0.7g fat due to olestra replacement, making nutrient profiles incompatible",,Snacks
high,169685,"Popcorn, sugar syrup/caramel, fat-free",False,True,"Fat-free caramel popcorn (1590 kcal/100g, 90.1g carbs, 1.4g fat) is a distinctly American processed snack with no nutritionally comparable Japanese entry; all candidates are 420-588 kcal/100g with significantly different macronutrient profiles",,Snacks
high,169686,"Snacks, potato chips, fat free, salted",False,True,"Fat-free potato chips are a uniquely processed American snack product with no direct Japanese equivalent; Japanese ポテトチップス entries (2-3) contain 28-34g fat vs 0.6g in the US item, and the fat-free formulation with such high carbs (83.8g) and fiber (7.5g) represents an American low-fat snacking trend not represented in the Japanese table",,Snacks
high,169692,"Gelatin desserts, dry mix, reduced calorie, with aspartame, added phosphorus, potassium, sodium, vitamin C",False,True,"Dry gelatin mix with fortified nutrients (55.3g protein, 1980mg K, 490mg VitC per 100g powder) has no Japanese equivalent; candidates are prepared desserts with vastly different macronutrient profiles, not dry mixes",,Sweets
high,169693,"Gelatin desserts, dry mix, reduced calorie, with aspartame, no added sodium",False,True,"Gelatin dessert dry mix is a highly processed American product with no Japanese equivalent; the extremely high protein (55.3g) and low carb (33.3g) composition for a dry mix doesn't match any Japanese candy or dessert category, which are typically carb-dominant",,Sweets
high,169698,Cornstarch,False,True,"Cornstarch is a highly refined, nearly pure starch product (91.3g carbs, 0.26g protein) with minimal nutrients; no Japanese candidate matches this composition—all listed items contain significantly higher protein (6-10g) and lower carbohydrates, as they are whole grain flours or processed grain products rather than pure starch extracts",,Cereal Grains and Pasta
high,169701,"Hominy, canned, white",False,True,"Canned hominy is a distinctly American processed corn product (nixtamalized maize) with no direct Japanese equivalent; closest candidates are rice porridges or noodle dishes, but nutritionally and conceptually hominy is too distinct from all available Japanese entries",,Cereal Grains and Pasta
high,169722,"Wheat bran, crude",False,True,Wheat bran is a specific byproduct with 42.8g fiber and 216kcal per 100g; no Japanese table entry matches this high-fiber bran profile (closest candidates like 小麦胚芽 have different compositions focused on protein/fat rather than fiber content),,Cereal Grains and Pasta
high,169731,"Noodles, egg, dry, enriched",False,True,"US egg noodles (enriched, dry) have no direct match in Japanese table; closest candidates are instant ramen (options 4-8) which are fried/油揚げ with much lower energy (418-453 kcal vs 1610 kcal) and higher salt, or dried buckwheat/soba noodles (option 17: 344 kcal) which lack the egg component and enrichment profile; the nutrient density and egg-enriched composition of the US product cannot be adequately matched",,Cereal Grains and Pasta
high,169737,"Pasta, cooked, enriched, without added salt",False,True,"Cooked enriched pasta (660 kcal/100g, 30.9g carbs) has fundamentally different water content and nutrient density than all Japanese candidates which are mostly dry/baked products (224-588 kcal/100g); closest candidate #25 (生パスタ生, 232 kcal) is raw pasta, not cooked, making it incomparable",,Cereal Grains and Pasta
high,169752,"Hominy, canned, yellow",False,True,"Hominy is a uniquely processed American corn product (nixtamalization) with no direct Japanese equivalent; closest candidates are rice porridges/congees which differ significantly in preparation method, ingredient base, and nutritional profile (lower protein, different mineral content)",,Cereal Grains and Pasta
high,169763,"Potatoes, yellow fleshed, roasted, salt added in processing, frozen, unprepared",False,True,"Roasted frozen potatoes with salt are a common global food item, but no Japanese composition table entry for potatoes (じゃがいも) exists in the provided candidates; all listed items are other vegetables/tubers with significantly different nutrient profiles",,Vegetables and Vegetable Products
high,169764,"Potatoes, yellow fleshed, french fried, frozen, unprepared",False,True,"Frozen french fried potatoes are a processed potato product not found in Japanese food composition table; closest candidates (corn, root vegetables) have significantly different energy (82-129 kcal vs 162 kcal), macronutrient profiles, and preparation methods",,Vegetables and Vegetable Products
high,169765,"Ginger root, pickled, canned, with artificial sweetener",False,True,"Pickled ginger root (beni shoga) is a Japanese condiment, but no dedicated entry exists in the table; closest candidates (pickled vegetables) differ significantly in energy (13-24 kcal vs 20 kcal), protein (0.6-2.7g vs 0.33g), and lack ginger's characteristic profile with measured carbohydrates and fiber",,Vegetables and Vegetable Products
high,169766,"Peppers, hot pickled, canned",False,True,"Pickled hot peppers (capsicum-based spicy pickled product) have no direct equivalent in Japanese food composition table; closest candidates are cucumber pickles or other vegetable pickles, but they lack the characteristic capsicum base, spice level, and nutritional profile (energy 90kcal is significantly higher than all low-calorie pickles listed)",,Vegetables and Vegetable Products
high,169767,"Vegetable juice, BOLTHOUSE FARMS, DAILY GREENS",False,True,"Vegetable juice is a processed beverage product with fortified nutrients (especially high Fe=3.85mg, Zn=3.47mg, VitB12=0.97μg); no Japanese composition table entry matches juice products or fortified beverages - all candidates are whole vegetables or cooked vegetable preparations",,Vegetables and Vegetable Products
high,169768,"Potatoes, mashed, ready-to-eat",False,True,"Mashed potatoes are a prepared potato dish with starch/carb dominant profile (13.3g carbs, 444kcal per 100g) that doesn't match any Japanese vegetable candidates; closest options are corn/vegetables with ~90-100kcal and lower carbs, or pickled items with high sodium, making this fundamentally incompatible with available Japanese entries",,Vegetables and Vegetable Products
,169769,"Macaroni and cheese, box mix with cheese sauce, unprepared",False,True,"No MEXT category mapped for Meals, Entrees, and Side Dishes",True,"Meals, Entrees, and Side Dishes"
,169770,"Macaroni and cheese, box mix with cheese sauce, prepared",False,True,"No MEXT category mapped for Meals, Entrees, and Side Dishes",True,"Meals, Entrees, and Side Dishes"
,169771,"Taquitos, frozen, chicken and cheese, oven-heated",False,True,"No MEXT category mapped for Meals, Entrees, and Side Dishes",True,"Meals, Entrees, and Side Dishes"
,169772,"Taquitos, frozen, beef and cheese, oven-heated",False,True,"No MEXT category mapped for Meals, Entrees, and Side Dishes",True,"Meals, Entrees, and Side Dishes"
,169773,"Potsticker or wonton, pork and vegetable, frozen, unprepared",False,True,"No MEXT category mapped for Meals, Entrees, and Side Dishes",True,"Meals, Entrees, and Side Dishes"
,169774,"Macaroni or noodles with cheese, made from reduced fat packaged mix, unprepared",False,True,"No MEXT category mapped for Meals, Entrees, and Side Dishes",True,"Meals, Entrees, and Side Dishes"
,169775,"Turnover, cheese-filled, tomato-based sauce, frozen, unprepared",False,True,"No MEXT category mapped for Meals, Entrees, and Side Dishes",True,"Meals, Entrees, and Side Dishes"
,169776,"Macaroni or noodles with cheese, microwaveable, unprepared",False,True,"No MEXT category mapped for Meals, Entrees, and Side Dishes",True,"Meals, Entrees, and Side Dishes"
,169777,"Spanish rice mix, dry mix, prepared (with canola/vegetable oil blend or diced tomatoes and margarine)",False,True,"No MEXT category mapped for Meals, Entrees, and Side Dishes",True,"Meals, Entrees, and Side Dishes"
,169778,"Rice mix, cheese flavor, dry mix, unprepared",False,True,"No MEXT category mapped for Meals, Entrees, and Side Dishes",True,"Meals, Entrees, and Side Dishes"
,169779,"Dumpling, potato- or cheese-filled, frozen",False,True,"No MEXT category mapped for Meals, Entrees, and Side Dishes",True,"Meals, Entrees, and Side Dishes"
,169780,"Turnover, chicken- or turkey-, and vegetable-filled, reduced fat, frozen",False,True,"No MEXT category mapped for Meals, Entrees, and Side Dishes",True,"Meals, Entrees, and Side Dishes"
,169781,"Sausage, egg and cheese breakfast biscuit",False,True,"No MEXT category mapped for Meals, Entrees, and Side Dishes",True,"Meals, Entrees, and Side Dishes"
,169782,"HUNGRY MAN, Salisbury Steak With Gravy, frozen, unprepared",False,True,"No MEXT category mapped for Meals, Entrees, and Side Dishes",True,"Meals, Entrees, and Side Dishes"
,169783,"BANQUET, Salisbury Steak With Gravy, family size, frozen, unprepared",False,True,"No MEXT category mapped for Meals, Entrees, and Side Dishes",True,"Meals, Entrees, and Side Dishes"
,169784,"JIMMY DEAN, Sausage, Egg, and Cheese Breakfast Biscuit, frozen, unprepared",False,True,"No MEXT category mapped for Meals, Entrees, and Side Dishes",True,"Meals, Entrees, and Side Dishes"
,169785,"Infant formula, GERBER, GOOD START, PROTECT PLUS, powder",False,True,No MEXT category mapped for Baby Foods,True,Baby Foods
,169786,"Infant Formula, GERBER GOOD START 2, GENTLE PLUS, powder",False,True,No MEXT category mapped for Baby Foods,True,Baby Foods
,169787,"Infant formula, GERBER, GOOD START 2, PROTECT PLUS, powder",False,True,No MEXT category mapped for Baby Foods,True,Baby Foods
,169788,"Infant formula, MEAD JOHNSON, ENFAMIL, ENFAGROW, Soy, Toddler transitions, with ARA and DHA,  powder",False,True,No MEXT category mapped for Baby Foods,True,Baby Foods
,169789,"Infant formula, MEAD JOHNSON, ENFAMIL, Premature, 24 calories ready-to-feed Low iron",False,True,No MEXT category mapped for Baby Foods,True,Baby Foods
,169790,"Infant Formula, MEAD JOHNSON, ENFAMIL, Premium, Infant, ready-to-feed",False,True,No MEXT category mapped for Baby Foods,True,Baby Foods
,169791,"Infant Formula, MEAD JOHNSON, ENFAMIL, Premium, Infant, powder",False,True,No MEXT category mapped for Baby Foods,True,Baby Foods
,169792,"Babyfood, GERBER, Banana with orange medley",False,True,No MEXT category mapped for Baby Foods,True,Baby Foods
,169793,"Bear, black, meat (Alaska Native)",False,True,No MEXT category mapped for American Indian/Alaska Native Foods,True,American Indian/Alaska Native Foods
,169794,"Bear, polar, meat, raw (Alaska Native)",False,True,No MEXT category mapped for American Indian/Alaska Native Foods,True,American Indian/Alaska Native Foods
,169795,"Whale, beluga, meat, dried (Alaska Native)",False,True,No MEXT category mapped for American Indian/Alaska Native Foods,True,American Indian/Alaska Native Foods
,169796,"Whale, beluga, eyes (Alaska Native)",False,True,No MEXT category mapped for American Indian/Alaska Native Foods,True,American Indian/Alaska Native Foods
,169797,"Whale, beluga, meat, raw (Alaska Native)",False,True,No MEXT category mapped for American Indian/Alaska Native Foods,True,American Indian/Alaska Native Foods
,169798,"Fish, blackfish, whole (Alaska Native)",False,True,No MEXT category mapped for American Indian/Alaska Native Foods,True,American Indian/Alaska Native Foods
,169799,"Blueberries, wild, frozen (Alaska Native)",False,True,No MEXT category mapped for American Indian/Alaska Native Foods,True,American Indian/Alaska Native Foods
,169800,"Caribou, bone marrow, raw (Alaska Native)",False,True,No MEXT category mapped for American Indian/Alaska Native Foods,True,American Indian/Alaska Native Foods
,169801,"Caribou, eye, raw (Alaska Native)",False,True,No MEXT category mapped for American Indian/Alaska Native Foods,True,American Indian/Alaska Native Foods
,169802,"Cloudberries, raw (Alaska Native)",False,True,No MEXT category mapped for American Indian/Alaska Native Foods,True,American Indian/Alaska Native Foods
,169803,"Cockles, raw (Alaska Native)",False,True,No MEXT category mapped for American Indian/Alaska Native Foods,True,American Indian/Alaska Native Foods
,169804,"Cranberries, wild, bush, raw (Alaska Native)",False,True,No MEXT category mapped for American Indian/Alaska Native Foods,True,American Indian/Alaska Native Foods
,169805,"Cranberry, low bush or lingenberry, raw (Alaska Native)",False,True,No MEXT category mapped for American Indian/Alaska Native Foods,True,American Indian/Alaska Native Foods
,169806,"Fish, herring eggs, Pacific, plain (Alaska Native)",False,True,No MEXT category mapped for American Indian/Alaska Native Foods,True,American Indian/Alaska Native Foods
,169807,"Fish, herring, Pacific, flesh, air-dried, packed in oil (Alaska Native)",False,True,No MEXT category mapped for American Indian/Alaska Native Foods,True,American Indian/Alaska Native Foods
,169808,"Huckleberries, raw (Alaska Native)",False,True,No MEXT category mapped for American Indian/Alaska Native Foods,True,American Indian/Alaska Native Foods
,169809,"Fish, lingcod, meat, raw (Alaska Native)",False,True,No MEXT category mapped for American Indian/Alaska Native Foods,True,American Indian/Alaska Native Foods
,169810,"Fish, lingcod, liver (Alaska Native)",False,True,No MEXT category mapped for American Indian/Alaska Native Foods,True,American Indian/Alaska Native Foods
,169811,"Tennis Bread, plain (Apache)",False,True,No MEXT category mapped for American Indian/Alaska Native Foods,True,American Indian/Alaska Native Foods
,169812,"Fish, halibut, cooked, with skin (Alaska Native)",False,True,No MEXT category mapped for American Indian/Alaska Native Foods,True,American Indian/Alaska Native Foods
,169813,"Salmon, red (sockeye), filets with skin, smoked (Alaska Native)",False,True,No MEXT category mapped for American Indian/Alaska Native Foods,True,American Indian/Alaska Native Foods
,169814,"Agave, raw (Southwest)",False,True,No MEXT category mapped for American Indian/Alaska Native Foods,True,American Indian/Alaska Native Foods
,169815,"Lambsquarters, steamed (Northern Plains Indians)",False,True,No MEXT category mapped for American Indian/Alaska Native Foods,True,American Indian/Alaska Native Foods
,169816,"Prickly pears, raw (Northern Plains Indians)",False,True,No MEXT category mapped for American Indian/Alaska Native Foods,True,American Indian/Alaska Native Foods
,169817,"Prickly pears, broiled (Northern Plains Indians)",False,True,No MEXT category mapped for American Indian/Alaska Native Foods,True,American Indian/Alaska Native Foods
,169818,"Prairie Turnips, raw (Northern Plains Indians)",False,True,No MEXT category mapped for American Indian/Alaska Native Foods,True,American Indian/Alaska Native Foods
,169819,"Stinging Nettles, blanched (Northern Plains Indians)",False,True,No MEXT category mapped for American Indian/Alaska Native Foods,True,American Indian/Alaska Native Foods
,169820,"Plums, wild (Northern Plains Indians)",False,True,No MEXT category mapped for American Indian/Alaska Native Foods,True,American Indian/Alaska Native Foods
,169821,"Pinon Nuts, roasted (Navajo)",False,True,No MEXT category mapped for American Indian/Alaska Native Foods,True,American Indian/Alaska Native Foods
,169822,"Caribou, hind quarter, meat, cooked (Alaska Native)",False,True,No MEXT category mapped for American Indian/Alaska Native Foods,True,American Indian/Alaska Native Foods
,169823,"Agutuk, fish with shortening (Alaskan ice cream) (Alaska Native)",False,True,No MEXT category mapped for American Indian/Alaska Native Foods,True,American Indian/Alaska Native Foods
,169824,"Sea lion, Steller, meat with fat (Alaska Native)",False,True,No MEXT category mapped for American Indian/Alaska Native Foods,True,American Indian/Alaska Native Foods
,169825,"Sea lion, Steller, fat (Alaska Native)",False,True,No MEXT category mapped for American Indian/Alaska Native Foods,True,American Indian/Alaska Native Foods
,169826,"Wocas, dried seeds, Oregon, yellow pond lily (Klamath)",False,True,No MEXT category mapped for American Indian/Alaska Native Foods,True,American Indian/Alaska Native Foods
,169827,"Hazelnuts, beaked (Northern Plains Indians)",False,True,No MEXT category mapped for American Indian/Alaska Native Foods,True,American Indian/Alaska Native Foods
,169828,"Tea, herbal, brewed, Hohoysi (Hopi)",False,True,No MEXT category mapped for American Indian/Alaska Native Foods,True,American Indian/Alaska Native Foods
,169829,"Tortilla, blue corn, Sakwavikaviki (Hopi)",False,True,No MEXT category mapped for American Indian/Alaska Native Foods,True,American Indian/Alaska Native Foods
,169830,"Bread, blue corn, somiviki (Hopi)",False,True,No MEXT category mapped for American Indian/Alaska Native Foods,True,American Indian/Alaska Native Foods
high,169831,"APPLEBEE'S, 9 oz house sirloin steak",False,True,US restaurant sirloin steak (grilled beef) has no equivalent in Japanese composition table which contains only processed/prepared dishes; grilled meat cuts are basic ingredients not listed in this processed foods-focused table,,Restaurant Foods
high,169833,"T.G.I. FRIDAY'S, french fries",False,True,"French fries have extremely high energy density (1240 kcal/100g) with moderate fat and carbs, characteristic of deep-fried potatoes; no Japanese table entry matches this profile - all candidates are breaded/fried prepared dishes with 140-300 kcal/100g, not pure fried potatoes",,Restaurant Foods
high,169835,"T.G.I. FRIDAY'S, macaroni & cheese, from kid's menu",False,True,"Macaroni & cheese is a pasta-based cheese sauce dish; no Japanese table entry matches this starchy pasta + dairy profile (505kcal, 17.4g carbs, 3.45g fat, 89mg Ca per 100g)—closest candidates are fried/breaded items with different compositions",,Restaurant Foods
high,169836,"Restaurant, family style, french fries",False,True,"French fries are fried potato strips with very high carbohydrate (37.2g) and moderate fat (14.0g) per 100g; no Japanese candidates match this profile - all listed items are either protein-based fried foods (fries, cutlets, croquettes) or prepared dishes with different macronutrient compositions, making NO_MATCH the appropriate selection",,Restaurant Foods
high,169839,"Restaurant, family style, macaroni & cheese, from kids' menu",False,True,"Macaroni & cheese is a distinctly American pasta dish with creamy cheese sauce; the US item's extremely high energy (634 kcal/100g) and low protein (5.42g) profile doesn't match any Japanese candidate, which are all significantly lower in calories and represent fried/breaded items or different dishes entirely",,Restaurant Foods
high,169840,"APPLEBEE'S, crunchy onion rings",False,True,"Onion rings are a distinctly American fried vegetable appetizer with no direct Japanese equivalent in the table; closest candidates (croquettes, fried items) differ significantly in protein content (4.58g vs 5-10g+) and lack the vegetable-based composition characteristic of onion rings",,Restaurant Foods
high,169843,"CRACKER BARREL, coleslaw",False,True,"Coleslaw is a raw vegetable salad (cabbage-based) with minimal fat/energy; all candidates are cooked fried/processed dishes with 2-7x higher energy density, making none nutritionally appropriate matches",,Restaurant Foods
high,169844,"DENNY'S, onion rings",False,True,"Onion rings are a uniquely fried vegetable appetizer with no direct Japanese equivalent in the table; closest candidates (croquettes, fried items) have significantly lower energy density and different compositions, failing both concept and nutrient matching",,Restaurant Foods
high,169850,"Restaurant, Italian, lasagna with meat",False,True,"Lasagna is a baked pasta dish with high carbohydrates (11.4g) and moderate protein typical of pasta-based dishes; no Japanese candidate matches this profile - all candidates are either fried foods, croquettes, or dumplings with vastly different nutrient compositions and cooking methods",,Restaurant Foods
high,169852,"OLIVE GARDEN, spaghetti with pomodoro sauce",False,True,"Spaghetti with pomodoro sauce is a pasta dish with tomato-based sauce; no Japanese table entry matches pasta dishes or tomato-based sauces - all candidates are fried foods, soups, rice dishes, or Chinese cuisine with incompatible nutrient profiles and food concepts.",,Restaurant Foods
high,169853,"CARRABBA'S ITALIAN GRILL, spaghetti with pomodoro sauce",False,True,"Spaghetti with pomodoro sauce is a pasta dish with tomato sauce (Italian, not Japanese cuisine); no Japanese composition table entry matches pasta-based dishes, and all candidates are fried foods, croquettes, dumplings, or other non-pasta prepared dishes with fundamentally different composition profiles.",,Restaurant Foods
high,169855,"Restaurant, Mexican, cheese enchilada",False,True,"Cheese enchilada is a distinctly Mexican-American dish with no equivalent in Japanese cuisine; nutrient profile (1140 kcal/100g, high fat 18.5g, moderate protein 11.2g) is substantially higher than all Japanese candidates which are mostly cooked dishes at 100-300 kcal/100g, indicating the US data likely represents the whole prepared dish rather than comparable serving basis",,Restaurant Foods
high,169858,"OLIVE GARDEN, chicken parmigiana without pasta",False,True,"Chicken parmigiana is an Italian-American dish with breaded/fried chicken breast covered in tomato sauce and melted cheese; the high energy (885 kcal/100g) and protein (15.3g) profile with moderate fat (11.2g) and carbs (12.3g) don't match any Japanese candidates which are all substantially lower in calories (139-299 kcal/100g) and represent different dish types (croquettes, fried items, hamburgers, dumplings); no Japanese equivalent exists in the table.",,Restaurant Foods
high,169861,"Snacks, popcorn, home-prepared, oil-popped, unsalted",False,True,"Popcorn (oil-popped, unsalted) is a distinct American snack with unique nutrient profile (2090 kcal/100g energy density, 10g fiber, 0.008g salt) that doesn't match any Japanese snack entries; closest candidates like corn snack (516 kcal) and potato chips (515-541 kcal) have dramatically lower energy density and different carbohydrate/fiber composition, indicating no true Japanese equivalent in the table",,Snacks
high,169862,"Cereals ready-to-eat, POST, GREAT GRAINS Crunchy Pecan Cereal",False,True,"POST Great Grains Crunchy Pecan is a heavily fortified ready-to-eat breakfast cereal with added nuts and vitamins (notably high Fe, VitB12, VitD); Japanese composition table lacks ready-to-eat fortified cereals - only raw grains, flours, and traditional preparations are listed",,Breakfast Cereals
high,169863,"Snacks, granola bar, with coconut, chocolate coated",False,True,"Granola bars are a distinctly American processed snack category with no direct Japanese equivalent; the US item's energy density (2220 kcal/100g) far exceeds all candidates (max 588 kcal/100g), indicating the table values are per-serving not per-100g, making nutritional comparison invalid",,Snacks
,169864,"Babyfood, vegetable and brown rice, strained",False,True,No MEXT category mapped for Baby Foods,True,Baby Foods
,169865,"Babyfood, peas and brown rice",False,True,No MEXT category mapped for Baby Foods,True,Baby Foods
high,169870,"Cereals ready-to-eat, POST GREAT GRAINS Banana Nut Crunch",False,True,"Ready-to-eat breakfast cereal with added nuts, banana, fiber (11.2g), and fortified vitamins/minerals has no equivalent in Japanese food composition table which contains only raw grains and basic grain products without added ingredients or fortification profiles matching this processed cereal",,Breakfast Cereals
,169871,"Babyfood, carrots, toddler",False,True,No MEXT category mapped for Baby Foods,True,Baby Foods
,169872,"Babyfood, dessert, banana pudding, strained",False,True,No MEXT category mapped for Baby Foods,True,Baby Foods
,169873,"Babyfood, fruit, tutti frutti, strained",False,True,No MEXT category mapped for Baby Foods,True,Baby Foods
,169874,"Babyfood, fruit, tutti frutti, junior",False,True,No MEXT category mapped for Baby Foods,True,Baby Foods
high,169875,"Salad dressing, sweet and sour",False,True,"Sweet and sour salad dressing is a dilute emulsion with 63 kcal/100g and 3.7g carbs, fundamentally different from pure oils/fats (579-897 kcal) in the Japanese table; no Japanese condiment entry matches this product category",,Fats and Oils
high,169876,"Salad dressing, blue or roquefort cheese, low calorie",False,True,"Blue cheese salad dressing is a prepared condiment with dairy, emulsifiers, and seasonings (5.1g protein, 99 kcal/100g); all candidates are pure fats/oils with vastly different nutrient profiles (700-889 kcal/100g, minimal protein), making this a food category mismatch with no suitable Japanese equivalent in the provided table",,Fats and Oils
high,169877,"Salad dressing, caesar, low calorie",False,True,"Caesar dressing is an emulsified condiment (oil, egg, anchovies, cheese, lemon) with 4.4g fat and 18.6g carbs per 100g; all Japanese candidates are pure fats/oils (64-97g fat, 0-0.9g carbs), fundamentally different food category with no nutritional or compositional match",,Fats and Oils
high,169878,"Syrups, sugar free",False,True,"Sugar-free syrups are a modern processed product with no equivalent in Japanese food composition table; closest candidates (jellies, desserts) are complete foods rather than liquid sweetener condiments",,Sweets
high,169879,"Jellies, no sugar (with sodium saccharin), any flavors",False,True,"Sugar-free jelly with saccharin has no direct Japanese equivalent in the table; closest candidates (gums, candies) are either different product types or lack comparable nutritional data, making this a uniquely formulated American diet product without a suitable match",,Sweets
,169883,"Fluid replacement, electrolyte solution (include PEDIALYTE)",False,True,No MEXT category mapped for Baby Foods,True,Baby Foods
high,169884,"Vermicelli, made from soy",False,True,"Soy vermicelli is a noodle product with very high carbs (82.3g) and very low protein (0.1g), but all Japanese candidates are either whole legume products, bean pastes, or processed legume dishes with protein 4.4-24.7g; no Japanese noodle/pasta equivalent exists in this legume-focused table",,Legumes and Legume Products
high,169886,"Chicken, meatless",False,True,"Meatless chicken is a highly processed plant-based meat analog unique to modern American food industry with no direct equivalent in Japanese food composition table; closest candidates (tofu products, natto) have substantially different nutrient profiles and culinary purposes",,Legumes and Legume Products
high,169890,"Cabbage, japanese style, fresh, pickled",False,True,"Pickled Japanese cabbage (tsukemono) has no direct match in the provided table; closest candidates are other pickled vegetables (eggplant, daikon) but they differ significantly in base vegetable composition, protein content, and nutritional profile compared to cabbage-based pickles",,Vegetables and Vegetable Products
high,169894,"Butter replacement, without fat, powder",False,True,"Fat-free butter powder is a modern ultra-processed product with 89g carbs/100g and minimal fat (1g), fundamentally different from traditional fats and oils in Japanese food composition table which are all high-fat (74-99.7g fat) with minimal carbohydrates; no Japanese equivalent exists for this type of carbohydrate-based butter replacement",,Fats and Oils
high,169895,"Salad dressing, buttermilk, lite",False,True,"Buttermilk salad dressing is a creamy emulsified condiment with water, dairy, and seasonings (202kcal, 12.4g fat, 21.3g carb per 100g), fundamentally different from pure oils/fats in the Japanese table which are 700-890kcal with 64-97g fat and minimal carbs; no Japanese salad dressing equivalent exists in this oil-focused table",,Fats and Oils
high,169896,"Sweeteners, tabletop, fructose, dry, powder",False,True,"Pure fructose powder (100% carbohydrate, minimal other nutrients) has no direct equivalent in Japanese food composition table; all candidates are composite foods with proteins, fats, or other ingredients not present in pure fructose sweetener",,Sweets
high,169900,"Frozen novelties, ice cream type, sundae, prepackaged",False,True,"Frozen ice cream sundae novelty is a cold dairy dessert with ~800kcal/100g and low fat (6g), which doesn't match any Japanese candidates; closest options are room-temperature baked goods (300-600kcal) or high-fat chocolates, lacking the frozen dairy concept and specific nutrient profile of this product",,Sweets
high,169903,"Pheasant, cooked, total edible",False,True,"Pheasant is wild game poultry with lean protein (32.4g) and moderate fat (12.1g) at 998kcal/100g; Japanese table lacks wild game birds and all candidates are either domestic livestock (beef, pork, lamb) or domestic poultry (chicken) with significantly lower energy values (305-541kcal) and different fat profiles, making no suitable match available",,Poultry Products
high,169904,"Eggs, scrambled, frozen mixture",False,True,"Scrambled eggs are an egg-based dish, but all candidates are dairy/milk products; no egg entries exist in the provided Japanese composition table, making this a true mismatch between food categories.",,Dairy and Egg Products
high,169905,"Dove, cooked (includes squab)",False,True,"Dove/squab is poultry but Japanese table lacks poultry entries; candidates are all game meats (deer, boar, mutton) or beef with mismatched nutrient profiles - no suitable match exists",,Poultry Products
high,169910,"Mangos, raw",False,True,"Mango (raw) is a tropical fruit with 250kcal energy and 15.0g carbs; all Japanese candidates are either processed (jams, canned), citrus varieties, or other raw fruits with significantly lower energy (42-93kcal) and carbohydrate profiles, with no nutritionally equivalent match available.",,Fruits and Fruit Juices
high,169922,"Orange juice, frozen concentrate, unsweetened, undiluted, with added calcium",False,True,"Frozen concentrate orange juice with added calcium (616kcal, 33.9g carbs, 578mg Ca per 100g undiluted) has no match in the Japanese table - all candidates are either prepared beverages (46-54kcal), processed fruits/jams, or fresh fruits; the undiluted concentrate composition and fortification are not represented",,Fruits and Fruit Juices
high,169923,"Orange juice, frozen concentrate, unsweetened, undiluted",False,True,"Orange juice frozen concentrate (148 kcal, 35.2g carbs, 629mg K, 145mg VitC per 100g undiluted) has no adequate match; all candidates are either prepared beverages with much lower energy/nutrients or non-juice products, lacking the concentrated nutrient profile of undiluted frozen concentrate",,Fruits and Fruit Juices
high,169927,"Papaya, canned, heavy syrup, drained",False,True,"Canned papaya in heavy syrup has no direct match in Japanese table; closest candidates are low-energy canned fruits (76-83 kcal) or high-sugar jams (189-250 kcal), but papaya's distinctive nutritional profile (206 kcal, 55.8g carbs, low protein/fat, tropical fruit) doesn't align well with any Japanese entry",,Fruits and Fruit Juices
high,169933,"Peaches, dehydrated (low-moisture), sulfured, stewed",False,True,"Dehydrated/stewed peaches (133 kcal, 34.1g carbs) have significantly higher energy and carbohydrate content than all Japanese candidates, which are mostly fresh or canned fruits with 40-85 kcal; no Japanese entry matches the concentrated nutrient profile of low-moisture dehydrated fruit.",,Fruits and Fruit Juices
high,169941,"Persimmons, japanese, raw",False,True,"Japanese persimmons (kaki) are not present in the provided table; all candidates are other fruit types with significantly different nutrient profiles, and persimmon is a common Japanese fruit that should have a dedicated entry in the 八訂 table but is absent from these options",,Fruits and Fruit Juices
high,169943,"Persimmons, native, raw",False,True,"Persimmons (柿) are not represented in the provided Japanese food composition table candidates; all listed fruits have significantly lower energy (30-89 kcal) and carbohydrates compared to persimmons' 127 kcal and 33.5g carbs, making none suitable matches.",,Fruits and Fruit Juices
high,169948,"Pineapple juice, frozen concentrate, unsweetened, undiluted",False,True,"Pineapple juice concentrate (179 kcal, 44.3g carbs per 100g) has no match in Japanese table; candidates are either whole citrus fruits (38-50 kcal), citrus juices (29-36 kcal), or processed fruit products with different nutrient profiles, none approximating concentrated tropical fruit juice",,Fruits and Fruit Juices
high,169949,"Plums, raw",False,True,"Plums (raw) are raw fresh stone fruits with 192kcal/100g and moderate carbohydrates, but all Japanese candidates are either canned fruits (60-84kcal), jams (190-194kcal but processed), or other fresh fruits in lower calorie ranges; no raw plum or nutritionally equivalent raw stone fruit entry exists in the Japanese table",,Fruits and Fruit Juices
high,169954,"Lima beans, immature seeds, frozen, fordhook, cooked, boiled, drained, without salt",False,True,"Lima beans are legumes with moderate protein (6.07g), low fat (0.34g), and moderate carbs (19.3g); no Japanese candidate matches this profile—peanuts are oil-rich (23g fat), soybeans aren't listed, and corn/other vegetables are nutritionally distinct",,Vegetables and Vegetable Products
high,169955,"Lima beans, immature seeds, frozen, baby, unprepared",False,True,"Lima beans (immature frozen seeds) are legumes with no direct Japanese equivalent in the provided table; closest candidates (edamame #19, soramame #20) have significantly lower energy (143, 103 kcal vs 554 kcal) and different nutrient profiles, indicating the table lacks an appropriate lima bean entry",,Vegetables and Vegetable Products
high,169956,"Lima beans, immature seeds, frozen, baby, cooked, boiled, drained, without salt",False,True,"Lima beans (immature legume seeds, high protein 6.65g, moderate carbs 19.4g, frozen cooked) have no equivalent in the Japanese food table; candidates are corn varieties, root vegetables, or other vegetables with fundamentally different nutritional profiles and botanical origins",,Vegetables and Vegetable Products
high,169960,"Beans, shellie, canned, solids and liquids",False,True,"Shellie beans (immature legume pods) are a specific US vegetable product with no direct Japanese equivalent in the table; closest candidates (corn, vegetables) have very different nutritional profiles (much lower protein, different carbohydrate composition) and food category",,Vegetables and Vegetable Products
high,169961,"Beans, snap, green, raw",False,True,"Green snap beans (raw, fresh pod vegetable) have no direct equivalent in the provided Japanese food composition table; closest candidates are corn, onion, and leafy vegetables, none of which match the nutrient profile (low energy ~131kcal, moderate protein 1.83g, high fiber 2.7g, fresh pod vegetable classification)",,Vegetables and Vegetable Products
high,169962,"Beans, snap, green, frozen, all styles, unprepared (Includes foods for USDA's Food Distribution Program)",False,True,"Frozen green snap beans (edamame-like legume vegetable) have no direct equivalent in Japanese food table; closest candidates (vegetables like leek, negi, asparagus) differ significantly in protein (1.79g vs 1.0-2.4g), carbs (7.54g vs 2.3-7.0g), and fiber content (2.6g fiber is notably high and unmatched in candidates)",,Vegetables and Vegetable Products
high,169964,"Beans, snap, green, frozen, all styles, microwaved",False,True,"Snap green beans (Phaseolus vulgaris) are not represented in the Japanese food composition table; candidates are either oil-fried vegetables (higher fat), corn products, or other legume types (winged beans, hyacinth beans) with different nutritional profiles, making NO_MATCH the most appropriate choice.",,Vegetables and Vegetable Products
high,169966,"Beets, canned, drained solids",False,True,"Canned beets have distinctly higher carbohydrates (7.21g), fiber (1.8g), and iron (1.82g) than all candidates; no Japanese vegetable composition matches this nutrient profile, particularly the iron content and carb-to-fiber ratio characteristic of beetroot.",,Vegetables and Vegetable Products
high,169971,"Brussels sprouts, cooked, boiled, drained, without salt",False,True,"Brussels sprouts (boiled) have no direct equivalent in Japanese food composition table; closest candidates (cauliflower, cabbage varieties) show significantly lower energy (20-28 kcal vs 36 kcal), protein (1.3-3.0g vs 2.55g), and carbs (2.7-3.5g vs 7.1g), indicating brussels sprouts' distinct nutritional profile is not adequately represented",,Vegetables and Vegetable Products
high,169972,"Brussels sprouts, frozen, unprepared",False,True,"Brussels sprouts (41kcal, 3.78g protein, 7.86g carbs, 3.8g fiber) are a Brassica crucifer with no direct Japanese equivalent in the table; closest candidates (cabbage, cauliflower) are significantly lower in energy, protein, and carbs, indicating frozen preparation increases nutrient density beyond raw Japanese vegetables listed",,Vegetables and Vegetable Products
high,169973,"Brussels sprouts, frozen, cooked, boiled, drained, without salt",False,True,"Brussels sprouts (175kcal, 3.64g protein, 4.1g fiber when cooked) have no direct Japanese equivalent in the table; closest candidates are cauliflower (26-28kcal) and various cabbages (20-30kcal), all significantly lower in energy and nutrients, indicating no nutritionally comparable match exists",,Vegetables and Vegetable Products
high,169983,"Carrots, frozen, unprepared (Includes foods for USDA's Food Distribution Program)",False,True,"Frozen carrots are a common global vegetable, but all Japanese candidates are either leafy greens, sprouts, or legumes with energy 13-50 kcal/100g; carrots at 152 kcal/100g (likely including ice/water in frozen preparation) have no nutritionally comparable match in the provided table",,Vegetables and Vegetable Products
high,169984,"Carrots, frozen, cooked, boiled, drained, without salt",False,True,"Frozen cooked carrots have ~155kcal and 7.73g carbs, but all Japanese candidates are 13-50kcal with much lower carbs; carrots are absent from the provided table despite being a common vegetable, indicating no suitable match exists",,Vegetables and Vegetable Products
high,169985,"Cassava, raw",False,True,"Cassava is a starchy tuber with 160kcal and 38.1g carbs per 100g; all Japanese candidates are low-energy vegetables (9-25kcal) with minimal carbs, making cassava nutritionally incompatible with available entries and requiring a starch/tuber-specific match not present in this table.",,Vegetables and Vegetable Products
high,169987,"Celeriac, cooked, boiled, drained, without salt",False,True,"Celeriac (celery root) is a European vegetable with no direct equivalent in Japanese cuisine; all candidates are either leafy greens, root vegetables (daikon), or non-comparable vegetables with significantly different nutrient profiles",,Vegetables and Vegetable Products
high,169989,"Celery, cooked, boiled, drained, without salt",False,True,"Cooked celery (74 kcal, 0.83g protein, 4.0g carbs, 284mg K) has no nutritionally comparable match in Japanese table; candidates are all significantly lower in energy (9-34 kcal) and lack celery's characteristic nutrient profile",,Vegetables and Vegetable Products
high,169992,"Chicory greens, raw",False,True,"Chicory greens are a leafy green vegetable with distinctive bitter flavor and high fiber content (4.0g/100g); no Japanese candidates match both the high energy (96kcal), moderate carbs (4.7g), and especially the high fiber characteristic of raw chicory greens - all candidates are either too low in energy, lack fiber data, or are fundamentally different vegetables (asparagus, eggplant, legumes, etc.)",,Vegetables and Vegetable Products
high,169993,"Chicory roots, raw",False,True,"Chicory roots (raw vegetable with 303kcal, 17.5g carbs, 1.5g fiber) is a root vegetable with no nutritionally or conceptually equivalent entry in Japanese food composition table; closest candidates (lotus root, burdock preparations) are either cooked preparations or have significantly different nutrient profiles",,Vegetables and Vegetable Products
high,169994,"Chives, raw",False,True,"Chives (negi/nira in Japanese) are an allium vegetable with distinctly high protein (3.27g), vitamin C (58.1mg), and potassium (296mg) that don't match any provided candidates; closest options like cabbage and peppers are nutritionally much lower in protein and vitamin C, making them poor matches",,Vegetables and Vegetable Products
high,169996,"Collards, frozen, chopped, cooked, boiled, drained, without salt",False,True,"Collards are a leafy green cruciferous vegetable with 151kcal, 2.97g protein, and high calcium (210mg); no Japanese candidates match this energy density or nutrient profile - all listed options are 16-54kcal with lower protein, representing different vegetable types (legumes, sprouts, asparagus)",,Vegetables and Vegetable Products
high,169997,"Coriander (cilantro) leaves, raw",False,True,"Coriander/cilantro leaves are an herb with distinctive nutrient profile (high fiber 2.8g, moderate protein 2.13g, vitamin C 27mg) that doesn't match any provided vegetable candidates; no Japanese herb equivalent exists in the table",,Vegetables and Vegetable Products
high,170002,"Onions, dehydrated flakes",False,True,"Dehydrated onion flakes (1460 kcal/100g, 83.3g carbs, 9.2g fiber) represent a processed/dehydrated product with no direct equivalent in the Japanese table; closest onion entry (#4) is fresh sautéed onions at only 208 kcal with missing carb/fiber data, making nutrient profiles incomparable",,Vegetables and Vegetable Products
high,170011,"Peas, edible-podded, boiled, drained, without salt",False,True,"Edible-podded peas (snow peas/sugar snap peas) are a distinct vegetable category not represented in the provided Japanese table; all candidates are cruciferous vegetables, root vegetables, or other types with significantly different nutrient profiles (energy 15-78 kcal vs 42 kcal, protein 0.5-3.0g vs 3.27g, carbs 0.0-14.2g vs 7.05g)",,Vegetables and Vegetable Products
high,170012,"Peas, edible-podded, frozen, unprepared",False,True,"Edible-podded peas (snow peas/sugar snap peas) are a distinct vegetable category with higher protein (2.8g), fiber (3.1g), and carbs (7.2g) than all candidates; no Japanese entry matches this specific frozen pod pea product's nutritional profile",,Vegetables and Vegetable Products
high,170014,"Peas, green, canned, seasoned, solids and liquids",False,True,"Canned green peas with seasoning (50 kcal, 3.09g protein, 9.25g carbs, 0.645g salt) have no close match; all candidates are either too low in energy/carbs (leafy vegetables), too high in energy (corn products), or lack the specific legume profile and salt content of seasoned canned peas",,Vegetables and Vegetable Products
high,170017,"Peas, green, frozen, cooked, boiled, drained, without salt",False,True,Green peas (legume vegetable) have no direct match in Japanese table; closest candidates are corn (different vegetable type) or broad beans/peanuts (different legume types) - nutritional profiles don't align well enough for any candidate,,Vegetables and Vegetable Products
high,170019,"Peas and onions, canned, solids and liquids",False,True,"Peas and onions is a mixed vegetable canned product; no single Japanese entry matches both the pea-dominant composition (51 kcal, 3.28g protein, 8.57g carb) and the canned mixed vegetable concept - closest individual candidates (corn, onion, asparagus) are nutritionally divergent and don't represent the pea-onion mixture",,Vegetables and Vegetable Products
high,170020,"Peas and onions, frozen, unprepared",False,True,"Peas and onions mixture has no direct Japanese equivalent in the table; closest candidates are corn (options 1-4, 7, 9, 13) or onion alone (option 20), but none match the pea+onion combination's protein (3.98g), fiber (3.5g), and nutrient profile characteristic of pea-based dishes.",,Vegetables and Vegetable Products
high,170021,"Peas and onions, frozen, cooked, boiled, drained, without salt",False,True,"Peas and onions mixture has no direct match; closest candidates are corn (too high energy/carbs) or individual onion/leek entries (too low protein/energy), but none match the combined pea-onion composition with 2.54g protein and 188kcal per 100g",,Vegetables and Vegetable Products
high,170023,"Peppers, sweet, green, frozen, chopped, boiled, drained, without salt",False,True,"Sweet green peppers (Capsicum annuum) are not represented in the Japanese food composition table; closest candidates (daikon, cabbage, turnip) differ significantly in nutrient profile, particularly in vitamin C (41.2mg vs typically <10mg) and vitamin A content, and lack the characteristic capsicum identity",,Vegetables and Vegetable Products
high,170026,"Potatoes, flesh and skin, raw",False,True,"Raw potato is a common global ingredient, but no raw or minimally processed potato entry exists in the Japanese table; all candidates are either cooked vegetables, pickled items, or fried preparations with substantially different nutritional profiles",,Vegetables and Vegetable Products
high,170027,"Potatoes, russet, flesh and skin, raw (Includes foods for USDA's Food Distribution Program)",False,True,"Russet potatoes (79 kcal, 18.1g carbs, 417mg K) are a staple starchy root vegetable with no nutritionally equivalent entry in the Japanese table; all candidates are either low-calorie vegetables (6-25 kcal) or boiled root vegetables, making them unsuitable matches for raw potato composition",,Vegetables and Vegetable Products
high,170028,"Potatoes, white, flesh and skin, raw",False,True,"Raw white potato is a common global staple vegetable, but no Japanese table entry matches raw potato (uncooked tuber); all candidates are either cooked vegetables, pickled items, or completely different produce types with incompatible nutrient profiles.",,Vegetables and Vegetable Products
high,170029,"Potatoes, red, flesh and skin, raw",False,True,"Red potatoes are a staple starchy vegetable with ~70kcal, 15.9g carbs, and significant potassium; no Japanese table entry matches potatoes (じゃがいも), and provided candidates are all low-carb vegetables (6-42kcal) or specialty greens/roots fundamentally different from potatoes in composition and culinary use",,Vegetables and Vegetable Products
high,170030,"Potatoes, Russet, flesh and skin, baked",False,True,"Baked russet potato (397kcal, 21.4g carbs, 2.3g fiber) has no close match in Japanese table; candidates are either fried/processed vegetables (higher fat), different tubers (くわい, ゆりね), or corn with mismatched nutrient profiles",,Vegetables and Vegetable Products
high,170031,"Potatoes, roasted, salt added in processing, frozen, unprepared",False,True,"Roasted frozen potatoes are a common global food, but no Japanese composition table entry matches the potato food item (high carbs ~26g, low protein ~2g, moderate energy 530kcal); closest candidates are non-potato starches or prepared vegetables with different nutrient profiles",,Vegetables and Vegetable Products
high,170032,"Potatoes, raw, skin",False,True,"Raw potato skin is a starchy tuber product not present in Japanese food composition table; candidates are leafy vegetables, corn, and root vegetables with fundamentally different nutrient profiles (lower energy/carbs, different mineral content)",,Vegetables and Vegetable Products
high,170033,"Potatoes, baked, flesh, without salt",False,True,"Baked potato (plain, unsalted) is a basic global staple with no direct match in Japanese table; candidates are either prepared vegetables (fried, boiled), pickled items, or nutritionally dissimilar (corn, eggplant, onion all have different macro profiles)",,Vegetables and Vegetable Products
high,170034,"Potatoes, baked, skin, without salt",False,True,"Baked potato skin is a common starch vegetable with no Japanese equivalent in the table; candidates are all specialty/pickle vegetables or root crops with vastly different nutrient profiles (energy 23-219 kcal vs 198 kcal, protein 0.6-15.5g vs 4.29g, carbs mostly 'None' vs 46.1g), making none suitable matches",,Vegetables and Vegetable Products
high,170035,"Potatoes, microwaved, cooked in skin, skin, without salt",False,True,"Microwaved potato skin (high carbs ~30g, fiber ~5.5g, K ~650mg, Fe ~6mg) has no nutritionally equivalent match in Japanese table; closest candidates (kuawai, corn) differ significantly in carbohydrate content and nutrient profile, indicating potatoes are not adequately represented in this Japanese composition dataset",,Vegetables and Vegetable Products
high,170036,"Potatoes, hash brown, home-prepared",False,True,"Hash browns are fried shredded potatoes (1110 kcal/100g, 12.5g fat) with no nutritionally or conceptually similar match in the Japanese table; all candidates are either whole vegetables, pickled items, or deep-fried non-potato dishes with vastly different energy and macronutrient profiles",,Vegetables and Vegetable Products
high,170037,"Potatoes, mashed, home-prepared, whole milk and margarine added",False,True,"Mashed potatoes with milk and margarine is a prepared starch dish without a nutritionally or conceptually equivalent entry in the Japanese food composition table; all candidates are either raw/cooked vegetables, pickled items, or corn products with vastly different macronutrient profiles (notably lower energy and carbohydrates).",,Vegetables and Vegetable Products
high,170038,"Potatoes, scalloped, home-prepared with butter",False,True,"Scalloped potatoes with butter is a creamy potato dish with dairy; no Japanese table entry matches potatoes or potato-based dishes, making direct equivalence impossible",,Vegetables and Vegetable Products
high,170039,"Potatoes, mashed, dehydrated, granules without milk, dry form",False,True,"Dehydrated mashed potatoes (1560 kcal, 85.5g carbs per 100g dry form) have no nutritional equivalent in Japanese table; all candidates are fresh/pickled vegetables with 23-306 kcal, fundamentally different product category (processed starch product vs. fresh vegetables)",,Vegetables and Vegetable Products
high,170040,"Potatoes, mashed, dehydrated, prepared from granules without milk, whole milk and butter added",False,True,Dehydrated mashed potatoes prepared with milk and butter have no close match in Japanese food table; candidates are all fresh/pickled vegetables with fundamentally different nutrient profiles and preparation methods,,Vegetables and Vegetable Products
high,170041,"Potatoes, mashed, dehydrated, granules with milk, dry form",False,True,"Dehydrated mashed potato granules with milk (1490kcal, 10.9g protein, 77.7g carbs per 100g dry form) have no equivalent in the Japanese food composition table; all candidates are fresh/cooked vegetables with vastly lower energy density (23-306kcal) and different nutrient profiles",,Vegetables and Vegetable Products
high,170042,"Potatoes, mashed, dehydrated, prepared from granules with milk, water and margarine added",False,True,"Dehydrated mashed potatoes prepared with milk and margarine is a highly processed convenience food with no equivalent in Japanese food composition table; closest candidates (corn, vegetables) differ significantly in energy (486 vs 78-125 kcal), protein (2.13 vs 1-4g), and carbs (16.1 vs 12-17g) with fundamentally different food bases",,Vegetables and Vegetable Products
high,170044,"Potatoes, hash brown, frozen, plain, prepared, pan fried in canola oil",False,True,"Hash browns are a distinctly American fried potato product with no equivalent in the Japanese food composition table; the provided candidates contain no potato entries and none match the nutrient profile (219kcal, 11.6g fat from oil frying, 28.5g carbs typical of potatoes).",,Vegetables and Vegetable Products
high,170045,"Potatoes, hash brown, frozen, with butter sauce, unprepared",False,True,"Hash brown potatoes with butter sauce is a processed frozen potato product with added fat that has no equivalent in the Japanese food composition table; candidates are all fresh/cooked vegetables with fundamentally different nutrient profiles (much lower fat, different carb sources)",,Vegetables and Vegetable Products
high,170046,"Potatoes, hash brown, frozen, with butter sauce, prepared",False,True,Hash brown potatoes with butter sauce is a prepared frozen potato dish with no conceptual or nutritional match in Japanese food table; closest candidates are corn/vegetable sides but lack potato base and butter sauce composition,,Vegetables and Vegetable Products
high,170047,"Potato puffs, frozen, unprepared",False,True,Potato puffs are a highly processed frozen snack product with no direct Japanese equivalent; candidates are primarily vegetables and pickled items with vastly different energy density (89-306 kcal vs 746 kcal) and macronutrient profiles,,Vegetables and Vegetable Products
high,170048,"Potato puffs, frozen, oven-heated",False,True,"Potato puffs are a highly processed frozen snack food with no nutritional or conceptual equivalent in the Japanese food composition table; closest candidate (onion tempura, eggplant tempura) are fresh-fried vegetables, not frozen processed potato products",,Vegetables and Vegetable Products
high,170050,"Tomatoes, red, ripe, cooked",False,True,"US item is cooked red tomatoes; Japanese candidates lack a red tomato entry (only yellow tomato #11 exists), and none match the nutrient profile of cooked tomatoes with higher carbs (4.01g), fiber (0.7g), and vitamin C (22.8mg)",,Vegetables and Vegetable Products
high,170051,"Tomatoes, red, ripe, canned, packed in tomato juice",False,True,"Canned tomatoes in tomato juice (69 kcal, 3.47g carbs, 191mg K, 12.6mg VitC) have no nutritionally comparable match in the Japanese table; all candidates are either pickled vegetables, raw leafy vegetables, or sprouts with vastly different nutrient profiles and processing methods",,Vegetables and Vegetable Products
high,170052,"Tomatoes, red, ripe, canned, stewed",False,True,"Canned stewed tomatoes (26 kcal, 6.19g carbs, 0.561g salt, processed/cooked product) has no nutritionally or conceptually similar match in Japanese table; closest candidates are raw vegetables with 15-25 kcal and minimal carbs, lacking tomato's distinctive nutrient profile and canned preparation method",,Vegetables and Vegetable Products
high,170054,"Tomato products, canned, sauce",False,True,"Canned tomato sauce is a processed tomato product with high energy (102 kcal), moderate carbs (5.31g), and high salt (1.204g) profile that does not match any of the fresh or minimally processed vegetables in the Japanese table; no Japanese canned tomato sauce equivalent is provided in the candidates.",,Vegetables and Vegetable Products
high,170055,"Tomato products, canned, sauce, with mushrooms",False,True,"Tomato sauce with mushrooms is a processed tomato product with specific composition; no Japanese table entry for tomato-based canned sauce exists among candidates, and tomato sauce is not a traditional Japanese ingredient requiring a direct match",,Vegetables and Vegetable Products
high,170056,"Tomato products, canned, sauce, with onions",False,True,"Canned tomato sauce with onions is a processed tomato product; Japanese table lacks tomato-based canned sauces, having only pickled vegetables and fresh produce. No nutritionally or conceptually similar match exists.",,Vegetables and Vegetable Products
high,170057,"Tomato products, canned, sauce, with herbs and cheese",False,True,"Tomato sauce with herbs and cheese is a processed tomato product not represented in the Japanese table; candidates are raw vegetables, pickles, and corn preparations with vastly different nutrient profiles (energy 9-96 kcal vs 59 kcal, no cheese/herb equivalents)",,Vegetables and Vegetable Products
high,170061,"Turnip greens, raw",False,True,"Turnip greens (raw leafy green vegetable) has no equivalent in Japanese food composition table; candidates are mostly legume pods, peppers, and other vegetables with significantly lower energy (15-54 kcal vs 132 kcal) and different nutrient profiles",,Vegetables and Vegetable Products
high,170062,"Turnip greens and turnips, frozen, cooked, boiled, drained, without salt",False,True,"Turnip greens (leafy cruciferous vegetable, 146kcal, high fiber 3.1g, high calcium 128mg, high vitamin A 431μg) has no nutritionally similar match in the Japanese table; all candidates are either legume sprouts, young pod vegetables, or low-calorie leafy greens with vastly different nutrient profiles",,Vegetables and Vegetable Products
high,170063,"Vegetable juice cocktail, canned",False,True,"Vegetable juice cocktail is a processed beverage product with significantly higher energy (92kcal), carbohydrates (3.87g), and vitamin C (54.3mg) than any raw vegetable in the Japanese table; no canned juice or beverage equivalent exists in the provided candidates",,Vegetables and Vegetable Products
high,170065,"Vegetables, mixed, canned, drained solids",False,True,"US canned mixed vegetables (204kcal, 9.26g carbs, high fiber) is a processed vegetable mixture with no direct Japanese equivalent; all candidates are single fresh/cooked vegetables with 12-54kcal and incompatible nutrient profiles",,Vegetables and Vegetable Products
high,170066,"Waterchestnuts, chinese, (matai), raw",False,True,"Water chestnuts are aquatic tubers with distinctive starch/carb profile (23.9g carbs, 406 kcal per 100g raw); no Japanese candidate matches this composition—kuwaai and yuri are terrestrial bulbs with 6-7x higher protein and vastly lower energy/carbs when raw or boiled",,Vegetables and Vegetable Products
high,170068,"Watercress, raw",False,True,"Watercress is a leafy green vegetable with high energy (46 kcal), calcium (120 mg), and vitamin C (43 mg) that significantly exceeds all Japanese candidates; no Japanese table entry captures its nutritional profile, particularly its distinctive mineral and vitamin density relative to energy content.",,Vegetables and Vegetable Products
high,170071,"Yam, raw",False,True,"Yam (Dioscorea species) is a starchy tuber with ~495kcal/100g and high carbohydrates; no Japanese table entry matches this energy density or macronutrient profile—closest candidates (kuwaī, yurī, mukago) are all significantly lower in energy (87-129kcal) and lack comparable carbohydrate content, indicating no suitable Japanese equivalent exists",,Vegetables and Vegetable Products
high,170072,"Yam, cooked, boiled, drained, or baked, without salt",False,True,"Yam (Dioscorea species) is a starchy tuber with no direct Japanese equivalent in the provided table; closest candidates (ゆりね, くわい) are different tubers with significantly different nutrient profiles (higher protein, missing carbohydrate data in Japanese entries)",,Vegetables and Vegetable Products
high,170073,"Yambean (jicama), raw",False,True,"Jicama is a tuber with very low energy (159 kcal appears to be data error; raw jicama ~38 kcal/100g), high water content, moderate carbs, and high fiber - no Japanese vegetable candidate matches this nutrient profile or botanical category; closest conceptually would be daikon but energy and composition differ significantly",,Vegetables and Vegetable Products
high,170075,"Chives, freeze-dried",False,True,"Freeze-dried chives have extremely high nutrient density (311 kcal, 21.2g protein, 2960mg K, 660mg VitC per 100g) with no Japanese table equivalent; all candidates are fresh/cooked vegetables with 17-291 kcal and much lower nutrient concentration, reflecting the fundamental compositional difference between freeze-dried and fresh forms.",,Vegetables and Vegetable Products
high,170078,"Eppaw, raw",False,True,Eppaw (a starchy tuber root vegetable) has high energy (150kcal) and carbohydrates (31.7g) more consistent with potato-like vegetables; no Japanese table entry matches this nutritional profile or the specific vegetable type,,Vegetables and Vegetable Products
high,170082,"Shallots, freeze-dried",False,True,"Freeze-dried shallots (1460 kcal/100g, 80.7g carbs, 15.7g fiber) have no equivalent in Japanese food table; closest candidates like らっきょう (83 kcal) and エシャレット (59 kcal) are fresh forms with ~10x lower energy density, indicating no freeze-dried allium product exists in the Japanese database",,Vegetables and Vegetable Products
high,170083,"Sweet potato, canned, syrup pack, solids and liquids",False,True,"Sweet potato (satsumaimo) is a common Japanese vegetable, but no canned syrup-packed variety exists in the 八訂 table; all candidates are either other vegetables or corn products with vastly different nutrient profiles and energy content",,Vegetables and Vegetable Products
high,170084,"Sweet potato, canned, syrup pack, drained solids",False,True,"Sweet potato (焼芋/蒸し芋) is common in Japan but no canned syrup-packed variety exists in the 八訂 table; all candidates are either non-root vegetables, pickled items, or corn products with vastly different nutrient profiles (energy 454kcal vs candidates 17-208kcal)",,Vegetables and Vegetable Products
high,170086,"Beans, pinto, mature seeds, sprouted, raw",False,True,"Sprouted pinto beans are legumes with high protein (5.25g) and moderate carbs; no Japanese vegetable table entry matches legume sprouts - closest candidates are vegetables with lower protein (1-3g) or completely different food types (corn, pickled vegetables, garlic)",,Vegetables and Vegetable Products
high,170088,"Sweet potato, cooked, candied, home-prepared",False,True,"Candied sweet potato is a distinctly American prepared dish with high sugar content (686 kcal, 32.1g carbs from added sugar/syrup) that has no equivalent in Japanese food composition table; closest candidates are starchy vegetables or pickled items, but none match the sweet preparation or nutrient profile",,Vegetables and Vegetable Products
high,170089,"Tomatoes, red, ripe, cooked, stewed",False,True,"Cooked stewed tomatoes (79kcal, 2.68g fat, 13g carbs) have no nutritionally similar match in the Japanese table; closest tomato entry (yellow tomato raw, 18kcal) is raw and much lower energy, and no cooked red tomato entry exists in the candidates provided",,Vegetables and Vegetable Products
high,170090,"Seaweed, agar, dried",False,True,"Agar seaweed (dried) is a marine algae product with unique high-carb (80.9g), high-fiber (7.7g), high-mineral profile not present in the vegetable-focused Japanese table; none of the candidates match the seaweed/algal composition or nutrient density",,Vegetables and Vegetable Products
high,170091,"Seaweed, spirulina, raw",False,True,"Spirulina is a cyanobacterium microalga with unique nutritional profile (high protein 5.92g, low carbs 2.42g, rich in minerals and B vitamins) that fundamentally differs from all Japanese vegetable candidates which are macroscopic plants with lower protein and different nutrient compositions; no Japanese seaweed or algae products in the provided table match spirulina's characteristics",,Vegetables and Vegetable Products
high,170092,Potato pancakes,False,True,Potato pancakes are a fried potato dish with ~1120 kcal/100g energy density that doesn't match any Japanese vegetable entries; closest candidates (oil-fried vegetables) are 165-208 kcal and lack potato's carbohydrate profile and high caloric density from frying in oil.,,Vegetables and Vegetable Products
high,170094,"Potatoes, microwaved, cooked in skin, flesh and skin, without salt",False,True,Microwaved potatoes with skin are a common food but no Japanese composition table entry exists for potatoes (じゃがいも) in any form; all candidates are alternative vegetables with significantly different nutrient profiles,,Vegetables and Vegetable Products
high,170097,"Mushrooms, shiitake, cooked, with salt",False,True,"Shiitake mushrooms (cooked with salt) are not represented in the provided Japanese food composition table; all candidates are vegetables (corn, lotus root, myoga, bottle gourd, etc.) with completely different nutrient profiles, particularly low energy (9-96 kcal vs 56 kcal) and carbohydrate content (shiitake-specific composition absent).",,Vegetables and Vegetable Products
high,170098,"Okra, cooked, boiled, drained, with salt",False,True,"Okra is a tropical vegetable with unique nutritional profile (higher fiber 2.5g, carbs 4.51g, vitamin C 16.3mg) and texture; no Japanese equivalent in candidates - closest matches (asparagus canned, various greens) differ significantly in composition and culinary properties",,Vegetables and Vegetable Products
high,170099,"Okra, frozen, cooked, boiled, drained, with salt",False,True,"Okra is not cultivated or consumed in Japan; no Japanese food composition table entry exists for okra or a nutritionally/conceptually equivalent vegetable with similar macronutrient and micronutrient profiles (fiber 2.1g, carbs 6.41g, K 184mg)",,Vegetables and Vegetable Products
high,170103,"Peas, green, canned, no salt added, solids and liquids",False,True,"US item is canned peas (legume vegetable) with 222kcal/100g and 9.75g carbs; all Japanese candidates are corn, onion, or other vegetables with dramatically different nutritional profiles (78-208kcal) and carb content; no pea entries exist in provided Japanese table",,Vegetables and Vegetable Products
high,170104,"Peas, green, canned, no salt added, drained solids",False,True,"US item is canned green peas (legume), but all Japanese candidates are corn, radish, chrysanthemum, or other vegetables - no pea/豌豆 entries available in the provided table",,Vegetables and Vegetable Products
high,170105,"Peas, green, frozen, cooked, boiled, drained, with salt",False,True,"Green peas (legume vegetable, frozen, boiled with salt) have no direct match in Japanese table; closest candidates are corn (different vegetable type) and broad beans (11, different legume with lower carbs/energy), but nutrient profile and food concept don't align sufficiently with any entry",,Vegetables and Vegetable Products
high,170106,"Peppers, hot chili, red, raw",False,True,"Red hot chili peppers (166 kcal, high Vit C at 144mg) do not match available candidates; Japanese table lacks red chili pepper entries, only sweet bell peppers (青/黄/オレンジピーマン) with 15-28 kcal raw, which are nutritionally distinct from spicy chilis",,Vegetables and Vegetable Products
high,170107,"Peppers, hot chili, red, canned, excluding seeds, solids and liquids",False,True,"Red hot chili peppers canned with high salt (2.97g) and elevated carbs (5.1g) don't match available candidates; sissitou/shishito (entries 4,6) are milder peppers, green bell peppers (entries 1,3) lack the heat/spice profile, and no canned/processed chili pepper entry exists in the Japanese table",,Vegetables and Vegetable Products
high,170108,"Peppers, sweet, red, raw",False,True,"Red bell pepper (sweet pepper) is not represented in Japanese food composition table; closest candidates are green/yellow/orange peppers and other vegetables, but red pepper's distinct higher energy (111 vs 19-28 kcal), carbs (6.03 vs 2.3-4.9g), and vitamin C (128 vs unmeasured) profiles don't match available entries",,Vegetables and Vegetable Products
high,170111,"Potatoes, baked, flesh and skin, with salt",False,True,"Baked potato with skin is a common starchy vegetable staple globally, but no Japanese composition table entry matches its specific nutrient profile (390kcal energy, 21.2g carbs, 2.2g fiber, 535mg potassium); all candidates are either too low in energy/carbs or fundamentally different vegetables (corn, lily bulb, lotus root, onion)",,Vegetables and Vegetable Products
high,170112,"Potatoes, baked, flesh, with salt",False,True,"Baked potato (flesh only, boiled starch vegetable) has no direct equivalent in Japanese table; closest candidates (corn, lotus root, taro) differ significantly in energy (89-129 kcal vs 390 kcal) and macronutrient profiles, indicating potato is not traditionally included in 八訂 composition table",,Vegetables and Vegetable Products
high,170113,"Potatoes, baked, skin only, with salt",False,True,"Baked potato skin is a specific potato preparation not represented in Japanese food composition table; candidates are unrelated vegetables (onion, beans, lily bulb, radish, etc.) with drastically different nutrient profiles (energy 25-219 kcal vs 198 kcal, protein 0.6-15.5g vs 4.29g, carbs mostly missing data vs 46.1g)",,Vegetables and Vegetable Products
high,170114,"Potatoes, boiled, cooked in skin, flesh, with salt",False,True,"Boiled potatoes are a common staple globally, but the Japanese composition table lacks a direct potato entry; candidates are all alternative starchy vegetables (corn, lotus root, taro) with significantly different nutrient profiles and food concepts",,Vegetables and Vegetable Products
high,170115,"Potatoes, microwaved, cooked, in skin, skin with salt",False,True,"Microwaved potatoes with skin are a common vegetable worldwide, but no Japanese composition table entry exists for potatoes (じゃがいも); all candidates are specialty vegetables, legumes, or prepared dishes unrelated to potato composition",,Vegetables and Vegetable Products
high,170116,"Potatoes, frozen, whole, cooked, boiled, drained, with salt",False,True,"US item is boiled potatoes (じゃがいも), a common global vegetable, but Japanese composition table lacks potato entries; closest candidates (corn, lotus root, etc.) have significantly different nutrient profiles and food concepts",,Vegetables and Vegetable Products
high,170117,"Potatoes, frozen, french fried, par fried, cottage-cut, prepared, heated in oven, with salt",False,True,Frozen french fried potatoes are a processed potato product with high energy density (912 kcal) and moderate fat (8.2g) typical of fried preparations; no Japanese food composition table entry matches this specific food item - Japanese candidates are either vegetables with drastically lower energy values or pickled/specialty items unrelated to fried potato products,,Vegetables and Vegetable Products
high,170118,"Potatoes, french fried, all types, salt not added in processing, frozen, oven-heated",False,True,"Frozen oven-heated french fries have no direct equivalent in Japanese food composition table; all candidates are fresh vegetables or minimal-processing items, not starch-based fried products",,Vegetables and Vegetable Products
high,170119,"Pumpkin, flowers, cooked, boiled, drained, with salt",False,True,"Pumpkin flowers are a specific edible flower product not represented in Japanese composition table; closest candidates (squash/gourd varieties) have energy 17-25kcal vs 61kcal, and lack the protein (1.09g) and nutrient profile of cooked flowers",,Vegetables and Vegetable Products
high,170120,"Pumpkin leaves, cooked, boiled, drained, with salt",False,True,"Pumpkin leaves (kabocha no ha) are a specific Asian green vegetable with no direct equivalent in the Japanese food composition table; closest candidates (leeks, chrysanthemum, bamboo shoots) differ significantly in protein (2.72g vs 0.4-3.6g), energy profile, and are botanically distinct species",,Vegetables and Vegetable Products
high,170123,"Spinach, canned, no salt added, solids and liquids",False,True,"Canned spinach (leafy green, cooked/processed, nutrient-dense with high Fe, Ca, VitA) has no close match in candidates; closest options are lettuce varieties (too low in protein/minerals) or other vegetables with mismatched nutrient profiles (energy, protein, fiber all notably different)",,Vegetables and Vegetable Products
high,170124,"Spinach, frozen, chopped or leaf, cooked, boiled, drained, with salt",False,True,"Spinach is a common leafy green vegetable that should have Japanese equivalents, but none of the provided candidates match spinach's nutritional profile (high protein ~4g, moderate carbs ~4.8g, high fiber 3.7g, high iron 1.96mg, high calcium 153mg, high vitamin A 603μg). The candidates are primarily immature beans, sprouts, and wild vegetables with significantly different nutrient compositions. A proper spinach match from the Japanese food composition table was not included in this list.",,Vegetables and Vegetable Products
high,170125,"Squash, summer, all varieties, cooked, boiled, drained, with salt",False,True,"Summer squash (zucchini/yellow squash) cooked has no direct Japanese equivalent; closest candidates are へちま (luffa) and はやとうり (chayote) but with significantly lower energy (17-21 kcal vs 84 kcal) and different nutrient profiles, indicating these are distinct vegetables rather than equivalents",,Vegetables and Vegetable Products
high,170126,"Squash, summer, crookneck and straightneck, cooked, boiled, drained, with salt",False,True,"Summer squash (crookneck/straightneck) is a tender, watery summer squash with ~81 kcal and low carbs; no Japanese candidates match this profile—all available entries are either too low in energy (15-25 kcal range), have different carb/nutrient compositions, or represent different vegetable types (daikon, onion, asparagus, etc.)",,Vegetables and Vegetable Products
high,170127,"Squash, winter, all varieties, cooked, baked, with salt",False,True,"Winter squash (baked, ~154 kcal, 8.85g carbs, high vitamin A) has no equivalent in the provided Japanese table; candidates are all either oil-fried vegetables, corn products, or leafy greens with vastly different nutrient profiles and cooking methods",,Vegetables and Vegetable Products
high,170128,"Squash, winter, acorn, cooked, baked, with salt",False,True,"Acorn squash (winter squash, baked) is a New World vegetable with no direct equivalent in Japanese cuisine; candidates are all either onions, corn, or Asian root vegetables (lily bulbs, arrowhead, radish) with fundamentally different nutrient profiles and botanical origins",,Vegetables and Vegetable Products
high,170132,"Water convolvulus, cooked, boiled, drained, with salt",False,True,"Water convolvulus (ong choy) is an Asian leafy green vegetable with high energy (85 kcal), moderate protein (2.08g), and significant potassium (284mg) and vitamin A (260μg); no Japanese table entry matches this nutritional profile or botanical classification, as all candidates are either much lower in energy or represent different vegetable types",,Vegetables and Vegetable Products
high,170133,"Sweet potato leaves, cooked, steamed, with salt",False,True,"Sweet potato leaves (kamote tops) are not represented in the Japanese food composition table; candidates are eggplant, corn, leek, wasabi, and other vegetables with completely different nutritional profiles and plant parts",,Vegetables and Vegetable Products
high,170136,"Taro, tahitian, cooked, with salt",False,True,"Tahitian taro (cooked with salt) has high energy (182kcal) and carbohydrates (6.85g) characteristic of taro root, but no Japanese composition table entry exists for taro/dasheen; closest candidates (lily bulb, lotus root) are botanically and nutritionally distinct root vegetables",,Vegetables and Vegetable Products
high,170137,"Tomatoes, red, ripe, cooked, with salt",False,True,"US item is cooked tomato with salt; Japanese candidates lack tomato entries (only #11 yellow tomato raw exists with mismatched nutrients), and no cooked tomato with salt equivalent is available in the table",,Vegetables and Vegetable Products
high,170138,"Tomatoes, red, ripe, canned, packed in tomato juice, no salt added",False,True,"Canned tomatoes in tomato juice are a processed tomato product not represented in the Japanese composition table; candidates are primarily pickled vegetables, sprouts, and other vegetables with distinct nutrient profiles (much lower energy, protein, and carbohydrates) and higher salt content from pickling",,Vegetables and Vegetable Products
high,170139,"Turnip greens, cooked, boiled, drained, with salt",False,True,"Turnip greens are a leafy green vegetable with high energy (85 kcal), calcium (137mg), and vitamin A (381μg); no Japanese candidate matches these nutritional characteristics - all candidates are significantly lower in energy and lack the mineral/vitamin profile of cooked leafy greens",,Vegetables and Vegetable Products
high,170140,"Turnip greens, frozen, cooked, boiled, drained, with salt",False,True,"Turnip greens are a leafy green vegetable with high energy (123kcal), protein (3.35g), and calcium (152mg); no Japanese candidates match these nutritional characteristics - all listed options are significantly lower in energy and nutrients, and none represent a leafy green vegetable equivalent to turnip greens",,Vegetables and Vegetable Products
high,170142,"Vegetables, mixed, frozen, cooked, boiled, drained, with salt",False,True,"US item is mixed frozen vegetables (boiled, drained, salted) with 252kcal energy - a composite dish. No single Japanese candidate matches this mixed vegetable composition; candidates are primarily corn, pickles, or single vegetable preparations with energy values 31-208kcal, fundamentally different in concept and nutrition profile.",,Vegetables and Vegetable Products
high,170143,"Mushrooms, portabella, exposed to ultraviolet light, raw",False,True,"Portabella mushrooms are not represented in the Japanese food composition table; all candidates are vegetables/fruits with significantly lower energy, protein, and nutrient density than raw portabella mushrooms, which are a specific cultivated mushroom variety.",,Vegetables and Vegetable Products
high,170144,"Seeds, breadfruit seeds, raw",False,True,"Breadfruit seeds are a tropical starch-based seed with moderate protein (7.4g) and fiber (5.2g) that don't match any Japanese seed/nut entries; closest candidates (lotus, chestnuts, water caltrop) are either starchy vegetables or have significantly different nutrient profiles, making this a food without a true Japanese equivalent",,Nut and Seed Products
high,170147,"Seeds, cottonseed meal, partially defatted (glandless)",False,True,Cottonseed meal is a high-protein (49.1g) industrial byproduct with very low fat (4.77g) and moderate carbs (38.4g); no Japanese seed/nut product matches this unique composition—all candidates are either whole seeds/nuts with 40-70g fat or have substantially different protein-to-carb ratios,,Nut and Seed Products
high,170148,"Seeds, hemp seed, hulled",False,True,"Hemp seeds are a specific superfood with unique nutritional profile (high protein 31.6g, moderate fat 48.8g, very high potassium 1200mg, zinc 9.9mg) that don't match any Japanese table entries; closest candidates like peanuts and sesame have lower protein or different micronutrient profiles, and hemp seeds are not a traditional Japanese food item",,Nut and Seed Products
high,170157,"Nuts, acorns, raw",False,True,"Acorns (どんぐり) are not found in Japanese food composition table; closest candidates (chestnuts, ginkgo nuts, water chestnuts) have drastically different nutrient profiles with 3-4x lower fat content and energy, making them poor matches for raw acorns which are high in fat and calories",,Nut and Seed Products
high,170171,"Nuts, coconut cream, canned, sweetened",False,True,"Canned sweetened coconut cream (357kcal, 16.3g fat, 53.2g carbs) has no nutritional or conceptual match in Japanese seed/nut table; closest candidates (peanut butter, macadamia) differ significantly in protein (1.17g vs 8-26g) and have different food matrices",,Nut and Seed Products
high,170172,"Nuts, coconut milk, raw (liquid expressed from grated meat and water)",False,True,"Coconut milk (liquid expressed from grated meat and water) has no equivalent in Japanese food composition table; all candidates are tree nuts/seeds or starchy seeds, not coconut milk which is a liquid dairy-like product",,Nut and Seed Products
high,170173,"Nuts, coconut milk, canned (liquid expressed from grated meat and water)",False,True,"Coconut milk (liquid expressed from grated meat and water) is a tropical beverage product with no direct equivalent in the Japanese food composition table; the only coconut entry (16) is coconut powder with vastly different composition (676 kcal vs 197 kcal, 64.3g fat vs 21.3g fat)",,Nut and Seed Products
high,170174,"Nuts, coconut water (liquid from coconuts)",False,True,"Coconut water is a tropical beverage with very low energy (19 kcal) and minimal protein/fat that doesn't match any Japanese seed/nut products listed, which are all significantly higher in calories and macronutrients; coconut water is not traditionally part of Japanese cuisine and has no equivalent in the Japanese food composition table.",,Nut and Seed Products
high,170194,"Beef, variety meats and by-products, thymus, raw",False,True,"Beef thymus (sweetbread) is a specific organ meat with unique nutritional profile (low protein at 12.2g, high fat at 20.4g, notably high vitamin C at 34mg); no Japanese composition table entry matches this organ type or nutrient combination - closest beef offal entries are stomach/intestine with different profiles",,Beef Products
high,170241,"Puddings, banana, dry mix, regular, with added oil",False,True,"Banana pudding dry mix is a prepared dessert product specific to American convenience foods; Japanese table lacks equivalent prepared pudding mixes, and best nutrient matches (candidates 1-3, 7) are chewing gums/candies with fundamentally different food compositions and purposes",,Sweets
high,170243,"Puddings, tapioca, dry mix, with no added salt",False,True,"Tapioca pudding dry mix is a processed American convenience food with no direct Japanese equivalent; closest candidates (hard candies, dried sweets) differ fundamentally in food form, preparation method, and composition (tapioca is starch-based instant pudding, not dry candy)",,Sweets
high,170257,"Sweeteners, tabletop, sucralose, SPLENDA packets",False,True,"Sucralose tabletop sweetener (1400 kcal/100g, 91.2g carbs from maltodextrin carrier) is a highly processed artificial sweetener product with no equivalent in Japanese food composition table; all candidates are actual food items with protein, fat, and different macronutrient profiles",,Sweets
high,170260,"Frozen novelties, KLONDIKE, SLIM-A-BEAR Fudge Bar, 98% fat free, no sugar added",False,True,"Frozen ice cream novelty bar with 98% fat-free, no sugar added formulation has no Japanese equivalent; closest candidates (donuts, pastries, dessert breads) differ significantly in fat content (12-34g vs 1.88g), carbs (31-54g vs 30.1g with 6g fiber), and product category (frozen novelty vs baked goods)",,Sweets
high,170262,"Ice creams, BREYERS, No Sugar Added, Butter Pecan",False,True,"Ice cream is a frozen dairy dessert with no suitable match in the provided Japanese sweets table; candidates are all shelf-stable dry/baked goods with drastically different composition (lower energy, higher carbs, missing dairy/protein profile)",,Sweets
high,170264,"Ice creams, BREYERS, No Sugar Added, Vanilla",False,True,"Ice cream is a dairy-based frozen dessert fundamentally different from all candidates; Japanese table lacks ice cream entries, and no pastry, candy, or snack option matches the low fat (6.2g), moderate carbs (21.9g), and high protein (3.68g) profile of no-sugar-added ice cream",,Sweets
high,170268,"Ice creams, BREYERS, All Natural Light French Chocolate",False,True,"Ice cream is a frozen dairy dessert not represented in Japanese composition table; candidates are all dry/baked goods or candies with vastly different water content, texture, and nutritional profiles (energy per 100g should be ~150-200kcal for ice cream, not 370-588kcal)",,Sweets
high,170269,"Ice creams, BREYERS, 98% Fat Free Chocolate",False,True,"Low-fat ice cream is a modern processed dairy product not represented in traditional Japanese food composition table; closest candidates (desserts/sweets) differ significantly in energy density, macronutrient ratios, and composition (ice cream vs bean-based confections)",,Sweets
high,170270,"Ice creams, regular, low carbohydrate, chocolate",False,True,"Low-carbohydrate ice cream is a modern processed product with no direct equivalent in traditional Japanese food composition tables; candidates are primarily savory snacks, chocolates, and baked goods with fundamentally different nutrient profiles (high carb sweets vs. low carb ice cream)",,Sweets
high,170276,"Syrup, maple, Canadian",False,True,"Maple syrup is a liquid sweetener with 67.4g carbs/100g and 1130 kcal, fundamentally different from all listed solid/semi-solid candies and baked goods (414-588 kcal); no Japanese table entry exists for pure liquid syrups",,Sweets
high,170280,"Jams, preserves, marmalades, sweetened with fruit juice",False,True,"Jam/preserve with fruit juice sweetening is a preserved fruit product fundamentally different from all listed Japanese candy/biscuit/snack items; the 886 kcal energy value is exceptionally high and unmatched by any candidate, indicating this is likely a data error or requires a specialized Japanese jam entry not in this table",,Sweets
high,170285,"Barley, pearled, cooked",False,True,"Pearled barley (大麦) is a distinct grain not represented in the Japanese table; all candidates are wheat-based products or other grains, with significantly different nutrient profiles and preparation methods",,Cereal Grains and Pasta
high,170289,"Corn bran, crude",False,True,"Corn bran is a specific milling byproduct with very high fiber (79.0g) and energy (937kcal) that doesn't match any Japanese table entries; closest candidates (corn meal, wheat bran) have significantly lower fiber and different nutrient profiles",,Cereal Grains and Pasta
high,170291,"Fast foods, nachos, with cheese",False,True,"Nachos with cheese is a distinctly American fast food item with no Japanese culinary equivalent; closest candidates (croquettes, fried items) differ significantly in composition (lower fat/energy, different carb structure) and food concept",,Fast Foods
high,170292,"Fast foods, nachos, with cheese, beans, ground beef, and tomatoes",False,True,"Nachos with cheese, beans, ground beef, and tomatoes is a distinctly American Tex-Mex fast food with no direct Japanese equivalent; the 915 kcal per 100g is exceptionally high compared to all Japanese candidates (max 425 kcal), indicating a much denser, fried preparation typical of American fast food that doesn't match Japanese composition table entries.",,Fast Foods
high,170298,"Fast foods, submarine sandwich, roast beef on white bread with lettuce and tomato",False,True,"Submarine sandwich is a bread-based assembled sandwich with fresh vegetables and roast beef; Japanese table contains only prepared dishes (fried foods, croquettes, hamburger steaks, dumplings) with no sandwich or bread-based composite entries that match the nutritional profile (652kcal, 12.2g protein, 2.73g fat, 20.3g carb) of this specific US fast food item",,Fast Foods
high,170299,"Fast foods, submarine sandwich, tuna on white bread with lettuce and tomato",False,True,"Submarine sandwich with tuna, lettuce, tomato on bread is a distinctly American fast food concept with no Japanese equivalent in the table; closest candidates are fried dishes or dumplings which are nutritionally and conceptually mismatched",,Fast Foods
high,170300,"Fast foods, coleslaw",False,True,Fast food coleslaw is a raw vegetable salad (primarily cabbage with creamy dressing) with very high energy from mayo/oil; no Japanese table entry matches this concept or nutrient profile (all candidates are cooked/fried dishes with much lower energy or different compositions),,Fast Foods
high,170301,"Fast foods, hush puppies",False,True,"Hush puppies are a uniquely American Southern fried cornmeal food with no direct Japanese equivalent; closest candidates (croquettes, fried items) are significantly lower in energy (139-273 kcal vs 1240 kcal) and represent different food compositions entirely",,Fast Foods
high,170302,"Fast food, biscuit",False,True,"Fast food biscuit (1550 kcal/100g) is a bread-based item with nutrient profile (high carbs, moderate fat/protein) that doesn't match any Japanese processed food candidates which are all cooked prepared dishes (148-425 kcal/100g); no Japanese equivalent exists for American-style fast food biscuits",,Fast Foods
high,170304,"CHICK-FIL-A, hash browns",False,True,"Hash browns are shredded/diced fried potatoes with no direct Japanese equivalent in the table; all candidates are breaded/battered items (フライ, コロッケ, ぎょうざ) with fundamentally different composition and preparation methods",,Fast Foods
high,170305,"School Lunch, pizza, BIG DADDY'S LS 16"" 51% Whole Grain Rolled Edge Cheese Pizza, frozen",False,True,Frozen cheese pizza is a distinctly American fast food product with no equivalent in Japanese food composition table; candidates are all fried foods or Asian dishes with fundamentally different compositions and preparation methods,,Fast Foods
high,170306,"Fast foods, submarine sandwich, sweet onion chicken teriyaki on white bread with lettuce, tomato and sweet onion sauce",False,True,"Submarine sandwich is a distinctly American fast food format with no equivalent in Japanese food composition table; all candidates are either fried dishes, croquettes, or Asian prepared foods, none matching the bread-based sandwich concept with teriyaki chicken",,Fast Foods
high,170308,"Fast foods, submarine sandwich, turkey, roast beef and ham on white bread with lettuce and tomato",False,True,"Submarine sandwich with multiple meats, lettuce, tomato on bread is a distinctly American fast food item with no Japanese food composition equivalent; closest candidates are fried dishes or hamburgers which differ significantly in preparation method, ingredients, and nutritional profile",,Fast Foods
high,170309,"Fast foods, submarine sandwich, oven roasted chicken on white bread with lettuce and tomato",False,True,"Submarine sandwich with bread is a structural/culinary concept without a Japanese table equivalent; candidates are all prepared dishes (fried items, patties, soups) rather than sandwich-type foods, and nutrient profile (657 kcal, high carbs from bread, low fat) doesn't match any single candidate well",,Fast Foods
high,170311,"Fast foods, submarine sandwich, steak and cheese on white bread with cheese, lettuce and tomato",False,True,"Submarine sandwich with steak, cheese, lettuce, and tomato is a distinctly American fast food format with no equivalent in Japanese food composition table; closest candidates are fried processed foods (croquettes, fried items) or hamburger patties, but none match the sandwich bread base, vegetable composition, or overall concept",,Fast Foods
high,170312,"SUBWAY, B.L.T. sub on white bread with bacon, lettuce and tomato",False,True,BLT sandwich (bread-based assembled sandwich) has no equivalent in Japanese composition table; all candidates are fried/breaded dishes or Asian preparations with fundamentally different nutrient profiles and preparation methods,,Fast Foods
high,170313,"Fast foods, submarine sandwich, bacon, lettuce, and tomato on white bread",False,True,"BLT sandwich is a distinctly American fast food concept with no equivalent in Japanese food composition table; candidates are mostly fried dishes (fries, croquettes, meatballs) with incompatible nutrient profiles, particularly higher fat and lower carbohydrates than the bread-based sandwich",,Fast Foods
high,170315,"SUBWAY, cold cut sub on white bread with lettuce and tomato",False,True,Subway cold cut sub is a distinctive American sandwich with specific bread-meat-vegetable composition that doesn't match any Japanese prepared dish candidates; energy content (896 kcal/100g) is exceptionally high due to bread base and far exceeds all Japanese options which are individual components or dishes with different composition ratios,,Fast Foods
high,170316,"SUBWAY, tuna sub on white bread with lettuce and tomato",False,True,"Subway tuna sub is a fresh sandwich with bread, tuna, vegetables, and minimal cooking; no Japanese table entry matches this fresh assembled sandwich concept - all candidates are fried/cooked processed dishes (fritters, croquettes, hamburg, dumplings) with fundamentally different preparation methods and nutrient profiles",,Fast Foods
high,170317,"Pizza, cheese topping, regular crust, frozen, cooked",False,True,"Frozen cheese pizza is a distinctly American processed food with no direct Japanese equivalent; all candidates are either different food categories (fried items, croquettes, dumplings) or have substantially lower energy (139-273 kcal vs 1120 kcal) and nutrient profiles that don't match a cooked pizza product",,Fast Foods
high,170326,"WENDY'S, Frosty Dairy Dessert",False,True,"Wendy's Frosty is a frozen dairy dessert (soft-serve ice cream) with no nutritional equivalent in the Japanese table; candidates are savory fried/cooked dishes, not desserts, making this truly a no-match situation",,Fast Foods
high,170327,"BURGER KING, french fries",False,True,"French fries are a specific fried potato product with unique nutrient profile (1170 kcal/100g, high carbs 38.7g, moderate fat 12.5g); no Japanese table entry matches fried potatoes, all candidates are breaded/filled fried foods with much lower energy density and different macronutrient ratios",,Fast Foods
high,170333,"TACO BELL, Soft Taco with beef, cheese and lettuce",False,True,"Soft taco is a distinctly Mexican-American fast food item with no Japanese culinary equivalent; nutrient profile (860 kcal/100g) is significantly higher than all Japanese candidates, reflecting the fried tortilla and American preparation style unique to US fast food culture",,Fast Foods
high,170334,"TACO BELL, BURRITO SUPREME with chicken",False,True,"Burrito Supreme is a uniquely American Tex-Mex fast food item with no direct Japanese equivalent; candidates are all Asian prepared dishes (fried items, dumplings, curries) that don't match the burrito concept or nutrient profile (US item has 750kcal/100g while all candidates are 100-300kcal/100g, reflecting different food types)",,Fast Foods
high,170336,"TACO BELL, Nachos",False,True,"Taco Bell Nachos is a uniquely American Tex-Mex fast food item with no direct Japanese equivalent; energy density (1470 kcal/100g) is 3-10x higher than all candidates due to fried tortilla chips base, and nutrient profile doesn't match processed Japanese dishes which are lower in calories and fat",,Fast Foods
high,170339,"KFC, biscuit",False,True,"KFC biscuit is a buttery, flaky American quick-service bakery item with very high energy (1500 kcal/100g) and salt (2.718g/100g) that doesn't match any Japanese prepared dish candidates; closest items are fried/breaded foods with only 140-300 kcal/100g, making this distinctly American processed bakery product with no Japanese equivalent",,Fast Foods
high,170340,"KFC, Coleslaw",False,True,"KFC Coleslaw is a raw vegetable salad with mayonnaise-based dressing; no Japanese table entry matches this concept (all candidates are cooked/processed dishes like croquettes, curries, soups, or stir-fries with fundamentally different composition and preparation)",,Fast Foods
high,170342,"KFC, Fried Chicken, ORIGINAL RECIPE, Wing, meat only, skin and breading removed",False,True,"KFC fried chicken wing (904kcal, 28.6g protein, 10.5g fat per 100g) is significantly higher in energy and protein than all Japanese candidates; the closest entries (白身フライ, えびフライ, いかフライ) are only 227-299kcal and represent breaded frozen prepared foods rather than cooked poultry meat, making no adequate match available",,Fast Foods
high,170343,"KFC, Fried Chicken, EXTRA CRISPY, Skin and Breading",False,True,"KFC Extra Crispy Fried Chicken (464 kcal, 36.6g fat, 22.5g carbs per 100g) has uniquely high fat and carbohydrate content from breading/skin that exceeds all Japanese fried food candidates (max 299 kcal, 17.7g fat); no nutritionally comparable match exists in the Japanese food composition table",,Fast Foods
high,170344,"KFC, Fried Chicken, EXTRA CRISPY, Breast, meat only, skin and breading removed",False,True,"KFC fried chicken breast (meat only, skin/breading removed) is a specific prepared meat product with 642kcal and 27.2g protein per 100g - significantly higher in energy and protein than all Japanese candidates which are composite dishes (1-25) with breading, fillings, or sauces that lower protein concentration and raise carbs; no Japanese table entry matches deboned, cooked chicken meat alone",,Fast Foods
high,170351,"POPEYES, Fried Chicken, Mild, Thigh, meat only, skin and breading removed",False,True,"US item is fried chicken thigh (meat only, skin/breading removed) at 785 kcal/100g with high protein (24.3g) and moderate fat (9.66g); Japanese candidates are all processed dishes with much lower energy density (139-299 kcal) and incompatible macronutrient profiles; no nutritionally comparable match exists in the table",,Fast Foods
high,170352,"POPEYES, Fried Chicken, Mild, Wing, meat only, skin and breading removed",False,True,"Popeyes fried chicken wing (meat only, skin/breading removed) at 888kcal/100g is a cooked poultry product with high protein (28.9g) and moderate fat (9.42g); no Japanese table entry matches this nutrient profile—candidates are either processed dishes with breading/fillings (lower protein, higher carbs) or frozen pre-cooked items with different compositions, making this US fast-food product without adequate Japanese equivalent.",,Fast Foods
high,170354,"POPEYES, Fried Chicken, Mild, Drumstick, meat and skin with breading",False,True,"Fried chicken drumstick (1230 kcal/100g) is significantly higher in energy than all Japanese candidates (max 425 kcal/100g); the US item appears to be as-served with breading/oil, while Japanese entries are cooked weights, making direct comparison impossible",,Fast Foods
high,170355,"Yogurt parfait, lowfat, with fruit and granola",False,True,"Yogurt parfait with fruit and granola is a distinctly American/Western breakfast item with no equivalent in Japanese food composition table; all candidates are cooked dishes (fried foods, soups, stir-fries, dumplings) with fundamentally different preparation methods and nutrient profiles",,Fast Foods
high,170360,"Fast Foods, Fried Chicken, Wing, meat and skin and breading",False,True,"Fried chicken wing (1300 kcal/100g, 20.1g fat, 11.2g carb) is a cooked fast food item with much higher energy density than all Japanese candidates which are either raw/frozen products (100-300 kcal) or prepared dishes at serving portions; no nutritionally comparable match exists",,Fast Foods
high,170361,"DIGIORNO Pizza, cheese topping, cheese stuffed crust, frozen, baked",False,True,"Cheese pizza is a Western staple food but no Japanese composition table entry exists for pizza or cheese-based baked dishes; closest candidates (fried items, croquettes, hamburg) are fundamentally different in preparation method and composition",,Fast Foods
high,170362,"DIGIORNO Pizza, cheese topping, rising crust, frozen, baked",False,True,"Frozen cheese pizza is a distinctly American convenience food with no direct Japanese equivalent in the table; all candidates are either fried items, croquettes, or Asian dishes with fundamentally different composition profiles and preparation methods",,Fast Foods
high,170363,"DIGIORNO Pizza, supreme topping, rising crust, frozen, baked",False,True,"DiGiorno frozen pizza is a highly processed American convenience food with no direct Japanese equivalent in the table; closest candidates (fried foods, croquettes) have significantly different nutrient profiles and food structure (pizza is bread-based with toppings, not breaded/fried items)",,Fast Foods
high,170364,"DIGIORNO Pizza, supreme topping, thin crispy crust, frozen, baked",False,True,"DiGiorno frozen pizza (1070 kcal/100g, baked) has no nutritionally comparable match; candidates are all significantly lower calorie prepared dishes (139-299 kcal/100g), lacking pizza's characteristic high energy density from crust, cheese, and toppings combined",,Fast Foods
high,170366,"Fast Food, Pizza Chain, 14"" pizza, sausage topping, thin crust",False,True,"Pizza is a uniquely Italian-American fast food item with no direct Japanese equivalent in the composition table; all candidates are either fried items, dumplings, or other prepared dishes with significantly different nutrient profiles and food compositions than pizza with sausage topping.",,Fast Foods
high,170367,"Fast Food, Pizza Chain, 14"" pizza, sausage topping, regular crust",False,True,"Pizza is a distinctly American fast food preparation with no direct Japanese equivalent in the table; closest candidates (croquettes, fried items) differ significantly in protein (11.5g vs 5-10g), carbs (30.6g vs 19-25g), and overall composition, making none nutritionally representative",,Fast Foods
high,170369,"PIZZA HUT 14"" Pepperoni Pizza, THIN 'N CRISPY Crust",False,True,"Pizza is a distinctly Italian-American fast food with no equivalent in Japanese food composition table; candidates are all fried items, croquettes, or Asian dumplings with fundamentally different composition (protein 5-15g vs 14.1g, carbs 4-30g vs 32.7g, salt 0.5-1.4g vs 2.456g)",,Fast Foods
high,170370,"DOMINO'S 14"" Pepperoni Pizza, Crunchy Thin Crust",False,True,"Pizza is a uniquely Italian-American fast food item with no direct equivalent in Japanese food composition tables; all candidates are fried foods, croquettes, or Asian dishes with fundamentally different nutritional profiles and preparation methods",,Fast Foods
high,170372,"PIZZA HUT 14"" Sausage Pizza, Pan Crust",False,True,"Pizza is a Western dish not traditionally found in Japanese food composition tables; all candidates are either fried foods, croquettes, dumplings, or curries with significantly lower energy density (139-299 kcal vs 1200 kcal per 100g) and different nutrient profiles, making none suitable matches",,Fast Foods
high,170373,"Pizza, cheese topping, thin crust, frozen, cooked",False,True,"Frozen cheese pizza is a distinctly American processed food product with no direct Japanese equivalent in the composition table; all candidates are either unfrozen prepared dishes, different food categories (fried foods, croquettes, dumplings), or significantly lower energy/nutrient density than the US item",,Fast Foods
high,170376,"Beet greens, cooked, boiled, drained, without salt",False,True,"Beet greens (cooked, boiled) have distinctively high energy (115kcal), carbs (5.46g), and potassium (909mg) compared to all candidates; no Japanese leafy green vegetable matches this nutrient profile, and beet greens are not a traditional Japanese food item",,Vegetables and Vegetable Products
high,170378,"Broadbeans, immature seeds, cooked, boiled, drained, without salt",False,True,"Broadbeans (fava beans) are legumes with high protein (4.8g) and fiber (3.6g), but all candidates are vegetables (corn, leeks, beets, etc.) with significantly lower protein; no legume entries available in the Japanese table to match this food category",,Vegetables and Vegetable Products
high,170381,"Broccoli raab, raw",False,True,"Broccoli raab is a cruciferous leafy green vegetable with ~92kcal and 3.17g protein per 100g raw; no Japanese table entry matches this energy level, protein content, or botanical category (all candidates are either much lower energy leafy greens, legume sprouts, or corn varieties)",,Vegetables and Vegetable Products
high,170382,"Broccoli raab, cooked",False,True,"Broccoli raab (rapini) is a cruciferous green with higher energy (104kcal), protein (3.83g), and fiber (2.8g) than all candidates; closest conceptual matches (broccoli-like vegetables) show much lower nutritional values, indicating no adequate Japanese table entry for cooked rapini",,Vegetables and Vegetable Products
high,170383,"Brussels sprouts, raw",False,True,"Brussels sprouts (Brassica oleracea var. gemmifera) is a distinct cruciferous vegetable not represented in the Japanese food composition table; while cabbage and cauliflower are listed, none match the characteristic higher protein (3.38g), fiber (3.8g), vitamin C (85mg), and energy (43kcal) profile of raw Brussels sprouts",,Vegetables and Vegetable Products
high,170384,"Burdock root, cooked, boiled, drained, without salt",False,True,"Burdock root (ごぼう) boiled is a common Japanese vegetable, but none of the candidates match it—the energy value of 369kcal is exceptionally high for a boiled vegetable and inconsistent with typical burdock composition; the closest Japanese equivalent would be ごぼう/牛蒡 but no such entry exists in the provided table.",,Vegetables and Vegetable Products
high,170392,"Cabbage, kimchi",False,True,"Kimchi is a Korean fermented cabbage dish with no direct equivalent in the Japanese food composition table; the high salt (1.265g), moderate energy (65kcal), and fermented vegetable nature don't match any listed entries which are either fresh vegetables, boiled vegetables, or Japanese pickles with different nutritional profiles",,Vegetables and Vegetable Products
high,170393,"Carrots, raw",False,True,"Raw carrots (173 kcal, 9.58g carbs, 835μg VitA per 100g) have no close match in the provided Japanese table; candidates are mostly leafy greens, sprouts, and legumes with 13-50 kcal and minimal carbohydrates, making them nutritionally incompatible",,Vegetables and Vegetable Products
high,170394,"Carrots, cooked, boiled, drained, without salt",False,True,"Cooked carrots are a common global vegetable, but no Japanese table entry matches the nutrient profile (E=35kcal, high carbs=8.22g, fiber=3.0g, VitA=852μg); all candidates are either leafy greens, sprouts, or other vegetables with significantly lower energy and carbohydrate content",,Vegetables and Vegetable Products
high,170395,"Carrots, canned, regular pack, solids and liquids",False,True,"Canned carrots have distinctly higher carbohydrates (5.37g), fiber (1.8g), vitamin A (613μg), and potassium (173mg) than all candidates; no Japanese entry matches the carrot nutrient profile, particularly the elevated beta-carotene/vitamin A content characteristic of carrots",,Vegetables and Vegetable Products
high,170396,"Carrots, canned, regular pack, drained solids",False,True,"Canned carrots (105 kcal, 5.54g carbs, 558μg VitA, 0.615g salt) have no nutritionally similar match in Japanese table; all candidates are leafy greens, sprouts, or tomato products with 13-41 kcal and minimal carbs, lacking the characteristic carrot nutrient profile",,Vegetables and Vegetable Products
high,170406,"Collards, raw",False,True,"Collards are a leafy green cruciferous vegetable with 133kcal and high fiber (4.0g), calcium (232mg), and vitamin C (35.3mg) per 100g raw. All Japanese candidates are either cooked preparations, legume pods, or have drastically lower energy (19-35kcal) and nutrients, making none nutritionally comparable to raw collards.",,Vegetables and Vegetable Products
high,170408,"Collards, frozen, chopped, unprepared",False,True,"Collards are a leafy green vegetable with distinctive nutritional profile (high fiber 3.6g, moderate carbs 6.46g, high calcium 201mg); no Japanese candidate matches this profile - closest candidates (asparagus, leafy vegetables) all have significantly lower fiber, carbs, and calcium levels typical of tender shoots rather than hardy greens",,Vegetables and Vegetable Products
high,170414,"Onion rings, breaded, par fried, frozen, unprepared",False,True,"Breaded and par-fried onion rings are a distinctly American processed food product with no equivalent in Japanese food composition tables; Japanese onion preparations (entry 1) are oil-sautéed without breading and have vastly different nutrient profiles (208 kcal vs 258 kcal, 6.4g fat vs 14.1g fat), and no other candidates match the concept of breaded fried vegetable rings.",,Vegetables and Vegetable Products
high,170415,"Onion rings, breaded, par fried, frozen, prepared, heated in oven",False,True,"Onion rings are a breaded and deep-fried processed vegetable product with high energy (1160 kcal/100g) from added breading and oil; no Japanese table entry matches this high-calorie fried preparation - closest onion entry (option 22) is plain sautéed onion at 100 kcal/100g, representing fundamentally different food preparation and nutritional profile",,Vegetables and Vegetable Products
high,170416,"Parsley, fresh",False,True,"Parsley is a leafy herb with high protein (2.97g), iron (6.2mg), vitamin C (133mg), and vitamin A (421μg) per 100g fresh; no Japanese vegetable candidates match this nutrient profile - all candidates are significantly lower in energy, protein, and micronutrients, being mostly water-rich vegetables rather than protein-rich herbs",,Vegetables and Vegetable Products
high,170417,"Parsnips, raw",False,True,"Parsnips are a European root vegetable with high carbohydrate content (18g/100g) and moderate energy (314kcal); no Japanese candidate matches this profile - closest options (daikon, renkon, lily bulb) are either much lower in carbs/energy or have different nutrient compositions, making parsnips effectively absent from the Japanese food composition table",,Vegetables and Vegetable Products
high,170418,"Peas, edible-podded, frozen, cooked, boiled, drained, without salt",False,True,"US item is edible-podded peas (snow peas/sugar snap peas) - a distinct legume vegetable product not represented in the Japanese table which contains only corn, onion, leek, and other non-legume vegetables; no nutritionally or conceptually similar match available",,Vegetables and Vegetable Products
high,170421,"Peas, green, canned, regular pack, solids and liquids",False,True,"US canned green peas (241 kcal, 3.01g protein, 10.6g carbs) have no nutritionally similar match in the Japanese table; closest candidates are corn products (78-125 kcal) which are botanically and nutritionally distinct, making NO_MATCH the appropriate choice",,Vegetables and Vegetable Products
high,170422,"Peas, mature seeds, sprouted, raw",False,True,"Sprouted mature peas are a specific legume sprout product with 519kcal energy and 27.1g carbs that does not match any Japanese table entry; closest candidates (green peas, broad beans) are immature pods with <15g carbs and <105kcal, representing fundamentally different products",,Vegetables and Vegetable Products
high,170424,"Peas and carrots, canned, regular pack, solids and liquids",False,True,"Canned peas and carrots is a mixed vegetable product with moderate energy (38 kcal), protein (2.17g), and carbs (8.48g) that doesn't match any single Japanese vegetable entry; all candidates are either individual vegetables with significantly different nutrient profiles or processed juices, lacking the characteristic composition of a legume-vegetable blend.",,Vegetables and Vegetable Products
high,170426,"Peppers, hot chili, green, canned, pods, excluding seeds, solids and liquids",False,True,"Canned green chili peppers have distinctly high vitamin C (68mg), low energy (88kcal), and high salt (2.97g) from processing; no Japanese table entry matches this nutritional profile - Japanese candidates are all low-energy vegetables (<30kcal) with minimal vitamin C, making chili peppers nutritionally incomparable to available options",,Vegetables and Vegetable Products
high,170431,Poi,False,True,"Poi is a Hawaiian starch staple (taro root paste) with 112kcal and 27.2g carbs per 100g; no Japanese vegetable candidate matches this high-carb, low-protein profile—all candidates are low-calorie vegetables (3-25kcal) with minimal carbs, making them nutritionally and conceptually incompatible.",,Vegetables and Vegetable Products
high,170434,"Potatoes, white, flesh and skin, baked",False,True,"Baked white potato (92 kcal, 21.1g carbs, 544mg K) has no nutritionally similar match in the Japanese table; closest candidates (sweet corn boiled at 95 kcal, lotus root boiled at 66 kcal) are botanically and compositionally distinct, and potatoes are not traditionally listed in 八訂 vegetable sections",,Vegetables and Vegetable Products
high,170435,"Potatoes, red, flesh and skin, baked",False,True,"Baked red potatoes (362 kcal, 19.6g carbs, 545mg K) have no close match in Japanese table; candidates are mostly corn, lotus root, and other vegetables with significantly different energy and nutrient profiles",,Vegetables and Vegetable Products
high,170436,"Potatoes, french fried, crinkle or regular cut, salt added in processing, frozen, as purchased",False,True,"Frozen french fried potatoes are a processed American food product with no direct Japanese equivalent in the table; closest candidates (corn, root vegetables) differ substantially in energy (146 vs 82-128 kcal), macronutrient composition, and preparation method",,Vegetables and Vegetable Products
high,170437,"Potatoes, french fried, crinkle or regular cut, salt added in processing, frozen, oven-heated",False,True,"Frozen french fries are a processed American food product with no equivalent in Japanese food composition table; candidates are all fresh/pickled vegetables or corn with vastly different nutrient profiles (energy 11-208 kcal vs 161 kcal, salt 0-2.5g vs 0.993g, carbs mostly missing data)",,Vegetables and Vegetable Products
high,170438,"Potatoes, boiled, cooked in skin, flesh, without salt",False,True,"Boiled potatoes are a common global vegetable, but no Japanese composition table entry for potatoes (じゃがいも) exists among the candidates; all entries are other vegetables with significantly different nutrient profiles and caloric content",,Vegetables and Vegetable Products
high,170439,"Potatoes, boiled, cooked in skin, skin, without salt",False,True,"Boiled potato skin is a starchy tuber vegetable preparation; no Japanese candidate matches potatoes (jagaimo) - all options are corn, leafy greens, root vegetables, or other non-potato items with incompatible nutrient profiles",,Vegetables and Vegetable Products
high,170441,"Potatoes, microwaved, cooked in skin, flesh, without salt",False,True,"Microwaved cooked potatoes (100kcal, 23.3g carbs, 2.1g protein) have no nutritionally similar match in the provided Japanese table; all candidates are low-calorie vegetables (6-82kcal) with minimal carbohydrates, making potatoes a food category not represented in this selection.",,Vegetables and Vegetable Products
high,170442,"Potatoes, au gratin, home-prepared from recipe using butter",False,True,"Potatoes au gratin is a cheese-based dairy potato dish; no Japanese candidates include potatoes or dairy products, making this a cuisine-specific preparation with no equivalent in the provided Japanese food composition table.",,Vegetables and Vegetable Products
high,170443,"Potatoes, canned, solids and liquids",False,True,"Canned potatoes (starchy tuber, processed/canned preparation) have no nutritionally or conceptually similar match in the Japanese table; all candidates are low-energy vegetables (6-82 kcal) with vastly different macronutrient profiles, and potatoes are not traditional Japanese vegetables in their food composition database",,Vegetables and Vegetable Products
high,170445,"Potatoes, mashed, dehydrated, flakes without milk, dry form",False,True,"Dehydrated potato flakes are a processed convenience food with extremely high energy density (1480 kcal/100g) and carbohydrate content (81.2g); no Japanese vegetable composition table entry matches this dehydrated, processed potato product profile—all candidates are fresh/pickled vegetables with vastly lower energy values (23-306 kcal/100g)",,Vegetables and Vegetable Products
high,170446,"Potatoes, mashed, dehydrated, prepared from flakes without milk, whole milk and butter added",False,True,"Mashed potatoes with milk and butter are a prepared starch dish not represented in Japanese vegetable table; all candidates are raw or simply cooked vegetables with vastly different nutrient profiles (10-100 kcal vs 97 kcal, minimal fat vs 5.13g fat, no dairy content)",,Vegetables and Vegetable Products
high,170447,"Potatoes, au gratin, dry mix, unprepared",False,True,"Potatoes au gratin dry mix is a processed potato side dish with dairy components; Japanese table lacks processed potato products, instant mixes, or potato-based prepared dishes - no nutritionally or conceptually comparable match exists",,Vegetables and Vegetable Products
high,170448,"Potatoes, au gratin, dry mix, prepared with water, whole milk and butter",False,True,"Potatoes au gratin is a prepared dish with potatoes, milk, butter, and cheese - a composite processed food not found in Japanese food composition table; candidates are all raw or minimally processed vegetables with vastly different nutrient profiles (7-82 kcal vs 93 kcal, minimal fat vs 4.12g fat, no dairy/starch combination match)",,Vegetables and Vegetable Products
high,170449,"Potatoes, scalloped, dry mix, unprepared",False,True,"Scalloped potato dry mix is a processed American convenience food with high starch, added salt/fat, and specific nutrients (358 kcal, 73.9g carbs, 4.0g salt) that don't match any Japanese vegetable side dish in the table; no Japanese equivalent exists for this type of instant potato preparation",,Vegetables and Vegetable Products
high,170450,"Potatoes, scalloped, dry mix, prepared with water, whole milk and butter",False,True,Scalloped potatoes is a prepared potato dish with milk and butter; no Japanese composition table entry matches this cooked potato preparation - all candidates are fresh/pickled vegetables with vastly lower energy (6-82 kcal vs 93 kcal) and different macronutrient profiles,,Vegetables and Vegetable Products
high,170451,"Potatoes, french fried, shoestring, salt added in processing, frozen, as purchased",False,True,"French fried potatoes are a processed frozen potato product with high energy (683kcal) and moderate carbs (25.6g), but no Japanese composition table entry matches this specific preparation; all candidates are either traditional Japanese vegetables, pickled items, or corn preparations with significantly lower energy values and different nutrient profiles",,Vegetables and Vegetable Products
high,170452,"Potatoes, french fried, shoestring, salt added in processing, frozen, oven-heated",False,True,"Frozen oven-heated french fries are a distinctly American processed food with no equivalent in Japanese food composition tables; no candidates match the potato base, frying preparation method, or processed frozen format.",,Vegetables and Vegetable Products
high,170454,"Potatoes, o'brien, frozen, prepared",False,True,"Potatoes O'Brien is a frozen prepared dish with specific American preparation (diced potatoes with peppers/onions, fried); no Japanese table entry matches both the potato base with oil-frying preparation and the nutrient profile (204 kcal, 13.2g fat, 21.9g carbs) - closest candidates (onion fries at 208 kcal, 6.4g fat) differ significantly in fat content and lack potato as main ingredient",,Vegetables and Vegetable Products
high,170455,"Taro, tahitian, cooked, without salt",False,True,"Tahitian taro is a tropical root vegetable with high carbohydrate (6.85g), moderate protein (4.16g), and distinctly high potassium (623mg) and vitamin C (38mg) content. No Japanese table entry matches this nutritional profile; candidates like ゆりね (119kcal), むかご (87kcal), and れんこん (66kcal) are too energy-dense, while leafy vegetables are too low in protein and carbs for taro composition.",,Vegetables and Vegetable Products
high,170456,"Tomatoes, green, raw",False,True,"Green tomatoes are a specific US preparation with 95kcal and 5.1g carbs; no Japanese table entry exists for unripe/green tomatoes (only yellow tomato at 18kcal), and all candidates are nutritionally incompatible root vegetables and other produce",,Vegetables and Vegetable Products
high,170457,"Tomatoes, red, ripe, raw, year round average",False,True,"Tomatoes are a globally common vegetable but absent from the provided Japanese food composition table; all candidates are root vegetables, gourds, or other produce with significantly lower energy (13-34 kcal vs 74 kcal) and carbohydrate content",,Vegetables and Vegetable Products
high,170458,"Tomato juice, canned, with salt added",False,True,"Tomato juice is a processed beverage product; all candidates are raw or simply cooked whole vegetables with drastically lower energy (13-78 kcal vs 72 kcal), no sodium content listed (vs 0.643g salt), and fundamentally different food category - no nutritionally or conceptually equivalent match exists in the Japanese table",,Vegetables and Vegetable Products
high,170459,"Tomato products, canned, paste, without salt added (Includes foods for USDA's Food Distribution Program)",False,True,"Tomato paste is a concentrated processed tomato product with no equivalent in the Japanese food composition table; candidates are all whole vegetables (bulbs, tubers, legumes) with completely different nutrient profiles and food concepts",,Vegetables and Vegetable Products
high,170460,"Tomato products, canned, puree, without salt added",False,True,"Tomato puree is a concentrated tomato product with no direct Japanese equivalent in the provided table; all candidates are different vegetables (onion, corn, lotus root, beet, leek, etc.) with substantially different nutrient profiles and food concepts",,Vegetables and Vegetable Products
high,170461,Tomato powder,False,True,"Tomato powder is a concentrated dried vegetable product with high carbs (74.7g), fiber (16.5g), and potassium (1930mg) per 100g, but no Japanese candidate matches this nutritional profile—all candidates are fresh or minimally processed vegetables with 25-283 kcal and much lower carbohydrate content; dried tomato powder is a modern processed ingredient without a traditional Japanese equivalent in the composition table.",,Vegetables and Vegetable Products
high,170462,"Tomato products, canned, sauce, with onions, green peppers, and celery",False,True,"US item is a processed tomato sauce with multiple vegetables (onions, peppers, celery); Japanese table lacks canned tomato sauce products and candidates are all fresh/raw vegetables with energy 6-38 kcal vs 41 kcal, making no suitable match available",,Vegetables and Vegetable Products
high,170463,"Tomato products, canned, sauce, with tomato tidbits",False,True,Canned tomato sauce with tidbits is a processed tomato product with added salt and carbohydrates that doesn't match any fresh vegetable entries in the Japanese table; no canned tomato products are available in the candidates provided,,Vegetables and Vegetable Products
high,170464,"Tree fern, cooked, without salt",False,True,"Tree fern (fiddle heads) is a tropical/subtropical plant with no nutritionally or conceptually similar entry in Japanese food composition table; closest candidates (bamboo shoots, lotus root) differ significantly in nutrient profile and botanical origin",,Vegetables and Vegetable Products
high,170466,"Turnip greens, cooked, boiled, drained, without salt",False,True,"Turnip greens (cooked leafy green) with 84kcal, 1.14g protein, 3.5g fiber, and high Ca/Fe/VitA has no nutritionally or conceptually similar match; all candidates are either young pods/shoots (much lower energy/nutrients) or non-leafy vegetables, lacking the nutritional density and fiber profile of cooked leafy greens.",,Vegetables and Vegetable Products
high,170467,"Turnip greens, canned, solids and liquids",False,True,"Turnip greens are a dark leafy green with distinctive nutrient profile (high Ca=118mg, Fe=1.51mg, VitA=179μg); no Japanese candidate matches this mineral-rich leafy green profile - candidates are mostly pale/mild vegetables (hakusai, lettuce, moyashi) with significantly lower calcium and iron",,Vegetables and Vegetable Products
high,170469,"Turnip greens, frozen, cooked, boiled, drained, without salt",False,True,"Turnip greens are a leafy cruciferous vegetable with notably high protein (3.35g), calcium (152mg), and vitamin A (538μg); no Japanese candidate matches this nutrient profile—the closest candidates (taranoume, asatsuki) have similar energy but lack the calcium richness and overall nutrient density characteristic of turnip greens, a non-traditional Japanese vegetable.",,Vegetables and Vegetable Products
high,170471,"Vegetables, mixed, frozen, unprepared",False,True,"US frozen mixed vegetables (blend of multiple vegetable types, unprepared/raw state) has no direct equivalent in Japanese table; closest candidates are single-vegetable preparations (corn, eggplant, onion) or cooked preparations, none matching the mixed composition and unprepared frozen state",,Vegetables and Vegetable Products
high,170479,"Beets, harvard, canned, solids and liquids",False,True,"Harvard beets are a distinctly American pickled beet preparation with vinegar and sugar; no Japanese candidates match the sweet-sour pickled beet concept or nutrient profile (73 kcal, 18.2g carbs with high sugar content from the harvard sauce)",,Vegetables and Vegetable Products
high,170483,"Drumstick pods, raw",False,True,"Drumstick pods (Moringa oleifera) are a tropical legume vegetable with no direct Japanese equivalent; nutrient profile (37 kcal, 2.1g protein, 8.53g carbs, 141mg VitC) doesn't match any provided Japanese vegetables which are mostly low-energy brassicas and peppers",,Vegetables and Vegetable Products
high,170485,"Leeks, (bulb and lower-leaf portion), freeze-dried",False,True,"Freeze-dried leeks have no direct equivalent in Japanese food composition table; closest candidates (のびる, エシャレット) are fresh allium vegetables with 10-20x lower energy/nutrient density, reflecting the fundamental difference between freeze-dried and fresh forms",,Vegetables and Vegetable Products
high,170487,"Squash, summer, all varieties, raw",False,True,Summer squash (zucchini/yellow squash) has significantly higher energy (69 vs 15-25 kcal) and carbohydrates (3.35g) than all candidates; no Japanese table entry matches this nutrient profile despite being a common global vegetable,,Vegetables and Vegetable Products
high,170489,"Squash, winter, all varieties, raw",False,True,"Winter squash (143kcal, 8.59g carb, 68μg VitA) is a starchy winter vegetable with no close match in candidates;候補5 (somen squash, 25kcal) is too low in energy and likely a different squash variety, while other candidates are alliums, leafy vegetables, or root vegetables with distinct nutrient profiles",,Vegetables and Vegetable Products
high,170490,"Squash, winter, all varieties, cooked, baked, without salt",False,True,"Winter squash (baked, high energy 154kcal, carbs 8.85g, fiber 2.8g, vitamin A 261μg) has no close match in Japanese table; candidates are mostly low-calorie vegetables or oil-fried items with different nutrient profiles than cooked squash",,Vegetables and Vegetable Products
high,170491,"Carrot juice, canned",False,True,"Carrot juice is a processed beverage product not represented in the Japanese table; candidates are all whole vegetables or different juice types with substantially different nutrient profiles (lower energy, carbs, and vitamin A content than carrot juice)",,Vegetables and Vegetable Products
high,170493,"Potatoes, mashed, home-prepared, whole milk added",False,True,"Mashed potatoes with whole milk is a prepared potato dish not found in Japanese food composition table; all candidates are either non-potato vegetables, pickled items, or corn products with fundamentally different nutrient profiles and preparation methods",,Vegetables and Vegetable Products
high,170495,"Seaweed, spirulina, dried",False,True,"Spirulina is a cyanobacterium with unique nutrient profile (57.5g protein, 28.5mg iron, 1360mg potassium per 100g dried) that far exceeds all vegetable candidates; no Japanese seaweed/algae product in the provided table matches its composition or food category",,Vegetables and Vegetable Products
high,170496,"Seaweed, wakame, raw",False,True,"Wakame is a sea vegetable (seaweed) with unique nutritional profile (high carbs 9.14g, moderate protein 3.03g, salt 2.215g, minerals); no Japanese table entry matches seaweed/海藻 category - all 25 candidates are land vegetables with vastly different compositions and lower energy/nutrients.",,Vegetables and Vegetable Products
high,170499,"Shallots, raw",False,True,"Shallots (Allium cepa var. aggregatum) are a distinct allium species not represented in Japanese table; closest onion entries (candidates 1, 10) are cooked/fried preparations with significantly different energy and nutrient profiles from raw shallots' 301kcal and 16.8g carbs",,Vegetables and Vegetable Products
high,170500,"Carrot, dehydrated",False,True,"Dehydrated carrot is a common vegetable product globally, but no Japanese composition table entry matches its unique nutrient profile (341kcal, high carbs 79.6g, high fiber 23.6g, high potassium 2540mg, high vitamin A 3420μg); all candidates are fresh/pickled vegetables with 12-291kcal and fundamentally different compositions",,Vegetables and Vegetable Products
high,170503,"Mustard greens, cooked, boiled, drained, with salt",False,True,"Mustard greens (cooked, boiled with salt) has no equivalent in Japanese food composition table; all candidates are either bean sprouts, legumes, leafy greens (lettuce, ferns), or other vegetables with significantly lower energy (13-54 kcal) and different nutrient profiles than the target's 110 kcal with higher carbohydrates and minerals typical of Asian mustard greens",,Vegetables and Vegetable Products
high,170504,"Mustard greens, frozen, cooked, boiled, drained, with salt",False,True,"Mustard greens (Brassica juncea) are a leafy cruciferous vegetable with no direct Japanese equivalent in the provided table; all candidates are either bean sprouts, asparagus, lettuce, or other vegetables with significantly different nutrient profiles and botanical families.",,Vegetables and Vegetable Products
high,170505,"Mustard spinach, (tendergreen), cooked, boiled, drained, with salt",False,True,"Mustard spinach (tendergreen) is an Asian leafy green with no direct equivalent in the Japanese food composition table; candidates provided are all peppers, peas, melons, and other vegetables with significantly different nutritional profiles (especially lower energy, protein, calcium, and vitamin C compared to the cooked mustard spinach entry)",,Vegetables and Vegetable Products
high,170509,"Peas, edible-podded, cooked, boiled, drained, with salt",False,True,"Edible-podded peas (snow peas/sugar snap peas) are not adequately represented in the provided Japanese table; all candidates are either cruciferous vegetables, root vegetables, corn, or other unrelated items with significantly different nutrient profiles (energy ranges 15-100 kcal vs. 166 kcal for the US item)",,Vegetables and Vegetable Products
high,170510,"Peas, edible-podded, frozen, cooked, boiled, drained, with salt",False,True,"Edible-podded peas (sugar snap/snow peas) are a specific vegetable not represented in the Japanese table; candidates are primarily corn, onion, and other unrelated vegetables with significantly different nutrient profiles (corn entries show ~89-125 kcal vs 208 kcal, and lack the protein/fiber match of peas)",,Vegetables and Vegetable Products
high,170511,"Peas, mature seeds, sprouted, cooked, boiled, drained, with salt",False,True,"Sprouted mature peas (豆もやし or 豆スプラウト) are not represented in the provided Japanese food composition table; candidates are either different vegetables (corn, garlic, eggplant) or legumes with different nutrient profiles (peanuts, broad beans have higher fat/different carbs), making NO_MATCH the most appropriate choice.",,Vegetables and Vegetable Products
high,170512,"Peas and carrots, canned, no salt added, solids and liquids",False,True,"Peas and carrots mixed vegetable blend (38 kcal, 8.48g carbs, 3.3g fiber, high K and VitA) has no nutritionally comparable match; Japanese candidates are all single-vegetable items with lower energy/carbs and different nutrient profiles",,Vegetables and Vegetable Products
high,170513,"Peas and carrots, frozen, cooked, boiled, drained, with salt",False,True,Peas and carrots is a mixed vegetable blend (legume + root vegetable) with relatively high energy (201 kcal) and carbohydrates (10.1g) from both components; no Japanese composition table entry matches this specific combination or nutritional profile—individual pea/carrot entries would be needed but don't exist as a prepared mixed dish in the provided candidates.,,Vegetables and Vegetable Products
high,170514,"Peas and onions, frozen, cooked, boiled, drained, with salt",False,True,Peas and onions is a mixed vegetable dish with distinct carbohydrate (8.63g) and fiber (2.2g) profile characteristic of peas; no Japanese table entry combines peas with onions or matches the nutrient composition of this cooked legume-vegetable mixture.,,Vegetables and Vegetable Products
high,170519,"Potatoes, boiled, cooked in skin, skin, with salt",False,True,"US item is boiled potato skin (starchy tuber vegetable), but Japanese table lacks potato entries; all candidates are either corn, pickles, or non-starchy vegetables with mismatched nutrient profiles",,Vegetables and Vegetable Products
high,170520,"Potatoes, boiled, cooked without skin, flesh, with salt",False,True,"Boiled potatoes (86 kcal, 20g carbs, 328mg K) are a common staple vegetable globally and should have a Japanese equivalent, but none of the candidates match - they are all either low-energy leafy vegetables, pickled items, or specialty vegetables; the closest nutritionally is lotus root boiled (66 kcal, 13.9g carbs) but potatoes are distinctly different and deserve proper representation in the Japanese table",,Vegetables and Vegetable Products
high,170521,"Potatoes, microwaved, cooked, in skin, flesh and skin, with salt",False,True,"Microwaved potatoes with skin are a common globally-available food, but no Japanese composition table entry exists for potatoes (じゃがいも) in any form among the provided candidates, which focus on other vegetables and specialty items.",,Vegetables and Vegetable Products
high,170522,"Potatoes, microwaved, cooked in skin, flesh, with salt",False,True,"Microwaved cooked potato (100kcal, 23.3g carbs, 411mg K) has no match in Japanese table; all candidates are raw vegetables with 6-82kcal and minimal carbohydrates, lacking starchy tuber equivalents",,Vegetables and Vegetable Products
high,170523,"Potatoes, french fried, all types, salt not added in processing, frozen, as purchased",False,True,"Frozen french fried potatoes are a processed potato product with no direct equivalent in the Japanese food composition table; candidates are either unrelated vegetables or have drastically different energy/nutrient profiles (e.g., corn at ~95-125 kcal vs. 613 kcal for frozen fries)",,Vegetables and Vegetable Products
high,170524,"Potatoes, au gratin, home-prepared from recipe using margarine",False,True,"Potatoes au gratin (potato casserole with cheese/cream sauce) has no equivalent in Japanese food composition table; all candidates are non-starchy vegetables or pickles, lacking the starch-based, cheese/cream-sauced composition of the US item",,Vegetables and Vegetable Products
high,170525,"Potatoes, scalloped, home-prepared with margarine",False,True,"Scalloped potatoes with margarine is a creamy, dairy-based potato dish with specific fat content (3.68g) and salt (0.851g) that doesn't match any Japanese vegetable entries; closest candidates (corn, onion) lack potato base and have significantly different nutrient profiles",,Vegetables and Vegetable Products
high,170526,"Pumpkin, cooked, boiled, drained, with salt",False,True,"Pumpkin (kabocha/pumpkin) is a common vegetable but no Japanese table entry exists among candidates; closest matches are botanically unrelated vegetables with dissimilar nutrient profiles (higher carbs, different vitamins, or processed juices)",,Vegetables and Vegetable Products
high,170531,"Spinach, cooked, boiled, drained, with salt",False,True,"Spinach (cooked, boiled, drained) is a common leafy green vegetable globally available but has no equivalent entry in the provided Japanese food composition table; all candidates are either pod vegetables, sprouts, asparagus, or other vegetables, none matching spinach's nutritional profile (high iron 3.57mg, calcium 136mg, vitamin A 524μg) or food category.",,Vegetables and Vegetable Products
high,170532,"Squash, summer, crookneck and straightneck, frozen, cooked, boiled, drained, with salt",False,True,"Summer squash (crookneck/straightneck) is a specific US vegetable with no direct Japanese equivalent; closest candidates (へちま/luffa, はやとうり/chayote) differ significantly in energy (17-21 vs 105kcal) and nutrient profile, indicating no adequate match in the Japanese food composition table",,Vegetables and Vegetable Products
high,170534,"Squash, summer, zucchini, includes skin, cooked, boiled, drained, with salt",False,True,"Zucchini is a cooked summer squash with specific nutrient profile (low energy, moderate carbs, significant K and VitC) that doesn't match available Japanese candidates; closest options are raw vegetables or different cooking preparations without adequate nutritional alignment",,Vegetables and Vegetable Products
high,170535,"Squash, summer, zucchini, includes skin, frozen, cooked, boiled, drained, with salt",False,True,"Frozen cooked zucchini (summer squash) has no direct equivalent in Japanese food composition table; candidates are either too low in energy/nutrients (raw vegetables like daikon, asparagus), wrong vegetable types (corn, onion, ginger), or insufficient nutritional matches for a cooked squash product",,Vegetables and Vegetable Products
high,170536,"Squash, winter, butternut, frozen, cooked, boiled, with salt",False,True,"Butternut squash (winter squash) is a specific cultivar with distinctive nutritional profile (39kcal, 10g carbs, 167μg VitA); Japanese table lacks winter squash entries - only has somen squash (25kcal) and other vegetables with significantly lower energy and carbohydrate content; no acceptable nutritional match exists.",,Vegetables and Vegetable Products
high,170537,"Squash, winter, hubbard, baked, with salt",False,True,"Winter squash (hubbard) is a starchy winter vegetable with ~210kcal, 10.8g carbs, and high vitamin A; no Japanese candidates match this nutrient profile - the closest options are corn (91-125kcal) and fava beans (103kcal), which differ substantially in composition and are botanically distinct vegetables",,Vegetables and Vegetable Products
high,170538,"Squash, winter, hubbard, cooked, boiled, mashed, with salt",False,True,"Hubbard squash is a winter squash (Cucurbitaceae) with distinctive nutrient profile (6.46g carbs, 2.9g fiber, 200μg VitA, 214mg K per 100g cooked); no Japanese candidates match this winter squash composition - closest candidates are leafy vegetables or sprouts with 3-5x lower carbs and vastly different nutritional profiles",,Vegetables and Vegetable Products
high,170540,"Succotash, (corn and limas), cooked, boiled, drained, with salt",False,True,"Succotash is a corn-lima bean mixture with 464kcal/100g and moderate protein (5.07g); no single Japanese entry matches this cooked legume-grain combination - corn entries are 82-125kcal and peanut entries lack carbohydrates, making direct equivalence impossible",,Vegetables and Vegetable Products
high,170541,"Sweet potato, cooked, boiled, without skin, with salt",False,True,"Sweet potato (さつまいも) is a common vegetable globally and should exist in Japanese food tables, but none of the 25 provided candidates match its characteristic high carbohydrate (17.7g), moderate energy (320kcal), and nutritional profile; all candidates are low-energy vegetables with <5g carbs, indicating sweet potato entries are absent from this specific candidate list",,Vegetables and Vegetable Products
high,170542,"Sweet potato, frozen, cooked, baked, with salt",False,True,"Sweet potato is a common global vegetable, but the US item (419kcal, 23.4g carbs) represents a concentrated/processed frozen product with much higher energy density than any Japanese table entry (all <51kcal), indicating the Japanese table lacks a nutritionally equivalent sweet potato preparation",,Vegetables and Vegetable Products
high,170543,"Taro, cooked, with salt",False,True,"Taro is a tropical root vegetable with no direct equivalent in Japanese food table; closest candidates (lily bulb, daikon) differ significantly in energy (117-119 vs 142 kcal), carbohydrates (absent vs 34.6g), and nutritional profile",,Vegetables and Vegetable Products
high,170544,"Taro, leaves, cooked, steamed, with salt",False,True,"Taro leaves (cooked, steamed) are a tropical leafy vegetable with distinctive high energy (100kcal), potassium (460mg), and vitamin A (212μg) content that don't match any Japanese vegetable in the table; no Japanese taro leaf entry exists and all candidates are either too low in energy/nutrients or represent different vegetables entirely",,Vegetables and Vegetable Products
high,170545,"Tomato juice, canned, without salt added",False,True,"Tomato juice is a processed beverage product not represented in the vegetable candidates; all listed items are raw/cooked whole vegetables with significantly lower energy, protein, and vitamin C than tomato juice concentrate",,Vegetables and Vegetable Products
high,170546,"Tomato products, canned, puree, with salt added",False,True,"Tomato puree is a concentrated tomato product not present in candidates; closest vegetables (corn, onion, beets) have vastly different nutrient profiles and are fundamentally different foods",,Vegetables and Vegetable Products
high,170549,"Waxgourd, (chinese preserving melon), cooked, boiled, drained, with salt",False,True,"Waxgourd (冬瓜) is a specific East Asian gourd with no direct equivalent in Japanese food composition table; closest candidates (へちま, はやとうり) are different gourds with mismatched nutrient profiles, and no boiled/salted gourd entry exists",,Vegetables and Vegetable Products
high,170551,"Yam, cooked, boiled, drained, or baked, with salt",False,True,"Yam is a starchy tuber with high carbohydrates (27g) and moderate energy (477kcal), but no Japanese table entry matches this profile; closest candidates (ゆりね, くわい) are botanically different tubers with 3-4x lower energy and carbohydrates, indicating no true Japanese equivalent for cooked yam",,Vegetables and Vegetable Products
high,170555,"Seeds, cottonseed flour, partially defatted (glandless)",False,True,"Cottonseed flour is a byproduct of cottonseed oil processing with unique nutritional profile (359kcal, 41g protein, 6.2g fat, 40.5g carbs) distinct from all Japanese seed entries which are whole seeds or nuts with much higher fat content (527-724kcal) and lower carbs; no Japanese food composition table entry matches this partially defatted flour product",,Nut and Seed Products
high,170558,"Seeds, safflower seed kernels, dried",False,True,"Safflower seeds have a unique nutritional profile (moderate protein 16.2g, high carbs 34.3g, moderate fat 38.4g) that doesn't match any Japanese seed entry; closest candidates like sesame and sunflower seeds have either much higher fat/lower carbs or significantly different macronutrient ratios, making safflower seeds sufficiently distinct to warrant NO_MATCH",,Nut and Seed Products
high,170565,"Nuts, acorns, dried",False,True,"Acorns (どんぐり) are not listed in the Japanese composition table; while nutritionally similar to some nuts, acorns are a specific food item unique to certain regions and not commonly found in Japanese food databases",,Nut and Seed Products
high,170566,"Nuts, acorn flour, full fat",False,True,"Acorn flour (full fat) is a traditional food in some cuisines but has no equivalent in Japanese food composition table; closest candidates (chestnuts, lotus seeds, peanuts) differ significantly in protein (7.49g vs 1.8-26.5g), fat (30.2g vs 0.3-50.5g), and carbs (54.6g vs 8.9-52.1g), with no single match across all macronutrients",,Nut and Seed Products
high,170578,"Nuts, coconut meat, dried (desiccated), sweetened, flaked, canned",False,True,"Sweetened desiccated coconut is a processed Western product with no direct Japanese equivalent in the table; available Japanese nut/seed entries are all unsweetened or traditionally prepared forms (peanuts, chestnuts, ginkgo nuts, lotus seeds, etc.) with vastly different nutrient profiles",,Nut and Seed Products
high,170580,"Nuts, coconut cream, raw (liquid expressed from grated meat)",False,True,"Coconut cream (liquid expressed from grated coconut meat) is a tropical product with no nutritional or conceptual equivalent in the Japanese food composition table; candidates are all tree nuts/seeds with vastly different macronutrient profiles (low fat, high carbs vs. high fat, low carbs) and no coconut-based entries exist.",,Nut and Seed Products
high,170590,"Nuts, pilinuts, dried",False,True,"Pilinuts are a rare Philippine nut with unique composition; no Japanese table entry matches the low protein (10.8g) and high fat (79.6g) profile characteristic of pilinuts, making them distinctly different from all listed nuts",,Nut and Seed Products
high,170593,"Nuts, walnuts, glazed",False,True,"Glazed walnuts are a sweetened/coated preparation with ~47.6g carbs per 100g (characteristic of added sugar coating), but the Japanese composition table lacks walnut entries entirely; closest candidates are peanuts/other nuts which are nutritionally distinct species and wouldn't represent the same food item",,Nut and Seed Products
high,170595,"Seeds, breadfruit seeds, roasted",False,True,"Breadfruit seeds are a tropical starch-based seed with unique nutritional profile (high carbs ~40g, low fat ~2.7g, moderate protein ~6.2g) that doesn't match any Japanese seed/nut entry; closest candidates (chestnuts, ginkgo, lotus) are either too low in protein or carbs, or have different macronutrient ratios typical of East Asian nuts rather than tropical equatorial seeds",,Nut and Seed Products
high,170596,"Seeds, cottonseed kernels, roasted (glandless)",False,True,"Cottonseed kernels are a byproduct of cotton processing with limited food use in Japan; no Japanese food composition table entry exists for this specific ingredient, and it does not match any of the available seed/nut options in nutritional profile or food concept",,Nut and Seed Products
high,170597,"Beef, variety meats and by-products, spleen, cooked, braised",False,True,"Beef spleen (braised) has no direct Japanese equivalent in the table; closest candidates are other beef organ meats (diaphragm, third stomach) but they differ significantly in energy (57-414 kcal vs 145 kcal), protein profile, and cooking method (braised vs raw/grilled)",,Beef Products
high,170604,"Beef, cured, dried",False,True,"Beef, cured, dried is a specific processed meat product (likely beef jerky/biltong) with extremely high protein (31.1g), very low fat (1.94g), and very high salt (7.087g) that doesn't match any Japanese table entries; all candidates are either fresh/cooked cuts or different processed forms (canned corned beef, roast beef) with significantly higher fat and lower salt profiles",,Sausages and Luncheon Meats
high,170607,"Beef, chopped, cured, smoked",False,True,"Cured, smoked, chopped beef is a processed meat product with high salt (3.2g) and carbs (1.86g) typical of US cured meats; Japanese table lacks processed beef products matching this profile—candidates are all raw cuts or roast beef/corned beef with different salt/carb compositions",,Sausages and Luncheon Meats
high,170623,"Beef, rib, small end (ribs 10-12), separable lean only, trimmed to 0"" fat, all grades, cooked, broiled",False,True,"US item has exceptionally high energy (809kcal) and very low fat (7.53g) for beef rib, suggesting lean meat with processing/measurement anomaly; no Japanese candidate matches this unusual nutrient profile (all beef options range 227-451kcal with higher fat ratios proportional to protein)",,Beef Products
high,170644,"Puddings, vanilla, dry mix, regular, with added oil",False,True,Vanilla pudding dry mix is a distinctly American instant dessert product with no equivalent in Japanese food composition table; closest candidates are hard candies and traditional Japanese sweets with fundamentally different composition and preparation methods,,Sweets
high,170645,"Jams and preserves, apricot",False,True,"Apricot jam is a fruit preserve with very high carbs (64.4g), minimal fat (0.2g), and low protein (0.7g); all candidates are biscuits, crackers, snacks, candy, or chocolate with fundamentally different compositions - no Japanese jam/preserve entry exists in the provided table",,Sweets
high,170646,"Syrups, table blends, pancake, with 2% maple, with added potassium",False,True,"Pancake syrup with added potassium is a distinctly American processed condiment with no equivalent in Japanese food composition table; closest candidates (candy/sweets) have significantly higher energy (282-390 kcal) and different nutrient profiles, making NO_MATCH most appropriate",,Sweets
high,170657,"Cocoa, dry powder, hi-fat or breakfast, processed with alkali",False,True,"Cocoa powder is a raw ingredient/processed commodity, not a finished sweet/菓子; no Japanese composition table entry exists for unsweetened cocoa powder as it's classified as a beverage/ingredient rather than confectionery",,Sweets
high,170660,"Ice creams, BREYERS, All Natural Light French Vanilla",False,True,"Ice cream is a frozen dairy dessert with ~72kcal/100g, but all candidates are dry/shelf-stable sweets with 300-500+ kcal/100g; no nutritionally comparable Japanese frozen dessert entry exists in this table",,Sweets
high,170661,"Ice creams, BREYERS, 98% Fat Free Vanilla",False,True,"Ice cream is a frozen dairy dessert fundamentally different from all Japanese candidates (bean-based sweets, mochi, pastries); the high fiber content (5.4g) is also atypical and suggests a modified/fortified product with no direct Japanese equivalent",,Sweets
high,170662,"Ice creams, BREYERS, All Natural Light Vanilla Chocolate Strawberry",False,True,Ice cream is a frozen dairy dessert not represented in Japanese sweets categories (菓子類); no suitable match exists in the provided table which lacks ice cream or frozen dessert entries,,Sweets
high,170664,"Ice creams, BREYERS, No Sugar Added, Vanilla Chocolate Strawberry",False,True,"Ice cream is a frozen dairy dessert not represented in the Japanese food composition table candidates; all options are dry snacks, baked goods, or gums with fundamentally different nutritional profiles and food structure",,Sweets
high,170667,"Frozen novelties, KLONDIKE, SLIM-A-BEAR, No Sugar Added, Stickless Bar",False,True,"Frozen ice cream novelty bar with no sugar added has no equivalent in Japanese food composition table; candidates are all shelf-stable snacks/candies with fundamentally different composition (much lower energy density, different macronutrient ratios, and missing frozen dairy structure)",,Sweets
high,170668,"Ice creams, BREYERS, No Sugar Added, Chocolate Caramel",False,True,"Ice cream is a dairy-based frozen dessert fundamentally different from all Japanese candidates (candies, crackers, pastries, snacks); no nutritionally or conceptually similar match exists in the table",,Sweets
high,170672,"Sweeteners, for baking, brown, contains sugar and sucralose",False,True,Baking sweetener with sucralose is a specialized American ingredient with no direct Japanese equivalent; all candidates are finished food products rather than pure sweetening ingredients,,Sweets
high,170674,"Sugar, turbinado",False,True,"Turbinado sugar (1670 kcal/100g, 99.8g carbs) is a pure sugar product with fundamentally different nutrient profile from all candidates, which are complex processed foods with proteins, fats, and lower energy density; no Japanese sugar product in the table matches this basic ingredient",,Sweets
high,170677,"Syrups, chocolate, HERSHEY'S Sugar free, Genuine Chocolate Flavored, Lite Syrup",False,True,"Sugar-free chocolate syrup is a highly processed American condiment with no direct Japanese food composition table equivalent; closest candidates (desserts/sweets) are structurally different foods rather than syrups, and nutritional profile (high protein 2.87g, moderate carbs 14.2g with 2.9g fiber for a syrup) doesn't match any Japanese syrup or sauce entries available",,Sweets
high,170679,"Sweetener, herbal extract powder from Stevia leaf",False,True,Stevia extract powder is a purified sweetener with essentially zero nutrients beyond carbohydrates; no Japanese food composition table entry exists for pure sweetening extracts or sugar substitutes as standalone products,,Sweets
high,170681,"Syrup, NESTLE, chocolate",False,True,Chocolate syrup is a liquid condiment (1120 kcal/100g with 67.2g carbs) fundamentally different from all solid candy/cookie candidates; no Japanese syrup equivalent exists in the table,,Sweets
high,170685,"Buckwheat groats, roasted, dry",False,True,"Buckwheat groats (soba no mi) is not represented in the provided Japanese food composition table; all candidates are wheat, corn, barley, oat, or rice products, none matching buckwheat's unique nutrient profile (1450 kcal/100g, 11.7g protein, 75g carbs, 10.3g fiber in dry form)",,Cereal Grains and Pasta
high,170687,"Buckwheat flour, whole-groat",False,True,"Buckwheat flour (whole-groat) is a specific pseudocereal flour product with 1400kcal/100g that doesn't exist in Japanese table; closest candidates (wheat whole grains #10,#13,#18,#23) are all wheat-based with ~320-344kcal and lack buckwheat's distinctive nutritional profile and food category",,Cereal Grains and Pasta
high,170696,"Fast foods, submarine sandwich, cold cut on white bread with lettuce and tomato",False,True,"Submarine sandwich with cold cuts, lettuce, and tomato on white bread is a distinctly American fast food concept with no direct Japanese equivalent in the provided table; closest candidates (fries, dumplings, fried items) are nutritionally and conceptually mismatched",,Fast Foods
high,170697,"Fast foods, onion rings, breaded and fried",False,True,"Onion rings are a distinctly American fried vegetable appetizer with no direct Japanese equivalent in the table; closest candidates (croquettes, fritters) are either starch-based or protein-based rather than vegetable-focused, and energy density (1720 kcal) far exceeds all Japanese fried/breaded options which are measured as prepared dishes at lower energy levels",,Fast Foods
high,170700,"BURGER KING, Vanilla Shake",False,True,"Burger King vanilla shake is a dairy beverage/drink product with no savory food equivalent in the Japanese table; all candidates are prepared dishes (fried foods, stews, curries, soups) rather than sweet beverages",,Fast Foods
high,170701,"School Lunch, pizza, BIG DADDY'S LS 16"" 51% Whole Grain Rolled Edge Turkey Pepperoni Pizza, frozen",False,True,"Frozen pizza with 51% whole grain is a processed American school lunch item with high energy (1040 kcal/100g) and carbs (27.4g) that doesn't match any Japanese prepared dish candidates, which are all significantly lower in calories (128-299 kcal) and represent different food categories (fried items, croquettes, dumplings, stews)",,Fast Foods
high,170702,"School Lunch, pizza, TONY'S SMARTPIZZA Whole Grain 4x6 Cheese Pizza 50/50 Cheese, frozen",False,True,"Frozen cheese pizza is a distinctly American processed food product with no equivalent in Japanese food composition table; all candidates are fried foods, croquettes, dumplings, or other dishes fundamentally different in preparation method and composition",,Fast Foods
high,170703,"School Lunch, pizza, TONY'S SMARTPIZZA Whole Grain 4x6 Pepperoni Pizza 50/50 Cheese, frozen",False,True,"Frozen pepperoni pizza is a highly processed American convenience food with no conceptual equivalent in Japanese food composition table; all candidates are cooked/fried dishes or prepared foods, none match pizza's bread-cheese-meat composition and 994 kcal energy density per 100g",,Fast Foods
high,170705,"SUBWAY, sweet onion chicken teriyaki sub on white bread with lettuce, tomato and sweet onion sauce",False,True,"Subway sandwich is a fresh-bread sandwich with chicken, vegetables, and sauce - fundamentally different from all Japanese prepared dishes listed (fried foods, croquettes, dumplings, burgers); no Japanese equivalent exists in the table",,Fast Foods
high,170706,"Fast foods, submarine sandwich, turkey breast on white bread with lettuce and tomato",False,True,"Submarine sandwich with turkey breast, lettuce, and tomato on white bread is a distinctly American fast-food item with no Japanese equivalent in the table; candidates are all fried or processed dishes with different nutritional profiles and food concepts",,Fast Foods
high,170707,"Fast foods, submarine sandwich, ham on white bread with lettuce and tomato",False,True,"Submarine sandwich is a distinctly American fast-food concept with bread, cold cuts, vegetables and condiments; no Japanese food composition table entry matches both the food type (sandwich) and nutrient profile (631 kcal, 9.12g protein, 22.9g carbs characteristic of bread-based sandwich)",,Fast Foods
high,170711,"SUBWAY, turkey breast sub on white bread with lettuce and tomato",False,True,"Subway turkey breast sub is a fresh sandwich with vegetables and minimal processing; all candidates are fried/cooked processed dishes with significantly higher energy (139-299 kcal) and different macronutrient profiles, making none a suitable match",,Fast Foods
high,170712,"SUBWAY, black forest ham sub on white bread with lettuce and tomato",False,True,"Subway sandwich is a fresh assembled sandwich with ham, vegetables, and bread - fundamentally different from all Japanese candidates which are fried/processed cooked dishes; no conceptual or nutritional match exists in the table",,Fast Foods
high,170713,"SUBWAY, roast beef sub on white bread with lettuce and tomato",False,True,"Subway sandwich is a fresh assembled deli sandwich with minimal cooking, fundamentally different from all candidates which are fried, breaded, or heavily processed cooked dishes; no nutritional or conceptual match exists in the table",,Fast Foods
high,170714,"Pizza, cheese topping, rising crust, frozen, cooked",False,True,"Frozen cheese pizza is a distinctly American processed food category; no Japanese equivalent exists in the table - Japanese candidates are predominantly fried items (fries, croquettes) and Chinese dim sum, with significantly different nutrient profiles and food structure",,Fast Foods
high,170715,"Pizza, meat and vegetable topping, regular crust, frozen, cooked",False,True,"Frozen pizza is a distinctly American processed convenience food with no direct Japanese equivalent in the table; closest candidates (fried items, croquettes, hamburgers) are conceptually and nutritionally mismatched due to different preparation methods and ingredient profiles",,Fast Foods
high,170716,"Pizza, meat and vegetable topping, rising crust, frozen, cooked",False,True,"Pizza is a distinctly Italian-American prepared dish with no direct Japanese equivalent in the composition table; closest candidates (fried foods, croquettes) are structurally and nutritionally too divergent (energy 1140 vs 150-300 kcal per 100g) to constitute a valid match.",,Fast Foods
high,170718,"Fast foods, chicken, breaded and fried, boneless pieces, plain",False,True,"US fast food fried chicken nuggets (1280 kcal/100g, high fat 20.4g) are significantly higher in energy and fat than all Japanese fried food candidates (139-299 kcal/100g); no nutritionally comparable match exists in the Japanese table",,Fast Foods
high,170734,"TACO BELL, Bean Burrito",False,True,"Bean burrito is a Mexican-American fast food item with no nutritional or conceptual equivalent in Japanese cuisine; highest energy (873kcal) far exceeds all candidates, indicating a complete meal vs. side dishes or components",,Fast Foods
high,170736,"TACO BELL, Taco Salad",False,True,"Taco Salad is a uniquely American fast-food item combining fried tortilla bowl with seasoned meat and vegetables; no Japanese prepared dish matches both its concept and nutrient profile (710 kcal/100g is exceptionally high, reflecting the fried tortilla shell component not represented in Japanese table entries)",,Fast Foods
high,170739,"KFC, Fried Chicken, ORIGINAL RECIPE, Breast, meat only, skin and breading removed",False,True,"KFC fried chicken breast (meat only, skin/breading removed) at 622kcal/100g is substantially higher in energy than all candidates; the US item is cooked poultry meat with minimal preparation while Japanese candidates are mostly breaded/fried dishes with lower energy density, making no suitable match available",,Fast Foods
high,170740,"KFC, Fried Chicken, ORIGINAL RECIPE, Drumstick, meat only, skin and breading removed",False,True,"KFC fried chicken drumstick (meat only, skin/breading removed) has 730kcal/100g with 26.3g protein and 7.66g fat - a cooked poultry product profile that doesn't match any Japanese table entries which are either much lower calorie prepared dishes (100-280kcal) or frozen uncooked items; no Japanese equivalent exists for this specific fast-food fried chicken preparation",,Fast Foods
high,170742,"KFC, Fried Chicken, EXTRA CRISPY, Thigh, meat only, skin and breading removed",False,True,"KFC fried chicken thigh (meat only, skin/breading removed) at 750kcal/100g is fundamentally a cooked poultry protein with minimal processing; all Japanese candidates are heavily processed/breaded dishes with significantly lower energy (139-299kcal) and different macronutrient profiles, making none a suitable match",,Fast Foods
high,170743,"KFC, Fried Chicken, EXTRA CRISPY, Wing, meat only, skin and breading removed",False,True,"KFC fried chicken wing (meat only, skin and breading removed) has exceptionally high protein (28.7g) and moderate fat (12.1g) with very low carbs (2.97g), which doesn't match any Japanese entry; closest candidates (フライ類) are fried items with high carbs from breading, while chicken-specific entries (チキンハンバーグ, チキンシチュー) are significantly lower in protein and energy, making this preparation uniquely American fast food with no close Japanese equivalent",,Fast Foods
high,170748,"POPEYES, Fried Chicken, Mild, Breast, meat only, skin and breading removed",False,True,"US item is skinless fried chicken breast (meat only, breading removed) with 655kcal and 29g protein per 100g; all Japanese candidates are either complete fried dishes with breading/coating (much lower kcal/protein), processed items with fillers, or non-poultry dishes - no nutritionally equivalent match exists",,Fast Foods
high,170752,"Fast foods, grilled chicken, bacon and tomato club sandwich, with cheese, lettuce, and mayonnaise",False,True,"Club sandwich is a distinctly American sandwich with no direct Japanese equivalent; candidates are all fried items, steamed dumplings, or stir-fries with incompatible nutrient profiles and food concepts",,Fast Foods
high,170753,"Fast foods, crispy chicken, bacon, and tomato club sandwich, with cheese, lettuce, and mayonnaise",False,True,"US fast food sandwich (crispy chicken, bacon, tomato, cheese, lettuce, mayo on bread) is a distinctly American fast food item with no direct Japanese equivalent in the provided table; nutritionally it's a complete sandwich (~1080 kcal/100g) while candidates are individual fried components or prepared dishes at much lower caloric density",,Fast Foods
high,170754,"Fast Foods, Fried Chicken, Wing, meat only, skin and breading removed",False,True,"US item is fried chicken wing (meat only, skin and breading removed) with 901kcal/100g and 28.8g protein - unusually high energy density for meat alone. All Japanese candidates are either complete prepared dishes (コロッケ, フライ) or significantly lower in energy/protein, with no nutritional match for this specific preparation.",,Fast Foods
high,170755,"Fast Foods, Fried Chicken, Skin and breading from all pieces",False,True,"US item is fried chicken skin and breading only (1660 kcal/100g, 29.2g fat) - an extremely high-calorie breading/skin product with no Japanese equivalent; all candidates are complete prepared dishes with substantially lower energy density",,Fast Foods
high,170757,"Fast Foods, Fried Chicken, Drumstick, meat and skin with breading",False,True,"Fried chicken drumstick (1120 kcal/100g) is significantly higher in energy and fat than all Japanese candidates (max 299 kcal), indicating this is a cooked/fried product while Japanese table entries are mostly uncooked or prepared differently; no nutritionally comparable match exists",,Fast Foods
high,170758,"DIGIORNO Pizza, cheese topping, thin crispy crust, frozen, baked",False,True,"DiGiorno frozen cheese pizza has no equivalent in Japanese food composition table; all candidates are fried foods, croquettes, or Asian dishes with fundamentally different nutrient profiles and preparation methods",,Fast Foods
high,170759,"DIGIORNO Pizza, pepperoni topping, cheese stuffed crust, frozen, baked",False,True,"Frozen pepperoni pizza with cheese-stuffed crust is a distinctly American processed food with no direct Japanese equivalent in the composition table; all candidates are individual prepared dishes or components (fried foods, croquettes, dumplings, hamburgers) rather than composite baked pizza products",,Fast Foods
high,170760,"DIGIORNO Pizza, pepperoni topping, rising crust, frozen, baked",False,True,"DiGiorno pepperoni pizza is a specific American frozen pizza product with no direct Japanese equivalent in the provided table; candidates are all fried dishes, dumplings, or other preparations that don't match pizza's composition or concept",,Fast Foods
high,170761,"DIGIORNO Pizza, pepperoni topping, thin crispy crust, frozen, baked",False,True,"DiGiorno frozen pepperoni pizza (1180 kcal/100g) has no comparable match in Japanese composition table; candidates are all significantly lower energy density prepared dishes, and pizza is not represented in the Japanese food categories provided",,Fast Foods
high,170762,"Fast Food, Pizza Chain, 14"" pizza, pepperoni topping, thin crust",False,True,"Pizza is a distinctly Italian-American fast food with no equivalent in Japanese food composition table; candidates are all fried dishes, soups, or Asian dumplings with vastly different nutrient profiles and food concepts",,Fast Foods
high,170763,"Fast foods, taco with beef, cheese and lettuce, soft",False,True,"Soft tacos with fresh lettuce are distinctly American fast food; no Japanese table entry matches the concept (soft tortilla wrap with beef, cheese, lettuce) or the unusually high energy density (860 kcal/100g) which appears to be a data entry error, making meaningful matching impossible",,Fast Foods
high,170765,"Fast foods, quesadilla, with chicken",False,True,Quesadilla is a Mexican-origin food with no direct Japanese equivalent; all candidates are either Asian dumplings/dim sum or European-style fried/breaded items with significantly lower energy density (139-299 kcal vs 1230 kcal per 100g) - the US item appears to be a prepared/assembled dish while Japanese table entries are individual components or prepared single items,,Fast Foods
high,170766,"DOMINO'S 14"" Sausage Pizza, Classic Hand-Tossed Crust",False,True,Pizza is a distinctly American/Italian fast food product with no equivalent in Japanese food composition table; candidates are all individual fried items or prepared dishes with vastly different nutrient profiles (energy 128-425 kcal vs 1140 kcal per 100g),,Fast Foods
high,170767,"DOMINO'S 14"" Sausage Pizza, Ultimate Deep Dish Crust",False,True,"Pizza is a distinctly Italian-American dish with no equivalent in Japanese food composition table; candidates are all fried items, croquettes, dumplings, and other dishes with fundamentally different composition (carbs from breading/frying vs. pizza dough, different protein sources, lower salt in most candidates)",,Fast Foods
high,170768,"PIZZA HUT 14"" Sausage Pizza, THIN 'N CRISPY Crust",False,True,Pizza is a uniquely American fast-food preparation with no direct Japanese equivalent in the composition table; candidates are all fried/breaded items or Asian dishes with fundamentally different nutrient profiles and food structure than pizza,,Fast Foods
high,170769,"PIZZA HUT 14"" Sausage Pizza, Hand-Tossed Crust",False,True,"Pizza is a distinctly American fast-food product with no direct Japanese equivalent in the composition table; candidates are all fried/breaded items, croquettes, or hamburgers with significantly different nutrient profiles and food composition",,Fast Foods
high,170774,"PIZZA HUT 14"" Cheese Pizza, Stuffed Crust",False,True,"Stuffed crust cheese pizza is a distinctly American fast-food product with no conceptual or nutritional equivalent in the Japanese food composition table; candidates are all individual fried items, croquettes, or Asian dishes with vastly different energy densities and macronutrient profiles",,Fast Foods
high,170775,"Fast foods, strawberry banana smoothie made with ice and low-fat yogurt",False,True,"Strawberry banana smoothie with yogurt is a beverage/dairy-based drink with high carbs and low protein/fat; all candidates are hot cooked dishes (fried foods, croquettes, curries, soups) with fundamentally different food composition and culinary purpose - no nutritionally or conceptually suitable match exists",,Fast Foods
high,170777,"McDONALD'S, RANCH SNACK WRAP, Crispy",False,True,Ranch snack wrap is a uniquely American fast-food item combining ranch dressing (distinctly American condiment) with a crispy tortilla wrap; no Japanese food composition table entry adequately matches both the concept and nutrient profile of this processed American fast-food product.,,Fast Foods
high,170779,"School Lunch, pizza, cheese topping, thick crust, whole grain, frozen, cooked",False,True,Cheese pizza on thick whole grain crust is a distinctly American school lunch item with no direct Japanese equivalent; candidates are primarily fried foods (furai) and Asian dishes lacking pizza's cheese-based composition and whole grain crust profile,,Fast Foods
high,170780,"School Lunch, pizza, pepperoni topping, thin crust, whole grain, frozen, cooked",False,True,"Pizza is a distinctly Italian-American prepared dish not found in Japanese food composition tables; candidates are all individual fried items, croquettes, or Asian dishes with significantly different nutrient profiles and food structure from a whole pizza product",,Fast Foods
high,170781,"School Lunch, pizza, pepperoni topping, thick crust, whole grain, frozen, cooked",False,True,Pepperoni pizza is a distinctly American/Italian-American fast food with no direct equivalent in Japanese food composition table; closest candidates are fried items or dumplings with significantly different nutrient profiles and food concepts,,Fast Foods
high,170782,"School Lunch, pizza, sausage topping, thin crust, whole grain, frozen, cooked",False,True,"Frozen sausage pizza is a distinctly American processed food with no equivalent in Japanese food composition table; candidates are all fried items, croquettes, or dumplings with fundamentally different nutrient profiles and preparation methods",,Fast Foods
high,170787,"Fast foods, breakfast burrito, with egg, cheese, and sausage",False,True,"Breakfast burrito is a distinctly American fast food item with no Japanese equivalent in the composition table; closest candidates (croquettes, fried items) differ significantly in energy density (226-273 kcal vs 1160 kcal per 100g) and nutrient composition, reflecting fundamental differences in food structure and preparation",,Fast Foods
high,170788,"Fast foods, breadstick, soft, prepared with garlic and parmesan cheese",False,True,"Garlic parmesan breadsticks are a distinctly American fast food item with high carbs (44.5g), moderate protein (12.2g), and specific seasoning profile that has no equivalent in Japanese food composition table; closest candidates are fried items or croquettes with mismatched macronutrient profiles and different food concepts",,Fast Foods
high,170789,"PIZZA HUT, breadstick, parmesan garlic",False,True,"Parmesan garlic breadstick is a bread-based appetizer with specific Western fast-food formulation; no Japanese composition table entry matches the breadstick category, carb-dominant profile (44.5g), or garlic-parmesan seasoning concept - closest candidates are fried items or croquettes with fundamentally different food structure and nutrient composition",,Fast Foods
high,170790,"CHICK-FIL-A, chicken sandwich",False,True,"Chick-fil-A chicken sandwich (1040 kcal/100g) is a complete sandwich with bread, fried chicken, and sauce; Japanese table entries are individual components (fried items ~150-300 kcal/100g) with no composite sandwich equivalent available for direct matching",,Fast Foods
high,170792,"School Lunch, pizza, cheese topping, thin crust, whole grain, frozen, cooked",False,True,"Frozen whole grain cheese pizza is a specific American school lunch item with no Japanese equivalent in the table; all candidates are either fried foods, dumplings, or other prepared dishes with fundamentally different composition and cooking methods",,Fast Foods
high,170793,"School Lunch, pizza, sausage topping, thick crust, whole grain, frozen, cooked",False,True,"Frozen whole grain sausage pizza is a specific American school lunch item with no direct Japanese equivalent in the table; closest candidates (fried foods, dumplings, croquettes) differ significantly in concept, macronutrient profile, and carbohydrate content",,Fast Foods
high,170799,"Beef, chuck eye Country-Style ribs, boneless, separable lean only, trimmed to 0"" fat, all grades, cooked, braised",False,True,"US item has exceptionally high energy (956 kcal/100g) due to data error or non-standard preparation; all Japanese candidates are cooked beef with 200-575 kcal/100g, making meaningful match impossible",,Beef Products
high,170822,"Beef, chuck, mock tender steak, boneless, separable lean and fat, trimmed to 0"" fat, choice, cooked, braised",False,True,"US item has exceptionally high energy (943 kcal) due to data recording error (likely per 100g raw equivalent); all Japanese candidates are cooked preparations with 174-457 kcal range, making meaningful match impossible",,Beef Products
high,170824,"Beef, chuck, mock tender steak, boneless, separable lean and fat, trimmed to 0"" fat, all grades, raw",False,True,"US item is raw beef (534 kcal, 4.79g fat) but all Japanese candidates are cooked preparations (174-414 kcal); the high energy and low fat profile of raw lean chuck doesn't match any cooked Japanese beef entry, requiring NO_MATCH",,Beef Products
high,170830,"Beef, chuck eye Country-Style ribs, boneless, separable lean and fat, trimmed to 0"" fat, select, cooked, braised",False,True,"US item (1190 kcal, 28.5g protein, 19.0g fat, braised chuck eye) is significantly higher in energy and lower in fat than all Japanese candidates, which max out at 575 kcal and include no braised lean beef entries; no adequate nutritional match exists",,Beef Products
high,170840,"Beef, rib eye steak/roast, boneless, lip-on, separable lean only, trimmed to 1/8"" fat, choice, raw",False,True,"US item is raw beef (未調理) with 'separable lean only' trim specification; all Japanese candidates are cooked (焼き/ゆで) with different fat levels, making direct comparison problematic. Energy value of 674kcal is extremely high for raw beef and suggests data anomaly or different measurement basis than Japanese table entries.",,Beef Products
high,170842,"Beef, rib eye roast, boneless, lip-on, separable lean only, trimmed to 1/8"" fat, choice, cooked, roasted",False,True,"US item is lean-only rib eye (separable lean, trimmed to 1/8"" fat) with 956 kcal/100g and 27.9g protein, but all Japanese candidates are either much lower in energy (300-575 kcal) or higher in fat content with skin/marbling included; no Japanese composition table entry matches this specific high-energy, lean-trimmed cut preparation",,Beef Products
high,170869,"Sour cream, imitation, cultured",False,True,"Imitation sour cream is a highly processed American dairy product with no conceptual or nutritional equivalent in Japanese food composition table; closest candidates (coffee whiteners, ice cream products) have fundamentally different compositions and purposes",,Dairy and Egg Products
high,170879,"Milk, chocolate, fluid, commercial, whole, with added vitamin A and vitamin D",False,True,"Chocolate milk is a sweetened flavored milk beverage with ~349kcal/100g and 10.3g carbs, but no Japanese table entry exists for chocolate-flavored milk; closest candidates (普通牛乳 at 61kcal, ヨーグルト at 56-65kcal) are plain products with vastly different energy and carbohydrate profiles, making this a poor conceptual and nutritional match",,Dairy and Egg Products
high,170882,"Milk, sheep, fluid",False,True,"Sheep milk is not represented in the Japanese food composition table; the table contains goat milk (やぎ乳) and human milk but no sheep milk entry, and the nutrient profile (108 kcal, 5.98g protein, 7.0g fat) is distinctly higher than all available candidates, making direct matching impossible.",,Dairy and Egg Products
high,170883,"Milk shakes, thick chocolate",False,True,"Thick chocolate milk shake is a liquid beverage with specific chocolate flavor and composition; Japanese table lacks dedicated milk shake entries - closest candidates are either ice cream products (frozen, higher fat/energy) or plain milk/yogurt drinks (no chocolate, lower carbs), making NO_MATCH most appropriate",,Dairy and Egg Products
high,170893,"Egg, whole, raw, frozen, salted, pasteurized",False,True,"Frozen salted pasteurized egg is a specialized processed egg product with very high salt content (9.3g/100g) that has no equivalent in Japanese dairy/egg composition tables; all candidates are cheese, cream, or ice cream products with fundamentally different nutritional profiles and food categories",,Dairy and Egg Products
high,170903,"Yogurt, Greek, plain, lowfat",False,True,"Greek yogurt (strained, high protein ~10g/100g, low carb ~4g/100g) has no equivalent in Japanese table; closest yogurt entries (21, 19, 24) are unstrained with much lower protein (2.9-4.3g) and higher carbs (10.5-11.7g) or full-fat versions, making nutritional profiles incompatible",,Dairy and Egg Products
high,170905,"Yogurt, Greek, fruit, whole milk",False,True,Greek yogurt with fruit and whole milk has significantly higher protein (7.33g) and energy (441kcal) than all Japanese yogurt entries; closest candidates are ice cream/cream products but Greek yogurt is a distinct fermented dairy product not well-represented in the Japanese table,,Dairy and Egg Products
high,170909,"Yogurt, Greek, 2% fat, pineapple, CHOBANI",False,True,"Greek yogurt with 2% fat and fruit is a modern product category not represented in the Japanese food composition table; closest yogurt entries (17, 19) are either non-fat or drinkable types with very different nutrient profiles (65-64 kcal vs 392 kcal), and the high energy content suggests added sweeteners/fruit not captured in traditional Japanese yogurt entries",,Dairy and Egg Products
high,170917,"Spices, bay leaf",False,True,"Bay leaf is a dried herb/spice with high carbohydrate (75g) and fiber (26.3g) content per 100g, but all Japanese spice candidates show either negligible carbs/fiber or vastly different nutrient profiles; no Japanese equivalent exists in the provided table",,Spices and Herbs
high,170918,"Spices, caraway seed",False,True,"Caraway seed has distinctly high energy (1390 kcal), fiber (38.0g), and carbohydrates (49.9g) compared to all Japanese spice powder candidates which range 338-520 kcal with mostly missing carb data; no Japanese spice composition table entry matches caraway's nutritional profile or botanical characteristics",,Spices and Herbs
high,170919,"Spices, cardamom",False,True,"Cardamom is a tropical spice with unique aromatic properties and high carbohydrate (68.5g) and fiber (28.0g) content per 100g that doesn't match any Japanese spice powder in the table; closest candidates (clove, nutmeg, allspice) have significantly lower energy and different nutrient profiles, and cardamom has no direct Japanese culinary equivalent",,Spices and Herbs
high,170920,"Spices, celery seed",False,True,"Celery seed is a specific spice with distinctive nutritional profile (1640 kcal, 25.3g fat, 41.4g carbs, 1770mg Ca, 44.9mg Fe) that does not match any Japanese spice entries; closest candidates (black pepper, mixed pepper, clove) are substantially lower in energy and nutrient density, indicating no adequate Japanese equivalent exists",,Spices and Herbs
high,170921,"Spices, coriander leaf, dried",False,True,"Dried coriander leaf is a fresh herb product with no dried herb spice equivalent in the Japanese table; candidates are either condiment sauces, dashi broths, or spices with vastly different nutrient profiles (e.g., cinnamon 356kcal vs 1170kcal, mustard powder 435kcal vs 1170kcal)",,Spices and Herbs
high,170922,"Spices, coriander seed",False,True,"Coriander seed has distinctive nutrient profile (1240 kcal, 55g carbs, 41.9g fiber, 17.8g fat) that does not match any Japanese spice entry; closest candidates (black pepper, white pepper) have ~360 kcal and different macronutrient ratios, indicating coriander seed is not represented in the Japanese composition table",,Spices and Herbs
high,170923,"Spices, cumin seed",False,True,"Cumin seed is a specific spice not represented in the Japanese food composition table; the closest candidates (black pepper, sage, clove) differ significantly in nutrient profile, particularly in protein (17.8g vs 6-11g), fat (22.3g vs 3-10g), and carbohydrates (44.2g vs 42-59g), indicating cumin's unique composition is not adequately matched by any available entry.",,Spices and Herbs
high,170925,"Spices, dill seed",False,True,"Dill seed has distinctly high energy (1280 kcal), carbohydrates (55.2g), and fiber (21.1g) compared to all Japanese spice candidates which are 300-520 kcal; no nutritionally similar Japanese spice entry exists for dill seed",,Spices and Herbs
high,170928,"Spices, marjoram, dried",False,True,"Dried marjoram (1140 kcal, 60.6g carbs, 40.3g fiber) has dramatically higher energy and carbohydrate content than all Japanese spice candidates (302-435 kcal range), suggesting the US data may include processing differences or moisture content variations not represented in the Japanese composition table; no nutritionally comparable match exists",,Spices and Herbs
high,170930,"Spices, parsley, dried",False,True,"Dried parsley is a leafy herb with distinctly high protein (26.6g), fiber (26.7g), and vitamin C (125mg) profile that doesn't match any Japanese spice entries, which are predominantly aromatic seeds/powders with different nutrient compositions; no Japanese equivalent exists in the provided table",,Spices and Herbs
high,170932,"Spices, pepper, red or cayenne",False,True,"Red/cayenne pepper (1330 kcal, 17.3g fat, 56.6g carb, 27.2g fiber per 100g) has no close Japanese match; available candidates are all much lower in energy (362-435 kcal) and lack the distinctive nutritional profile of dried red chili peppers",,Spices and Herbs
high,170934,"Spices, saffron",False,True,"Saffron is a unique spice with distinctive nutrient profile (high K=1720mg, VitC=80.8mg, moderate protein=11.4g) that doesn't match any Japanese spice candidates; closest options like black pepper (#9) and white pepper (#11) have significantly lower K and VitC, and lack saffron's characteristic nutritional and flavor properties",,Spices and Herbs
high,170937,"Spices, tarragon, dried",False,True,"Dried tarragon is a European herb with distinctive anise-like flavor; Japanese table lacks a direct equivalent and tarragon is not commonly used in Japanese cuisine, making it culturally and functionally unique to Western cooking",,Spices and Herbs
,170939,"Babyfood, vegetables, peas, strained",False,True,No MEXT category mapped for Baby Foods,True,Baby Foods
,170940,"Babyfood, peas, dices, toddler",False,True,No MEXT category mapped for Baby Foods,True,Baby Foods
,170941,"Babyfood, vegetables, spinach, creamed, strained",False,True,No MEXT category mapped for Baby Foods,True,Baby Foods
,170942,"Babyfood, fruit, apricot with tapioca, junior",False,True,No MEXT category mapped for Baby Foods,True,Baby Foods
,170943,"Babyfood, fruit, pears, junior",False,True,No MEXT category mapped for Baby Foods,True,Baby Foods
,170944,"Babyfood, fruit, plums with tapioca, without ascorbic acid, strained",False,True,No MEXT category mapped for Baby Foods,True,Baby Foods
,170945,"Babyfood, fruit, plums with tapioca, without ascorbic acid, junior",False,True,No MEXT category mapped for Baby Foods,True,Baby Foods
,170946,"Babyfood, fruit, prunes with tapioca, without ascorbic acid, strained",False,True,No MEXT category mapped for Baby Foods,True,Baby Foods
,170947,"Babyfood, fruit, applesauce and apricots, strained",False,True,No MEXT category mapped for Baby Foods,True,Baby Foods
,170948,"Babyfood, fruit, applesauce and apricots, junior",False,True,No MEXT category mapped for Baby Foods,True,Baby Foods
,170949,"Babyfood, fruit, applesauce and cherries, strained",False,True,No MEXT category mapped for Baby Foods,True,Baby Foods
,170950,"Babyfood, fruit, applesauce and cherries, junior",False,True,No MEXT category mapped for Baby Foods,True,Baby Foods
,170951,"Babyfood, fruit, applesauce with banana, junior",False,True,No MEXT category mapped for Baby Foods,True,Baby Foods
,170952,"Babyfood, fruit and vegetable, apple and sweet potato",False,True,No MEXT category mapped for Baby Foods,True,Baby Foods
,170953,"Babyfood, fruit, bananas and pineapple with tapioca, junior",False,True,No MEXT category mapped for Baby Foods,True,Baby Foods
,170954,"Babyfood, fruit, bananas and pineapple with tapioca, strained",False,True,No MEXT category mapped for Baby Foods,True,Baby Foods
,170955,"Babyfood, fruit, pears and pineapple, strained",False,True,No MEXT category mapped for Baby Foods,True,Baby Foods
,170956,"Babyfood, fruit, bananas with apples and pears, strained",False,True,No MEXT category mapped for Baby Foods,True,Baby Foods
,170957,"Babyfood, fruit, apple and blueberry, strained",False,True,No MEXT category mapped for Baby Foods,True,Baby Foods
,170958,"Babyfood, fruit, apple and blueberry, junior",False,True,No MEXT category mapped for Baby Foods,True,Baby Foods
,170959,"Babyfood, juice, apple",False,True,No MEXT category mapped for Baby Foods,True,Baby Foods
,170960,"Babyfood, juice, orange and apple and banana",False,True,No MEXT category mapped for Baby Foods,True,Baby Foods
,170961,"Babyfood, juice, orange and apricot",False,True,No MEXT category mapped for Baby Foods,True,Baby Foods
,170962,"Babyfood, juice, orange and banana",False,True,No MEXT category mapped for Baby Foods,True,Baby Foods
,170963,"Babyfood, juice, orange and pineapple",False,True,No MEXT category mapped for Baby Foods,True,Baby Foods
,170964,"Babyfood, cereal, mixed, dry fortified",False,True,No MEXT category mapped for Baby Foods,True,Baby Foods
,170965,"Babyfood, cereal, mixed, with bananas, dry",False,True,No MEXT category mapped for Baby Foods,True,Baby Foods
,170966,"Babyfood, cereal, mixed, with applesauce and bananas, strained",False,True,No MEXT category mapped for Baby Foods,True,Baby Foods
,170967,"Babyfood, cereal, mixed, with applesauce and bananas, junior, fortified",False,True,No MEXT category mapped for Baby Foods,True,Baby Foods
,170968,"Babyfood, cereal, oatmeal, with honey, dry",False,True,No MEXT category mapped for Baby Foods,True,Baby Foods
,170969,"Babyfood, cereal, rice, dry fortified",False,True,No MEXT category mapped for Baby Foods,True,Baby Foods
,170970,"Babyfood, cereal, rice, with applesauce and bananas, strained",False,True,No MEXT category mapped for Baby Foods,True,Baby Foods
,170971,"Babyfood, cereal, with egg yolks, strained",False,True,No MEXT category mapped for Baby Foods,True,Baby Foods
,170972,"Babyfood, crackers, vegetable",False,True,No MEXT category mapped for Baby Foods,True,Baby Foods
,170973,"Babyfood, cereal, high protein, with apple and orange, dry",False,True,No MEXT category mapped for Baby Foods,True,Baby Foods
,170974,"Babyfood, cereal, rice, with bananas, dry",False,True,No MEXT category mapped for Baby Foods,True,Baby Foods
,170975,"Babyfood, cookies",False,True,No MEXT category mapped for Baby Foods,True,Baby Foods
,170976,"Babyfood, dessert, dutch apple, strained",False,True,No MEXT category mapped for Baby Foods,True,Baby Foods
,170977,"Babyfood, dessert, dutch apple, junior",False,True,No MEXT category mapped for Baby Foods,True,Baby Foods
,170978,"Babyfood, cherry cobbler, junior",False,True,No MEXT category mapped for Baby Foods,True,Baby Foods
,170979,"Babyfood, dessert, cherry vanilla pudding, strained",False,True,No MEXT category mapped for Baby Foods,True,Baby Foods
,170980,"Babyfood, dessert, peach melba, strained",False,True,No MEXT category mapped for Baby Foods,True,Baby Foods
,170981,"Babyfood, dessert, peach melba, junior",False,True,No MEXT category mapped for Baby Foods,True,Baby Foods
,170982,"Babyfood, dessert, fruit pudding, pineapple, strained",False,True,No MEXT category mapped for Baby Foods,True,Baby Foods
,170983,"Babyfood, dessert, fruit dessert, without ascorbic acid, strained",False,True,No MEXT category mapped for Baby Foods,True,Baby Foods
,170984,"Babyfood, juice, fruit punch, with calcium",False,True,No MEXT category mapped for Baby Foods,True,Baby Foods
,170985,"Babyfood, juice, apple, with calcium",False,True,No MEXT category mapped for Baby Foods,True,Baby Foods
,170986,"Infant Formula, MEAD JOHNSON, ENFAMIL, ENFACARE, ready-to-feed, with ARA and DHA",False,True,No MEXT category mapped for Baby Foods,True,Baby Foods
,170987,"Babyfood, yogurt, whole milk, with fruit, multigrain cereal and added DHA fortified",False,True,No MEXT category mapped for Baby Foods,True,Baby Foods
,170988,"Infant formula, ABBOTT NUTRITION, ALIMENTUM ADVANCE, with iron, powder, not reconstituted, with DHA and ARA",False,True,No MEXT category mapped for Baby Foods,True,Baby Foods
,170989,"Babyfood, mashed cheddar potatoes and broccoli, toddlers",False,True,No MEXT category mapped for Baby Foods,True,Baby Foods
,170990,"Babyfood, yogurt, whole milk, with fruit, multigrain cereal and added iron fortified",False,True,No MEXT category mapped for Baby Foods,True,Baby Foods
,170991,"Infant formula, NESTLE, GOOD START SOY, with DHA and ARA, liquid concentrate",False,True,No MEXT category mapped for Baby Foods,True,Baby Foods
,170992,"Toddler formula, MEAD JOHNSON, ENFAGROW, Toddler Transitions, with ARA and DHA, powder",False,True,No MEXT category mapped for Baby Foods,True,Baby Foods
,170993,"Toddler formula, MEAD JOHNSON, ENFAGROW PREMIUM (formerly ENFAMIL, LIPIL, NEXT STEP), ready-to-feed",False,True,No MEXT category mapped for Baby Foods,True,Baby Foods
,170994,"Infant Formula, MEAD JOHNSON, ENFAMIL, Newborn, with DHA and ARA, ready-to-feed",False,True,No MEXT category mapped for Baby Foods,True,Baby Foods
,170995,"Infant formula, GERBER, GOOD START 2 Soy, with iron, ready-to-feed",False,True,No MEXT category mapped for Baby Foods,True,Baby Foods
,170996,"Infant formula, GERBER, GOOD START, PROTECT PLUS, ready-to-feed",False,True,No MEXT category mapped for Baby Foods,True,Baby Foods
,170997,"Infant Formula, GERBER GOOD START 2, GENTLE PLUS, ready-to-feed",False,True,No MEXT category mapped for Baby Foods,True,Baby Foods
,170998,"Babyfood, fruit, banana and strawberry, junior",False,True,No MEXT category mapped for Baby Foods,True,Baby Foods
,170999,"Babyfood, banana with mixed berries, strained",False,True,No MEXT category mapped for Baby Foods,True,Baby Foods
,171000,"Babyfood, Multigrain whole grain cereal, dry fortified",False,True,No MEXT category mapped for Baby Foods,True,Baby Foods
,171001,"Babyfood, Baby MUM MUM Rice Biscuits",False,True,No MEXT category mapped for Baby Foods,True,Baby Foods
high,171003,"Salad dressing, KRAFT Mayo Fat Free Mayonnaise Dressing",False,True,"Fat-free mayonnaise dressing is a highly processed American condiment with 64 kcal and 15.8g carbs per 100g (containing starches, gums, and additives), fundamentally different from pure fats/oils in Japanese table which range 579-897 kcal with minimal carbs; no Japanese equivalent exists for this specific low-fat emulsified condiment category",,Fats and Oils
high,171004,"Salad dressing, KRAFT MIRACLE WHIP FREE Nonfat Dressing",False,True,"Nonfat salad dressing (84 kcal, 2.7g fat, 15.5g carbs) is a processed condiment fundamentally different from pure oils/fats in the Japanese table; no suitable match exists for mayonnaise-type or emulsified dressing products",,Fats and Oils
high,171005,"Salad dressing, russian dressing",False,True,"Russian dressing is a prepared condiment with significant carbohydrates (31.9g), protein (0.69g), and moderate fat (26.2g) - a composite emulsion product fundamentally different from pure oils/fats in the Japanese table which contain 0g carbs and minimal protein; no Japanese equivalent exists for this American-style prepared dressing",,Fats and Oils
high,171006,"Salad dressing, sesame seed dressing, regular",False,True,"Sesame seed dressing is an emulsified condiment with protein, carbs, and fiber from seeds/ingredients; pure oils (candidates 1-25) are fundamentally different products lacking these components and don't represent dressing composition",,Fats and Oils
high,171007,"Salad dressing, russian dressing, low calorie",False,True,"Low-calorie Russian dressing is a salad dressing (condiment) with high carbs/low fat profile, fundamentally different from pure oils/fats in Japanese table; no salad dressing category exists in provided Japanese oil/fat entries",,Fats and Oils
high,171008,"Salad dressing, thousand island dressing, reduced fat",False,True,"Thousand island dressing is a complex emulsified condiment with relish, mayo, ketchup and seasonings (~11g fat, ~24g carbs per 100g); Japanese oil/fat table contains only pure fats and oils with vastly different compositions (>96g fat, <1g carbs), making no nutritionally or conceptually appropriate match",,Fats and Oils
high,171009,"Salad dressing, mayonnaise, regular",False,True,"Mayonnaise is an emulsified condiment with eggs, oil, and vinegar (~0.96g protein, 74.8g fat, 0.57g carbs) fundamentally different from pure oils/fats in the Japanese table; no Japanese entry captures its emulsified condiment nature or nutritional profile.",,Fats and Oils
high,171010,"Salad dressing, mayonnaise, soybean and safflower oil, with salt",False,True,"Mayonnaise is an emulsified condiment with eggs, oils, and seasonings (79.4g fat, 3000kcal/100g, 1.1g protein, salt 1.443g per 100g), fundamentally different from pure plant oils in the Japanese table which contain 96-99.9g fat and near-zero protein; no Japanese mayonnaise entry exists in the provided candidates",,Fats and Oils
high,171014,"Oil, wheat germ",False,True,"Wheat germ oil is not represented in the Japanese food composition table; all candidates are either common seed/vegetable oils or animal fats, but wheat germ oil (小麦胚芽油) is a specialized oil derived from wheat germ with distinct nutritional properties not covered by these entries.",,Fats and Oils
high,171019,"Salad dressing, italian dressing, commercial, regular",False,True,"Italian dressing is an emulsified vinegar-oil dressing with herbs and spices; Japanese table contains only pure oils and fats with no emulsified dressing entries, making it a processed American food product without a direct Japanese equivalent",,Fats and Oils
high,171020,"Salad dressing, french dressing, commercial, regular, without salt",False,True,"French dressing is an emulsified condiment with ~45% fat, 15% carbs, and added seasonings/flavorings; pure oils have 97%+ fat and near-zero carbs/protein, making them fundamentally different products despite both being in the fats category",,Fats and Oils
high,171021,"Salad dressing, french dressing, reduced fat, without salt",False,True,"French dressing is a reduced-fat, vinegar-based emulsified salad dressing with significant carbohydrates (29.3g) and moderate fat (13.5g); all Japanese candidates are pure oils/fats with minimal carbohydrates and much higher fat content, making this fundamentally incompatible with any available entry",,Fats and Oils
high,171022,"Salad dressing, italian dressing, commercial, regular, without salt",False,True,"Italian dressing is an emulsified vinegar-oil dressing with herbs and spices; Japanese table contains only pure oils/fats with no emulsified dressing equivalents, making this a unique American product category with no Japanese match",,Fats and Oils
high,171023,"Salad dressing, italian dressing, reduced fat, without salt",False,True,"Italian dressing is a water-based emulsion with vinegar, oil, and herbs (~6% fat, ~4.5% carbs); all Japanese candidates are pure oils/fats (60-97% fat) with minimal carbs/protein - fundamentally different food category and composition",,Fats and Oils
high,171030,"Oil, walnut",False,True,"Walnut oil is not listed in the Japanese food composition table; closest oils listed are from sunflower, linseed, perilla, and other seeds, but walnut oil specifically has unique fatty acid profile (high linoleic acid) that should have its own entry if available in Japanese database",,Fats and Oils
high,171034,"Salad dressing, honey mustard dressing, reduced calorie",False,True,"Honey mustard dressing is a reduced-calorie condiment with significant carbohydrates (28.3g) and moderate fat (10g), fundamentally different from all Japanese oil/fat table entries which are pure or near-pure fats with minimal carbohydrates; no conceptual match exists in the provided Japanese composition table.",,Fats and Oils
high,171036,"Salad dressing, spray-style dressing, assorted flavors",False,True,"Spray-style salad dressing is a highly processed American product with low fat (10.8g) and high carbs (16.6g) from emulsifiers/thickeners, unlike any Japanese oil/fat entries which are pure or near-pure lipids with 64-97g fat per 100g",,Fats and Oils
high,171037,"Salad Dressing, mayonnaise, light, SMART BALANCE, Omega Plus light",False,True,"Light mayonnaise dressing with added omega-3s and carbohydrates (9.39g) is a processed American condiment with no equivalent in Japanese oil/fat category; closest pure oils have 34.2g fat vs 96%+ fat, and added ingredients (emulsifiers, water, carbs) make direct matching inappropriate",,Fats and Oils
high,171043,"Salad dressing, honey mustard, regular",False,True,"Honey mustard dressing is an emulsified condiment with significant carbohydrates (23.3g), protein (0.87g), and moderate fat (40.8g) per 100g, with lower energy (464kcal). All Japanese candidates are pure fats/oils with energy >579kcal and negligible carbohydrates/protein, making them fundamentally incompatible with a salad dressing's composition profile.",,Fats and Oils
high,171044,"Salad dressing, poppyseed, creamy",False,True,"Creamy poppyseed salad dressing is a processed emulsified condiment with 33.3g fat, 23.7g carbs, and 2.37g salt per 100g - fundamentally different from pure oils (880-900 kcal, 96-99.9g fat, 0g carbs, 0g salt); no Japanese composition table entry exists for creamy emulsified dressings",,Fats and Oils
high,171045,"Salad dressing, caesar, fat-free",False,True,"Fat-free caesar dressing (547kcal, 0.23g fat, 30.7g carb) is a condiment/sauce with minimal fat, fundamentally different from all Japanese oil/fat table entries (all >579kcal with >64g fat); no Japanese composition table match for dressings/condiments exists in provided candidates",,Fats and Oils
high,171046,"Dressing, honey mustard, fat-free",False,True,"Honey mustard dressing is a prepared condiment with 169kcal, 1.47g fat, and 38.4g carbs per 100g - fundamentally different from pure oils/fats (579-889kcal, 64-97g fat) in the Japanese table; no condiment or dressing category exists in the provided candidates",,Fats and Oils
high,171059,"Chicken, heart, all classes, cooked, simmered",False,True,"Chicken heart (poultry organ meat, simmered) has no matching entry in the provided Japanese table which contains only beef, horse, goat, rabbit, duck, and pork organ meats - no poultry organs listed",,Poultry Products
high,171061,"Chicken, liver, all classes, cooked, simmered",False,True,"US item is cooked chicken liver; Japanese table lacks poultry liver entries - only has pork/beef/horse offal and poultry heart/other meats, making true equivalent unavailable",,Poultry Products
high,171077,"Chicken, broiler or fryers, breast, skinless, boneless, meat only, raw",False,True,"US item is raw skinless boneless chicken breast (171 kcal adjusted for raw state), but all Japanese candidates are either cooked preparations (fried, grilled, boiled) or different cuts; no raw breast meat entry exists in the table",,Poultry Products
high,171081,"Turkey, whole, meat and skin, raw",False,True,"US turkey (raw, whole bird with skin) is poultry but no Japanese table entry for raw turkey exists; all poultry candidates are chicken (にわとり) with vastly different nutrient profiles, and the 602 kcal energy is too high for any listed entry, indicating this specific raw turkey composition has no adequate Japanese equivalent",,Poultry Products
high,171082,"Turkey, whole, skin (light and dark), roasted",False,True,"Roasted turkey with skin has high protein (23.9g) and moderate fat (39.3g) unlike pure fat cuts in table; poultry is absent from candidates which only list beef, pork, and whale - no nutritionally equivalent poultry match exists",,Poultry Products
high,171084,"Turkey, whole, giblets, cooked, simmered",False,True,"Turkey giblets cooked/simmered (722 kcal, 26.4g protein, 6.61g fat) has no nutritional match in Japanese table; the high energy density suggests concentrated offal preparation rather than raw giblets, and no poultry giblet entry exists in candidates",,Poultry Products
high,171087,"Turkey, whole, neck, meat only, cooked, simmered",False,True,"Turkey neck is poultry (鳥肉類) but all candidates are livestock meat (畜肉類) or chicken; the US item's nutrient profile (679 kcal, 22.5g protein, 7.36g fat) is distinctly higher in energy and lower in fat than boiled/simmered beef cuts, and no Japanese poultry neck equivalent exists in the provided table",,Poultry Products
high,171091,"Turkey, whole, dark meat, cooked, roasted",False,True,"US turkey dark meat (723kcal, 27.7g protein, 6.04g fat) has significantly higher energy and lower fat than all Japanese poultry candidates; no Japanese composition table entry matches roasted turkey's nutrient profile, which is distinctly different from chicken, lamb, or beef options provided",,Poultry Products
high,171096,"Turkey, whole, back, meat only, raw",False,True,"Turkey is poultry (not in 畜肉類/livestock meats); all candidates are beef, lamb, or wild boar. Japanese composition table lacks poultry entries in provided candidates, making turkey unmatchable to livestock meat categories.",,Poultry Products
high,171097,"Turkey, whole, back, meat only, cooked, roasted",False,True,US turkey (poultry) has no direct poultry equivalent in Japanese table; candidates are beef/lamb/venison/chicken with mismatched protein (27.7g vs 22-25g range) and nutrient profiles fundamentally different from available options,,Poultry Products
high,171098,"Turkey, whole, breast, meat only, raw",False,True,"US turkey breast (raw, skinless, very lean: 479kcal, 23.7g protein, 1.48g fat) has no Japanese equivalent in the table; all candidates are chicken (にわとり) or other meats, and the closest chicken breast entries (options 5, 8) are cooked with skin and show 2-3x higher fat content (9.6-16.5g vs 1.48g), making them nutritionally incompatible",,Poultry Products
high,171107,"Chicken, cornish game hens, meat and skin, cooked, roasted",False,True,"Cornish game hen (small roasted chicken with skin) has distinctly different nutrient profile (higher protein 22.3g, lower fat 18.2g, much higher energy density 1080kcal) compared to all Japanese candidates which are beef, pork, whale, or single chicken skin; no poultry meat+skin cooked entry exists in the Japanese table",,Poultry Products
high,171110,"Chicken, canned, no broth",False,True,"Canned chicken without broth is a highly processed American convenience product with no equivalent in Japanese food composition table; all candidates are fresh/cooked meat cuts or processed meat products (ham, sausage) with fundamentally different nutrient profiles and preparation methods",,Poultry Products
high,171111,"Chicken, wing, frozen, glazed, barbecue flavored",False,True,"Frozen glazed barbecue chicken wings (884kcal, 19.7g protein, 12.7g fat, 3.34g carbs) have no close match in Japanese table; all candidates are either non-poultry meats or lack the characteristic glazed/barbecue processed preparation and nutrient profile of this specific US product",,Poultry Products
high,171113,"Duck, young duckling, domesticated, White Pekin, leg, meat only, bone in, cooked without skin, braised",False,True,"Duck (Pekin) leg meat has distinctly different nutrient profile from all candidates; Japanese table lacks poultry entries beyond chicken (にわとり), and duck's higher fat content (5.96g) and lower protein (29.1g) relative to chicken don't align with any beef/pork/lamb options provided",,Poultry Products
high,171116,"Chicken, ground, raw",False,True,"Ground chicken raw is a modern processed poultry product not represented in traditional Japanese food composition tables; all candidates are either whole cuts, cooked preparations, or different meat types with significantly lower energy (234-380 kcal vs 598 kcal) and higher fat content than raw ground chicken",,Poultry Products
high,171119,"Chicken, feet, boiled",False,True,"Chicken feet (boiled) is not represented in the Japanese food composition table; the table lacks poultry byproducts/extremities entries, only containing pork offal items, and chicken feet has unique collagen-rich composition distinct from standard poultry cuts",,Poultry Products
high,171122,"Chicken, broilers or fryers, rotisserie, original seasoning, back, meat and skin, cooked",False,True,"US rotisserie chicken (1090 kcal, 23.2g protein, 18.6g fat, cooked poultry) has no nutritionally comparable match in the table; all candidates are beef/pork cuts with 400-600 kcal and significantly lower protein, or the only chicken entry (item 22) is skin only at 466 kcal with much lower protein",,Poultry Products
high,171131,"Turkey, thigh, from whole bird, meat only, with added solution, roasted",False,True,"Turkey thigh is poultry with exceptionally high energy (663kcal) due to added solution injection; no Japanese poultry entry matches this energy level, and all candidates are either beef, lamb, or chicken without solution injection",,Poultry Products
high,171133,"Turkey, retail parts, wing, meat and skin, cooked, roasted",False,True,"Turkey is poultry (not in candidates); all candidates are beef, pork, lamb, or whale. No poultry entries available in Japanese table for matching cooked roasted turkey wing.",,Poultry Products
high,171134,"Turkey, retail parts, drumstick, meat and skin, raw",False,True,"Turkey drumstick (poultry, dark meat with skin) has no equivalent in the Japanese table which contains only beef, lamb, mutton, pork, chicken offal, and veal - no poultry drumsticks or comparable turkey cuts available",,Poultry Products
high,171135,"Turkey, retail parts, drumstick, meat and skin, cooked, roasted",False,True,"US turkey drumstick (roasted poultry, 825kcal, 28.2g protein, 9.37g fat) has no nutritional match in Japanese table which contains only beef, lamb, mutton, pork, and chicken; turkey is not listed in the 八訂 composition table",,Poultry Products
high,171137,"Turkey, retail parts, thigh, meat and skin, cooked, roasted",False,True,"US item is roasted turkey thigh (poultry); all candidates are beef, lamb, whale, or fried chicken - no poultry thigh match exists in Japanese table",,Poultry Products
high,171139,"Turkey, back, from whole bird, meat and skin, with added solution, roasted",False,True,"US turkey back (roasted poultry with skin, 860kcal, 25.8g protein, 11.4g fat) has no close match in Japanese table which lacks poultry entries; all candidates are beef, pork, lamb, or whale meat with significantly different nutrient profiles and cooking methods",,Poultry Products
high,171141,"Soup, black bean, canned, condensed",False,True,"Black bean soup is a legume-based soup with no Japanese equivalent in the provided table; candidates are all condiments/seasonings/sauces, not soups, and lack comparable nutrient profiles (especially fiber 6.8g and carbs 15.4g)",,"Soups, Sauces, and Gravies"
high,171142,"Soup, bean with pork, canned, condensed",False,True,"US canned condensed bean with pork soup is a complete dish (soup) with vegetables, legumes, and meat; Japanese table contains only condiments/seasonings/sauces with no soup entries, making no suitable match available",,"Soups, Sauces, and Gravies"
high,171143,"Soup, bean with frankfurters, canned, condensed",False,True,"Canned bean soup with frankfurters is a processed composite dish with no Japanese equivalent; all candidates are condiments/seasonings (調味料・香辛料類) rather than soup or main dishes, making any match fundamentally misaligned",,"Soups, Sauces, and Gravies"
high,171144,"Soup, bean with ham, canned, chunky, ready-to-serve",False,True,"Canned chunky bean and ham soup is a prepared dish with no equivalent in Japanese condiment/seasoning table; all candidates are seasonings/sauces, not soups, making this a category mismatch requiring NO_MATCH",,"Soups, Sauces, and Gravies"
high,171145,"Soup, chicken, canned, chunky, ready-to-serve",False,True,"Canned chunky chicken soup is a prepared dish/convenience food with no equivalent in Japanese condiment/seasoning table; all candidates are condiments, sauces, or seasonings rather than ready-to-eat soups",,"Soups, Sauces, and Gravies"
high,171147,"Soup, chicken gumbo, canned, condensed",False,True,"Canned condensed chicken gumbo soup is a complete dish (not a condiment/sauce/seasoning) with protein, fat, and carbohydrates from vegetables and broth; all Japanese candidates are seasonings, sauces, or dashi broths with fundamentally different food categories and nutrient profiles",,"Soups, Sauces, and Gravies"
high,171148,"Soup, chunky chicken noodle, canned, ready-to-serve",False,True,"Chunky chicken noodle soup is a prepared dish with chicken, noodles, and broth - not a condiment/sauce/seasoning. All 25 candidates are condiments, sauces, dressings, or stocks with fundamentally different food categories and nutrient profiles. No suitable match exists in this Japanese condiment-focused table.",,"Soups, Sauces, and Gravies"
high,171149,"Soup, chicken vegetable, canned, condensed",False,True,"Canned condensed chicken vegetable soup is a prepared dish/ready-to-eat product; all candidates are condiments, sauces, and seasonings from調味料・香辛料類 category with fundamentally different food purposes and compositions, making this a NO_MATCH",,"Soups, Sauces, and Gravies"
high,171150,"Soup, chili beef, canned, condensed",False,True,"Canned condensed beef chili soup is a distinctly American processed food product with no conceptual or nutritional equivalent in Japanese cuisine; all candidates are condiments/seasonings, not soup bases",,"Soups, Sauces, and Gravies"
high,171151,"Soup, clam chowder, manhattan style, canned, chunky, ready-to-serve",False,True,Manhattan clam chowder is a tomato-based seafood soup with no Japanese equivalent in the condiment/sauce-focused table; all candidates are seasoning products rather than ready-to-serve soups,,"Soups, Sauces, and Gravies"
high,171152,"Soup, clam chowder, manhattan, canned, condensed",False,True,"Manhattan clam chowder is a tomato-based soup with seafood, a distinctly American preparation with no equivalent in Japanese condiment/sauce table; candidates are all seasonings/sauces, not soups",,"Soups, Sauces, and Gravies"
high,171153,"Soup, minestrone, canned, condensed",False,True,Minestrone soup is a ready-to-eat vegetable-based soup product fundamentally different from all provided Japanese condiments/sauces/seasonings; no nutritionally or conceptually similar match exists in the composition table,,"Soups, Sauces, and Gravies"
high,171154,"Soup, mushroom barley, canned, condensed",False,True,Canned condensed mushroom barley soup is a prepared soup product with no equivalent in Japanese condiment/sauce table; Japanese table lacks soup category and candidates are all seasonings/sauces with fundamentally different nutrient profiles and purposes,,"Soups, Sauces, and Gravies"
high,171156,"Soup, mushroom with beef stock, canned, condensed",False,True,Canned condensed mushroom beef soup is a ready-to-eat soup product; all candidates are condiments/seasonings/sauces with vastly different nutrient profiles and food category - no suitable match exists in the Japanese condiment-focused table,,"Soups, Sauces, and Gravies"
high,171157,"Soup, pea, split with ham, canned, condensed",False,True,"Split pea soup with ham is a Western soup category absent from Japanese composition table; all candidates are condiments/seasonings/sauces with fundamentally different nutrient profiles (much lower energy density, different macronutrient ratios) and food purpose.",,"Soups, Sauces, and Gravies"
high,171160,"Soup, tomato beef with noodle, canned, condensed",False,True,"Condensed tomato beef noodle soup is a prepared dish (soup category) with balanced macronutrients and moderate energy; all candidates are condiments/seasonings/sauces with extreme nutrient profiles (very high salt, unbalanced macros, or missing key nutrients) - no suitable match exists in this Japanese condiment-focused table",,"Soups, Sauces, and Gravies"
high,171161,"Soup, vegetarian vegetable, canned, condensed",False,True,"Canned condensed vegetable soup is a ready-to-eat soup product, while all Japanese candidates are condiments, sauces, dressings, or flavor bases - fundamentally different food categories with no nutritionally or conceptually similar match available",,"Soups, Sauces, and Gravies"
high,171162,"Soup, chunky beef, canned, ready-to-serve",False,True,"Canned chunky beef soup is a ready-to-serve prepared dish with meat and broth - no Japanese table entry matches this complete prepared soup product; all candidates are condiments, sauces, or seasonings rather than soup dishes",,"Soups, Sauces, and Gravies"
high,171163,"Soup, vegetable beef, canned, condensed",False,True,"Canned condensed vegetable beef soup is a complete ready-to-eat soup product with specific US formulation; Japanese candidates are all condiments/sauces/seasonings, not soups. No nutritionally or conceptually equivalent soup base exists in the provided Japanese table.",,"Soups, Sauces, and Gravies"
high,171164,"Soup, vegetable with beef broth, canned, condensed",False,True,"Canned condensed vegetable beef soup is a complete soup product, not a condiment/sauce/seasoning; all Japanese candidates are seasonings, sauces, dressings, or condiments with fundamentally different food categories and nutrient profiles",,"Soups, Sauces, and Gravies"
high,171166,"Soup, cream of vegetable, dry, powder",False,True,"Cream of vegetable dry powder soup is a processed soup mix with no equivalent in Japanese food composition table; candidates are dressings, spices, and condiments with vastly different nutrient profiles (much lower energy, protein, and carbs) and food categories",,"Soups, Sauces, and Gravies"
high,171171,"Gravy, mushroom, dry, powder",False,True,"Mushroom gravy powder is a dehydrated sauce thickener with high carbs (64.7g) and moderate salt (16.7g) that doesn't match Japanese condiments; closest candidates (roux-based items #1,4) are significantly lower in carbs and energy, and no Japanese equivalent exists for this specific American gravy product category",,"Soups, Sauces, and Gravies"
high,171172,"Gravy, onion, dry, mix",False,True,"Onion gravy dry mix is a prepared gravy base with high carbs (67.6g) and fiber (6.0g) typical of flour-based roux, but no Japanese candidate matches both the extremely high energy density (1350 kcal/100g) and carbohydrate profile of this concentrated dry mix formulation; closest candidates (curry roux, hayashi roux) are significantly lower in calories and carbs",,"Soups, Sauces, and Gravies"
high,171173,"Gravy, pork, dry, powder",False,True,"Pork gravy powder is a meat-based sauce thickener unique to American cuisine; Japanese table lacks meat gravy powders, having only curry/hayashi roux, miso, and condiments with fundamentally different compositions and purposes",,"Soups, Sauces, and Gravies"
high,171175,"Soup, beef mushroom, canned, condensed",False,True,"Condensed beef mushroom soup is a complete prepared dish with mixed ingredients; all candidates are condiments, sauces, or seasonings with fundamentally different compositions and use cases - no functional equivalent exists in the Japanese food composition table",,"Soups, Sauces, and Gravies"
high,171176,"Soup, tomato, canned, prepared with equal volume water, commercial",False,True,"Canned tomato soup prepared with water is a complete soup product with specific vegetable-based nutrients (carbs, fiber, vitamin C, vitamin A) that don't match any Japanese dashi/broth/sauce entries which are primarily flavoring agents with minimal nutritional content; no suitable Japanese equivalent exists in the provided table.",,"Soups, Sauces, and Gravies"
high,171177,"Soup, ramen noodle, any flavor, dry",False,True,"Dry ramen noodle soup is a prepared noodle dish, not a condiment/seasoning; all candidates are seasonings, spices, dressings, or sauce bases with fundamentally different compositions and purposes than an instant noodle product",,"Soups, Sauces, and Gravies"
high,171181,"SMART SOUP, Indian Bean Masala",False,True,"Indian Bean Masala soup is a ready-to-eat soup product with bean-based composition; Japanese table contains only condiments, sauces, and spice mixes, with no soup category entries that match this product's nutritional profile or food concept",,"Soups, Sauces, and Gravies"
high,171182,"SMART SOUP, Moroccan Chick Pea",False,True,"Moroccan chickpea soup is a complete prepared dish with legumes, vegetables, and spices; all Japanese candidates are condiments, sauces, or broths - no nutritionally or conceptually equivalent match exists in the composition table",,"Soups, Sauces, and Gravies"
high,171183,"SMART SOUP, Thai Coconut Curry",False,True,"Thai coconut curry soup is a prepared soup dish with coconut milk base, fundamentally different from Japanese condiment/sauce/dashi entries; no nutritionally or conceptually similar match exists in the Japanese table",,"Soups, Sauces, and Gravies"
high,171184,"SMART SOUP, Vietnamese Carrot Lemongrass",False,True,"Vietnamese carrot-lemongrass soup is a ready-to-eat soup product with vegetable base and specific aromatics; Japanese table only contains condiments, sauces, and dashi stocks with no equivalent prepared soup entry despite nutritional similarities to some candidates",,"Soups, Sauces, and Gravies"
high,171189,"Soup, vegetable beef, microwavable, ready-to-serve, single brand",False,True,"Ready-to-serve microwavable vegetable beef soup is a processed American convenience food with no equivalent in Japanese food composition table; all candidates are condiments/sauces/dashi, not complete soup products",,"Soups, Sauces, and Gravies"
high,171190,"Soup, beef and vegetables, canned, ready-to-serve",False,True,"Canned ready-to-serve beef and vegetable soup is a complete dish/meal, not a condiment or seasoning; all candidates are seasonings, sauces, or dashi broths with fundamentally different food category and composition profile",,"Soups, Sauces, and Gravies"
high,171192,"Sauce, pasta, spaghetti/marinara, ready-to-serve",False,True,Pasta/marinara sauce is a distinctly Italian-American product with no direct Japanese equivalent; candidates are all Asian condiments/dashi with vastly different nutrient profiles and culinary purposes,,"Soups, Sauces, and Gravies"
high,171193,"Beef, chuck, short ribs, boneless, separable lean only, trimmed to 0"" fat, select, raw",False,True,"US item is raw beef (676 kcal/100g, 20.1g protein, 8.99g fat), but all Japanese candidates are cooked preparations (238-457 kcal) with significantly lower energy and protein values due to cooking losses; no raw lean beef cut match exists in the table",,Beef Products
high,171211,"Beef, chuck, under blade center steak, boneless, Denver Cut, separable lean and fat, trimmed to 0"" fat, choice, cooked, grilled",False,True,"US item has exceptionally high energy (986 kcal) due to data error or unit mismatch; all Japanese candidates max at 575 kcal, making meaningful nutritional matching impossible",,Beef Products
high,171219,"Beef, chuck, under blade steak, boneless, separable lean and fat, trimmed to 0"" fat, select, cooked, braised",False,True,"US item is braised chuck under blade steak (1090 kcal, high energy from cooking method) with lean/fat trim specification; Japanese candidates lack braised beef chuck cuts and energy levels are significantly lower (280-575 kcal), suggesting different cuts, cooking methods, or cattle breeds with no nutritionally comparable match",,Beef Products
high,171240,"Cheese, gjetost",False,True,"Gjetost is a unique Norwegian whey cheese with exceptionally high carbohydrates (42.6g) and moderate protein (9.65g), which does not match any Japanese cheese entry; closest candidates (goat cheese, cream cheese) have vastly different macronutrient profiles with much higher protein and lower carbs",,Dairy and Egg Products
high,171243,"Cheese, limburger",False,True,"Limburger is a soft-ripened washed-rind cheese with distinctly high moisture content and strong aromatic properties; all Japanese candidates are either harder cheeses (Cheddar, Gouda, Emmental, Parmesan) with 2-3x higher energy density, or soft cheeses with different fat/protein profiles (Camembert, Mascarpone, Cream cheese); no nutritionally or conceptually equivalent match exists",,Dairy and Egg Products
high,171256,"Cream, sour, reduced fat, cultured",False,True,"Sour cream is a cultured cream product with specific tangy flavor profile and texture; Japanese table lacks a direct cultured cream equivalent. Candidates 8 and 20 (coffee whitener) are too high in fat and different purpose; candidates 16-18 (ice cream) have added sugars and different composition; yogurts (9, 17, 22-23) are fermented differently and lower fat. No suitable match exists.",,Dairy and Egg Products
high,171257,"Cream, sour, cultured",False,True,"Sour cream (cultured, fermented dairy product with live bacteria) has no direct equivalent in the Japanese food composition table; closest candidates are either non-fermented creams (coffee whitener), cheese, or yogurt, none of which match the specific composition and culturing process of sour cream",,Dairy and Egg Products
high,171259,"Sour dressing, non-butterfat, cultured, filled cream-type",False,True,"Sour dressing is a cultured dairy product with high caloric density (743kcal) and specific nutrient profile that doesn't match any Japanese table entries; closest candidates (coffee whiteners, creams) are either too low in calories or have drastically different macronutrient ratios and lack the fermented/cultured dairy character of sour cream-based dressings",,Dairy and Egg Products
high,171277,"Milk, chocolate beverage, hot cocoa, homemade",False,True,"Homemade hot cocoa/chocolate beverage with cocoa powder is not represented in Japanese food composition table; closest candidates are milk-based drinks (entries 14-25) or ice cream products (entries 2-8), but none match the cocoa-sweetened milk beverage profile with 324kcal energy, high carbohydrates from added cocoa and sugar, and chocolate beverage composition",,Dairy and Egg Products
high,171282,"Whey, sweet, fluid",False,True,"Sweet whey is a specific dairy byproduct (high lactose, low protein/fat) with no direct Japanese composition table entry; closest candidates (milk, yogurt) have 3-4x higher protein and don't match the whey profile",,Dairy and Egg Products
high,171287,"Egg, whole, raw, fresh",False,True,"US egg (raw whole egg) is a distinct food item not represented in provided Japanese table which contains only dairy/milk products, cheeses, creams, and ice cream - no egg category entries available",,Dairy and Egg Products
high,171300,"Yogurt, Greek, strawberry, lowfat",False,True,"Greek yogurt is a strained fermented milk product with higher protein (8.17g) and lower carbs (12.3g) than any Japanese yogurt entry; the closest Japanese yogurt entries (脱脂加糖, ドリンクタイプ) have 4.3g and 2.9g protein respectively with similar carbs, but lack the Greek yogurt's distinctive high-protein, low-carb profile and thicker texture characteristic",,Dairy and Egg Products
high,171303,"Milk, chocolate, fat free, with added vitamin A and vitamin D",False,True,"Fat-free chocolate milk with added vitamins A and D is a processed beverage with specific fortification not found in Japanese composition table; closest candidates are either ice cream products (wrong category), yogurt drinks (wrong flavor/composition), or plain milk entries (not chocolate/fortified)",,Dairy and Egg Products
high,171305,"Ice cream bar, covered with chocolate and nuts",False,True,Ice cream bar covered with chocolate and nuts (1270 kcal/100g) is far too energy-dense compared to available Japanese ice cream entries (178-217 kcal/100g); the chocolate-nut coating makes this a composite product not represented in the Japanese table's ice cream category,,Dairy and Egg Products
high,171307,"Light ice cream, Creamsicle",False,True,Light ice cream with Creamsicle flavor (orange-vanilla) has unusually high energy (690 kcal/100g) inconsistent with 'light' ice cream category; no Japanese ice cream entry matches this energy level or flavor profile combination,,Dairy and Egg Products
high,171314,"Butter, Clarified butter (ghee)",False,True,"Clarified butter (ghee) is a pure fat product (100g fat, 900kcal) with no protein or carbs; all candidates are either cheese, cream, or milk-based products with significant protein/carbs, making none nutritionally equivalent to clarified butter which does not exist in the Japanese food composition table",,Dairy and Egg Products
high,171316,"Spices, anise seed",False,True,"Anise seed is a specific spice with high energy (1410 kcal), high fiber (14.6g), and moderate protein (17.6g); no Japanese table entry matches this nutrient profile - closest candidates (clove, black pepper, sage) are all significantly lower in energy and have different macronutrient compositions",,Spices and Herbs
high,171318,"Spices, chervil, dried",False,True,"Chervil is a delicate French herb with distinctive nutritional profile (high energy 990kcal, high protein 23.2g, very high potassium 4740mg, high vitamin C 50mg) that significantly exceeds all Japanese spice candidates; no Japanese herb table entry matches chervil's composition profile",,Spices and Herbs
high,171322,"Spices, dill weed, dried",False,True,Dill weed is a fresh herb dried into a seasoning with high protein (20g) and fiber (13.6g) content; no Japanese spice candidate matches both the nutritional profile (all candidates are much lower in protein) and the herb category - dill has no traditional Japanese equivalent,,Spices and Herbs
high,171323,"Spices, fennel seed",False,True,"Fennel seed is a whole seed spice with unique nutritional profile (high fiber 39.8g, carbs 52.3g, energy 1440 kcal/100g) that significantly differs from all Japanese ground spice powders listed, which are all processed powders with 300-500 kcal/100g and lower carbohydrate content; no Japanese fennel seed entry exists in the table",,Spices and Herbs
high,171324,"Spices, fenugreek seed",False,True,"Fenugreek seed is a whole legume spice with high protein (23g), fiber (24.6g), and minerals not present in Japanese food table; closest candidates (black pepper, curry powder) are processed spice powders with vastly different nutrient profiles and composition",,Spices and Herbs
high,171328,"Spices, oregano, dried",False,True,"Dried oregano has exceptionally high energy (1110 kcal/100g) and fiber (42.5g) compared to all Japanese spice powder candidates (363-520 kcal range, mostly no fiber data), indicating no nutritionally equivalent match in the Japanese food composition table",,Spices and Herbs
high,171329,"Spices, paprika",False,True,"Paprika is a dried red pepper spice with distinctive high vitamin A (2460μg) and moderate carbs (54g), but no Japanese candidate matches these characteristics; all listed spices have significantly lower energy (338-435 kcal vs 1180 kcal) and different nutrient profiles.",,Spices and Herbs
high,171331,"Spices, poultry seasoning",False,True,"Poultry seasoning is a US-specific spice blend (sage, thyme, marjoram, etc.) with 1280 kcal energy and high carbs (65.6g); no single Japanese spice entry matches this high-energy blend profile, and the combination of ingredients is uniquely American with no Japanese equivalent",,Spices and Herbs
high,171332,"Spices, pumpkin pie spice",False,True,"Pumpkin pie spice is a US-specific spice blend (cinnamon, nutmeg, ginger, cloves, allspice) with no direct Japanese equivalent; individual components exist but the blend itself is uniquely American and no single Japanese spice entry matches both the composition and concept",,Spices and Herbs
,171334,"Babyfood, vegetables, corn, creamed, junior",False,True,No MEXT category mapped for Baby Foods,True,Baby Foods
,171335,"Babyfood, fruit, bananas with tapioca, strained",False,True,No MEXT category mapped for Baby Foods,True,Baby Foods
,171336,"Babyfood, fruit, peaches, strained",False,True,No MEXT category mapped for Baby Foods,True,Baby Foods
,171337,"Babyfood, fruit, peaches, junior",False,True,No MEXT category mapped for Baby Foods,True,Baby Foods
,171338,"Babyfood, fruit, pears, strained",False,True,No MEXT category mapped for Baby Foods,True,Baby Foods
,171339,"Babyfood, fruit, prunes with tapioca, without ascorbic acid, junior",False,True,No MEXT category mapped for Baby Foods,True,Baby Foods
,171340,"Babyfood, prunes, without vitamin c, strained",False,True,No MEXT category mapped for Baby Foods,True,Baby Foods
,171341,"Babyfood, fruit dessert, mango with tapioca",False,True,No MEXT category mapped for Baby Foods,True,Baby Foods
,171342,"Babyfood, pears, dices, toddler",False,True,No MEXT category mapped for Baby Foods,True,Baby Foods
,171343,"Babyfood, fruit, applesauce and pineapple, strained",False,True,No MEXT category mapped for Baby Foods,True,Baby Foods
,171344,"Babyfood, fruit, applesauce and pineapple, junior",False,True,No MEXT category mapped for Baby Foods,True,Baby Foods
,171345,"Babyfood, fruit, apple and raspberry, strained",False,True,No MEXT category mapped for Baby Foods,True,Baby Foods
,171346,"Babyfood, fruit, apple and raspberry, junior",False,True,No MEXT category mapped for Baby Foods,True,Baby Foods
,171347,"Babyfood, fruit, pears and pineapple, junior",False,True,No MEXT category mapped for Baby Foods,True,Baby Foods
,171348,"Babyfood, fruit, guava and papaya with tapioca, strained",False,True,No MEXT category mapped for Baby Foods,True,Baby Foods
,171349,"Babyfood, peaches, dices, toddler",False,True,No MEXT category mapped for Baby Foods,True,Baby Foods
,171350,"Babyfood, fruit, papaya and applesauce with tapioca, strained",False,True,No MEXT category mapped for Baby Foods,True,Baby Foods
,171351,"Babyfood, apple-banana juice",False,True,No MEXT category mapped for Baby Foods,True,Baby Foods
,171352,"Babyfood, juice, apple and peach",False,True,No MEXT category mapped for Baby Foods,True,Baby Foods
,171353,"Babyfood, juice, apple and prune",False,True,No MEXT category mapped for Baby Foods,True,Baby Foods
,171354,"Babyfood, juice, orange",False,True,No MEXT category mapped for Baby Foods,True,Baby Foods
,171355,"Babyfood, juice, orange and apple",False,True,No MEXT category mapped for Baby Foods,True,Baby Foods
,171356,"Babyfood, juice, prune and orange",False,True,No MEXT category mapped for Baby Foods,True,Baby Foods
,171357,"Babyfood, juice, mixed fruit",False,True,No MEXT category mapped for Baby Foods,True,Baby Foods
,171358,"Babyfood, cereal, barley, dry fortified",False,True,No MEXT category mapped for Baby Foods,True,Baby Foods
,171359,"Babyfood, cereal, whole wheat, with apples, dry fortified",False,True,No MEXT category mapped for Baby Foods,True,Baby Foods
,171360,"Babyfood, cereal, oatmeal, dry fortified",False,True,No MEXT category mapped for Baby Foods,True,Baby Foods
,171361,"Babyfood, cereal, oatmeal, with bananas, dry",False,True,No MEXT category mapped for Baby Foods,True,Baby Foods
,171362,"Babyfood, cereal, oatmeal, with applesauce and bananas, strained",False,True,No MEXT category mapped for Baby Foods,True,Baby Foods
,171363,"Babyfood, cereal, oatmeal, with applesauce and bananas, junior, fortified",False,True,No MEXT category mapped for Baby Foods,True,Baby Foods
,171364,"Babyfood, cereal, with egg yolks, junior",False,True,No MEXT category mapped for Baby Foods,True,Baby Foods
,171365,"Babyfood, cereal, with eggs, strained",False,True,No MEXT category mapped for Baby Foods,True,Baby Foods
,171366,"Babyfood, cereal, egg yolks and bacon, junior",False,True,No MEXT category mapped for Baby Foods,True,Baby Foods
,171367,"Babyfood, oatmeal cereal with fruit, dry, instant, toddler fortified",False,True,No MEXT category mapped for Baby Foods,True,Baby Foods
,171368,"Babyfood, cookie, baby, fruit",False,True,No MEXT category mapped for Baby Foods,True,Baby Foods
,171369,"Babyfood, cookies, arrowroot",False,True,No MEXT category mapped for Baby Foods,True,Baby Foods
,171370,"Babyfood, pretzels",False,True,No MEXT category mapped for Baby Foods,True,Baby Foods
,171371,"Babyfood, GERBER, GRADUATES Lil Biscuits Vanilla Wheat",False,True,No MEXT category mapped for Baby Foods,True,Baby Foods
,171372,Zwieback,False,True,No MEXT category mapped for Baby Foods,True,Baby Foods
,171373,"Babyfood, dessert, cherry vanilla pudding, junior",False,True,No MEXT category mapped for Baby Foods,True,Baby Foods
,171374,"Babyfood, dessert, fruit pudding, orange, strained",False,True,No MEXT category mapped for Baby Foods,True,Baby Foods
,171375,"Babyfood, dessert, peach cobbler, strained",False,True,No MEXT category mapped for Baby Foods,True,Baby Foods
,171376,"Babyfood, dessert, peach cobbler, junior",False,True,No MEXT category mapped for Baby Foods,True,Baby Foods
,171377,"Babyfood, dessert, fruit dessert, without ascorbic acid, junior",False,True,No MEXT category mapped for Baby Foods,True,Baby Foods
,171378,"Babyfood, dessert, tropical fruit, junior",False,True,No MEXT category mapped for Baby Foods,True,Baby Foods
,171379,"Babyfood, dessert, custard pudding, vanilla, strained",False,True,No MEXT category mapped for Baby Foods,True,Baby Foods
,171380,"Babyfood, dessert, custard pudding, vanilla, junior",False,True,No MEXT category mapped for Baby Foods,True,Baby Foods
,171381,"Babyfood, juice, apple and grape",False,True,No MEXT category mapped for Baby Foods,True,Baby Foods
,171382,"Infant formula, ABBOTT NUTRITION, SIMILAC, ISOMIL, ADVANCE with iron, liquid concentrate",False,True,No MEXT category mapped for Baby Foods,True,Baby Foods
,171383,"Infant formula, ABBOTT NUTRITION, SIMILAC, ISOMIL, ADVANCE with iron, ready-to-feed",False,True,No MEXT category mapped for Baby Foods,True,Baby Foods
,171384,"Infant formula, ABBOTT NUTRITION, SIMILAC, ISOMIL, ADVANCE with iron, powder, not reconstituted",False,True,No MEXT category mapped for Baby Foods,True,Baby Foods
,171385,"Infant formula, NESTLE, GOOD START SUPREME, with iron, DHA and ARA, ready-to-feed",False,True,No MEXT category mapped for Baby Foods,True,Baby Foods
,171386,"Infant formula, NESTLE, GOOD START SUPREME, with iron, DHA and ARA, prepared from liquid concentrate",False,True,No MEXT category mapped for Baby Foods,True,Baby Foods
,171387,"Infant Formula, MEAD JOHNSON, ENFAMIL GENTLEASE, with iron, prepared from powder",False,True,No MEXT category mapped for Baby Foods,True,Baby Foods
,171388,"Babyfood, fortified cereal bar, fruit filling",False,True,No MEXT category mapped for Baby Foods,True,Baby Foods
,171389,"Infant Formula, MEAD JOHNSON, ENFAMIL, GENTLEASE, with ARA and DHA powder not reconstituted",False,True,No MEXT category mapped for Baby Foods,True,Baby Foods
,171390,"Infant formula, MEAD JOHNSON, ENFAMIL, Enfagrow, Soy, Toddler ready-to-feed",False,True,No MEXT category mapped for Baby Foods,True,Baby Foods
,171391,"Infant formula, MEAD JOHNSON, ENFAMIL, NUTRAMIGEN AA, ready-to-feed",False,True,No MEXT category mapped for Baby Foods,True,Baby Foods
,171392,"Infant formula, MEAD JOHNSON, ENFAMIL, Premature, with iron, 20 calories, ready-to-feed",False,True,No MEXT category mapped for Baby Foods,True,Baby Foods
,171393,"Infant formula, MEAD JOHNSON, ENFAMIL, Premature, with iron, 24 calories, ready-to-feed",False,True,No MEXT category mapped for Baby Foods,True,Baby Foods
,171394,"Infant formula, GERBER, GOOD START 2, PROTECT PLUS, ready-to-feed",False,True,No MEXT category mapped for Baby Foods,True,Baby Foods
,171395,"Infant formula, ABBOTT NUTRITION, SIMILAC, GO AND GROW, ready-to-feed, with ARA and DHA",False,True,No MEXT category mapped for Baby Foods,True,Baby Foods
,171396,"Infant formula, ABBOTT NUTRITION, SIMILAC, Expert Care, Diarrhea, ready- to- feed with ARA and DHA",False,True,No MEXT category mapped for Baby Foods,True,Baby Foods
,171397,"Infant formula, ABBOTT NUTRITION, SIMILAC, For Spit Up, ready-to-feed, with ARA and DHA",False,True,No MEXT category mapped for Baby Foods,True,Baby Foods
,171398,"Babyfood, Snack, GERBER, GRADUATES, LIL CRUNCHIES, baked whole grain corn snack",False,True,No MEXT category mapped for Baby Foods,True,Baby Foods
,171399,"Infant formula, ABBOTT NUTRITION, SIMILAC, For Spit Up, powder, with ARA and DHA",False,True,No MEXT category mapped for Baby Foods,True,Baby Foods
high,171402,"Salad dressing, thousand island, commercial, regular",False,True,"Thousand island dressing is a complex emulsified condiment with vegetables, relish, and mayo that doesn't match pure oils/fats; no Japanese salad dressing equivalent exists in the provided oil/fat-focused table",,Fats and Oils
high,171403,"Salad dressing, mayonnaise type, regular, with salt",False,True,"Mayonnaise-type salad dressing with 14.8g carbs and 250kcal per 100g has no equivalent in Japanese fat table; all candidates are pure oils/fats with 700-890kcal and minimal carbs, whereas this US product is an emulsified condiment with significant carbohydrate content from added ingredients like sweeteners and stabilizers",,Fats and Oils
high,171404,"Salad dressing, french dressing, reduced fat",False,True,"Reduced-fat salad dressing is a prepared condiment with significant carbohydrates (31.2g), low fat (11.5g), and added ingredients (fiber, vitamins); all Japanese candidates are pure fats/oils with minimal carbs and no comparable processed dressing formulation exists in the table.",,Fats and Oils
high,171405,"Salad dressing, italian dressing, commercial, reduced fat",False,True,"Reduced-fat Italian salad dressing (102 kcal, 6.68g fat, 9.99g carbs) is a prepared condiment with vinegar, oil, and seasonings that doesn't match any Japanese oil/fat table entries; all candidates are pure fats/oils (500+ kcal) with negligible carbohydrates, making this a prepared dressing product without a Japanese composition table equivalent",,Fats and Oils
high,171406,"Salad dressing, mayonnaise, imitation, soybean",False,True,Imitation mayonnaise with soybean oil is a highly processed emulsified condiment with carbohydrates (16g) and lower fat (19.2g) profile fundamentally different from pure oils/fats in Japanese table; no Japanese equivalent exists for this specific American salad dressing product,,Fats and Oils
high,171407,"Salad dressing, mayonnaise, imitation, milk cream",False,True,"Imitation mayonnaise with milk cream is a uniquely formulated American product (low fat at 5.1g, high carbs at 11.1g, milk-based) with no nutritional or conceptual equivalent in Japanese fat/oil table; all candidates are pure oils or traditional butter/margarine with vastly different profiles (64-97g fat, minimal carbs)",,Fats and Oils
high,171408,"Salad dressing, mayonnaise, imitation, soybean without cholesterol",False,True,Imitation mayonnaise with carbohydrates (15.8g) and lower fat (47.7g) is an emulsified condiment fundamentally different from pure oils; no Japanese oil composition table entry matches this product category,,Fats and Oils
high,171414,"Salad dressing, french dressing, commercial, regular",False,True,"French dressing is a complex emulsified condiment with significant carbohydrates (18.8g), fiber (2.4g), and moderate protein (0.87g) from tomato/vegetable ingredients; all Japanese candidates are pure fats/oils with minimal carbs and proteins, making them nutritionally incompatible as direct matches",,Fats and Oils
high,171416,"Salad dressing, french, home recipe",False,True,"French salad dressing is an emulsified condiment with oil, vinegar, and seasonings; the US item's 70.2g fat and 3.4g carbs (from vinegar, seasonings) don't match pure oils (~98-99g fat, 0g carbs), and no Japanese table entry exists for prepared dressings or emulsified condiments",,Fats and Oils
high,171420,"Salad dressing, french dressing, fat-free",False,True,"Fat-free french dressing (551 kcal, 0.27g fat, 32.1g carbs) is a processed condiment with unique composition fundamentally different from pure oils/fats in Japanese table; no nutritional or conceptual match among candidates",,Fats and Oils
high,171421,"Oil, cocoa butter",False,True,"Cocoa butter is a specialized plant fat extracted from cacao beans with distinct fatty acid composition (high in stearic and oleic acids); Japanese table lacks cocoa butter entry and plant oil candidates have significantly lower energy density (880-899 kcal vs 3700 kcal claimed in source, likely a data entry error) and different chemical properties unsuitable as substitute",,Fats and Oils
high,171424,"Oil, tomatoseed",False,True,"Tomatoseed oil is not a common oil in Japanese cuisine and has no direct equivalent in the Japanese food composition table; while nutritionally similar to other plant oils listed, there is no specific tomato seed oil entry and this represents a regionally specialized oil product without a Japanese counterpart.",,Fats and Oils
high,171444,"Salad dressing, mayonnaise-type, light",False,True,Light mayonnaise-type dressing has high carbohydrates (16.4g) and moderate fat (10g) unlike pure oils/fats in Japanese table; no salad dressing category exists in the provided Japanese composition entries,,Fats and Oils
high,171447,"Chicken, broilers or fryers, meat and skin, raw",False,True,"US broiler chicken (raw, meat+skin) has much higher protein (18.6g) and lower fat (15.1g) than all Japanese candidates which are either fatty cuts of beef/pork or poultry skin-only; no Japanese chicken meat+skin entry exists in this table",,Poultry Products
high,171452,"Chicken, broilers or fryers, skin only, raw",False,True,Chicken skin (poultry) has fundamentally different nutrient profile from all beef/pork fat candidates; Japanese table lacks poultry skin equivalent with matching protein (13.3g vs 3.6-6.6g) and energy (1460 vs 580-759 kcal) values,,Poultry Products
high,171457,"Chicken, gizzard, all classes, cooked, simmered",False,True,"Chicken gizzard (cooked, simmered) is poultry offal; all candidates are beef/lamb/venison muscle meat or beef offal (rumen), with no chicken offal entry available in the Japanese table",,Poultry Products
high,171468,"Chicken, broilers or fryers, separable fat, raw",False,True,"US item is chicken fat (poultry), but all candidates are beef/pork/whale (畜肉類) or chicken skin; no chicken separable fat entry exists in Japanese table",,Poultry Products
high,171479,"Turkey, whole, meat and skin, cooked, roasted",False,True,Roasted turkey (whole meat and skin) has significantly higher energy (790 kcal) and lower fat (7.39g) than all Japanese candidates; closest poultry options (chicken) are much lower in energy and mismatched in composition; no Japanese table entry adequately represents turkey's unique nutrient profile as cooked whole poultry.,,Poultry Products
high,171482,"Turkey, whole, skin (light and dark), raw",False,True,"US turkey skin is poultry but no Japanese table entry exists for turkey (七面鳥); closest poultry skin entries (chicken, duck) have significantly different protein (6.6-9.4g vs 13.0g) and nutrient profiles, making them poor matches for this specific cut",,Poultry Products
high,171483,"Turkey, all classes, gizzard, cooked, simmered",False,True,"Turkey gizzard is poultry offal with unique nutritional profile (high protein 26.4g, low fat 4.64g, high iron 3.68mg, high B12 3.91μg); all candidates are beef/lamb muscle or offal with significantly lower energy (238-414 kcal vs 648 kcal), mismatched macronutrient ratios, and no Japanese poultry offal equivalent in table",,Poultry Products
high,171487,"Turkey, all classes, liver, cooked, simmered",False,True,"US turkey liver (cooked, simmered) has vastly higher energy (791 kcal vs 114-370 kcal candidates), protein (27g), and especially vitamin A (10800μg) compared to all Japanese candidates which are raw or different preparations; no nutritionally equivalent cooked poultry liver entry exists in the Japanese table",,Poultry Products
high,171488,"Turkey, dark meat, meat and skin, raw",False,True,"Turkey dark meat raw (695kcal, 19.8g protein, 8.97g fat) is poultry with unique nutritional profile; all candidates are beef, lamb, whale, or processed pork with much higher fat content (23-44g) and lower protein-to-fat ratio, making none suitable matches for this specific poultry product",,Poultry Products
high,171489,"Turkey, whole, dark meat, meat and skin, cooked, roasted",False,True,"Turkey dark meat is poultry (not listed in candidates), and all candidates are mammalian meats (beef, lamb, pork, whale) with significantly different nutrient profiles; turkey's lower fat (9.95g) and higher protein (27.3g) content don't match any beef/pork/lamb option",,Poultry Products
high,171502,"Turkey thigh, pre-basted, meat and skin, cooked, roasted",False,True,"US item is roasted turkey thigh (poultry), but all candidates are beef or chicken; no turkey entries exist in Japanese composition table",,Poultry Products
high,171510,"Duck, young duckling, domesticated, White Pekin, breast, meat and skin, boneless, cooked, roasted",False,True,"US item is duck breast (poultry) but all candidates are beef, lamb, quail, or chicken - no duck entries exist in the Japanese food composition table provided",,Poultry Products
high,171513,"Chicken patty, frozen, cooked",False,True,"Frozen cooked chicken patty is a processed poultry product with carbohydrates (12.8g) and relatively moderate protein (14.8g); all Japanese candidates are raw or cooked meat cuts with minimal carbs (<0.2g), making them nutritionally incompatible. No suitable match exists in the table.",,Poultry Products
high,171517,"Chicken, broilers or fryers, rotisserie, original seasoning, back, meat only, cooked",False,True,"Rotisserie chicken back (meat only, cooked) is poultry but all Japanese candidates are either non-poultry meats (beef, pork, lamb, whale) or poultry with different cuts/preparations; no chicken breast/back meat only entry exists in the table to match the 25.3g protein, 11.5g fat, and lower energy profile typical of lean poultry meat",,Poultry Products
high,171519,"Chicken, broilers or fryers, drumstick, rotisserie, original seasoning, meat only, cooked",False,True,"US rotisserie drumstick (738 kcal, 28.7g protein, 6.81g fat) is significantly higher in energy and fat than all Japanese chicken candidates, likely due to different cooking method/preparation; no nutritionally comparable match exists in the table",,Poultry Products
high,171520,"Chicken, broilers or fryers, rotisserie, original seasoning, skin only, cooked",False,True,"US item is cooked rotisserie chicken skin (1700kcal, 17.7g protein, 37.2g fat) while all candidates are raw beef/pork/whale fat cuts (600-760kcal, 3.6-9.7g protein, 52-83g fat); fundamental mismatch in both meat type (poultry vs livestock) and preparation method (cooked vs raw)",,Poultry Products
high,171521,"Chicken, broilers or fryers,  rotisserie, original seasoning, drumstick, meat and skin, cooked",False,True,"US rotisserie chicken drumstick (901kcal, 26.9g protein, 12.0g fat) is poultry with much higher energy and lower fat than Japanese candidates; closest match (entry 14, karaage) is only 307kcal with vastly different macronutrients; all beef/pork entries are 300-575kcal range with 23-58g fat, fundamentally incompatible with chicken composition",,Poultry Products
high,171523,"Chicken, broilers or fryers, rotisserie, original seasoning, wing, meat and skin, cooked",False,True,"US item is rotisserie chicken wing (poultry) with high protein (24.3g) and moderate fat (18.8g), but all Japanese candidates are beef, pork, or whale meat with much lower protein (4.5-20.4g) and higher energy density; no poultry/chicken entries available in the candidate list",,Poultry Products
high,171525,"Turkey, drumstick, from whole bird, meat only, with added solution, raw",False,True,"Turkey drumstick meat is poultry (鶏肉 category), but Japanese table only contains 畜肉類 (livestock meat: beef, lamb, wild boar); no poultry entries available for matching",,Poultry Products
high,171532,"Turkey, thigh, from whole bird, meat only, roasted",False,True,"Turkey thigh is poultry but all Japanese candidates lack turkey entries; closest poultry options (chicken) have significantly lower energy (235-307 kcal vs 691 kcal) and different nutrient profiles, and the energy value is anomalously high suggesting data error in US item, making reliable matching impossible",,Poultry Products
high,171533,"Turkey, retail parts, thigh, meat and skin, raw",False,True,"US item is turkey (poultry), but all candidates are beef, lamb, mutton, or chicken organs - no turkey entries exist in Japanese food composition table",,Poultry Products
high,171537,"Soup, cream of asparagus, canned, condensed",False,True,Cream of asparagus soup is a prepared soup dish; all candidates are condiments/sauces/seasonings from the調味料・香辛料類 (condiments/spices) category with fundamentally different food concepts and nutrient profiles unsuitable for matching a soup product.,,"Soups, Sauces, and Gravies"
high,171539,"Soup, beef noodle, canned, condensed",False,True,"Canned condensed beef noodle soup is a complete ready-to-eat dish with protein, noodles, and broth; all Japanese candidates are condiments/sauces/seasonings with fundamentally different composition and purpose, making this uniquely American processed food with no equivalent in the Japanese food composition table",,"Soups, Sauces, and Gravies"
high,171542,"Soup, chicken broth, canned, condensed",False,True,"Canned condensed chicken broth is a ready-to-consume soup product with moderate protein and salt; Japanese table contains only condiment bases, stocks, and sauces (not prepared soups), making no adequate match available.",,"Soups, Sauces, and Gravies"
high,171544,"Soup, chicken rice, canned, chunky, ready-to-serve",False,True,"Canned chunky chicken rice soup is a complete ready-to-serve dish with substantial protein, carbs, and minerals; all candidates are condiments, sauces, or dashi broths with fundamentally different compositions and food category, making no adequate match available in the Japanese composition table.",,"Soups, Sauces, and Gravies"
high,171545,"Soup, chicken with rice, canned, condensed",False,True,"Canned condensed chicken and rice soup is a prepared dish (not a condiment/seasoning) with nutritional profile (285kcal, 1.84g protein, 11.6g carbs) fundamentally mismatched to all Japanese condiment/sauce entries which are concentrated seasonings with different macro compositions",,"Soups, Sauces, and Gravies"
high,171546,"Soup, chicken and vegetable, canned, ready-to-serve",False,True,"Canned ready-to-serve chicken and vegetable soup is a complete dish/prepared food, not a condiment or seasoning sauce; all 25 candidates are condiments, dressings, or concentrated flavor bases with fundamentally different compositions and purposes than a soup product",,"Soups, Sauces, and Gravies"
high,171547,"Soup, clam chowder, new england, canned, condensed",False,True,New England clam chowder is a creamy soup-based dish fundamentally different from all Japanese condiments/sauces/dressings in the table; no nutritionally or conceptually similar match exists among conditioning products,,"Soups, Sauces, and Gravies"
high,171549,"Soup, lentil with ham, canned, ready-to-serve",False,True,"Canned lentil soup with ham is a complete dish (soup with legumes and meat), not a condiment/sauce/seasoning; all candidates are condiments, dashi, or sauces with fundamentally different food category and nutrient profiles",,"Soups, Sauces, and Gravies"
high,171550,"Soup, minestrone, canned, chunky, ready-to-serve",False,True,Minestrone soup is a chunky vegetable-based prepared dish fundamentally different from Japanese condiments/sauces/dashi stocks; no conceptually equivalent prepared soup entry exists in the Japanese condiment table provided,,"Soups, Sauces, and Gravies"
high,171551,"Soup, onion, canned, condensed",False,True,"Canned condensed onion soup is a prepared soup product with no equivalent in Japanese condiment/sauce tables; Japanese table lacks soup category entries, only sauces, dashi, vinegars, and condiments",,"Soups, Sauces, and Gravies"
high,171552,"Soup, cream of onion, canned, condensed",False,True,"Cream of onion soup is a Western culinary preparation (roux-based cream soup) with no equivalent in Japanese food composition table; all candidates are condiments, sauces, or dressings rather than soups, and nutrient profiles (especially carbohydrate content at 10.4g) do not align with any listed items",,"Soups, Sauces, and Gravies"
high,171553,"Soup, oyster stew, canned, condensed",False,True,"Oyster stew is a creamed soup with seafood (oysters, shellfish) and dairy; Japanese table lacks comparable ready-to-eat soup entries—all candidates are condiments, dressings, or concentrated broths, not nutritionally or conceptually similar to a cream-based soup product.",,"Soups, Sauces, and Gravies"
high,171554,"Soup, pea, green, canned, condensed",False,True,"Canned condensed pea soup is a prepared soup dish with no equivalent in Japanese condiment/seasoning table; all 25 candidates are seasonings, condiments, or sauces rather than soups",,"Soups, Sauces, and Gravies"
high,171555,"Soup, pea, split with ham, canned, chunky, ready-to-serve",False,True,Split pea soup with ham is a Western soup dish with no Japanese equivalent in the table; all candidates are condiments/sauces/seasonings rather than prepared soups,,"Soups, Sauces, and Gravies"
high,171556,"CAMPBELL'S, Chicken Noodle Soup, condensed",False,True,"Campbell's condensed chicken noodle soup is a complete ready-to-eat soup product with noodles and chicken; all Japanese candidates are condiments/sauces/seasonings, not soups. No nutritionally or conceptually equivalent match exists in the provided table.",,"Soups, Sauces, and Gravies"
high,171557,"Soup, tomato rice, canned, condensed",False,True,"Canned condensed tomato rice soup is a processed American convenience food with no direct Japanese equivalent; all candidates are condiments/sauces/seasonings, not soups, and nutrient profiles don't align with a soup base product",,"Soups, Sauces, and Gravies"
high,171558,"Soup, turkey, chunky, canned, ready-to-serve",False,True,"US canned chunky turkey soup is a ready-to-eat meat-based soup; all candidates are condiments, sauces, or seasoning bases with vastly different nutritional profiles and food categories - no true equivalent exists in the Japanese composition table",,"Soups, Sauces, and Gravies"
high,171559,"Soup, chunky vegetable, canned, ready-to-serve",False,True,"Chunky vegetable soup is a prepared dish/ready-to-serve product with vegetables, broth, and seasoning - fundamentally different from condiments, sauces, dashi stocks, and vinegars in the Japanese table; no soup or prepared dish entries available for matching",,"Soups, Sauces, and Gravies"
high,171571,"Soup, chicken noodle, dry, mix",False,True,"Dry instant chicken noodle soup mix is a processed composite food (noodles + seasonings + chicken) with no direct Japanese equivalent in the condiment/seasoning table; Japanese composition tables would list this under noodle products (麺類) or instant foods, not condiments",,"Soups, Sauces, and Gravies"
high,171572,"Soup, beef mushroom, canned, prepared with equal volume water",False,True,"Canned beef mushroom soup is a prepared dish (not a condiment/sauce/dashi) with meat, vegetables, and broth - no equivalent exists in the Japanese condiment/seasoning table provided; would require a prepared soups/dishes category not represented here",,"Soups, Sauces, and Gravies"
high,171573,"Soup, chicken mushroom, canned, prepared with equal volume water",False,True,"Canned chicken mushroom soup is a prepared dish (not a condiment/sauce/seasoning), and all 25 Japanese candidates are condiments, seasonings, dressings, or stock bases - no actual soup entries exist in this table subset to match the food concept and nutrient profile.",,"Soups, Sauces, and Gravies"
high,171574,"Soup, tomato bisque, canned, prepared with equal volume water",False,True,"Tomato bisque is a creamy Western soup with no equivalent in Japanese condiment/sauce table; candidates are all seasonings/sauces, not soups, and nutritionally mismatched (bisque has 209kcal, 0.92g protein, 1.02g fat vs candidates ranging 2-179kcal with different macronutrient profiles)",,"Soups, Sauces, and Gravies"
high,171575,"Sauce, peanut, made from coconut, water, sugar, peanuts",False,True,"Peanut sauce with coconut is a Southeast Asian condiment with no equivalent in Japanese composition table; closest candidates (ごま酢, 酢みそ) differ significantly in fat content, protein, and ingredient profile",,"Soups, Sauces, and Gravies"
high,171576,"SMART SOUP, Santa Fe Corn Chowder",False,True,"Santa Fe corn chowder is a ready-to-eat soup with significant carbohydrates (11.2g), fiber (2.0g), and protein (2.0g) per 100g; all candidates are condiments/sauces/dashi broths with negligible carbs/fiber, making none nutritionally comparable to this vegetable-based soup product",,"Soups, Sauces, and Gravies"
high,171577,"SMART SOUP, French Lentil",False,True,"French lentil soup is a prepared dish (legume-based soup), not a condiment/sauce/spice; Japanese table contains only調味料/香辛料類 (seasonings/condiments/spices), no soup category entries; no nutritionally comparable match exists",,"Soups, Sauces, and Gravies"
high,171578,"SMART SOUP, Greek Minestrone",False,True,"Greek minestrone soup is a complete vegetable-based soup product with specific nutrient profile (40 kcal, 8.4g carbs, 2.7g fiber) that doesn't match any Japanese dashi or sauce condiments in the table; all candidates are concentrated seasonings/sauces, not ready-to-eat soups",,"Soups, Sauces, and Gravies"
high,171586,"Soup, bean with bacon, condensed, single brand",False,True,"Bean with bacon soup is a complete soup dish with vegetables and protein, not a condiment/sauce/seasoning; all Japanese candidates are concentrated flavor bases (sauces, dashi, miso, condiments) with fundamentally different compositions and intended uses than a ready-to-eat soup",,"Soups, Sauces, and Gravies"
high,171587,"Soup, tomato, canned, condensed, reduced sodium",False,True,"Canned condensed tomato soup is a distinctly American processed food product with no equivalent in Japanese food composition table; candidates are all condiments/sauces/seasonings, not soup bases or ready-to-eat soups",,"Soups, Sauces, and Gravies"
high,171588,"Gravy, brown instant, dry",False,True,"Brown instant gravy is a highly processed American convenience product with specific beef/meat flavoring that lacks a direct Japanese equivalent; while candidates 1 and 5 are roux-based, they are curry and hayashi roux respectively, not brown gravy, and the nutrient profiles diverge significantly (target has much higher carbs at 59.8g vs 38.1g and 38g for roux products)",,"Soups, Sauces, and Gravies"
high,171589,"Gravy, instant beef, dry",False,True,"Instant beef gravy is a highly processed American convenience product with no Japanese equivalent; candidates are either condiments/sauces with vastly different nutrient profiles or spice powders, none matching the starch-based thickener composition of instant gravy",,"Soups, Sauces, and Gravies"
high,171591,"Soup, tomato, low sodium, with water",False,True,"US tomato soup is a finished soup dish (124 kcal, 6.57g carbs, 112mg K, 6.3mg VitC) with vegetables and broth; Japanese table contains only condiments, sauces, and dashi broths with dramatically different nutrient profiles and food category - no prepared soup match exists",,"Soups, Sauces, and Gravies"
high,171592,"Soup, pea, low sodium, prepared with equal volume water",False,True,"Pea soup is a legume-based soup with significant protein (3.2g), carbs (9.88g), and fiber (1.9g) per 100g; all Japanese candidates are condiments/sauces/dashi with negligible protein/carbs, making none nutritionally or conceptually appropriate for a prepared soup",,"Soups, Sauces, and Gravies"
high,171593,"Soup, chicken noodle, low sodium, canned, prepared with equal volume water",False,True,"Low-sodium canned chicken noodle soup is a prepared dish with noodles, chicken, and broth - not available in Japanese condiment/sauce table; requires soup category which doesn't exist in provided candidates",,"Soups, Sauces, and Gravies"
high,171594,"Soup, vegetable soup, condensed, low sodium, prepared with equal volume water",False,True,"US vegetable soup prepared with water (33 kcal, 6.06g carbs, 1.1g protein, 217mg K) is a complete soup product; all candidates are condiments/dashi/sauces with 0-7 kcal - fundamentally different food categories with no nutritionally comparable match",,"Soups, Sauces, and Gravies"
high,171596,"Soup, vegetable chicken, canned, prepared with water, low sodium",False,True,"Canned vegetable-chicken soup is a complete prepared dish/soup, not a condiment, sauce, or dashi stock; all Japanese candidates are seasonings/sauces/stocks with fundamentally different food category and use",,"Soups, Sauces, and Gravies"
high,171597,"Sauce, pasta, spaghetti/marinara, ready-to-serve, low sodium",False,True,"Tomato-based pasta sauce (marinara) has no equivalent in Japanese food table; closest candidates (demi-glace, white sauce) are fundamentally different sauces with dissimilar nutrient profiles and culinary purposes",,"Soups, Sauces, and Gravies"
high,171604,"Sauce, peppers, hot, chili, mature red, canned",False,True,"Canned mature red chili pepper sauce is a prepared condiment with specific vegetable-based composition (high K, VitC, VitA) that doesn't match Japanese dashi broths, vinegars, or processed sauce bases in the table; no true nutritional or conceptual equivalent exists",,"Soups, Sauces, and Gravies"
high,171608,"Potato soup, instant, dry mix",False,True,"Instant potato soup dry mix is a composite carbohydrate-based soup product with high fiber and potassium; no Japanese food composition table entry matches this specific instant soup mix category - candidates are all condiments, spices, or concentrated seasonings fundamentally different in composition and purpose",,"Soups, Sauces, and Gravies"
high,171610,"Sauce, worcestershire",False,True,"Worcestershire sauce is a fermented condiment with distinctive umami-rich profile (high K, Fe, salt) that doesn't match any Japanese table entries; closest candidates (中濃ソース, 濃厚ソース) are significantly lower in energy and have different nutrient profiles, making it a unique Western condiment with no direct Japanese equivalent",,"Soups, Sauces, and Gravies"
high,171611,"Soup, beef and mushroom, low sodium, chunk style",False,True,"US beef and mushroom soup is a complete soup dish with meat, vegetables, and broth; all Japanese candidates are condiments/sauces/dashi stocks, not soups - no conceptual or nutritional match exists",,"Soups, Sauces, and Gravies"
high,171612,"Soup, beef stroganoff, canned, chunky style, ready-to-serve",False,True,Beef stroganoff soup is a chunky ready-to-serve dish with meat and cream sauce; all candidates are condiments/sauces/dressings with incompatible nutrient profiles and food category - no equivalent exists in Japanese composition table,,"Soups, Sauces, and Gravies"
high,171613,"Soup, bouillon cubes and granules, low sodium, dry",False,True,Bouillon cubes/granules are a Western soup base product with no direct Japanese equivalent; candidates are all condiments/spices/sauces with vastly different nutrient profiles and food concepts,,"Soups, Sauces, and Gravies"
high,171614,"Soup, ramen noodle, beef flavor, dry",False,True,Dry ramen noodle soup is a prepared noodle dish with specific carbohydrate and protein composition that doesn't match any Japanese condiment/seasoning/dressing entries; all candidates are concentrated seasonings or condiments with fundamentally different nutrient profiles and food category classification,,"Soups, Sauces, and Gravies"
high,171615,"Soup, ramen noodle, chicken flavor, dry",False,True,"Dry instant ramen noodle soup is a prepared noodle dish with specific carb-protein-fat balance (~60% carbs, ~17% fat, ~10% protein) and fortified B-vitamins; all candidates are condiments/seasonings/sauces with fundamentally different nutrient profiles and food category, with no Japanese composition table entry for instant noodle products themselves.",,"Soups, Sauces, and Gravies"
high,171618,Blood sausage,False,True,Blood sausage is a processed meat product with distinctive iron content (6.4mg/100g) and carbohydrates (1.29g) from fillers; no Japanese candidates match this processed sausage profile - all candidates are raw meat cuts with negligible carbs and lower iron content,,Sausages and Luncheon Meats
high,171619,"Bockwurst, pork, veal, raw",False,True,"Bockwurst is a processed German sausage with carbs, additives, and salt content (1.92g) that far exceeds all provided Japanese meat candidates which are raw cuts with minimal processing and salt; no processed sausage category exists in the Japanese table",,Sausages and Luncheon Meats
high,171620,"Bratwurst, pork, cooked",False,True,"Bratwurst is a processed German sausage with added seasonings, binders, and salt (2.15g); Japanese table candidates are raw meat cuts with minimal processing and no added salt, lacking the cooked sausage composition and spice profile necessary for a valid match.",,Sausages and Luncheon Meats
high,171630,"Headcheese, pork",False,True,"Headcheese is a traditional aspic-based meat product with very low fat (10.9g) and high protein (13.8g) relative to energy (658kcal), reflecting its gelatin/collagen content; no Japanese sausage or processed meat candidate matches this unique composition—all candidates are either too low in energy, too high in fat, or lack the aspic characteristic",,Sausages and Luncheon Meats
high,171632,"Sausage, pork and turkey, pre-cooked",False,True,"Pre-cooked pork-turkey sausage is a processed meat product with specific additives/binders and carbohydrates (3.63g) characteristic of emulsified sausages; all Japanese candidates are raw fatty meat cuts with negligible carbs and much lower protein, making none suitable as equivalents",,Sausages and Luncheon Meats
high,171633,"Frankfurter, meat and poultry, cooked, boiled",False,True,"Frankfurter is a highly processed composite sausage with added carbs (4.96g), binders, and preservatives (salt 2.322g); Japanese table only contains raw/cooked single meat cuts with minimal carbs and salt, making true nutritional equivalence impossible",,Sausages and Luncheon Meats
high,171638,"Meatballs, frozen, Italian style",False,True,"Frozen Italian-style meatballs are a processed composite food with added carbohydrates (8.06g), fiber (2.3g), and significantly higher salt (1.692g) than any single raw meat cut; no Japanese meat composition entry represents this processed, breaded/filled meatball product",,Sausages and Luncheon Meats
high,171642,"Cereals ready-to-eat, QUAKER, CAP'N CRUNCH",False,True,"Cap'n Crunch is a highly sweetened, artificially colored American breakfast cereal with unique formulation (1660 kcal/100g, 85.5g carbs, fortified minerals/vitamins); no Japanese cereal candidate matches its extreme energy density, carbohydrate profile, or artificial processing characteristic of American ready-to-eat breakfast cereals",,Breakfast Cereals
high,171643,"Cereals ready-to-eat, QUAKER, CAP'N CRUNCH with CRUNCHBERRIES",False,True,"Cap'n Crunch is a highly processed American breakfast cereal with unique formulation (1660 kcal/100g, high fortification); Japanese table contains only traditional grains and basic cereals with much lower energy density (337-472 kcal/100g) and different nutrient profiles; no nutritionally or conceptually equivalent match exists",,Breakfast Cereals
high,171647,"Cereals ready-to-eat, POST, GRAPE-NUTS Cereal",False,True,"Grape-Nuts is a heavily processed, fortified ready-to-eat breakfast cereal with extremely high energy density (1510 kcal/100g) and added micronutrients (Fe=28mg, Zn=2.07mg) that don't match any unprocessed grain or traditional Japanese cereal entry; all Japanese candidates are raw or minimally processed grains with 300-400 kcal/100g",,Breakfast Cereals
high,171649,"Cereals ready-to-eat, QUAKER, SWEET CRUNCH/QUISP",False,True,"Ready-to-eat breakfast cereal (1700kcal/100g) is a highly processed American product with no direct Japanese equivalent; Japanese candidates are mostly unprocessed grains, instant noodles, or traditional products with vastly different energy density and processing methods",,Breakfast Cereals
high,171650,"Cereals ready-to-eat, POST Raisin Bran Cereal",False,True,POST Raisin Bran is a heavily fortified ready-to-eat breakfast cereal with high fiber (13.7g) and added vitamins/minerals that don't match any whole grain or basic cereal in the Japanese table; no Japanese equivalent for this specific processed American breakfast product exists,,Breakfast Cereals
high,171655,"Cereals, corn grits, white, regular and quick, enriched, cooked with water, without salt",False,True,"Corn grits (maize porridge) cooked with water is a distinctly American cornmeal product with no direct Japanese equivalent; Japanese candidates are wheat-based noodles/breads or rice porridges, nutritionally and conceptually mismatched",,Breakfast Cereals
high,171657,"Cereals, CREAM OF WHEAT, regular (10 minute), cooked with water, without salt",False,True,"Cream of Wheat is a wheat-based hot cereal porridge with nutrient profile (50kcal, 1.44g protein, 10.5g carbs per 100g) that doesn't match Japanese rice-based porridges (おかゆ/おもゆ at 19-68kcal) or noodle dishes; no Japanese wheat cereal porridge equivalent exists in the table",,Breakfast Cereals
high,171662,"Cereals, oats, instant, fortified, plain, prepared with water (boiling water added or microwaved)",False,True,"Instant fortified oats are a processed Western breakfast cereal with no direct Japanese equivalent; Japanese candidates are rice/wheat porridges, noodles, and bread with fundamentally different nutrient profiles and food composition",,Breakfast Cereals
high,171668,"Cereals, whole wheat hot natural cereal, cooked with water, without salt",False,True,"US item is whole wheat hot cereal (uncooked grain cooked with water); Japanese table lacks whole grain porridge/oatmeal entries - all candidates are noodles, bread, or prepared dishes with vastly different nutrient profiles and preparation methods",,Breakfast Cereals
high,171675,"Cereals, oats, regular and quick and instant, unenriched, cooked with water (includes boiling and microwaving), with salt",False,True,"Cooked oats (燕麦) are not represented in the Japanese composition table; closest candidates are rice porridges (かゆ) and noodles which differ significantly in protein (1.1-1.2g vs 2.54g), fat (0.1-0.4g vs 1.52g), and lack oat-specific nutrients like β-glucan",,Breakfast Cereals
high,171676,"Cereals, WHEATENA, cooked with water, with salt",False,True,"Wheatena is a cooked wheat cereal (porridge) with very low protein (2.03g) and high carbs (11.7g per 100g cooked); no Japanese candidates represent a plain cooked wheat cereal/porridge - all candidates are noodles, bread, or prepared dishes with substantially different nutrient profiles and food concepts",,Breakfast Cereals
high,171677,"Cereals, whole wheat hot natural cereal, cooked with water, with salt",False,True,"Whole wheat hot cereal cooked with water is a plain porridge/cereal product; Japanese table lacks whole grain hot cereals - candidates are mostly noodles, bread, or rice dishes with significantly different nutrient profiles and food concepts",,Breakfast Cereals
high,171678,"Cereals, ready-to-eat, MALT-O-MEAL, Blueberry Mini SPOONERS",False,True,"Ready-to-eat breakfast cereal with added vitamins/minerals and blueberry flavoring has no direct Japanese equivalent; closest candidates are whole grains (2-3x lower calories, missing fortification profile)",,Breakfast Cereals
high,171680,"Cereals ready-to-eat, MALT-O-MEAL, OAT BLENDERS with honey & almonds",False,True,"Ready-to-eat fortified breakfast cereal with honey and almonds has no equivalent in Japanese food composition table; candidates are either porridges, instant noodles, or whole grains without the industrial fortification profile (1590kcal, VitB1=2.09mg, VitB12=7.55μg, Fe=41.4mg) characteristic of American breakfast cereals",,Breakfast Cereals
high,171708,"Cherries, tart, dried, sweetened (Includes foods for USDA's Food Distribution Program)",False,True,"Tart cherries dried and sweetened (1400 kcal/100g) are nutritionally distinct from all Japanese candidates; closest dried fruits (raisins 324, banana 314, dates 294 kcal/100g) are significantly lower in energy, and no Japanese dried cherry product exists in the table",,Fruits and Fruit Juices
high,171714,"Breadfruit, raw",False,True,"Breadfruit is a starchy tropical fruit with unique composition (27.1g carbs, 103 kcal, 4.9g fiber) that doesn't match any Japanese table entry; closest candidates (アテモヤ, チェリモヤ) have significantly lower carbs/calories and lack the starchy profile characteristic of breadfruit",,Fruits and Fruit Juices
high,171723,"Cranberries, dried, sweetened (Includes foods for USDA's Food Distribution Program)",False,True,"Sweetened dried cranberries (1290 kcal/100g) are significantly more energy-dense than all Japanese candidates; closest matches (dried fruits) are 50-75% lower in calories, and no Japanese dried fruit entry matches both the extreme caloric density and the specific cranberry fruit profile",,Fruits and Fruit Juices
high,171737,"Beef, Australian, imported, Wagyu, rib, small end rib steak/roast, boneless, separable lean only, Aust. marble score 4/5, raw",False,True,"US item is raw wagyu with separable lean only (20.4g protein, 16.9g fat, 978 kcal), but all Japanese candidates are either cooked preparations or have vastly different fat/protein ratios; no raw wagyu lean-only match exists in the table",,Beef Products
high,171739,"Beef, Australian, imported, grass-fed, loin, top sirloin cap-off steak/roast, boneless, separable lean and fat, raw",False,True,"US item is raw grass-fed imported beef (532kcal, 21.8g protein, 4.45g fat) but all Japanese candidates are cooked preparations (焼き/ゆで) with significantly lower energy and higher fat content; no raw imported beef entry exists in the Japanese table to match the raw grass-fed Australian sirloin cap",,Beef Products
high,171741,"Beef, Australian, imported, Wagyu, rib, small end rib steak/roast, boneless, separable lean and fat, Aust. marble score 9, raw",False,True,"US item is raw separable lean+fat mixture (14.5g protein, 38.3g fat per 100g) representing whole muscle composition; all Japanese candidates are either pure fat portions (脂身) with 3.6-5.7g protein, or cooked preparations - no raw separable lean+fat cut equivalent exists in the Japanese table",,Beef Products
high,171742,"Beef, Australian, imported, Wagyu, loin, tenderloin steak/roast, boneless, separable lean and fat, Aust. marble score 9, raw",False,True,"Raw Australian Wagyu tenderloin (1040 kcal, 18.5g protein, 19.1g fat) has distinctly higher energy and lower fat content than all Japanese candidates; closest options are cooked/boiled preparations or different cuts with higher fat ratios, making direct match impossible",,Beef Products
high,171760,"Beef, round, top round roast, boneless, separable lean only, trimmed to 0"" fat, all grades, raw",False,True,"US item is raw beef (505 kcal, 2.94g fat, lean only); all Japanese candidates are cooked preparations with significantly lower energy (190-331 kcal) and higher fat content, making direct nutritional comparison invalid due to cooking loss and preparation method differences",,Beef Products
high,171777,"Beef, composite of trimmed retail cuts, separable lean and fat, trimmed to 0"" fat, select, raw",False,True,"US item is raw beef (657 kcal/100g, 21.2g protein, 8.0g fat) but all Japanese candidates are cooked preparations (285-457 kcal) with significantly different nutrient profiles; no raw beef composite cut entry exists in the Japanese table",,Beef Products
high,171780,"Beef, chuck, clod roast, separable lean only, trimmed to 1/4"" fat, all grades, cooked, roasted",False,True,US item has unusually high energy (726 kcal) for lean beef - likely data entry error or unconventional preparation; no Japanese candidates match this extreme energy level with the given macronutrient profile,,Beef Products
high,171805,"Beef, short loin, top loin, steak, separable lean only, trimmed to 1/8"" fat, select, cooked, grilled",False,True,"US item has unusually high energy (742 kcal) relative to protein (29.4g) and fat (5.73g), suggesting data error or non-standard preparation; all Japanese beef candidates show 227-457 kcal with lower protein-to-energy ratios, making no adequate match",,Beef Products
high,171812,"Beef, tenderloin, steak, separable lean only, trimmed to 1/8"" fat, all grades, raw",False,True,"US beef tenderloin raw (641 kcal, 22.1g protein, 6.52g fat) has exceptionally high energy and very low fat for raw beef, inconsistent with all Japanese beef entries which show lower energy (253-457 kcal) and higher fat content (19.3-42.3g); likely data error in source or no true nutritional equivalent exists",,Beef Products
high,171821,"Soup, wonton, Chinese restaurant",False,True,"Wonton soup is a complete dish with solid ingredients (wontons, vegetables, broth) requiring a food entry, not a condiment/seasoning table match; no Japanese soup equivalent exists in the provided condiment-focused candidates",,"Soups, Sauces, and Gravies"
high,171822,"Soup, ramen noodle, dry, any flavor, reduced fat, reduced sodium",False,True,Dry instant ramen noodles are a processed noodle product with no direct equivalent in Japanese condiments/seasonings table; requires whole food category match not available in provided candidates,,"Soups, Sauces, and Gravies"
high,171823,"Sauce, duck, ready-to-serve",False,True,"Duck sauce is a distinctly American-Chinese condiment with no equivalent in Japanese food composition table; nutrient profile (1030kcal, 60.7g carbs, 1.8g salt) matches no Japanese candidate sufficiently",,"Soups, Sauces, and Gravies"
high,171827,"Sauce, barbecue, SWEET BABY RAY'S, original",False,True,"Sweet Baby Ray's BBQ sauce is a distinctly American product with high sugar content (46.1g carbs) and specific flavor profile; no Japanese sauce candidate matches both the concept (Western BBQ sauce) and nutrient composition (high carbs, low protein/fat, specific salt level of 1.943g)",,"Soups, Sauces, and Gravies"
high,171828,"Sauce, barbecue, BULL'S-EYE, original",False,True,"Bull's-Eye BBQ sauce is an American condiment with no Japanese equivalent; nutrient profile (709 kcal, 40g carbs, 2.6g salt) matches no candidates—closest options are Japanese sauces with vastly different compositions and purposes",,"Soups, Sauces, and Gravies"
high,171829,"Sauce, barbecue, KC MASTERPIECE, original",False,True,"KC Masterpiece BBQ sauce is a distinctly American condiment with no nutritional or conceptual equivalent in Japanese food tables; closest candidates (みたらしのたれ, 甘酢) differ significantly in energy (127-116 vs 160kcal) and composition, and BBQ sauce represents uniquely American culinary tradition",,"Soups, Sauces, and Gravies"
high,171830,"Sauce, barbecue, OPEN PIT, original",False,True,"Open Pit BBQ sauce is a distinctly American condiment with high energy (553kcal) and high salt (3.861g) profile that doesn't match any Japanese condiment candidates; closest Japanese options (Worcestershire-type sauces, yakitori/yakiniku sauce) are significantly lower in energy and have different flavor profiles and compositions",,"Soups, Sauces, and Gravies"
high,171832,"Dip, bean, original flavor",False,True,"Bean dip is a prepared legume-based dip with specific US snack food characteristics (low fat, moderate protein from beans, high fiber); no Japanese condiment or sauce candidate matches both the bean base composition and functional purpose as a dip for vegetables/chips",,"Soups, Sauces, and Gravies"
high,171833,"Sauce, horseradish",False,True,Horseradish sauce is a Western condiment with high fat (50.9g) and moderate carbs (10g) that doesn't match Japanese dressings or condiments; mayonnaise is closest nutritionally but horseradish sauce is fundamentally a spicy root vegetable condiment with no Japanese equivalent in the table,,"Soups, Sauces, and Gravies"
high,171834,"Dip, FRITO'S, bean, original flavor",False,True,"Frito's bean dip is a processed American snack dip with unique formulation; no Japanese condiment/sauce candidate matches its combination of low energy density (~500kcal vs candidates 150-380), moderate protein (5.44g), low fat (3.7g), and specific nutrient profile characteristic of bean-based dips",,"Soups, Sauces, and Gravies"
high,171835,"Cookie, vanilla with caramel, coconut, and chocolate coating",False,True,"US cookie with caramel, coconut, and chocolate coating is a highly processed confectionery product with no equivalent in Japanese grain/cereal food table; candidates are primarily plain grains, noodles, and breads lacking the chocolate coating and confectionery components",,Baked Products
high,171836,"Cookie, with peanut butter filling, chocolate-coated",False,True,"Peanut butter-filled chocolate-coated cookie is a distinctly American processed snack with no equivalent in Japanese food composition table; closest candidates (croissants, bread, noodles) lack peanut butter filling and chocolate coating components",,Baked Products
high,171837,"Cookies, animal, with frosting or icing",False,True,"Animal crackers with frosting are a distinctly American processed snack product with no equivalent in Japanese food composition table; closest candidates (premixes, instant noodles, breads) lack the frosting/icing component and have significantly different nutrient profiles, particularly lower fat content (3.6-25.4g vs 24.1g) and different carbohydrate structure",,Baked Products
high,171839,"Cake, snack cakes, not chocolate, with icing or filling, low-fat, with added fiber",False,True,"US low-fat fiber-enriched snack cake with icing/filling has no Japanese equivalent in the table; all candidates are basic grains/cereals with vastly different nutrient profiles (lower energy, protein, carbs; no fiber data; missing micronutrients like added vitamins)",,Baked Products
high,171840,"Cookies, brownies, commercially prepared, reduced fat, with added fiber",False,True,"Reduced-fat brownie with added fiber is a highly processed American snack product with no equivalent in Japanese food composition table; candidates are all grains/cereals, not baked confectionery products",,Baked Products
high,171843,"Cookies, peanut butter, commercially prepared, sugar free",False,True,"Sugar-free peanut butter cookies are a highly processed American product with no direct Japanese equivalent; closest candidates (instant noodles, croissants, crackers) differ substantially in ingredients (peanut butter base), macronutrient profile (2190 kcal/100g vs 400-500 kcal/100g), and formulation (sugar-free sweeteners vs traditional recipes)",,Baked Products
high,171844,"Bread, chapati or roti, plain, commercially prepared",False,True,"Chapati/roti is an Indian flatbread with no direct Japanese equivalent in the composition table; candidates are either deep-fried items, instant noodles, or specialty wheat products with significantly different nutrient profiles and preparation methods",,Baked Products
high,171847,"Cookies, coconut macaroon",False,True,"Coconut macaroon is a confectionery with high coconut content (evidenced by high fat 22.6g and fiber 5.1g) with no suitable match in the Japanese grain-based food table; closest candidates (items 4-5, 13, 15) are Asian noodle/snack products with significantly different nutrient profiles and lack coconut as primary ingredient",,Baked Products
high,171848,"Crackers, sandwich-type, peanut butter filled, reduced fat",False,True,"Sandwich crackers with peanut butter filling are a distinctly American processed snack with no equivalent in Japanese food composition table; candidates are all basic grains, noodles, or breads lacking the filled cracker concept and peanut butter component",,Baked Products
high,171849,"Bread, cinnamon",False,True,"Cinnamon bread is a sweetened flavored bread product (1060 kcal/100g, 44.4g carbs) that substantially exceeds all Japanese bread candidates in energy density and carbohydrate content; closest bread match (croissant rich type) is only 438 kcal with 25.4g fat, indicating cinnamon bread's higher sugar content has no direct Japanese equivalent in the composition table.",,Baked Products
high,171855,"Crackers, whole grain, sandwich-type, with peanut butter filling",False,True,"Peanut butter-filled sandwich crackers are a distinctly American processed snack with no direct Japanese equivalent; the high fat content (21.2g) and peanut butter filling distinguish it from all Japanese grain/cereal candidates which are either plain grains, noodles, or minimally processed products",,Baked Products
high,171857,"Cookies, gluten-free, chocolate sandwich, with creme filling",False,True,"Gluten-free chocolate sandwich cookies with creme filling are a highly processed American snack product with no direct Japanese equivalent in the composition table; closest candidates (wheat flour products, breads) lack the high fat content (17.9g) and specific processed cookie structure of the US item",,Baked Products
high,171858,"Cookies, gluten-free, chocolate wafer",False,True,"Gluten-free chocolate wafer cookies (2260 kcal/100g energy density, 30.4g fat, specific chocolate confection product) have no equivalent in Japanese food composition table; closest candidates are instant noodles (450-450 kcal) or baked goods (360-440 kcal), all significantly lower in energy and lacking chocolate confectionery profile",,Baked Products
high,171860,"Cookies, gluten-free, vanilla sandwich, with creme filling",False,True,"Gluten-free vanilla sandwich cookies with creme filling is a highly processed American snack product with no equivalent in Japanese food composition table; closest candidates (crackers, instant noodles, bread products) differ significantly in composition and lack the sandwich cookie concept with filling",,Baked Products
high,171862,"Rolls, gluten-free, white, made with rice flour, rice starch, and corn starch",False,True,"Gluten-free rice flour rolls have no equivalent in Japanese food composition table; closest wheat bread entries (11, 13) differ fundamentally in composition, ingredients, and processing (croissants are laminated pastries), and table lacks dedicated gluten-free or rice-based bread products",,Baked Products
high,171864,"Rolls, gluten-free, whole grain, made with tapioca starch and brown rice flour",False,True,"Gluten-free rolls made with tapioca starch and brown rice flour are a modern specialty product with no equivalent in the Japanese food composition table; all candidates are either wheat-based products, traditional grains, or instant noodles that don't match the ingredient profile or nutrient composition (1380 kcal/100g indicates a prepared/baked product, not raw grain)",,Baked Products
high,171868,"Cookies, vanilla sandwich with creme filling, reduced fat",False,True,"Vanilla sandwich cookies with creme filling are a processed American snack with high fat (10.4g) and added ingredients (creme filling) not represented in Japanese grain-based composition table; closest candidates (wheat flour, bread products) lack the fat content and processed cookie structure of the US item",,Baked Products
high,171869,"Beverages, carbonated, tonic water",False,True,"Tonic water is a non-alcoholic carbonated beverage with quinine; all Japanese candidates are alcoholic beverages, making this a true category mismatch with no equivalent in the provided table.",,Beverages
high,171872,"Alcoholic Beverage, wine, table, red, Gamay",False,True,"Red table wine (Gamay) with 326kcal and 2.38g carbs significantly exceeds all Japanese wine entries; closest match is Sweet Wine at 125kcal but energy discrepancy is too large; the US item appears to be concentrated/fortified wine misrepresented as table wine, with no true equivalent in the Japanese table",,Beverages
high,171874,"Beverages, chocolate malt powder, prepared with 1% milk, fortified",False,True,"Chocolate malt powder with milk is a fortified nutritional beverage with specific micronutrient profile (Ca, Fe, Zn, vitamins) that has no equivalent in the Japanese table; all candidates are either alcoholic beverages, tea infusions, or plain soft drinks without the nutritional fortification characteristics of this US product",,Beverages
high,171876,"Beverages, carbonated, low calorie, cola or pepper-types, with sodium saccharin, contains caffeine",False,True,"US diet cola with saccharin is a highly processed American beverage with no equivalent in Japanese food composition table; all candidates are either alcoholic beverages, traditional teas, or sports drinks with different nutritional profiles and concept",,Beverages
high,171879,"Beverages, chocolate-flavor beverage mix, powder, prepared with whole milk",False,True,"US chocolate milk beverage (85 kcal, 3.23g protein, 3.24g fat, milk-based) has no nutritional or conceptual match in provided Japanese table; closest entries are alcoholic beverages, tea infusions, or sports drinks with vastly different compositions",,Beverages
high,171880,"Beverages, coffee, ready to drink, milk based, sweetened",False,True,"US ready-to-drink sweetened milk-based coffee (296kcal, 1.98g protein, 12.6g carbs) has no equivalent in Japanese alcohol-only beverage table; Japanese composition tables lack non-alcoholic coffee beverages for proper matching",,Beverages
high,171882,"Beverages, Clam and tomato juice, canned",False,True,"Clam and tomato juice is a savory vegetable-based beverage with seafood, fundamentally different from all alcoholic beverages in the Japanese table; no non-alcoholic juice or vegetable beverage entries exist in the provided candidates",,Beverages
high,171883,"Beverages, tea, green, ready to drink, ginseng and honey, sweetened",False,True,"US item is a ready-to-drink sweetened green tea beverage with ginseng and honey; all Japanese candidates are alcoholic beverages, which fundamentally mismatches a non-alcoholic tea product with no suitable non-alcoholic alternative in the provided table",,Beverages
high,171888,"Beverages, tea, black, ready-to-drink, lemon, sweetened",False,True,US item is a sweetened ready-to-drink black tea beverage (non-alcoholic); all 26 Japanese candidates are alcoholic beverages with no non-alcoholic tea options available in the table,,Beverages
high,171899,"Beverages, OCEAN SPRAY, Cran Raspberry Juice Drink",False,True,"Ocean Spray Cran Raspberry is a non-alcoholic fruit juice drink with significant carbohydrates (12.0g), vitamin C (27.2mg), and minimal alcohol; all candidates are alcoholic beverages or sports drinks with fundamentally different compositions and no nutritional/conceptual match",,Beverages
high,171905,"Beverages, Eggnog-flavor mix, powder, prepared with whole milk",False,True,"Eggnog-flavor milk beverage is a distinctly American holiday drink with no Japanese equivalent in the provided table; all candidates are alcoholic beverages while the US item is a non-alcoholic milk-based beverage with significantly higher protein, fat, and carbohydrate content per 100g",,Beverages
high,171906,"Alcoholic beverages, beer, higher alcohol",False,True,Higher alcohol beer (5-7% ABV) is a fermented beverage with significant carbohydrates and protein that doesn't match distilled spirits or low-alcohol Japanese brewed drinks; no Japanese beer entry exists in the provided table,,Beverages
high,171907,"Beverages, Malt liquor beverage",False,True,"Malt liquor beverage is a distinctly American fermented grain beverage with higher alcohol content (~5-8%) and higher energy density (165 kcal) than any Japanese alcoholic beverage candidate; closest candidates (薬味酒 181 kcal, みりん 179 kcal) are fortified/sweetened wines or cooking liqueurs with different composition profiles, making NO_MATCH the most appropriate choice",,Beverages
high,171909,"Beverages, OCEAN SPRAY, Cran Pomegranate",False,True,"Ocean Spray Cran-Pomegranate is a non-alcoholic fruit juice beverage with 12.6g carbs and 27.1mg vitamin C per 100g, but all Japanese candidates are either alcoholic beverages or sports drinks with fundamentally different compositions; no non-alcoholic fruit juice category exists in the provided table",,Beverages
high,171911,"Beverages, tea, green, ready to drink, unsweetened",False,True,"US ready-to-drink unsweetened green tea is a modern commercial beverage not represented in the Japanese table; candidates are either alcoholic beverages or traditional tea infusions, none matching the specific product category of ready-to-drink bottled unsweetened green tea",,Beverages
high,171912,"Beverages, citrus fruit juice drink, frozen concentrate",False,True,"Frozen citrus juice concentrate (676 kcal, 40.2g carbs, high vitamin C) is a modern processed beverage with no equivalent in Japanese food composition table; all candidates are either alcoholic beverages or ready-to-drink beverages, not juice concentrate",,Beverages
high,171913,"Beverages, citrus fruit juice drink, frozen concentrate, prepared with water",False,True,"US citrus juice drink (frozen concentrate prepared with water) is a non-alcoholic beverage with carbs ~11.4g and vitamins, while all Japanese candidates are alcoholic beverages or sports drinks with fundamentally different compositions; no nutritionally or conceptually equivalent match exists",,Beverages
high,171916,"Beverages, grape drink, canned",False,True,Canned grape drink is a sweetened beverage with 15.7g carbs and 31.4mg vitamin C per 100g; all candidates are alcoholic beverages or sports drinks with fundamentally different compositions and no non-alcoholic fruit juice equivalent in the Japanese table,,Beverages
high,171918,"Beverages, tea, instant, lemon, with added ascorbic acid",False,True,"Instant lemon tea powder (385kcal/100g, 97.6g carbs, 100mg VitC) is a processed instant beverage mix with no Japanese equivalent in the table; all candidates are either alcoholic beverages or brewed tea infusions, not instant powder products",,Beverages
high,171922,"Beverages, water, bottled, non-carbonated, EVIAN",False,True,"Bottled non-carbonated water (EVIAN) is a pure mineral water with minimal nutrients; no Japanese table entry exists for plain bottled water as all candidates are alcoholic beverages, tea infusions, sports drinks, or other flavored beverages",,Beverages
high,171926,"Water, non-carbonated, bottles, natural fruit flavors, sweetened with low calorie sweetener",False,True,"US item is a flavored low-calorie sweetened water beverage with minimal nutrients; Japanese candidates are either unsweetened tea infusions (0-2 kcal, no carbs) or high-calorie/alcoholic drinks, with no match for artificially sweetened flavored water category",,Beverages
high,171929,"Beverages, V8 SPLASH Juice Drinks, Fruit Medley",False,True,"V8 SPLASH is a sweetened fruit juice drink with no alcoholic content; all Japanese table candidates are either alcoholic beverages or unrelated beverages (sports drink, tea) - no non-alcoholic fruit juice beverage equivalent exists in the provided Japanese food composition table",,Beverages
high,171933,"Beverages, V8 V-FUSION Juices, Peach Mango",False,True,"V8 V-FUSION is a fruit juice beverage with carbohydrates, vitamins, minerals, and salt; all candidates are alcoholic beverages with zero carbohydrates and no nutritional similarity to a non-alcoholic juice product",,Beverages
high,171935,"Beverages, Energy Drink, Monster, fortified with vitamins C, B2, B3, B6, B12",False,True,"Energy drink (Monster) is a modern Western beverage category with high energy content (197 kcal), fortified vitamins (B2, B3, B6, B12, C), and specific formulation not represented in Japanese food composition table which lacks energy drink entries; closest candidates are alcoholic beverages or basic soft drinks with mismatched nutrient profiles",,Beverages
high,171937,"Beverages, Energy drink, ROCKSTAR",False,True,"ROCKSTAR energy drink (244kcal, high carbs, B vitamins, B12) has no equivalent in Japanese table; all candidates are either alcoholic beverages or traditional tea/coffee drinks, not modern energy drinks",,Beverages
high,171939,"Beverages, Meal supplement drink, canned, peanut flavor",False,True,"Meal supplement drink with peanut flavor is a modern fortified beverage product with no equivalent in traditional Japanese food composition table; candidates are alcoholic beverages, tea, and basic drinks with fundamentally different nutritional profiles and purposes",,Beverages
high,171941,"Beverages, Horchata, as served in restaurant",False,True,"Horchata is a rice-based Latin American beverage with distinct cultural origin; no Japanese candidate matches its composition (notably high carbs 11.5g, low protein 0.48g, specific mineral profile) or concept - closest carbonated drinks and sweet beverages are nutritionally and culturally dissimilar",,Beverages
high,171942,"Beverages, rice milk, unsweetened",False,True,"Rice milk is a plant-based beverage not found in Japanese food composition tables; closest candidates are tea infusions or carbonated drinks, but none match the nutritional profile (moderate carbs, protein, fat, fortified minerals) of unsweetened rice milk",,Beverages
high,171943,"Beverages, Energy drink, VAULT, citrus flavor",False,True,"VAULT is a modern US energy drink with 13g carbs per 100g and citrus flavoring; all Japanese candidates are alcoholic beverages (sake, shochu, wine, liqueurs) or traditional drinks with fundamentally different composition and purpose - no nutritional or conceptual match exists",,Beverages
high,171944,"Beverages, Fruit flavored drink, reduced sugar, greater than 3% fruit juice, high vitamin C, added calcium",False,True,"US item is a reduced-sugar, calcium-fortified fruit juice beverage with high vitamin C (122kcal, 6.67g carb); Japanese candidates lack fortified juice drinks and are predominantly alcoholic beverages or basic tea/sports drinks with incompatible nutrient profiles",,Beverages
high,171946,"Beverages, tea, hibiscus, brewed",False,True,"Hibiscus tea is a brewed herbal infusion with minimal nutrients (near-zero calories, trace minerals); no Japanese tea table entry matches this profile—candidates are either alcoholic beverages, sweetened sodas, or traditional Japanese teas (麦茶) with different nutritional compositions",,Beverages
high,171947,"Beverages, fruit juice drink, greater than 3% juice, high vitamin C",False,True,"US fruit juice drink (>3% juice, high vitamin C, 192kcal, 11.4g carbs) has no equivalent in Japanese table which contains only alcoholic beverages and one sports drink; Japanese candidates are alcohol-based with 0g carbs or minimal nutrients, fundamentally incompatible with juice drink profile",,Beverages
high,171964,"Fish, haddock, raw",False,True,"Raw haddock (309 kcal, 16.3g protein, 0.45g fat) has a unique nutrient profile with exceptionally high energy and very low fat that doesn't match any Japanese table entry; closest candidates (えそ, めばる, アラスカめぬけ) are all significantly lower in calories (87-96 kcal) and the energy discrepancy suggests the US value may include a data error or the Japanese table lacks a raw haddock equivalent",,Finfish and Shellfish Products
high,171966,"Crustaceans, crab, blue, canned",False,True,"Blue crab canned (347kcal, 17.9g protein, 0.74g fat) has significantly higher energy and lower fat than all crab candidates (9, 15, 16 are raw/boiled with 61-78kcal); no Japanese canned crab entry exists to match the preserved product format and nutrient profile",,Finfish and Shellfish Products
high,171977,"Mollusks, clam, mixed species, canned, liquid",False,True,Canned clam liquid is extremely low in protein (0.4g) and energy (2.0kcal) per 100g - essentially clam broth/juice with minimal solids. All Japanese candidates are fresh whole shellfish or processed products with 10-20x higher protein content; no Japanese table entry matches this dilute liquid product category.,,Finfish and Shellfish Products
high,171984,"Mollusks, whelk, unspecified, cooked, moist heat",False,True,"Whelk (巻き貝/つぶ貝) is a specific mollusk with distinctive high protein (47.7g), moderate carbs (15.5g), and high iron (10.1mg) profile that doesn't match any Japanese fish/shellfish entries; Japanese candidates are primarily fish (魚類) or different mollusk types (scallops/clams) with different nutritional profiles, and no whelk-specific entry exists in the table",,Finfish and Shellfish Products
high,171990,"Fish, cod, Pacific, cooked, dry heat (may contain additives to retain moisture)",False,True,"Pacific cod cooked dry heat (354 kcal, 18.7g protein, 0.5g fat) has no close match - candidates are either too low in energy (raw/steamed fish 85-175 kcal), too high in fat (fried preparations 8-21g), or wrong species; the extremely high energy density suggests moisture loss/concentration that doesn't match typical Japanese fish preparations",,Finfish and Shellfish Products
high,172010,"Mollusks, cuttlefish, mixed species, cooked, moist heat",False,True,"Cuttlefish (イカ) is not adequately represented in the Japanese candidates; all options are fish (魚類) or crab (かに類), none match the cephalopod mollusk category or the distinctive nutrient profile (high protein 32.5g, low fat 1.4g, high iron 10.8mg, high zinc 3.46mg) of cooked cuttlefish.",,Finfish and Shellfish Products
high,172011,"Beerwurst, beer salami, pork and beef",False,True,"Beerwurst is a processed sausage with carbs (3.76g), added ingredients, and high salt (2.238g) typical of cured meats; all candidates are raw/cooked muscle cuts with minimal carbs, salt, and different nutrient profiles - no suitable match exists in the Japanese composition table which lacks processed sausage entries",,Sausages and Luncheon Meats
high,172016,"Wheat flour, white (industrial), 9% protein, bleached, enriched",False,True,"US wheat flour (9% protein, enriched, bleached, industrial) has no direct match in Japanese table; candidates are mostly finished products (noodles, bread, fried items) or whole grains with very different nutrient profiles and processing methods",,Cereal Grains and Pasta
high,172018,"Wheat flour, white (industrial), 10% protein, bleached, enriched",False,True,"US wheat flour (1530 kcal/100g, raw) has dramatically higher energy density than all Japanese candidates (339-588 kcal/100g), which are mostly processed/cooked products; no raw wheat flour entry exists in the Japanese table",,Cereal Grains and Pasta
high,172026,"Pasta, gluten-free, brown rice flour, cooked, TINKYADA",False,True,"Brown rice flour pasta is gluten-free and made from brown rice, but all Japanese candidates are wheat-based products or other grains; no brown rice pasta entry exists in the Japanese composition table",,Cereal Grains and Pasta
high,172028,"Fast Foods, biscuit, with egg and sausage",False,True,"Biscuit with egg and sausage is a distinctly American fast food breakfast item with no direct Japanese equivalent in the table; closest candidates (fried items, dumplings, hamburgers) differ significantly in composition, preparation method, and cultural context",,Fast Foods
high,172029,"Fast foods, biscuit, with egg, cheese, and bacon",False,True,"Breakfast biscuit sandwich with egg, cheese, and bacon is a distinctly American fast food item; no Japanese prepared food entry matches both the concept (Western-style breakfast sandwich) and the high energy density (1260 kcal/100g) with balanced macronutrients typical of this item",,Fast Foods
high,172030,"Fast foods, biscuit, with ham",False,True,"Biscuit with ham is a distinctly American fast food item with no equivalent in Japanese food composition table; closest candidates (fried items, dumplings) differ significantly in energy density (1430 vs 150-300 kcal/100g) and lack the bread-based structure characteristic of biscuits",,Fast Foods
high,172031,"Fast foods, biscuit, with sausage",False,True,"Sausage biscuit (1550 kcal/100g) is a distinctly American fast food breakfast item with no direct Japanese equivalent; Japanese candidates are all cooked dishes at 100-300 kcal/100g, while this appears to be a prepared/assembled item with much higher caloric density than any listed Japanese processed food",,Fast Foods
high,172032,"Fast foods, english muffin, with cheese and sausage",False,True,"English muffin sandwich with cheese and sausage is a distinctly American fast food item with no equivalent in Japanese food composition table; closest candidates (hamburgers, fried items) have significantly lower energy density and different macronutrient profiles that don't match the bread-based sandwich structure",,Fast Foods
high,172034,"Fast foods, english muffin, with egg, cheese, and sausage",False,True,"English muffin sandwich with egg, cheese, and sausage is a distinctly American fast-food breakfast item with no equivalent in Japanese food composition table; all candidates are either fried dishes, croquettes, Asian dumplings, or burger-based items with significantly lower energy density (139-299 kcal vs 1200 kcal per 100g) and different nutritional profiles",,Fast Foods
high,172035,"Fast foods, french toast sticks",False,True,"French toast sticks are a uniquely American fast-food breakfast item with no direct Japanese equivalent; the highest energy density (1420 kcal/100g) and carb content (41.2g) far exceed all candidates, which are cooked/prepared dishes, not breaded fried bread sticks",,Fast Foods
high,172036,"Fast foods, sundae, strawberry",False,True,"Strawberry sundae is a frozen dessert unique to American fast food culture with no direct Japanese equivalent in the provided table; closest candidates are savory dishes (croquettes, gyoza) with fundamentally different food concepts and higher salt/protein profiles",,Fast Foods
high,172039,"Fast foods, burrito, with beans and cheese",False,True,"Burrito with beans and cheese is a Mexican-origin fast food with no nutritional or conceptual equivalent in Japanese cuisine; all candidates are either fried items, Asian dumplings, or dishes with different macronutrient profiles (much lower energy, carbs, and protein per 100g)",,Fast Foods
high,172040,"PIZZA HUT 12"" Cheese Pizza, Hand-Tossed Crust",False,True,"Pizza is a uniquely American fast-food item with no direct Japanese equivalent in the composition table; candidates are fried foods, dumplings, and other dishes with fundamentally different preparation methods and ingredient compositions",,Fast Foods
high,172041,"PIZZA HUT 12"" Cheese Pizza, Pan Crust",False,True,"Pizza is a distinctly American fast food item with no direct Japanese food composition table equivalent; all candidates are fried items, croquettes, or Asian dishes with substantially different nutrient profiles (energy 1170 vs 139-425 kcal per 100g) and composition structures",,Fast Foods
high,172042,"PIZZA HUT 12"" Cheese Pizza, THIN 'N CRISPY Crust",False,True,"Pizza is a distinctly American fast food item with no equivalent in Japanese food composition table; all candidates are fried items, croquettes, dumplings, or prepared dishes with fundamentally different nutrient profiles and food structure",,Fast Foods
high,172043,"DOMINO'S 14"" Cheese Pizza, Crunchy Thin Crust",False,True,"Pizza is a uniquely Western/Italian food with no direct Japanese equivalent in the composition table; all candidates are Japanese processed dishes (fried foods, croquettes, dumplings, curries) with significantly lower energy density and different nutrient profiles than cheese pizza.",,Fast Foods
high,172045,"DOMINO'S 14"" Pepperoni Pizza, Ultimate Deep Dish Crust",False,True,"Domino's pepperoni pizza (1180 kcal/100g, high energy density) is a distinctly American fast-food pizza product with no equivalent in the Japanese food composition table; all candidates are significantly lower in energy (128-299 kcal) and represent different food categories (fried items, croquettes, dumplings, hamburgers, curries) with fundamentally different compositions",,Fast Foods
high,172046,"DOMINO'S 14"" EXTRAVAGANZZA FEAST Pizza, Classic Hand-Tossed Crust",False,True,"Domino's pizza is a distinctly American fast-food product with no direct Japanese food composition table equivalent; closest candidates (fried foods, croquettes) differ significantly in energy (139-299 kcal vs 244 kcal), protein (4.6-15.9g vs 10.3g), and fat (3.5-17.7g vs 11.1g) profiles, making none suitable as a reliable match.",,Fast Foods
high,172047,"LITTLE CAESARS 14"" Original Round Cheese Pizza, Regular Crust",False,True,"Pizza is a distinctly Italian-American dish not represented in Japanese food composition tables; closest candidates (fried foods, croquettes) are conceptually and nutritionally mismatched for cheese pizza composition",,Fast Foods
high,172048,"LITTLE CAESARS 14"" Original Round Pepperoni Pizza, Regular Crust",False,True,"Pizza is a Western dish with no direct Japanese equivalent in the table; candidates are all fried items, croquettes, or Asian dishes with fundamentally different nutrient profiles and food structure than pizza",,Fast Foods
high,172050,"LITTLE CAESARS 14"" Cheese Pizza, Large Deep Dish Crust",False,True,"Pizza is a distinctly Italian-American dish with no equivalent in Japanese food composition table; candidates are all Asian fried/prepared dishes with vastly different nutrient profiles (energy ~150-425 kcal vs 1100 kcal, protein ~4-16g vs 12.6g, fat profiles incompatible)",,Fast Foods
high,172051,"PIZZA HUT 14"" Cheese Pizza, THIN 'N CRISPY Crust",False,True,"Pizza is a Italian-origin dish not represented in Japanese composition table; all candidates are fried items, croquettes, or Asian dishes with fundamentally different nutrient profiles and food composition from cheese pizza with thin crust.",,Fast Foods
high,172052,"PIZZA HUT 14"" Pepperoni Pizza, Hand-Tossed Crust",False,True,"Pizza is a uniquely American fast food item with no equivalent in Japanese food composition table; candidates are all fried/breaded dishes, soups, or Asian items with fundamentally different nutrient profiles and preparation methods than pizza",,Fast Foods
high,172053,"PIZZA HUT 14"" Pepperoni Pizza, Pan Crust",False,True,"Pizza is a distinctly American/Italian fast food with no direct Japanese equivalent in the composition table; candidates are all fried dishes, croquettes, or Asian preparations with significantly different nutrient profiles and food structure",,Fast Foods
high,172054,"PIZZA HUT 14"" Super Supreme Pizza, Hand-Tossed Crust",False,True,"Pizza is a distinctly Italian-American fast food with no Japanese equivalent in the table; candidates are all Japanese prepared dishes (fried foods, croquettes, dumplings) with fundamentally different compositions and preparation methods",,Fast Foods
high,172055,"Fast Food, Pizza Chain, 14"" pizza, meat and vegetable topping, regular crust",False,True,"Pizza is a distinctly Italian-American fast food with no direct Japanese composition table equivalent; candidates are all fried items, dumplings, or hamburgers with fundamentally different cooking methods and ingredient profiles than pizza crust with meat and vegetable toppings",,Fast Foods
high,172061,"McDONALD'S, Vanilla Reduced Fat Ice Cream Cone",False,True,"McDonald's vanilla ice cream cone is a frozen dessert with distinct macronutrient profile (low protein 4.24g, moderate fat 4.86g, high carbs 26.4g) that doesn't match any Japanese prepared food entries which are savory dishes (croquettes, dumplings, fried foods, stews, curries); ice cream as a category is absent from the Japanese table candidates provided",,Fast Foods
high,172062,"McDONALD'S, Strawberry Sundae",False,True,"McDonald's Strawberry Sundae is a frozen dessert with very high carbohydrates (28.1g) and low protein (3.19g) per 100g, with an energy profile of 659kcal/100g that far exceeds all Japanese processed food candidates (max 425kcal); no Japanese composition table entry matches this sweet frozen dessert category",,Fast Foods
high,172069,"McDONALD'S, Bacon Egg & Cheese Biscuit",False,True,"McDonald's breakfast biscuit sandwich (1270 kcal/100g) is a uniquely American fast-food item with no Japanese equivalent in the table; all candidates are either side dishes, fried items, or Asian dumplings with vastly lower energy density and different nutritional profiles",,Fast Foods
high,172071,"McDONALD'S, Sausage Biscuit with Egg",False,True,"McDonald's Sausage Biscuit with Egg is a distinctly American fast-food breakfast item with no comparable entry in Japanese food composition table; the highest energy density (1300 kcal/100g) far exceeds all candidates, and the nutrient profile (high fat, moderate protein in a biscuit-based breakfast sandwich) doesn't match any listed Japanese prepared dish category.",,Fast Foods
high,172073,"McDONALD'S, Bacon Ranch Salad without chicken",False,True,"Bacon Ranch Salad is a fresh vegetable salad with ranch dressing and bacon - a distinctly American fast-food item with no equivalent in Japanese composition tables which focus on cooked/processed dishes; the low energy (253kcal) and nutrient profile don't match any candidates, and ranch dressing itself is uniquely American",,Fast Foods
high,172075,"McDONALD'S, Fruit 'n Yogurt Parfait",False,True,"Fruit 'n Yogurt Parfait is a dairy-based dessert with fruit and granola; all candidates are savory cooked dishes (fried foods, dumplings, curries, stews) with fundamentally different composition, cooking methods, and nutritional profiles - no conceptual or nutritional match exists",,Fast Foods
high,172077,"BURGER KING, french toast sticks",False,True,"French toast sticks are a sweet breakfast item with high carbs (41.2g) and moderate protein (6.0g), but no Japanese candidates match this profile - all listed items are savory fried/cooked dishes with much lower carbohydrates and higher protein ratios; this American breakfast specialty has no direct Japanese equivalent in the table",,Fast Foods
high,172079,"Fast foods, miniature cinnamon rolls",False,True,"Miniature cinnamon rolls are a sweet baked pastry/dessert item with high carbs (53.4g) and moderate fat (18g) per 100g, but no Japanese table entries match this sweet bread/pastry category - all candidates are savory prepared dishes (fried foods, croquettes, dumplings, stews) with incompatible nutrient profiles",,Fast Foods
high,172085,"Light Ice Cream, soft serve, blended with cookie pieces",False,True,Soft serve ice cream blended with cookie pieces is a distinctly American fast food product with no direct Japanese equivalent in the composition table; all candidates are cooked/fried dishes rather than frozen desserts,,Fast Foods
high,172086,"POPEYES, biscuit",False,True,"Popeyes biscuit is a uniquely American fried biscuit with high fat (23.7g) and moderate carbs (41g); no Japanese table entry matches this fried bread product - candidates are either fried seafood/meat items, croquettes, or dumplings with fundamentally different compositions and culinary concepts",,Fast Foods
high,172087,"POPEYES, Coleslaw",False,True,"Coleslaw is a raw vegetable salad with mayonnaise-based dressing; no Japanese table entry matches its low protein (0.98g), high fat (11.2g from mayo), moderate carbs (14.1g), and fresh vegetable composition - all candidates are cooked dishes or fried foods with incompatible nutrient profiles.",,Fast Foods
high,172088,"POPEYES, Mild Chicken Strips, analyzed 2006",False,True,"Popeyes chicken strips are a fried breaded chicken product with high energy (1140 kcal/100g as analyzed). No Japanese candidate matches this energy density or cooked chicken strip composition; all candidates are either much lower energy, non-chicken items, or frozen uncooked products with incomplete nutrient data. The US item appears to be an analyzed ready-to-eat fried chicken product without a direct equivalent in the Japanese food composition table.",,Fast Foods
,172089,"Spaghetti with meat sauce, frozen entree",False,True,"No MEXT category mapped for Meals, Entrees, and Side Dishes",True,"Meals, Entrees, and Side Dishes"
,172090,"Beef macaroni with tomato sauce, frozen entree, reduced fat",False,True,"No MEXT category mapped for Meals, Entrees, and Side Dishes",True,"Meals, Entrees, and Side Dishes"
,172091,"Pasta with Sliced Franks in Tomato Sauce, canned entree",False,True,"No MEXT category mapped for Meals, Entrees, and Side Dishes",True,"Meals, Entrees, and Side Dishes"
,172092,"Turkey Pot Pie, frozen entree",False,True,"No MEXT category mapped for Meals, Entrees, and Side Dishes",True,"Meals, Entrees, and Side Dishes"
,172093,"Beef Pot Pie, frozen entree, prepared",False,True,"No MEXT category mapped for Meals, Entrees, and Side Dishes",True,"Meals, Entrees, and Side Dishes"
,172094,"Tortellini, pasta with cheese filling, fresh-refrigerated, as purchased",False,True,"No MEXT category mapped for Meals, Entrees, and Side Dishes",True,"Meals, Entrees, and Side Dishes"
high,172096,"Pizza, pepperoni topping, regular crust, frozen, cooked",False,True,"Frozen pepperoni pizza (1150 kcal/100g) is a distinctly American fast food product with no comparable entry in the Japanese food composition table; closest candidates are significantly lower in energy density and represent different food categories (fried foods, croquettes, hamburgers) rather than pizza or similar baked composite dishes",,Fast Foods
,172097,"Chili con carne with beans, canned entree",False,True,"No MEXT category mapped for Meals, Entrees, and Side Dishes",True,"Meals, Entrees, and Side Dishes"
,172098,"Chili, no beans, canned entree",False,True,"No MEXT category mapped for Meals, Entrees, and Side Dishes",True,"Meals, Entrees, and Side Dishes"
,172099,"Spaghetti, with meatballs in tomato sauce, canned",False,True,"No MEXT category mapped for Meals, Entrees, and Side Dishes",True,"Meals, Entrees, and Side Dishes"
,172100,"Pasta with tomato sauce, no meat, canned",False,True,"No MEXT category mapped for Meals, Entrees, and Side Dishes",True,"Meals, Entrees, and Side Dishes"
,172101,"Lasagna with meat & sauce, low-fat, frozen entree",False,True,"No MEXT category mapped for Meals, Entrees, and Side Dishes",True,"Meals, Entrees, and Side Dishes"
,172102,"Burrito, beef and bean, microwaved",False,True,"No MEXT category mapped for Meals, Entrees, and Side Dishes",True,"Meals, Entrees, and Side Dishes"
,172103,"Egg rolls, pork, refrigerated, heated",False,True,"No MEXT category mapped for Meals, Entrees, and Side Dishes",True,"Meals, Entrees, and Side Dishes"
,172104,"Egg rolls, chicken, refrigerated, heated",False,True,"No MEXT category mapped for Meals, Entrees, and Side Dishes",True,"Meals, Entrees, and Side Dishes"
,172105,"Egg rolls, vegetable, frozen, prepared",False,True,"No MEXT category mapped for Meals, Entrees, and Side Dishes",True,"Meals, Entrees, and Side Dishes"
,172106,"Lasagna, Vegetable, frozen, baked",False,True,"No MEXT category mapped for Meals, Entrees, and Side Dishes",True,"Meals, Entrees, and Side Dishes"
,172107,"HOT POCKETS, meatballs & mozzarella stuffed sandwich, frozen",False,True,"No MEXT category mapped for Meals, Entrees, and Side Dishes",True,"Meals, Entrees, and Side Dishes"
,172108,"LEAN POCKETS, Ham N Cheddar",False,True,"No MEXT category mapped for Meals, Entrees, and Side Dishes",True,"Meals, Entrees, and Side Dishes"
,172109,"Lean Pockets, Meatballs & Mozzarella",False,True,"No MEXT category mapped for Meals, Entrees, and Side Dishes",True,"Meals, Entrees, and Side Dishes"
,172110,"Chili with beans, microwavable bowls",False,True,"No MEXT category mapped for Meals, Entrees, and Side Dishes",True,"Meals, Entrees, and Side Dishes"
,172111,"Chicken, nuggets, dark and white meat, precooked, frozen, not reheated",False,True,"No MEXT category mapped for Meals, Entrees, and Side Dishes",True,"Meals, Entrees, and Side Dishes"
,172112,"Chicken, nuggets, white meat, precooked, frozen, not reheated",False,True,"No MEXT category mapped for Meals, Entrees, and Side Dishes",True,"Meals, Entrees, and Side Dishes"
,172113,"Ravioli, cheese with tomato sauce, frozen, not prepared, includes regular and light entrees",False,True,"No MEXT category mapped for Meals, Entrees, and Side Dishes",True,"Meals, Entrees, and Side Dishes"
,172114,"Lasagna with meat sauce, frozen, prepared",False,True,"No MEXT category mapped for Meals, Entrees, and Side Dishes",True,"Meals, Entrees, and Side Dishes"
high,172119,"Beef, round, knuckle, tip side, steak, separable lean and fat, trimmed to 0"" fat, choice, cooked, grilled",False,True,"US item energy of 730kcal is exceptionally high and inconsistent with typical grilled lean beef; all Japanese beef candidates range 175-457kcal, suggesting data error in US source or incomparable processing method",,Beef Products
high,172128,"Beef, round, outside round, bottom round, steak, separable lean and fat, trimmed to 0"" fat, choice, raw",False,True,"US item is raw beef (628kcal, 21.2g protein, 6.59g fat) while all candidates are cooked preparations with lower energy and different macronutrient profiles; no raw beef round matches available",,Beef Products
high,172142,"Beef, rib eye steak, boneless, lip off, separable lean only, trimmed to 0"" fat, all grades, cooked, grilled",False,True,"US item is lean-only rib eye (separable lean trimmed to 0"" fat, 10.4g fat, 861kcal) with grilled preparation; Japanese candidates all contain significantly more fat (20.5-54.3g) or are different cuts/grades, with no lean-trimmed rib eye equivalent in the table",,Beef Products
high,172144,"Beef, rib eye steak, boneless, lip off, separable lean only, trimmed to 0"" fat, choice, cooked, grilled",False,True,"US item is lean-only rib eye (separable lean trimmed to 0"" fat, 11.8g fat/100g) but all Japanese candidates with similar cut (リブロース) have substantially higher fat content (21.9-58.2g/100g); no Japanese entry matches the lean-only specification and resulting nutrient profile",,Beef Products
high,172159,"Beef, plate steak, boneless, inside skirt, separable lean and fat, trimmed to 0"" fat, choice, raw",False,True,US item is raw beef (817kcal) but all Japanese candidates are cooked (298-575kcal); no raw beef cuts in table match the high energy and protein profile of raw skirt steak,,Beef Products
high,172171,"Beef, loin, top sirloin cap steak, boneless, separable lean only, trimmed to 1/8"" fat, choice, cooked, grilled",False,True,"US item (789 kcal, 7.96g fat, lean sirloin cap, grilled) is significantly higher in energy and fat than all Japanese beef candidates (227-457 kcal range), indicating a major nutrient composition mismatch; no Japanese table entry matches this high-calorie lean beef profile",,Beef Products
high,172183,"Egg, white, raw, fresh",False,True,"Egg white is not a dairy/milk product and should be categorized under egg products; all candidates are milk-based dairy products with fundamentally different composition (higher carbs, lower protein density, different mineral profiles)",,Dairy and Egg Products
high,172184,"Egg, yolk, raw, fresh",False,True,Egg yolk is a fundamental ingredient not found in Japanese dairy/milk products table; requires separate egg products section (卵類) not provided in candidates,,Dairy and Egg Products
high,172185,"Egg, whole, cooked, omelet",False,True,Cooked omelet (egg dish) has no equivalent in Japanese dairy/milk product table; Japanese egg entries would be in separate category not provided in candidates,,Dairy and Egg Products
high,172186,"Egg, whole, cooked, poached",False,True,"Poached egg is a cooked egg dish not found in Japanese food composition table; all candidates are dairy/cheese/cream products with vastly different nutrient profiles (lower protein 1.3-20.6g vs 12.5g, higher fat 17.8-40.2g vs 9.47g, different carbs)",,Dairy and Egg Products
high,172187,"Egg, whole, cooked, scrambled",False,True,"Scrambled egg is an egg dish, not a dairy/milk product; Japanese table lists only milk and milk products in dairy category with no egg entries, requiring NO_MATCH",,Dairy and Egg Products
high,172188,"Egg, whole, dried",False,True,"Dried whole egg is an egg product, not a dairy product; Japanese table only contains dairy/milk products, no egg category entries",,Dairy and Egg Products
high,172189,"Egg, duck, whole, fresh, raw",False,True,Duck egg is not represented in Japanese composition table which only contains dairy/milk products; duck eggs require separate egg product category not present in provided candidates,,Dairy and Egg Products
high,172190,"Egg, goose, whole, fresh, raw",False,True,"Goose egg has no entry in Japanese food composition table (八訂); all candidates are dairy/milk products, not eggs. Goose eggs are not traditional Japanese foods and require a dedicated egg entry which doesn't exist in the provided candidates.",,Dairy and Egg Products
high,172191,"Egg, quail, whole, fresh, raw",False,True,"Quail eggs are not present in the Japanese food composition table (八訳); all 25 candidates are dairy/milk products, not eggs. Quail eggs exist in Japan but lack a specific entry in this table.",,Dairy and Egg Products
high,172192,"Egg, turkey, whole, fresh, raw",False,True,"Turkey egg has no entry in Japanese food composition table; all 25 candidates are dairy/milk products, not eggs. Turkey eggs are poultry eggs requiring separate classification similar to chicken eggs (鶏卵), which are absent from provided candidates.",,Dairy and Egg Products
high,172202,"Egg, whole, raw, frozen, pasteurized (Includes foods for USDA's Food Distribution Program)",False,True,"Frozen pasteurized whole egg is an egg product with no dairy/milk base; all candidates are milk/dairy products, making this a true category mismatch requiring NO_MATCH",,Dairy and Egg Products
high,172203,"Egg, white, raw, frozen, pasteurized",False,True,"Frozen pasteurized egg white is a specialized processed egg product not found in Japanese food composition table; closest candidates are dairy/milk products, not egg products, making NO_MATCH appropriate",,Dairy and Egg Products
high,172204,"Egg, white, dried",False,True,"Dried egg white is an egg product, not a dairy/milk product; Japanese table only contains milk and milk-derived products (cheeses, powdered milk, cream) with no egg category entries",,Dairy and Egg Products
high,172208,"Yogurt, chocolate, nonfat milk",False,True,"Chocolate nonfat yogurt (469 kcal, high carbs from chocolate/sugar, very low fat) has no match in Japanese table; available yogurts are plain/unsweetened (65 kcal) or drink types, lacking chocolate variant entries",,Dairy and Egg Products
high,172210,KRAFT BREAKSTONE'S Reduced Fat Sour Cream,False,True,"Sour cream is a fermented dairy product with high fat (12g) and moderate carbs (6.5g) that doesn't match any Japanese table entry; closest candidates (yogurt, cream products) differ significantly in fat content, fermentation type, and composition profile",,Dairy and Egg Products
high,172212,"Cream, half and half, fat free",False,True,"Fat-free half and half is a modern processed dairy product with no direct equivalent in Japanese food composition table; closest candidates (yogurts, milk, cream) have significantly different nutrient profiles, particularly the high carbohydrate content (9.0g) and specific energy density (247kcal) that don't match any available entry",,Dairy and Egg Products
high,172215,"Cheese, provolone, reduced fat",False,True,"Reduced-fat provolone has significantly higher energy (1150 vs 300-400 kcal) and lower fat (17.6 vs 22-32g) than all Japanese cheese entries, indicating it's a concentrated/processed product with no direct equivalent in the Japanese composition table",,Dairy and Egg Products
high,172221,"Yogurt, chocolate, nonfat milk, fortified with vitamin D",False,True,"US chocolate nonfat yogurt (469kcal, 23.5g carbs, 3.53g protein) has no adequate match; closest yogurt option (entry 24: 65kcal, 11.7g carbs) is far too low in energy and carbs, indicating the US product is likely a sweetened/fortified yogurt product not represented in the Japanese table",,Dairy and Egg Products
high,172226,Ice cream sandwich,False,True,"Ice cream sandwich is a composite food (ice cream + cookie/wafer) with ~990kcal per 100g; Japanese table lists only individual ice cream products (146-217kcal per 100g) with no sandwich/composite equivalent, making direct nutritional matching impossible",,Dairy and Egg Products
high,172228,"Ice cream cone, chocolate covered, with nuts, flavors other than chocolate",False,True,"Ice cream cone with chocolate coating and nuts is a composite product not found in Japanese food composition table; closest candidates (entries 14, 17, 24) are plain ice cream products with 178-217 kcal per 100g, far below the 1480 kcal of the coated cone product which includes substantial chocolate and nut components",,Dairy and Egg Products
high,172230,"Ice cream sandwich, vanilla, light, no sugar added",False,True,"Ice cream sandwich is a composite product (ice cream + wafer/cookie) with no direct Japanese equivalent; the 837kcal/100g energy and high carbs (42.9g) with low fat (2.86g) and added fiber (7.1g) don't match any single Japanese ice cream product, which are measured without structural components",,Dairy and Egg Products
high,172232,"Basil, fresh",False,True,"Fresh basil is a vegetable herb ingredient, not a condiment/sauce/stock; Japanese table lacks fresh herb entries and all candidates are processed condiments with fundamentally different nutritional profiles and food categories",,Spices and Herbs
high,172233,"Dill weed, fresh",False,True,"Dill weed is a fresh herb with unique nutrient profile (high vitamin C, vitamin A, minerals); no Japanese spice/herb candidates provided match fresh herbs - all candidates are processed condiments, sauces, dashi, or powdered spices with fundamentally different compositions and preparation methods",,Spices and Herbs
high,172235,"Vanilla extract, imitation, alcohol",False,True,"Vanilla extract is a liquid flavoring concentrate (typically 35% alcohol) with minimal nutrients - no Japanese food composition table entry matches its unique purpose as a pure flavoring agent; closest candidates (vinegars, cooking sake) are fundamentally different products with different uses and compositions",,Spices and Herbs
high,172236,"Vanilla extract, imitation, no alcohol",False,True,"Imitation vanilla extract (alcohol-free liquid flavoring concentrate) has no conceptual or nutritional equivalent in Japanese food composition table; Japanese candidates are primarily vinegars, sauces, dressings, and broths, not flavor extracts",,Spices and Herbs
high,172238,"Capers, canned",False,True,"Capers are pickled flower buds with unique nutritional profile (low energy, moderate protein, high salt, high fiber); no Japanese condiment candidate matches the botanical nature, nutrient composition, or culinary application of canned capers",,Spices and Herbs
high,172243,"Seasoning mix, dry, taco, original",False,True,"Taco seasoning mix is a uniquely American spice blend with no direct Japanese equivalent; candidates are either oil-based (rayu), paste-based (miso/wasabi), individual spices, or curry/hayashi roux - none match the dry spice mixture composition or concept",,Spices and Herbs
,172244,"Babyfood, meat, beef, junior",False,True,No MEXT category mapped for Baby Foods,True,Baby Foods
,172245,"Babyfood, meat, veal, strained",False,True,No MEXT category mapped for Baby Foods,True,Baby Foods
,172246,"Babyfood, meat, pork, strained",False,True,No MEXT category mapped for Baby Foods,True,Baby Foods
,172247,"Babyfood, meat, ham, strained",False,True,No MEXT category mapped for Baby Foods,True,Baby Foods
,172248,"Babyfood, meat, chicken, junior",False,True,No MEXT category mapped for Baby Foods,True,Baby Foods
,172249,"Babyfood, meat, chicken sticks, junior",False,True,No MEXT category mapped for Baby Foods,True,Baby Foods
,172250,"Babyfood, meat, turkey, strained",False,True,No MEXT category mapped for Baby Foods,True,Baby Foods
,172251,"Babyfood, meat, turkey, junior",False,True,No MEXT category mapped for Baby Foods,True,Baby Foods
,172252,"Babyfood, finger snacks, GERBER, GRADUATES, PUFFS, apple and cinnamon",False,True,No MEXT category mapped for Baby Foods,True,Baby Foods
,172253,"Babyfood, water, bottled, GERBER, without added fluoride",False,True,No MEXT category mapped for Baby Foods,True,Baby Foods
,172254,"Babyfood, GERBER, 3rd Foods, apple, mango and kiwi",False,True,No MEXT category mapped for Baby Foods,True,Baby Foods
,172255,"Babyfood, tropical fruit medley",False,True,No MEXT category mapped for Baby Foods,True,Baby Foods
,172256,"Babyfood, dinner, vegetables and dumplings and beef, strained",False,True,No MEXT category mapped for Baby Foods,True,Baby Foods
,172257,"Babyfood, ravioli, cheese filled, with tomato sauce",False,True,No MEXT category mapped for Baby Foods,True,Baby Foods
,172258,"Babyfood, dinner, beef noodle, strained",False,True,No MEXT category mapped for Baby Foods,True,Baby Foods
,172259,"Babyfood, macaroni and cheese, toddler",False,True,No MEXT category mapped for Baby Foods,True,Baby Foods
,172260,"Babyfood, dinner, beef and rice, toddler",False,True,No MEXT category mapped for Baby Foods,True,Baby Foods
,172261,"Babyfood, dinner, beef with vegetables",False,True,No MEXT category mapped for Baby Foods,True,Baby Foods
,172262,"Babyfood, dinner, vegetables and lamb, junior",False,True,No MEXT category mapped for Baby Foods,True,Baby Foods
,172263,"Babyfood, dinner, chicken noodle, strained",False,True,No MEXT category mapped for Baby Foods,True,Baby Foods
,172264,"Babyfood, dinner, chicken noodle, junior",False,True,No MEXT category mapped for Baby Foods,True,Baby Foods
,172265,"Babyfood, dinner, vegetables, noodles and chicken, junior",False,True,No MEXT category mapped for Baby Foods,True,Baby Foods
,172266,"Babyfood, dinner, pasta with vegetables",False,True,No MEXT category mapped for Baby Foods,True,Baby Foods
,172267,"Babyfood, dinner, vegetables and noodles and turkey, strained",False,True,No MEXT category mapped for Baby Foods,True,Baby Foods
,172268,"Babyfood, dinner, vegetables and noodles and turkey, junior",False,True,No MEXT category mapped for Baby Foods,True,Baby Foods
,172269,"Babyfood, dinner, turkey and rice, strained",False,True,No MEXT category mapped for Baby Foods,True,Baby Foods
,172270,"Babyfood, dinner, macaroni and cheese, junior",False,True,No MEXT category mapped for Baby Foods,True,Baby Foods
,172271,"Babyfood, vegetables, green beans, strained",False,True,No MEXT category mapped for Baby Foods,True,Baby Foods
,172272,"Babyfood, vegetables, green beans, junior",False,True,No MEXT category mapped for Baby Foods,True,Baby Foods
,172273,"Babyfood, green beans, dices, toddler",False,True,No MEXT category mapped for Baby Foods,True,Baby Foods
,172274,"Babyfood, vegetables, squash, strained",False,True,No MEXT category mapped for Baby Foods,True,Baby Foods
,172275,"Babyfood, vegetables, squash, junior",False,True,No MEXT category mapped for Baby Foods,True,Baby Foods
,172276,"Babyfood, vegetables, sweet potatoes strained",False,True,No MEXT category mapped for Baby Foods,True,Baby Foods
,172277,"Babyfood, vegetables, sweet potatoes, junior",False,True,No MEXT category mapped for Baby Foods,True,Baby Foods
,172278,"Babyfood, fruit, applesauce, junior",False,True,No MEXT category mapped for Baby Foods,True,Baby Foods
,172279,"Babyfood, fruit, apricot with tapioca, strained",False,True,No MEXT category mapped for Baby Foods,True,Baby Foods
,172280,"Babyfood, vegetables, corn, creamed, strained",False,True,No MEXT category mapped for Baby Foods,True,Baby Foods
,172281,"Babyfood, dinner, mixed vegetable, junior",False,True,No MEXT category mapped for Baby Foods,True,Baby Foods
,172282,"Babyfood, fruit, bananas with tapioca, junior",False,True,No MEXT category mapped for Baby Foods,True,Baby Foods
,172283,"Babyfood, vegetables, mix vegetables junior",False,True,No MEXT category mapped for Baby Foods,True,Baby Foods
,172284,"Babyfood, vegetables, garden vegetable, strained",False,True,No MEXT category mapped for Baby Foods,True,Baby Foods
,172285,"Babyfood, plums, bananas and rice, strained",False,True,No MEXT category mapped for Baby Foods,True,Baby Foods
,172286,"Babyfood, dinner, turkey, rice, and vegetables, toddler",False,True,No MEXT category mapped for Baby Foods,True,Baby Foods
,172287,"Babyfood, dinner, apples and chicken, strained",False,True,No MEXT category mapped for Baby Foods,True,Baby Foods
,172288,"Babyfood, dinner, broccoli and chicken, junior",False,True,No MEXT category mapped for Baby Foods,True,Baby Foods
,172289,"Infant formula, MEAD JOHNSON, Enfamil Premature High Protein 24 Calories, ready to feed, with ARA and DHA",False,True,No MEXT category mapped for Baby Foods,True,Baby Foods
,172290,"Infant formula, MEAD JOHNSON, Enfamil Premature 30 Calories, ready to feed, with ARA and DHA",False,True,No MEXT category mapped for Baby Foods,True,Baby Foods
,172291,"Infant formula, MEAD JOHNSON, Enfamil for Supplementing, powder, with ARA and DHA, not reconstituted",False,True,No MEXT category mapped for Baby Foods,True,Baby Foods
,172292,"Infant formula, MEAD JOHNSON, Enfamil Reguline Powder, with ARA and DHA, not reconstituted",False,True,No MEXT category mapped for Baby Foods,True,Baby Foods
,172293,"Infant formula, MEAD JOHNSON, Pregestimil 24 Calories, ready to feed, with ARA and DHA",False,True,No MEXT category mapped for Baby Foods,True,Baby Foods
,172294,"Toddler drink, MEAD JOHNSON, PurAmino Toddler Powder, with ARA and DHA, not reconstituted",False,True,No MEXT category mapped for Baby Foods,True,Baby Foods
,172295,"Infant formula, MEAD JOHNSON, Enfamil for Supplementing, ready to feed, with ARA and DHA",False,True,No MEXT category mapped for Baby Foods,True,Baby Foods
,172296,"Babyfood, cereal, barley, prepared with whole milk",False,True,No MEXT category mapped for Baby Foods,True,Baby Foods
,172297,"Babyfood, cereal, oatmeal, with bananas, prepared with whole milk",False,True,No MEXT category mapped for Baby Foods,True,Baby Foods
,172298,"Babyfood, cereal, oatmeal, with honey, prepared with whole milk",False,True,No MEXT category mapped for Baby Foods,True,Baby Foods
,172299,"Babyfood, cereal, rice, prepared with whole milk",False,True,No MEXT category mapped for Baby Foods,True,Baby Foods
,172300,"Babyfood, cereal, rice, with honey, prepared with whole milk",False,True,No MEXT category mapped for Baby Foods,True,Baby Foods
,172301,"Infant formula, MEAD JOHNSON, ENFAMIL, with iron, powder",False,True,No MEXT category mapped for Baby Foods,True,Baby Foods
,172302,"Infant formula, MEAD JOHNSON, ENFAMIL, Infant, with iron, powder, with ARA and DHA",False,True,No MEXT category mapped for Baby Foods,True,Baby Foods
,172303,"Infant formula, MEAD JOHNSON, ENFAMIL, Infant, with iron, liquid concentrate, with ARA and DHA, reconstituted",False,True,No MEXT category mapped for Baby Foods,True,Baby Foods
,172304,"Infant formula, MEAD JOHNSON, ENFAMIL LIPIL, with iron, ready-to-feed, with ARA and DHA",False,True,No MEXT category mapped for Baby Foods,True,Baby Foods
,172305,"Infant formula, MEAD JOHNSON, ENFAMIL, LIPIL, low iron, ready to feed, with ARA and DHA",False,True,No MEXT category mapped for Baby Foods,True,Baby Foods
,172306,"Infant formula, MEAD JOHNSON, ENFAMIL, Infant, ready-to-feed, with ARA and DHA",False,True,No MEXT category mapped for Baby Foods,True,Baby Foods
,172307,"Infant formula, ABBOTT NUTRITION, SIMILAC, PM 60/40, powder not reconstituted",False,True,No MEXT category mapped for Baby Foods,True,Baby Foods
,172308,"Infant formula, MEAD JOHNSON, ENFAMIL, NUTRAMIGEN WITH LGG, with iron, powder, not reconstituted, with ARA and DHA",False,True,No MEXT category mapped for Baby Foods,True,Baby Foods
,172309,"Infant formula, MEAD JOHNSON, ENFAMIL, NUTRAMIGEN, with iron, ready-to-feed, with ARA and DHA",False,True,No MEXT category mapped for Baby Foods,True,Baby Foods
,172310,"Infant formula, ABBOTT NUTRITION, SIMILAC, ALIMENTUM, with iron, ready-to-feed",False,True,No MEXT category mapped for Baby Foods,True,Baby Foods
,172311,"Infant formula, MEAD JOHNSON, ENFAMIL, ENFACARE, with iron, powder, with ARA and DHA",False,True,No MEXT category mapped for Baby Foods,True,Baby Foods
,172312,"Infant formula, ABBOTT NUTRITION, SIMILAC, with iron, liquid concentrate, not reconstituted",False,True,No MEXT category mapped for Baby Foods,True,Baby Foods
,172313,"Child formula, ABBOTT NUTRITION, PEDIASURE, ready-to-feed",False,True,No MEXT category mapped for Baby Foods,True,Baby Foods
,172314,"Infant formula, MEAD JOHNSON, NEXT STEP, PROSOBEE LIPIL, powder, with ARA and DHA",False,True,No MEXT category mapped for Baby Foods,True,Baby Foods
,172315,"Infant formula, MEAD JOHNSON, NEXT STEP, PROSOBEE, LIPIL, ready to feed, with ARA and DHA",False,True,No MEXT category mapped for Baby Foods,True,Baby Foods
,172316,"Infant formula, NESTLE, GOOD START SOY, with ARA and DHA, powder",False,True,No MEXT category mapped for Baby Foods,True,Baby Foods
,172317,"Babyfood, corn and sweet potatoes, strained",False,True,No MEXT category mapped for Baby Foods,True,Baby Foods
,172318,"Infant formula, ABBOTT NUTRITION, SIMILAC, ALIMENTUM, ADVANCE, ready-to-feed, with ARA and DHA",False,True,No MEXT category mapped for Baby Foods,True,Baby Foods
,172319,"Infant formula, PBM PRODUCTS, store brand, ready-to-feed",False,True,No MEXT category mapped for Baby Foods,True,Baby Foods
,172320,"Infant formula, PBM PRODUCTS, store brand, liquid concentrate, not reconstituted",False,True,No MEXT category mapped for Baby Foods,True,Baby Foods
,172321,"Infant formula, MEAD JOHNSON, ENFAMIL, AR, ready-to-feed, with ARA and DHA",False,True,No MEXT category mapped for Baby Foods,True,Baby Foods
,172322,"Infant formula, MEAD JOHNSON, ENFAMIL, AR, powder, with ARA and DHA",False,True,No MEXT category mapped for Baby Foods,True,Baby Foods
,172323,"Infant formula, ABBOTT NUTRITION, SIMILAC NEOSURE, ready-to-feed, with ARA and DHA",False,True,No MEXT category mapped for Baby Foods,True,Baby Foods
,172324,"Infant formula, ABBOTT NUTRITION, SIMILAC, NEOSURE, powder, with ARA and DHA",False,True,No MEXT category mapped for Baby Foods,True,Baby Foods
,172325,"Infant formula, ABBOTT NUTRITION, SIMILAC, SENSITIVE (LACTOSE FREE) ready-to-feed, with ARA and DHA",False,True,No MEXT category mapped for Baby Foods,True,Baby Foods
,172326,"Infant formula, ABBOTT NUTRITION, SIMILAC, ADVANCE, with iron, liquid concentrate, not reconstituted",False,True,No MEXT category mapped for Baby Foods,True,Baby Foods
high,172335,"Oil, nutmeg butter",False,True,"Nutmeg butter is a specialized spiced butter product (not a pure oil) with no direct Japanese equivalent in the provided table; all candidates are pure oils or fats with significantly lower energy density (884-899 kcal vs 3700 kcal per 100g), indicating the US data likely represents a concentrated product or contains measurement errors incompatible with standard oil entries",,Fats and Oils
high,172352,"Margarine-like spread with yogurt, 70% fat, stick, with salt",False,True,"Margarine-like spread with yogurt at 70% fat is a processed dairy-margarine hybrid with salt and yogurt ingredients; all Japanese candidates are either pure oils (>96% fat, 0g protein/carbs) or shortenings with fundamentally different composition and no yogurt component - no adequate match exists",,Fats and Oils
high,172356,"Salad dressing, thousand island dressing, fat-free",False,True,"Fat-free thousand island dressing (554kcal, 1.45g fat, 29.3g carbs) is a processed condiment with carbohydrate fillers and minimal fat, fundamentally different from all Japanese oil/fat table entries which are pure or near-pure lipids (700+ kcal, 74+ g fat); no Japanese equivalent exists for this specific fat-free American dressing category",,Fats and Oils
high,172373,"Chicken, broilers or fryers, drumstick, meat and skin, raw",False,True,"US chicken drumstick raw (672kcal, 18.1g protein, 9.2g fat) has no close match in the Japanese table which lacks raw poultry entries; all candidates are beef, pork, lamb, or whale cuts with significantly different nutrient profiles and cooking states",,Poultry Products
high,172408,"Duck, domesticated, meat and skin, raw",False,True,"Duck meat with skin (1690 kcal, 11.5g protein, 39.3g fat) is substantially different from all candidates which are lean/fatty cuts of beef, pork, and whale; Japanese food composition table lacks poultry/waterfowl entries in provided candidates",,Poultry Products
high,172410,"Duck, domesticated, meat only, raw",False,True,"Duck meat is not represented in the Japanese food composition table; all candidates are chicken, game birds, deer, lamb, pork, or beef - no duck (ahiru/kamo) entries available",,Poultry Products
high,172415,"Goose, liver, raw",False,True,"Goose liver (raw) is a poultry organ meat not represented in the Japanese composition table; closest candidates are mammalian organs or non-liver poultry parts, all showing substantially different nutrient profiles (particularly lower carbohydrates, iron, vitamin A, and B vitamins compared to goose liver)",,Poultry Products
high,172423,"Lupins, mature seeds, raw",False,True,"Lupins are a unique legume with distinctive nutrient profile (high protein 36.2g, moderate fat 9.74g, high fiber 18.9g) that doesn't match available Japanese legume entries; closest candidates (soybeans, chickpeas) have either much higher fat content or significantly different carbohydrate profiles, indicating no suitable Japanese equivalent in the table",,Legumes and Legume Products
high,172424,"Lupins, mature seeds, cooked, boiled, without salt",False,True,"Lupins are unique legumes not commonly used in Japanese cuisine; closest candidates (soybeans, legumes) all show significantly lower energy (124-265 kcal vs 497 kcal) and different nutrient profiles, indicating no suitable Japanese equivalent in the table",,Legumes and Legume Products
high,172430,"Peanuts, all types, raw",False,True,"Peanuts (Arachis hypogaea) are legumes but botanically distinct from Asian legumes in the table; no Japanese legume candidate matches the high fat (49.2g) and moderate carb (16.1g) profile of raw peanuts - all candidates are either soybeans, fava beans, lentils, or mung beans with significantly different nutrient compositions.",,Legumes and Legume Products
high,172431,"Peanuts, spanish, oil-roasted, with salt",False,True,"Spanish peanuts (油焼きピーナッツ) are not represented in the Japanese food composition table; the table contains only soy and fava bean products, no peanut/groundnut entries despite peanuts being available globally",,Legumes and Legume Products
high,172432,"Peanuts, valencia, raw",False,True,"Raw peanuts (47.6g fat, 570kcal per 100g) have no equivalent in Japanese table; all legume entries are either cooked preparations, processed products (tofu, natto, kinako), or different legume species with drastically different fat/energy profiles",,Legumes and Legume Products
high,172434,"Peanuts, virginia, raw",False,True,"Raw Virginia peanuts (563kcal, 48.8g fat, 25.2g protein) have no close Japanese match; candidates are either cooked legumes (much lower energy/fat), processed products, or different legume species with different nutrient profiles",,Legumes and Legume Products
high,172435,"Peanut flour, low fat",False,True,"Peanut flour is a processed peanut product; Japanese table contains only whole/prepared soybeans and other legumes, but no peanut (groundnut) products or defatted legume flours",,Legumes and Legume Products
high,172449,"Tofu, soft, prepared with calcium sulfate and magnesium chloride (nigari)",False,True,"US item specifies soft tofu with both calcium sulfate AND magnesium chloride (nigari), but Japanese table only has entries with single coagulants; the nutrient profile (253 kcal, 7.17g protein, 3.69g fat) is also significantly higher than all Japanese soft/silken tofu entries (56 kcal range), suggesting a different preparation or moisture content not represented in the candidates",,Legumes and Legume Products
high,172459,"Peanut butter, smooth, vitamin and mineral fortified",False,True,"Peanut butter is a processed peanut paste product with no equivalent in the Japanese food composition table; all candidates are soy-based or other legume products, not peanut-based",,Legumes and Legume Products
high,172463,"MORI-NU, Tofu, silken, lite firm",False,True,"MORI-NU lite firm silken tofu has unusually high energy (155kcal) and low fat (0.8g) compared to all Japanese silken tofu entries (56kcal, 3.2g fat), suggesting it's a fortified/modified product not represented in the standard Japanese food composition table",,Legumes and Legume Products
high,172469,"Peanut butter, chunk style, without salt",False,True,"Peanut butter is a processed paste product with no direct Japanese equivalent in the composition table; closest candidates (dried soybeans, fried legumes) differ significantly in energy density (391-496 kcal vs 2460 kcal per 100g) and fat content, reflecting the oil-based nature of peanut butter versus whole legumes",,Legumes and Legume Products
high,172470,"Peanut butter, smooth style, without salt",False,True,Peanut butter is a processed peanut paste product with high fat content (51.4g) and moderate carbs (22.3g); no Japanese composition table entry matches this food concept or nutrient profile—closest candidates are soybean products with significantly lower fat and different macronutrient ratios,,Legumes and Legume Products
high,172471,"Peanut butter with omega-3, creamy",False,True,"Peanut butter is a distinctly American processed food product with no direct Japanese equivalent in the composition table; closest candidates (湯葉, きな粉) differ significantly in fat content (54.2g vs 10-30g) and food form/processing method",,Legumes and Legume Products
high,172473,"Soy sauce made from soy and wheat (shoyu), low sodium",False,True,"Soy sauce (shoyu) is a fermented liquid condiment, not a soy food product; Japanese composition table lacks shoyu entries and lists only solid/semi-solid soy foods (tofu, miso, natto), making NO_MATCH appropriate despite soy origin",,Legumes and Legume Products
high,172474,"Soy sauce, reduced sodium, made from hydrolyzed vegetable protein",False,True,"Reduced-sodium soy sauce made from hydrolyzed vegetable protein is a modern industrial product with unique composition (high salt 7.34g, high potassium 3100mg, low protein 8.19g for a soy product) that does not match any traditional Japanese soy-based fermented food in the table; closest candidates (ひしおみそ, 金山寺みそ) have lower salt, different nutrient profiles, and represent traditional miso rather than soy sauce.",,Legumes and Legume Products
high,172475,"Tofu, raw, firm, prepared with calcium sulfate",False,True,"US firm tofu prepared with calcium sulfate (gypsum coagulant) has distinctly different nutrient profile (lower energy 603 vs 800+ kcal, higher calcium 683mg, lower fat) from all Japanese tofu entries which are either fried (abura-age), baked (yaki-dofu), or frozen varieties; no raw firm tofu with gypsum coagulant exists in Japanese composition table",,Legumes and Legume Products
high,172478,"Veal, Australian, rib, rib roast, separable lean only, raw",False,True,"Veal is not commonly consumed in Japan; no Japanese composition table entries for veal exist. The US item's nutrient profile (561 kcal, 21.7g protein, 4.63g fat - very low fat for raw meat) doesn't match any candidates, which are all cooked meats with higher energy and fat content. The extreme energy-to-nutrient mismatch (raw vs. cooked entries) and absence of veal in Japanese tables warrant NO_MATCH.",,"Lamb, Veal, and Game Products"
high,172489,"Lamb, loin, separable lean and fat, trimmed to 1/4"" fat, choice, cooked, broiled",False,True,"US lamb loin has no direct Japanese equivalent in the table; all candidates are beef (うし), pork (ぶた), or whale (くじら), not lamb (羊), and nutrient profiles differ significantly (lamb is leaner with higher protein-to-fat ratio than Japanese beef cuts)",,"Lamb, Veal, and Game Products"
high,172490,"Lamb, loin, separable lean and fat, trimmed to 1/4"" fat, choice, cooked, roasted",False,True,"Lamb loin is not represented in the Japanese composition table which contains only beef (うし), pork (ぶた), whale (くじら), and no lamb (羊) entries; nutrient profile (1290 kcal, 22.6g protein, 23.6g fat) also significantly exceeds all available candidates",,"Lamb, Veal, and Game Products"
high,172496,"Lamb, shoulder, whole (arm and blade), separable lean and fat, trimmed to 1/4"" fat, choice, raw",False,True,"US lamb shoulder (raw, lean+fat trimmed to 1/4"") has no Japanese equivalent in table; all candidates are beef, pork, or whale with different nutrient profiles (lower protein 4.4-20.4g vs 16.6g, higher fat 38.5-69.2g vs 21.4g) and cooking methods, making lamb shoulder unmatchable to available entries",,"Lamb, Veal, and Game Products"
high,172511,"Lamb, New Zealand, imported, frozen, composite of trimmed retail cuts, separable fat, raw",False,True,"US item is lamb (羊肉) but all Japanese candidates are beef (牛肉), pork (豚肉), or whale (くじら) - no lamb entries exist in the Japanese composition table",,"Lamb, Veal, and Game Products"
high,172517,"Lamb, New Zealand, imported, loin chop, separable lean and fat, raw",False,True,"New Zealand lamb loin chop (lean+fat, raw) has distinctly higher protein (15.4g vs 4-14.5g) and lower fat (26.2g vs 52-77.7g) than all Japanese candidates, which are primarily pure fat cuts or cooked beef/pork; no Japanese table entry matches raw lamb chop composition",,"Lamb, Veal, and Game Products"
high,172525,"Lamb, variety meats and by-products, brain, raw",False,True,"Lamb brain is a specific organ meat without a direct Japanese table equivalent; closest candidates are beef organs (heart, kidney, tongue) but differ significantly in species, fat content, and nutrient profile - lamb brain's lower protein (10.4g vs 14-16g) and higher fat (8.58g) don't match available beef organ entries",,"Lamb, Veal, and Game Products"
high,172526,"Lamb, variety meats and by-products, brain, cooked, braised",False,True,"Lamb brain (braised) has no direct Japanese equivalent in the provided table; closest candidates are beef organ meats but none match the brain-specific nutrient profile (high VitB12=9.25μg, moderate energy/fat from braising) with sufficient accuracy",,"Lamb, Veal, and Game Products"
high,172532,"Lamb, variety meats and by-products, liver, cooked, braised",False,True,"Lamb liver braised (cooked) has significantly higher energy (220 vs 114-119 kcal) and fat (8.81g) than raw liver candidates, and Japanese table lacks cooked lamb liver or game animal liver entries; closest raw liver options are beef/pork at ~114-119 kcal, but the cooked/braised state and lamb species create insufficient match",,"Lamb, Veal, and Game Products"
high,172533,"Lamb, variety meats and by-products, liver, cooked, pan-fried",False,True,"Lamb liver (cooked, pan-fried) has significantly higher energy (238 vs 114-119kcal), fat (12.6 vs 1.9-2.1g), and much higher micronutrients (Fe, Zn, VitA, VitB12) than raw beef/pork liver candidates; no cooked lamb liver or equivalent game meat liver entry exists in Japanese table",,"Lamb, Veal, and Game Products"
high,172534,"Veal, variety meats and by-products, liver, raw",False,True,"Veal liver has distinctly higher energy (140 vs 114 kcal), much higher vitamin A (11700 vs typical ~5000 μg), zinc (12.0 vs ~3-5 mg), and B12 (59.8 vs ~10-20 μg) than available Japanese candidates; closest match is pork liver (candidate 1) but nutrient gaps are substantial and no veal/calf variety meat entries exist in the Japanese table",,"Lamb, Veal, and Game Products"
high,172535,"Veal, variety meats and by-products, liver, cooked, braised",False,True,"Veal liver braised (805kcal, 28.4g protein, 21100μg VitA) has no close match; Japanese table lacks veal/calf entries and all candidates are raw or differently prepared with much lower energy/nutrient density",,"Lamb, Veal, and Game Products"
high,172538,"Lamb, variety meats and by-products, pancreas, raw",False,True,"Lamb pancreas (variety meat) has no direct Japanese equivalent in the table; closest organ meats (beef tripe, tongue) differ significantly in energy (57-318 kcal vs 152), protein (11-14.8g), and fat profiles, making a meaningful match impossible",,"Lamb, Veal, and Game Products"
high,172539,"Lamb, variety meats and by-products, pancreas, cooked, braised",False,True,Lamb pancreas (braised organ meat) has no equivalent in Japanese composition table; closest candidates are beef organ meats but differ significantly in protein (22.8g vs 11-20g) and lack pancreas-specific nutritional profile,,"Lamb, Veal, and Game Products"
high,172540,"Veal, variety meats and by-products, spleen, raw",False,True,"Veal spleen is a specific organ meat requiring a direct spleen match; while candidate 1 is beef tripe and candidate 15 is chicken gizzard, neither is spleen. No Japanese composition table entry for veal/calf spleen exists in the provided candidates.",,"Lamb, Veal, and Game Products"
high,172568,"Veal, shank (fore and hind), separable lean and fat, raw",False,True,"Veal shank is a specific cut of young beef with distinctive nutrient profile (473 kcal, 3.48g fat); all Japanese candidates are either beef cuts with different caloric density, lamb, or wild boar - no veal (子牛) entries exist in the table, and the energy level is substantially higher than any beef cut listed",,"Lamb, Veal, and Game Products"
high,172573,"Lamb, Australian, imported, fresh, separable fat, cooked",False,True,"US item is cooked lamb fat; Japanese table contains only raw beef, pork, and whale fat entries with no lamb/mutton equivalents, making direct nutritional matching impossible",,"Lamb, Veal, and Game Products"
high,172601,"Game meat, bison, top round, separable lean only, 1"" steak, raw",False,True,"Bison is a North American game meat with very lean profile (2.43g fat, 508kcal raw) that has no direct equivalent in Japanese food tables; closest candidates are lamb/mutton but they are significantly higher in fat (13-27g) and lower in protein density, making bison a uniquely American food without suitable Japanese match",,"Lamb, Veal, and Game Products"
high,172609,"Lamb, New Zealand, imported, Intermuscular fat, cooked",False,True,"US item is cooked lamb with high energy (2490 kcal) indicating high moisture loss; all candidates are raw meat with 600-760 kcal, and Japanese table lacks cooked lamb entries for direct matching. Lamb is not common in Japanese cuisine with no equivalent intermuscular fat lamb entry.",,"Lamb, Veal, and Game Products"
high,172611,"Lamb, New Zealand, imported, breast, separable lean only, raw",False,True,"US item is lean-only lamb breast (raw, 624kcal/100g, 18.3g protein, 7.98g fat), but Japanese table lacks comparable lean lamb entries; candidates 1&3 are lamb with fat included (287-358kcal) and all others are beef, making no suitable match available",,"Lamb, Veal, and Game Products"
high,172614,"Lamb, New Zealand, imported, liver, cooked, soaked and fried",False,True,"US item is cooked lamb liver (焼いた/揚げた羊肝臓), but Japanese table lacks lamb offal entries; closest candidates are beef/pork organ meats which have significantly lower energy, protein, and vitamin A than the cooked lamb liver profile",,"Lamb, Veal, and Game Products"
high,172615,"Lamb, New Zealand, imported, liver, raw",False,True,"US item is lamb liver (569kcal, 20.7g protein, 4.92g fat) with exceptionally high vitamin A (15400μg) and B12 (59μg); Japanese table lacks lamb liver entry, and all candidates are either much lower in energy/nutrients (beef/pork organs) or different meat types entirely, making meaningful match impossible",,"Lamb, Veal, and Game Products"
high,172618,"Lamb, New Zealand, imported, testes, cooked, soaked and fried",False,True,"Lamb testes (cooked, soaked and fried) is a specialized offal product with no direct Japanese equivalent in the provided table; while beef offal entries exist, lamb-specific testis preparations are not represented, and the unique preparation method (soaked and fried) distinguishes it from available candidates.",,"Lamb, Veal, and Game Products"
high,172619,"Lamb, New Zealand, imported, testes, raw",False,True,"Lamb testis (raw) is a specific organ meat with unique nutrient profile (high protein 11.4g, low fat 2.38g, very high B12 9.89μg); Japanese table lacks lamb offal entries and no candidate matches both the animal species (lamb vs beef/pork/poultry) and organ type (testis/reproductive organ)",,"Lamb, Veal, and Game Products"
high,172623,"Lamb, New Zealand, imported, tenderloin, separable lean only, raw",False,True,"US item is lean-only lamb tenderloin (raw, very low fat at 3.81g) with high protein (20.5g), but all Japanese lamb/mutton candidates have significantly higher fat content (12.7-27.2g) and lower protein-to-fat ratios; no nutritionally equivalent lean lamb cut exists in the Japanese table",,"Lamb, Veal, and Game Products"
high,172631,"Lamb, New Zealand, imported, flap, boneless, separable lean and fat, raw",False,True,"New Zealand lamb with 16.2g protein and 30.1g fat per 100g has no lamb entry in the Japanese table; all candidates are beef, pork, or whale with much lower protein (3.6-6.6g) and higher fat (52-77g), making meaningful matching impossible",,"Lamb, Veal, and Game Products"
high,172645,"Veal, shank, separable lean only, raw",False,True,"Veal shank (separable lean only, raw) at 392kcal is significantly higher in energy than all Japanese beef/lamb candidates (174-298kcal); veal is a distinct product category not represented in the Japanese table which contains only beef (牛), lamb (めんよう), and wild boar (いのしし)",,"Lamb, Veal, and Game Products"
high,172646,"Veal, foreshank, osso buco, separable lean only, cooked, braised",False,True,"Veal foreshank (657kcal, 29.1g protein, 4.51g fat) is substantially higher in energy and lower in fat than all beef/lamb candidates (205-457kcal, 11.9-42.3g fat); braised veal preparation and cut type have no close Japanese composition table match",,"Lamb, Veal, and Game Products"
high,172647,"Veal, seam fat only, cooked",False,True,"US item is cooked veal seam fat (2110 kcal, 11.2g protein, 50.2g fat) while all Japanese candidates are raw meat fats (580-759 kcal, 3.6-7.1g protein, 56.7-83g fat); cooked veal has significantly higher energy density and lower fat content per 100g than expected, suggesting water loss and concentration of non-fat components that don't match any raw meat fat entry in the table",,"Lamb, Veal, and Game Products"
high,172649,"Veal, foreshank, osso buco, separable lean and fat, cooked, braised",False,True,"Veal foreshank (osso buco) braised has exceptionally high energy (762 kcal) due to collagen-rich connective tissue breakdown during braising, which dramatically exceeds all Japanese beef/lamb candidates (235-451 kcal); no Japanese table entry matches this braised veal shank composition",,"Lamb, Veal, and Game Products"
high,172657,"Lamb, Australian, imported, fresh, seam fat, raw",False,True,"Lamb seam fat (1920 kcal, 15.6g protein, 44g fat) is significantly higher in energy and lower in fat content than all Japanese candidates which are pure fat trimmings (600-760 kcal, 3.6-6.6g protein, 65-83g fat); lamb meat composition differs fundamentally from beef and pork entries available in the Japanese table",,"Lamb, Veal, and Game Products"
high,172660,"Lamb, Australian, imported, fresh, tenderloin, boneless, separable lean and fat, trimmed to 1/8"" fat, raw",False,True,"US item is raw lamb tenderloin (597kcal, 23.2g protein, 5.52g fat) but all Japanese candidates are cooked preparations (267-358kcal) with significantly higher fat content; no raw lamb tenderloin match exists in the Japanese table",,"Lamb, Veal, and Game Products"
high,172669,"Biscuits, plain or buttermilk, refrigerated dough, higher fat, baked",False,True,"Refrigerated biscuit dough (1360 kcal/100g, 11.2g fat, 49g carbs) is a highly processed American convenience product with no nutritional or conceptual equivalent in Japanese food table; candidates are either raw ingredients, instant noodles, or traditional Japanese foods with vastly different energy density and macronutrient profiles",,Baked Products
high,172670,"Biscuits, plain or buttermilk, prepared from recipe",False,True,"Biscuits (plain/buttermilk) are a distinctly American quick bread with no direct Japanese equivalent; closest candidates (croissants, bread rolls, instant noodles) differ significantly in preparation method, fat content (16.3g vs 4-25.4g range), and carbohydrate profile (44.6g vs 49.7-82.2g)",,Baked Products
high,172688,"Bread, whole-wheat, commercially prepared",False,True,"Whole-wheat bread (1060 kcal, 12.4g protein, 42.7g carbs, 6.0g fiber per 100g) is a staple Western bread product with no equivalent in Japanese food composition table; closest candidates are croissants, pan'ko, and instant noodles, all nutritionally and conceptually mismatched",,Baked Products
high,172693,"Bread, stuffing, cornbread, dry mix, prepared",False,True,"Cornbread stuffing mix is a distinctly American prepared baked product with no equivalent in Japanese food composition table; closest candidates are instant noodles or bread items, but none match the cornmeal-based, seasoned stuffing concept or nutrient profile (high fat 8.8g, moderate carbs 21.9g, and salt 1.336g are characteristic of American cornbread preparation)",,Baked Products
high,172704,"Cake, pound, commercially prepared, butter (includes fresh and frozen)",False,True,"Pound cake is a rich butter cake (~1480 kcal/100g, 14g fat) with no equivalent in Japanese table; all candidates are either raw ingredients, noodles, or lighter baked goods with significantly lower energy and fat content",,Baked Products
high,172711,"Cake, cheesecake, commercially prepared",False,True,"Cheesecake is a dairy-based dessert with cream cheese as primary ingredient; Japanese table lacks dairy dessert entries and all candidates are grain/cereal products with fundamentally different compositions (much lower fat, higher carbs, no dairy proteins)",,Baked Products
high,172712,"Cake, cheesecake, prepared from mix, no-bake type",False,True,"No-bake cheesecake is a dairy-based dessert with cream cheese and whipped cream; all candidates are grain/wheat products (breads, noodles) with fundamentally different composition and protein sources - no conceptual or nutritional match exists",,Baked Products
high,172715,"Cookies, chocolate chip, commercially prepared, regular, lower fat",False,True,"US chocolate chip cookies have no Japanese equivalent in the table; all candidates are either raw grains, noodles, or bread products with fundamentally different compositions and fat/carb ratios",,Baked Products
high,172717,"Cookies, chocolate chip, commercially prepared, soft-type",False,True,"Soft chocolate chip cookies are a distinctly American baked good with no equivalent in Japanese food composition table; all candidates are either raw grains, noodles, or traditional Japanese baked items with vastly different nutrient profiles and composition",,Baked Products
high,172718,"Cookies, chocolate sandwich, with creme filling, regular",False,True,"Chocolate sandwich cookies with creme filling (464 kcal, 19.1g fat) are a highly processed American snack with no equivalent in Japanese composition table; closest candidates are grains/cereals with fundamentally different compositions and purposes",,Baked Products
high,172719,"Cookies, chocolate sandwich, with creme filling, regular, chocolate-coated",False,True,"Chocolate sandwich cookies with creme filling and chocolate coating are a distinctly American processed snack product with no equivalent in Japanese food composition table; candidates are all grain/cereal products (bread, noodles, rice) lacking the high fat, sugar-based confectionery profile of the US item",,Baked Products
high,172720,"Cookies, chocolate sandwich, with extra creme filling",False,True,"Chocolate sandwich cookies with extra creme filling is a highly processed American snack with no direct Japanese equivalent; all candidates are basic grains/cereals, none match the cookie/confectionery profile with 24.5g fat and 68.2g carbs typical of filled cookies",,Baked Products
high,172723,"Cookies, marshmallow, chocolate-coated (includes marshmallow pies)",False,True,Chocolate-coated marshmallow cookies are a highly processed American confection with no direct Japanese equivalent; the high fat (16.9g) and carb (67.7g) profile with added chocolate coating and marshmallow filling lacks a suitable match among the grain/flour-based candidates provided,,Baked Products
high,172727,"Cookies, peanut butter, commercially prepared, regular",False,True,"Peanut butter cookies are a distinctly American product with no direct Japanese equivalent; closest candidates (croissants, bread products) lack the peanut butter composition and have significantly different nutrient profiles, particularly in fat content and overall energy density",,Baked Products
high,172732,"Cookies, chocolate chip, commercially prepared, special dietary",False,True,"Commercially prepared chocolate chip cookies with added fats (16.8g) and moderate protein (3.9g) don't match Japanese grain/flour products which are either raw grains, plain flours, or minimally processed items; the high fat content and cookie-specific formulation have no equivalent in the Japanese food composition table",,Baked Products
high,172735,"Cookies, sugar, refrigerated dough, baked",False,True,"Refrigerated sugar cookie dough baked is a processed American baked good with high fat (23.1g) and moderate protein (4.7g) profile that doesn't match any Japanese composition table entries; closest candidates (croissants, instant noodles) are either too low in fat or misaligned in carbohydrate ratios, and no Japanese equivalent for this specific American cookie product exists.",,Baked Products
high,172737,"Cookies, vanilla sandwich with creme filling",False,True,"Vanilla sandwich cookies with creme filling are a highly processed American snack with no direct Japanese equivalent; Japanese table lacks sweet filled cookies/biscuits category, and nutrient profile (high fat 20g, moderate protein 4.5g) doesn't match any available flour or grain base entries",,Baked Products
high,172743,"Crackers, rye, sandwich-type with cheese filling",False,True,"Rye crackers with cheese filling is a European/American processed snack with no direct Japanese equivalent; closest candidates are instant noodles or bread products with significantly different composition (lower protein, different fat/carb ratios, and much higher sodium than typical Japanese entries)",,Baked Products
high,172747,"Crackers, wheat, sandwich, with cheese filling",False,True,"Cheese-filled sandwich crackers are a processed American snack with no direct Japanese equivalent; closest candidates (instant noodles, bread products) lack cheese filling and have significantly different nutrient profiles, particularly lower fat (18.6g vs 25.0g) and different salt content patterns",,Baked Products
high,172748,"Crackers, wheat, sandwich, with peanut butter filling",False,True,"Peanut butter-filled sandwich crackers are a uniquely American processed snack with no equivalent in Japanese food composition table; closest candidates (croissants, instant noodles, bread) lack peanut butter filling and have significantly different nutrient profiles, particularly in protein (13.5g vs 6.5-10.9g) and fat content (26.7g vs 18.6-25.4g)",,Baked Products
high,172777,"Pie, banana cream, prepared from recipe",False,True,"Banana cream pie is a composite dessert with cream filling and fruit that has no direct Japanese equivalent in the cereals/grains table; candidates are all plain breads, rice dishes, or noodles lacking the characteristic cream, egg custard, and banana components of the US item",,Baked Products
high,172778,"Pie, blueberry, commercially prepared",False,True,Blueberry pie is a sweet fruit-filled pastry/dessert with high fat (10g) and moderate carbs that doesn't match any Japanese rice/grain dishes in the table; no bakery dessert entries exist for proper comparison,,Baked Products
high,172779,"Pie, blueberry, prepared from recipe",False,True,"Blueberry pie is a Western baked dessert with fruit filling; Japanese table lacks pie/fruit dessert entries, only plain rice and noodle dishes with incompatible nutrient profiles (no candidates match the high fat content from pie crust or fruit composition)",,Baked Products
high,172780,"Pie, cherry, commercially prepared",False,True,Cherry pie is a distinctly American dessert with high fat content (11g) from pastry crust that doesn't match any Japanese rice/grain staple entries; all candidates are savory or plain grain dishes with minimal fat (<2g),,Baked Products
high,172782,"Pie, coconut custard, commercially prepared",False,True,"Coconut custard pie is a US dessert with dairy cream filling and coconut - no Japanese baked dessert pie equivalent exists in the table; all candidates are grain-based staples (bread, noodles, rice) lacking the custard, coconut, and dessert characteristics of the US item",,Baked Products
high,172783,"Pie, egg custard, commercially prepared",False,True,"Egg custard pie is a dairy-based dessert with eggs and cream; all candidates are wheat-based noodles or rice dishes with no custard/dairy component and significantly different nutrient profiles (much lower protein, fat, and calcium; higher carbohydrates)",,Baked Products
high,172787,"Pie, pumpkin, commercially prepared",False,True,"Pumpkin pie is a distinctly American dessert with no Japanese equivalent in the table; candidates are all grain-based breads/noodles with very different nutrient profiles (lower energy, different macronutrient ratios, no pumpkin/custard composition)",,Baked Products
high,172788,"Pie, pumpkin, prepared from recipe",False,True,"Pumpkin pie is a distinctly American dessert with custard filling and spices; Japanese table lacks pie/custard-based baked goods. All candidates are Asian noodles, rice products, or bread - none match the concept of a spiced pumpkin custard pie.",,Baked Products
high,172793,"Rolls, dinner, plain, commercially prepared (includes brown-and-serve)",False,True,"Dinner rolls are a specific American baked product with ~1300 kcal/100g (as prepared) that doesn't match any Japanese table entry; closest candidates are bread products (croissants at 406-438 kcal) or dried noodles (417-453 kcal), all significantly lower in energy and mismatched in composition",,Baked Products
high,172801,"Toaster pastries, brown-sugar-cinnamon",False,True,"Toaster pastries are a uniquely American processed snack food with no Japanese equivalent in the table; all candidates are either raw grains, noodles, or traditional Japanese bread products with significantly different nutrient profiles and food concept",,Baked Products
high,172803,"Leavening agents, baking powder, double-acting, sodium aluminum sulfate",False,True,Baking powder is a specialized leavening agent with extremely high calcium (5880mg/100g) and salt (26.9g/100g) that doesn't match any Japanese food composition entries; no Japanese culinary equivalent exists in the provided table,,Baked Products
high,172804,"Leavening agents, baking powder, double-acting, straight phosphate",False,True,"Baking powder is a specialized leavening agent with unique composition (high calcium, sodium, low carbs/energy) that doesn't match any Japanese food composition table entries which are primarily whole foods and prepared dishes; no Japanese equivalent exists in the provided database",,Baked Products
high,172805,"Leavening agents, baking powder, low-sodium",False,True,"Low-sodium baking powder is a processed leavening agent with unique mineral composition (extremely high Ca, K, Fe) not found in any grain-based Japanese food candidates; no Japanese food composition table entry exists for baking powder or similar chemical leavening agents",,Baked Products
high,172821,"Cookies, ladyfingers, without lemon juice and rind",False,True,"Ladyfingers are delicate sponge-based cookies with specific low-fat, high-carb profile (59.7g carbs, 9.1g fat) and high energy density (1520 kcal/100g) that don't match any Japanese wheat-based staple or processed food in the table; closest candidates (instant noodles, bread products) have significantly different nutrient compositions and food concepts",,Baked Products
high,172830,"Chicken, broiler, rotisserie, BBQ, wing, meat and skin",False,True,"US rotisserie BBQ chicken wing (1070 kcal, 23.4g protein, 18g fat) has no nutritionally comparable Japanese entry; all candidates are either beef cuts, pork products, or whale meat with vastly different energy profiles (428-653 kcal) and macronutrient ratios, and no poultry wing preparation exists in the table",,Poultry Products
high,172832,"Emu, ground, raw",False,True,"Emu is a non-traditional poultry with unique nutrient profile (559kcal, 4.03g fat, 6.75μg B12); no Japanese table entry exists for emu or comparable exotic poultry; closest candidates (duck, rabbit) differ significantly in energy and fat content, making NO_MATCH most appropriate",,Poultry Products
high,172834,"Emu, full rump, cooked, broiled",False,True,Emu meat has exceptionally high protein (33.7g) and very low fat (2.68g) with 703kcal energy - a unique lean game meat profile that doesn't match any Japanese livestock options which are all significantly lower in energy and higher in fat content,,Poultry Products
high,172836,"Emu, inside drums, cooked, broiled",False,True,"Emu is a unique Australian bird with exceptionally high protein (32.4g), very low fat (2.01g), and high energy (654kcal) - profile distinctly different from all Japanese livestock meats (beef, lamb, pork) which have higher fat content; no Japanese poultry or game bird equivalent matches these nutritional characteristics",,Poultry Products
high,172838,"Emu, oyster, raw",False,True,"Emu oyster (raw poultry muscle) has exceptionally high energy (591kcal) and moderate protein (22.8g) with very low fat (4.86g) that doesn't match any Japanese beef/lamb candidates which are either cooked (lower energy), have much higher fat content, or are organ meats; no raw lean poultry equivalent exists in the Japanese table",,Poultry Products
high,172839,"Ostrich, inside leg, raw",False,True,"Ostrich is a ratite bird with extremely lean muscle composition (1.72g fat, 465kcal) that doesn't match any cattle/beef entries; no ostrich or comparable poultry entries exist in the Japanese table, and ostrich meat is not a traditional Japanese food commodity",,Poultry Products
high,172842,"Ostrich, inside strip, cooked",False,True,"Ostrich is a non-traditional poultry with unique nutrient profile (685 kcal, 4.26g fat, 4.8mg Fe) that doesn't match any Japanese cattle/sheep/horse meat entries; closest candidates (beef filet, lean cuts) are 200-300 kcal with higher fat ratios, making ostrich incomparable to available Japanese meat compositions",,Poultry Products
high,172843,"Ostrich, oyster, cooked",False,True,"Ostrich is a non-traditional poultry with unique nutrient profile (159 kcal, 28.8g protein, 3.97g fat); no Japanese table entry exists for ostrich or nutritionally similar game bird in cooked form; closest candidates (duck, rabbit) are significantly different in energy and fat content",,Poultry Products
high,172844,"Ostrich, round, raw",False,True,"Ostrich is a non-traditional poultry with unique nutrient profile (483 kcal, 2.4g fat, 3.54mg Fe) not represented in Japanese food composition table which contains only beef, lamb, rabbit, and wild boar; ostrich's extremely lean composition and high energy density relative to fat content have no equivalent match",,Poultry Products
high,172846,"Ostrich, tip trimmed, raw",False,True,"Ostrich is a game bird with exceptionally high protein (21.8g) and very low fat (2.3g) profile not adequately represented in Japanese beef/lamb/rabbit table entries; closest candidate (rabbit #19) has only 131kcal vs 477kcal, indicating ostrich's unique nutrient density from game bird metabolism has no suitable Japanese equivalent",,Poultry Products
high,172847,"Turkey, ground, fat free, raw",False,True,"Ground turkey raw (fat-free, 468kcal) has no Japanese equivalent; all candidates are cooked poultry or other meats with significantly lower energy/higher fat, making nutritional matching impossible",,Poultry Products
high,172851,"Turkey, ground, 93% lean, 7% fat, pan-broiled crumbles",False,True,"Ground turkey (poultry, 93% lean, pan-broiled) has no equivalent in the Japanese table which contains only beef, lamb, mutton, and pork cuts; poultry products are absent from the provided candidates",,Poultry Products
high,172853,"Chicken, broilers or fryers, dark meat, thigh, meat only, cooked, braised",False,True,"US item is braised chicken thigh (meat only, 736 kcal/100g) which is exceptionally high in energy and low in fat (8.63g) - an unusual nutrient profile that doesn't match any Japanese candidate; closest chicken options (items 1, 20) are fried/breaded preparations with carbohydrates and much lower energy; beef and pork candidates all have higher fat content inconsistent with 'meat only' braised preparation",,Poultry Products
high,172855,"Chicken, skin (drumsticks and thighs), raw",False,True,"US chicken skin is poultry with ~9.6g protein and 44.2g fat per 100g, but all Japanese candidates are mammalian meat (beef/pork) with 3.6-6.6g protein and 65-83g fat - no poultry skin entries exist in the provided Japanese table",,Poultry Products
high,172857,"Chicken, dark meat, drumstick, meat only, with added solution, cooked, braised",False,True,US item is braised chicken drumstick (623 kcal) with added solution - unusually high energy for cooked poultry meat only; Japanese candidates show cooked poultry at 216-249 kcal or non-poultry meats; no nutritionally equivalent match exists in the provided Japanese table,,Poultry Products
high,172859,"Chicken, dark meat, thigh, meat only, with added solution, raw",False,True,"US item describes raw chicken thigh meat with added solution (injected broth/saline), which significantly elevates energy to 459kcal despite low fat (3.69g) - an unusual profile not matching any raw Japanese chicken entry; Japanese candidates show raw thigh at 190-234kcal with 13.5-18.3g fat, indicating this is a processed/enhanced product without a direct Japanese composition table equivalent",,Poultry Products
high,172862,"Chicken, dark meat, thigh, meat and skin, with added solution, cooked, braised",False,True,"US item is chicken (poultry) with added solution/broth braised preparation; all candidates are beef, pork, lamb, whale, or duck - no chicken thigh entries exist in Japanese table to match the poultry category and cooking method",,Poultry Products
high,172863,"Chicken, dark meat, thigh, meat and skin, with added solution, raw",False,True,"US item is chicken thigh with added solution (injected brine/marinade) at raw state with ~826kcal/100g energy; Japanese table lacks chicken thigh entries and all poultry candidates (breast skin #8, duck skin #11) have significantly lower energy (448-466kcal) and different macronutrient profiles; the high energy density and added solution formulation have no suitable match",,Poultry Products
high,172864,"Turkey from whole, light meat, meat only, with added solution, raw",False,True,"Turkey light meat raw with added solution has no Japanese poultry equivalent; Japanese table contains only chicken (にわとり) and pork/beef, not turkey, and the 423kcal energy is significantly higher than all candidates, suggesting raw meat with injected solution rather than fresh poultry",,Poultry Products
high,172866,"Turkey, skin from whole (light and dark), with added solution, raw",False,True,"Turkey skin with added solution (1600 kcal, 12.3g protein, 36.8g fat) has drastically higher energy and fat content than all Japanese candidates (max 759 kcal), indicating different food form; no poultry skin entries exist in Japanese table, only beef and pork fat cuts which are nutritionally incomparable",,Poultry Products
high,172868,"Turkey, whole, meat only, with added solution, raw",False,True,"Turkey whole meat with added solution (brined/marinated raw) has no direct Japanese equivalent; closest candidates are chicken entries, but turkey differs significantly in fat content (2.39g vs 13-18g in candidates) and energy profile, indicating this processed turkey product doesn't match available Japanese poultry composition data",,Poultry Products
high,172873,"Turkey, skin, from retail parts, from dark meat, raw",False,True,"Turkey skin from dark meat has distinctly different nutrient profile (high protein 14.4g, moderate fat 35.8g) compared to all candidates which are pure fat cuts (4-6g protein, 66-83g fat); no Japanese poultry skin equivalent exists in table",,Poultry Products
high,172874,"Turkey, skin, from retail parts, from dark meat, cooked, roasted",False,True,"US turkey skin is poultry (鳥肉) with high protein (24.6g) and fat (35.0g) from roasted preparation, but Japanese table lacks poultry skin entries; closest candidate (entry 18, duck with skin) has only 14.2g protein and 28.2g fat, insufficient match; remaining entries are all livestock meat (畜肉), not poultry",,Poultry Products
high,172875,"Turkey, retail parts, drumstick, meat only, raw",False,True,"Turkey drumstick (493 kcal, 20.5g protein, 3.97g fat) is poultry with distinctly different nutrient profile from all candidates; Japanese table lacks poultry entries and all 25 candidates are beef/lamb/wild boar with 203-358 kcal and higher fat content unsuitable for matching",,Poultry Products
high,172876,"Turkey, breast, from whole bird, meat only, with added solution, raw",False,True,"US turkey breast with added solution (injected/brined, raw) has uniquely high energy (425 kcal) and very low fat (1.66g) compared to all Japanese chicken candidates; the added solution significantly alters composition from natural poultry, making it incompatible with traditional Japanese food table entries which use whole bird pieces without injection processing",,Poultry Products
high,172877,"Turkey, retail parts, thigh, meat only, cooked, roasted",False,True,"US turkey thigh (664 kcal, 25.1g protein, 6.25g fat) has significantly higher energy and lower fat than all candidates; Japanese table lacks poultry entries matching this lean, high-protein profile - closest beef/lamb entries are 267-457 kcal with incompatible macronutrient ratios",,Poultry Products
high,172878,"Turkey, retail parts, drumstick, meat only, cooked, roasted",False,True,"US item is roasted turkey drumstick (poultry); all candidates are beef, lamb, goat, or veal (畜肉類/livestock meats); no poultry entries exist in Japanese table, making this a true species mismatch with no equivalent",,Poultry Products
high,172881,"Soup, tomato bisque, canned, condensed",False,True,"Tomato bisque is a creamy Western soup with no equivalent in Japanese condiment/sauce table; candidates are all seasonings/sauces, not soup bases, with drastically different nutrient profiles and salt content",,"Soups, Sauces, and Gravies"
high,172882,"Soup, tomato, canned, condensed",False,True,"Canned condensed tomato soup is a prepared dish/soup product not found in Japanese food composition table; all candidates are condiments, sauces, or seasonings with fundamentally different nutrient profiles and purposes",,"Soups, Sauces, and Gravies"
high,172884,"Soup, stock, chicken, home-prepared",False,True,"Home-prepared chicken stock is a basic culinary ingredient found globally; however, all Japanese candidates are concentrated condiments/seasonings (sauces, vinegars, dashi) with vastly different nutrient profiles (energy 1-115 kcal, salt 0-3.6g) compared to dilute chicken broth (151 kcal, 0.363g salt, higher protein/carbs from extended simmering), making no suitable match available in the table.",,"Soups, Sauces, and Gravies"
high,172892,"Soup, chicken vegetable with potato and cheese, chunky, ready-to-serve",False,True,"US chunky vegetable-chicken-potato-cheese soup is a complete ready-to-serve dish, while all candidates are condiments/sauces/stocks with vastly different nutrient profiles and food category; no Japanese soup equivalent provided in table",,"Soups, Sauces, and Gravies"
high,172895,"Soup, oyster stew, canned, prepared with equal volume milk",False,True,"Oyster stew is a prepared soup dish with specific seafood and dairy components; all candidates are condiments, sauces, or dashi broths with vastly different nutrient profiles (energy 1-265 kcal vs 230 kcal, protein 0.1-7.6g vs 2.51g, salt 0.0-6.1g vs 1.079g); no Japanese soup equivalent provided in table",,"Soups, Sauces, and Gravies"
high,172896,"Soup, pea, green, canned, prepared with equal volume milk",False,True,"US canned pea soup prepared with milk is a ready-to-eat soup product with no equivalent in the Japanese condiments/seasonings table; all candidates are concentrated condiments, sauces, or spice pastes, not soups",,"Soups, Sauces, and Gravies"
high,172900,"Soup, HEALTHY CHOICE Garden Vegetable Soup, canned",False,True,"Canned vegetable soup is a ready-to-eat dish, not a condiment/sauce/seasoning; all Japanese candidates are seasonings/sauces with fundamentally different compositions and purposes",,"Soups, Sauces, and Gravies"
high,172902,"Soup, tomato bisque, canned, prepared with equal volume milk",False,True,"Tomato bisque is a cream-based soup (331kcal, 2.51g protein, 2.63g fat) with moderate carbs and salt; all candidates are condiments/sauces/dressings with drastically different nutrient profiles and food categories - no conceptual or nutritional match exists",,"Soups, Sauces, and Gravies"
high,172903,"Soup, black bean, canned, prepared with equal volume water",False,True,"Black bean soup is a legume-based soup with substantial protein (2.42g) and fiber (3.4g) per 100g; all Japanese candidates are condiments/seasonings/dashi broths with negligible protein/fiber, making none nutritionally or conceptually equivalent to a prepared soup dish",,"Soups, Sauces, and Gravies"
high,172904,"Soup, bean with pork, canned, prepared with equal volume water",False,True,"US canned bean soup with pork is a prepared soup dish, not a condiment/sauce/seasoning; all Japanese candidates are condiments/seasonings/dashi with vastly different nutrient profiles and food category - no nutritionally or conceptually appropriate match exists",,"Soups, Sauces, and Gravies"
high,172905,"Soup, bean with frankfurters, canned, prepared with equal volume water",False,True,"Canned bean soup with frankfurters is a processed American convenience food with no equivalent in Japanese composition tables; all candidates are condiments/sauces/seasonings, nutritionally and conceptually mismatched",,"Soups, Sauces, and Gravies"
high,172906,"Soup, beef noodle, canned, prepared with equal volume water",False,True,"Canned beef noodle soup is a prepared dish/soup that doesn't match the Japanese composition table entries, which contain only condiments, sauces, and dashi broths - no equivalent soup product exists in the candidates provided",,"Soups, Sauces, and Gravies"
high,172907,"Soup, cream of celery, canned, prepared with equal volume water",False,True,"Cream of celery soup is a canned condensed soup diluted with water - a distinctly American processed food category not represented in Japanese condiment/sauce tables; all candidates are concentrated condiments, stocks, or sauces, not prepared soups",,"Soups, Sauces, and Gravies"
high,172908,"Soup, chicken gumbo, canned, prepared with equal volume water",False,True,"Chicken gumbo soup is a prepared dish (soup) with significant protein, fiber, and micronutrients characteristic of a vegetable-thickened stew; Japanese table only contains condiments, sauces, and broths, with no prepared soup entries that match this food category",,"Soups, Sauces, and Gravies"
high,172909,"Soup, chicken noodle, canned, prepared with equal volume water",False,True,"Canned chicken noodle soup is a complete prepared dish with chicken, noodles, and broth - distinctly different from the Japanese table's condiment/sauce/broth-only entries; no nutritionally or conceptually equivalent match exists",,"Soups, Sauces, and Gravies"
high,172910,"Soup, chicken with rice, canned, prepared with equal volume water",False,True,"US canned chicken with rice soup is a prepared dish with chicken, rice, and broth; all Japanese candidates are condiments/seasonings/dashi stocks, not finished soup products. No nutritional or conceptual match exists.",,"Soups, Sauces, and Gravies"
high,172911,"Soup, chili beef, canned, prepared with equal volume water",False,True,"Canned chili beef soup is a prepared dish (soup/stew category), but all candidates are condiments, sauces, vinegars, and flavor bases - none represent a complete soup or meat-based dish; no appropriate match exists in the provided Japanese condiment table",,"Soups, Sauces, and Gravies"
high,172912,"CAMPBELL'S CHUNKY, Old Fashioned Vegetable Beef Soup",False,True,"Campbell's chunky vegetable beef soup is a ready-to-eat canned soup (not a condiment/sauce/seasoning); all 25 Japanese candidates are condiments, sauces, seasonings, or dashi broths with no nutritionally or conceptually equivalent soup entry in the provided table",,"Soups, Sauces, and Gravies"
high,172913,"Soup, minestrone, canned, prepared with equal volume water",False,True,"Minestrone soup is a vegetable-based soup with vegetables, legumes, and pasta; all candidates are condiments/sauces/dashi with vastly different nutrient profiles and food concepts - no suitable Japanese soup equivalent provided in the table",,"Soups, Sauces, and Gravies"
high,172914,"Soup, mushroom barley, canned, prepared with equal volume water",False,True,"Mushroom barley soup is a complete prepared soup dish with vegetables and grains; Japanese table only contains condiments, sauces, and dashi broths with vastly different nutrient profiles and purposes - no conceptual or nutritional match exists",,"Soups, Sauces, and Gravies"
high,172916,"Soup, pea, split with ham, canned, prepared with equal volume water",False,True,"Split pea soup with ham is a complete soup dish with protein, fiber, and vegetables - fundamentally different from all Japanese condiments/sauces/seasonings in the table; no nutritional or conceptual match exists",,"Soups, Sauces, and Gravies"
high,172917,"Soup, cream of potato, canned, prepared with equal volume water",False,True,"Cream of potato soup is a ready-to-eat prepared dish, not a condiment/sauce/seasoning. Japanese food table contains only seasonings and condiments (sauces, vinegars, dashi broths), with no prepared soup category. Nutritionally distinct from all candidates which are concentrated condiments with different macronutrient profiles.",,"Soups, Sauces, and Gravies"
high,172918,"Soup, cream of shrimp, canned, prepared with equal volume water",False,True,"Cream of shrimp soup is a prepared dish (soup category) with protein, fat, and carbohydrates in balanced proportions; all Japanese candidates are condiments/sauces/dashi stocks with minimal nutritional profiles and different food purpose - no functional equivalent exists in the table",,"Soups, Sauces, and Gravies"
high,172919,"Soup, tomato beef with noodle, canned, prepared with equal volume water",False,True,"Canned tomato beef noodle soup is a prepared dish with meat, vegetables, and noodles; Japanese table contains only condiments, sauces, and broths with no soup entries, and nutrient profile (234kcal, 1.78g protein, 8.44g carbs) significantly exceeds all candidates which are primarily condiment/sauce concentrates",,"Soups, Sauces, and Gravies"
high,172920,"Soup, tomato rice, canned, prepared with equal volume water",False,True,"Canned tomato rice soup is a prepared dish (soup) with vegetables and grains, but all candidates are condiments/sauces/dashi broths with vastly different nutrient profiles and food categories; no Japanese soup equivalent exists in the provided table",,"Soups, Sauces, and Gravies"
high,172921,"Soup, vegetable with beef broth, canned, prepared with equal volume water",False,True,"Canned vegetable beef soup is a prepared dish/ready-to-eat soup, not a condiment or seasoning sauce; all Japanese candidates are condiments, dashi, or sauce bases rather than complete soups, making them conceptually and compositionally mismatched.",,"Soups, Sauces, and Gravies"
high,172925,"Soup, chicken noodle, dry, mix, prepared with water",False,True,"Chicken noodle soup is a prepared soup dish with noodles, protein, and vegetables - fundamentally different from Japanese condiment/sauce/stock entries which are single-ingredient bases or seasonings; no suitable match exists in the provided table",,"Soups, Sauces, and Gravies"
high,172934,"Pork sausage, link/patty, unprepared",False,True,"Pork sausage is a processed meat product with added seasonings and binders; all candidates are unprocessed muscle cuts with vastly different nutrient profiles (lower energy, much lower protein, higher fat ratios) and no sausage equivalent in the Japanese composition table",,Sausages and Luncheon Meats
high,172935,"Salami, cooked, beef",False,True,Salami is a processed cured sausage with high salt (2.9g) and specific food preservation characteristics not represented in Japanese composition table which only contains raw/cooked fresh beef cuts,,Sausages and Luncheon Meats
high,172951,"Luncheon meat, pork with ham, minced, canned, includes Spam (Hormel)",False,True,"Canned luncheon meat (Spam) is a highly processed American product with added carbohydrates (4.6g), high sodium (3.581g salt), and specific fortification profile; Japanese candidates are all raw fatty meat cuts with minimal carbs/salt and lack processed meat equivalents in the table",,Sausages and Luncheon Meats
high,172954,"Sausage, Polish, pork and beef, smoked",False,True,"Polish smoked sausage is a processed meat product with significantly higher protein (12.1g) and lower fat relative to energy compared to all candidates, which are raw/cooked unprocessed muscle cuts; no Japanese processed sausage equivalent in table",,Sausages and Luncheon Meats
high,172961,"Beerwurst, pork and beef",False,True,"Beerwurst is a processed sausage with high protein (14g) and moderate carbs (4.27g) from binders/fillers, but all candidates are raw/cooked muscle meat cuts with minimal carbs (<0.3g) and lower protein; no Japanese processed sausage equivalent exists in this table",,Sausages and Luncheon Meats
high,172962,"Chicken breast, fat-free, mesquite flavor, sliced",False,True,"US item is a processed, sliced luncheon meat with mesquite flavoring and very high salt (2.64g), while all Japanese candidates are either raw/cooked whole cuts or traditional prepared dishes; no Japanese processed chicken luncheon meat with similar salt content and carb profile exists in the table",,Sausages and Luncheon Meats
high,172963,"Chicken breast, oven-roasted, fat-free, sliced",False,True,"US item is a processed, sliced luncheon meat with unusually high energy (332kcal) for stated fat content (0.39g), suggesting added carbs/fillers typical of American deli products; Japanese candidates are either raw/cooked poultry cuts or traditional processed items, none matching this specific processed sliced luncheon meat category with carb profile (2.17g) and salt content (2.769g)",,Sausages and Luncheon Meats
high,172969,"Scrapple, pork",False,True,Scrapple is a uniquely American processed meat product (pork offal + cornmeal + spices formed into loaf) with no direct Japanese equivalent; the 14.1g carbs and high energy density (893 kcal) are characteristic of this specific American preparation method not reflected in any Japanese sausage/processed meat entries,,Sausages and Luncheon Meats
high,172978,"Cereals, Oat Bran, QUAKER, QUAKER/MOTHER'S Oat Bran, prepared with water, salt",False,True,Oat bran (prepared cereal) has no equivalent in Japanese food composition table; candidates are all rice porridges or wheat noodles with significantly different nutrient profiles and food concepts,,Breakfast Cereals
high,172990,"Cereals ready-to-eat, MALT-O-MEAL, Frosted Flakes",False,True,"Frosted Flakes is a fortified ready-to-eat breakfast cereal with distinctive nutrient profile (1630 kcal/100g, high B vitamins, added minerals/vitamins); Japanese table lacks ready-to-eat breakfast cereals - only contains raw grains, noodles, bread, and processed grain products without equivalent fortification pattern",,Breakfast Cereals
high,172991,"Cereals, QUAKER, Instant Oatmeal, Raisin and Spice, dry",False,True,"Instant oatmeal with raisins and spices is a US breakfast cereal product with no direct equivalent in Japanese food composition table; candidates are mostly wheat-based noodles, flour products, and other grains with significantly different nutrient profiles and food purposes",,Breakfast Cereals
high,172993,"Cereals, QUAKER, Instant Grits Product with American Cheese Flavor, dry",False,True,"Instant cheese-flavored grits are a distinctly American processed breakfast food with no equivalent in Japanese food composition tables; closest candidates (oatmeal, buckwheat) have significantly different nutrient profiles and lack the cheese/fortification characteristics of this product",,Breakfast Cereals
high,172994,"Cereals, QUAKER, Instant Grits, Ham 'n' Cheese flavor, dry",False,True,"Instant flavored grits (corn porridge with ham and cheese seasoning) is a uniquely American processed breakfast product with no equivalent in Japanese food composition table; closest candidates are rice porridges (entries 1-7) which are fundamentally different foods with vastly different nutrient profiles (19-65 kcal vs 1490 kcal per 100g), and instant ramen entries (14,16,20,21,25) which are noodles not grits",,Breakfast Cereals
high,172995,"Cereals ready-to-eat, MALT-O-MEAL, HONEY GRAHAM SQUARES",False,True,"Ready-to-eat fortified breakfast cereal with honey graham flavor has no equivalent in Japanese food composition table; closest candidates (ramen, millet, amaranth) differ substantially in fortification levels, processing, and nutrient profiles",,Breakfast Cereals
high,172997,"Cereals ready-to-eat, MALT-O-MEAL, Blueberry MUFFIN TOPS Cereal",False,True,"Ready-to-eat breakfast cereal with added vitamins/minerals and blueberry flavoring has no direct Japanese composition table equivalent; closest candidates (instant noodles, wheat products) differ significantly in processing, fortification levels, and intended use",,Breakfast Cereals
high,172999,"Cereals, MALT-O-MEAL, Maple & Brown Sugar Hot Wheat Cereal, dry",False,True,"Malt-O-Meal is a highly processed American instant hot cereal with maple/brown sugar flavoring and fortification profile (1540 kcal/100g, high B vitamins, iron fortification) that has no equivalent in Japanese food composition table; closest candidates are whole grains (amaranth, quinoa, millet) with vastly different nutrient profiles and no fortification, or rice porridges with minimal calories",,Breakfast Cereals
high,173001,"Cereals ready-to-eat, MALT-O-MEAL, Fruity DYNO-BITES",False,True,"Ready-to-eat breakfast cereal with added vitamins/minerals and fruit pieces has no equivalent in Japanese food composition table; closest candidates (rice products, noodles, bread) differ significantly in processing, fortification levels, and nutritional profile",,Breakfast Cereals
high,173004,"Cereals, MALT-O-MEAL, chocolate, prepared with water, without salt",False,True,Malt-O-Meal is a highly processed American instant breakfast cereal with chocolate flavoring; Japanese composition table contains only rice porridges (okayu/omouyu) and noodle products with no equivalent for instant chocolate cereal,,Breakfast Cereals
high,173005,"Cereals ready-to-eat, POST GREAT GRAINS Cranberry Almond Crunch",False,True,"Ready-to-eat breakfast cereal with cranberry and almond is a highly processed American product with no nutritional or conceptual equivalent in Japanese composition table; candidates are either whole grains, instant noodles, or fried snacks with fundamentally different nutrient profiles and food concepts",,Breakfast Cereals
high,173008,"Cereals, CREAM OF WHEAT, 2 1/2 minute cook time, cooked with water, stove-top, without salt",False,True,"Cream of Wheat is a finely milled wheat porridge/cereal with high energy (234kcal) and carbs (11.7g) per 100g cooked; Japanese candidates are all either rice porridges (kayu) with 19-68kcal, noodle dishes, or bread - none match the wheat cereal composition or concept",,Breakfast Cereals
high,173012,"Cereals, CREAM OF WHEAT, 1 minute cook time, cooked with water, microwaved, without salt",False,True,"Cream of Wheat is a finely milled wheat porridge/cereal with high energy (230kcal) and enriched micronutrients (Fe=4.88mg, VitB1=0.097mg) typical of fortified American breakfast cereals; Japanese candidates are either rice-based porridges (much lower energy: 19-65kcal) or noodle dishes, with no wheat porridge/cream cereal equivalent in the table",,Breakfast Cereals
high,173013,"Cereals ready-to-eat, QUAKER, Cap'n Crunch's OOPS! All Berries Cereal",False,True,"Cap'n Crunch's OOPS! All Berries is a highly processed, artificially colored American breakfast cereal with no direct Japanese equivalent; Japanese table lacks ready-to-eat sweetened breakfast cereals with comparable ultra-high energy density (1650 kcal/100g) and fortification profile",,Breakfast Cereals
high,173015,"Cereals ready-to-eat, POST, HONEY BUNCHES OF OATS with vanilla bunches",False,True,"Ready-to-eat breakfast cereal with added vitamins/minerals and vanilla flavoring has no direct equivalent in Japanese food composition table; closest candidates (oatmeal, corn products) are raw/unprocessed grains lacking the fortification and processing characteristic of this US processed breakfast cereal",,Breakfast Cereals
high,173019,"Cereals ready-to-eat, POST, HONEY BUNCHES OF OATS, with real strawberries",False,True,"Ready-to-eat breakfast cereal with added vitamins/minerals and freeze-dried fruit has no direct Japanese equivalent; closest candidates are instant noodles (too high in salt, wrong food category) or plain grains (lack fortification and fruit component)",,Breakfast Cereals
high,173045,"Guavas, strawberry, raw",False,True,"Strawberry guava (psidium cattleianum) is a tropical fruit species not found in Japanese food composition tables; closest candidates (berries, tropical fruits) differ significantly in energy (36-82 kcal vs 69), protein (0.5-1.8g vs 0.58g), and carbohydrates (5.6-16.3g vs 17.4g), with no nutritional or botanical match",,Fruits and Fruit Juices
high,173067,"Beef, top loin petite roast/filet, boneless, separable lean and fat, trimmed to 1/8"" fat, select, raw",False,True,US item is raw beef (712 kcal/100g) while all Japanese candidates are cooked preparations (227-457 kcal/100g); the raw state with high energy density from fat has no adequate match in the cooked-only Japanese table,,Beef Products
high,173068,"Beef, Australian, imported, grass-fed, ground, 85% lean / 15% fat, raw",False,True,"Ground beef (85/15) raw is fundamentally different from all Japanese candidates which are either whole cuts (ribs, brisket), organ meats, or cooked preparations; no raw ground beef entry exists in the Japanese table, and the 1000 kcal energy value indicates a data error in the US source making reliable matching impossible",,Beef Products
high,173070,"Beef, loin, top loin steak, boneless, lip-on, separable lean only, trimmed to 1/8"" fat, select, cooked, grilled",False,True,"US item has exceptionally high energy (770kcal) and moderate fat (7.26g) indicating lean cut with high protein density; all Japanese candidates are 227-457kcal range, none match the extremely lean, high-protein profile of select-grade top loin steak trimmed to 1/8"" fat",,Beef Products
high,173079,"Beef, New Zealand, imported, flat, separable lean only, cooked, braised",False,True,"US item is braised lean beef (944kcal, 33.2g protein, 10.3g fat) - exceptionally high energy/protein density with very low fat for lean meat; Japanese candidates show cooked beef at 280-575kcal with protein 13-28g and fat 18-58g, none matching the extreme nutrient concentration of the braised US product which appears to be a data entry error or specialized preparation not represented in Japanese tables",,Beef Products
high,173081,"Beef, New Zealand, imported, variety meats and by-products, heart, cooked, boiled",False,True,"US item is beef heart (boiled), but Japanese candidates lack beef heart entries; closest options are pork heart (raw, #25: 118kcal vs 750kcal target) and chicken heart (raw, #22: 186kcal), neither matching the cooked beef heart's high energy density and nutrient profile",,Beef Products
high,173087,"Beef, New Zealand, imported, oyster blade, separable lean only, cooked, braised",False,True,US item has exceptionally high energy (818 kcal) and low fat (8.46g) for braised beef - inconsistent with all Japanese candidates which show lower energy with proportionally higher fat; likely data error in source making reliable matching impossible,,Beef Products
high,173093,"Beef, New Zealand, imported, sweetbread, raw",False,True,"Sweetbread (thymus/pancreas) is an organ meat with unique nutritional profile (high energy, moderate protein ~11.5g, high fat ~28.6g); Japanese table lacks organ meat entries and only contains muscle cuts and fatty portions of conventional meats, making no suitable match available",,Beef Products
high,173130,"Beef, brisket, flat half, separable lean and fat, trimmed to 1/8"" fat, choice, cooked, braised",False,True,"US beef brisket braised (1250 kcal, 28.7g protein, 19.5g fat) has no nutritional equivalent in Japanese table; candidates are all raw/grilled cuts with 331-575 kcal and much higher fat ratios, indicating different meat cuts and cooking methods",,Beef Products
high,173132,"Formulated bar, MARS SNACKFOOD US, SNICKERS MARATHON Double Chocolate Nut Bar",False,True,"Snickers Marathon is a high-protein formulated nutrition bar (22.4g protein, 10.5g fiber) with fortified micronutrients (Ca, Fe, Zn, VitC, B12) - a category absent from Japanese food composition table which contains only traditional confectionery and snacks without such nutritional fortification profiles",,Snacks
high,173134,"Formulated bar, MARS SNACKFOOD US, SNICKERS MARATHON Honey Nut Oat Bar",False,True,"SNICKERS MARATHON is a high-protein formulated nutrition bar with 22.5g protein, 11g fiber, and fortified vitamins (B1, B2, B12, D, C) - a modern American functional food with no comparable entry in traditional Japanese food composition tables; closest candidates (chocolate, biscuits, candy) all lack the protein fortification and nutrient profile of a meal replacement bar",,Snacks
high,173136,"Formulated bar, MARS SNACKFOOD US, SNICKERS MARATHON Energy Bar, all flavors",False,True,"SNICKERS MARATHON is a high-protein, nutrient-fortified energy bar with exceptionally high levels of vitamins (VitB1=2.95mg, VitB2=3.34mg, VitC=490mg, VitB12=10.9μg) and minerals (Ca=754mg, Fe=16.3mg, Zn=11.9mg) that are characteristic of American fortified nutrition bars; no Japanese candy/snack category includes this type of engineered functional bar with such extreme micronutrient enhancement",,Snacks
high,173137,"Formulated bar, POWER BAR, chocolate",False,True,"POWER BAR is a fortified sports/nutrition bar with extremely high protein (14.2g), fiber (5.7g), and micronutrients (VitB1 8.06mg, Fe 11.7mg, Zn 9.96mg) that far exceed any Japanese candy/snack candidates; no Japanese equivalent exists for this category of formulated nutrition bars",,Snacks
high,173141,"Popcorn, microwave, regular (butter) flavor, made with palm oil",False,True,"Microwave popcorn with palm oil is a distinctly processed American convenience snack with no direct Japanese equivalent; closest candidates (potato chips, crackers) differ significantly in protein (8.38g vs 4.7-5.8g), carbs (57.3g vs unmeasured), and salt content (1.938g vs 0.9-1.0g)",,Snacks
high,173144,"Snacks, granola bar, KASHI GOLEAN, crunchy, mixed flavors",False,True,"Granola bars are a distinctly American processed snack category with high protein (17.9g), high fiber (5.9g), and fortified micronutrients (B12, Zn) that don't match any Japanese candy/snack entry; closest candidates (biscuits, crackers) are 100-150 kcal lower per 100g and lack comparable protein/fiber/fortification profiles",,Snacks
high,173149,"Formulated bar, high fiber, chewy, oats and chocolate",False,True,"High-fiber formulated nutrition bars with oats and chocolate are modern Western functional foods with no traditional Japanese equivalent in the composition table; closest candidates (ごかぼう, 小麦粉せんべい) lack the fiber content (22.5g), oat composition, and intentional formulation profile of this product",,Snacks
high,173158,"Formulated Bar, SOUTH BEACH protein bar",False,True,"SOUTH BEACH protein bar is a high-protein, low-sugar formulated nutrition bar with no equivalent in Japanese food table; closest candidates (chocolate, crackers, biscuits) are all significantly lower in protein (4.6-12.6g vs 30.3g) and don't match the functional nutrition bar concept",,Snacks
high,173159,"Snack, BALANCE, original bar",False,True,"BALANCE bar is a high-protein nutritional supplement bar with fortified vitamins/minerals (28g protein, vitamin-fortified); no Japanese food composition entry matches this processed protein bar category - closest candidates are traditional sweets/pastries with vastly different nutritional profiles and purpose",,Snacks
high,173160,"Snacks, shrimp cracker",False,True,"Shrimp crackers are a Southeast Asian snack with no direct Japanese equivalent in the table; nutritional profile (1780 kcal/100g, 17.9g fat, 59.1g carb) is substantially higher in energy than all candidates (421-588 kcal/100g), indicating a different food composition or moisture content not represented in the Japanese database",,Snacks
high,173163,"Beverages, Whiskey sour mix, powder",False,True,"Whiskey sour mix powder is a highly processed American cocktail mix with 97.3g carbs per 100g (likely from sugar and citric acid); no Japanese beverage table entry matches this specific product category - Japanese entries are either alcoholic beverages (~200-300 kcal) or cocoa drinks, none representing a dry cocktail mixer powder",,Beverages
high,173167,"Beverages, ABBOTT, EAS whey protein powder",False,True,"Whey protein powder is a specialized sports nutrition supplement with 66.7g protein per 100g; none of the Japanese beverage table entries (alcoholic drinks, teas, soft drinks) match this high-protein concentrated powder format or nutrient profile",,Beverages
high,173169,"Beverages, NESTLE, Boost plus, nutritional drink, ready-to-drink",False,True,"Boost Plus is a modern nutritional supplement drink with balanced macronutrients, fortified vitamins/minerals, and dairy base; no Japanese food composition table entry exists for this category of Western commercial nutritional beverages - all candidates are either alcoholic beverages, plain tea infusions, or simple sodas with fundamentally different nutritional profiles and purposes",,Beverages
high,173170,"Beverages, SLIMFAST, Meal replacement,  High Protein Shake, Ready-To-Drink, 3-2-1 plan",False,True,"SlimFast is a modern high-protein meal replacement shake with 6.59g protein, 3.38g fat, and added vitamins/minerals per 100g - a processed nutritional product category absent from the Japanese alcoholic beverage-only candidates provided",,Beverages
high,173171,"Beverages, UNILEVER, SLIMFAST, meal replacement, regular, ready-to-drink,  3-2-1 Plan",False,True,"SlimFast is a high-protein meal replacement beverage with fortified vitamins/minerals; no Japanese table entry matches this processed nutritional supplement category - all candidates are either alcoholic beverages, plain teas, or basic soft drinks without meal replacement formulation",,Beverages
high,173172,"Beverages, UNILEVER, SLIMFAST Shake Mix, powder, 3-2-1 Plan",False,True,"SlimFast is a high-protein meal replacement powder with added vitamins/minerals and fiber; no Japanese composition table entry exists for this type of processed nutritional supplement beverage - all candidates are either alcoholic beverages, tea infusions, or basic coffee drinks",,Beverages
high,173173,"Beverages, FUZE, orange mango, fortified with vitamins A, C, E, B6",False,True,"FUZE orange mango is a fortified fruit juice beverage with significant carbohydrates (9.2g), vitamins, and minerals; all Japanese candidates are alcoholic beverages or sports drinks with fundamentally different composition and purpose - no equivalent exists in the Japanese food composition table",,Beverages
high,173174,"Beverages, UNILEVER, SLIMFAST Shake Mix, high protein, whey powder, 3-2-1 Plan,",False,True,"SlimFast is a high-protein meal replacement shake with fortified vitamins/minerals; no Japanese beverage table entry matches this processed protein supplement category - closest candidate (ココア ピュアココア #17) has only 18.5g protein vs 27.9g, and lacks comprehensive vitamin/mineral fortification profile",,Beverages
high,173175,"Beverages, Acai berry drink, fortified",False,True,"Acai berry drink is a tropical superfood beverage with fortification (notably B12 at 3.4μg and high vitamin C at 42.1mg) with no equivalent in the Japanese food composition table, which contains only alcoholic beverages, tea, coffee, and basic soft drinks without comparable fortified fruit beverages",,Beverages
high,173177,"Beverages, Whey protein powder isolate",False,True,"Whey protein isolate powder (58.1g protein, 1500 kcal/100g) is a modern sports nutrition product with no equivalent in traditional Japanese food composition tables; closest candidate (instant coffee at 14.7g protein) is nutritionally inadequate and conceptually different",,Beverages
high,173178,"Beverages, Orange juice, light, No pulp",False,True,"Orange juice is a fruit juice with significant carbohydrates (5.42g), vitamins (especially Vitamin C at 30mg), and potassium (188mg) per 100g; no Japanese beverage candidates match this nutrient profile - all candidates are either tea infusions (minimal nutrients), alcoholic beverages, or soft drinks with different compositions",,Beverages
high,173179,"Beverages, The COCA-COLA company, Hi-C Flashin' Fruit Punch",False,True,Hi-C is a sweetened fruit punch beverage with carbohydrates and vitamin C; all Japanese candidates are either alcoholic beverages or sports drinks with vastly different nutrient profiles and compositions,,Beverages
high,173180,"Beverages, Protein powder whey based",False,True,Whey protein powder is a modern processed supplement with extremely high protein (78.1g/100g) and low carbs; no Japanese food composition table entry matches this nutritional profile or product category - closest candidates (ココア ミルクココア) have drastically different macronutrient composition (7.4g vs 78.1g protein),,Beverages
high,173181,"Beverages, Protein powder soy based",False,True,"Soy-based protein powder is a highly processed nutritional supplement with 55.6g protein per 100g; Japanese table contains only traditional beverages (alcoholic drinks, tea, coffee, cocoa) with no protein powder or sports nutrition category entries",,Beverages
high,173183,"Beverages, GEROLSTEINER BRUNNEN GmbH & Co. KG (Gerolsteiner), naturally sparkling, mineral bottled water",False,True,"Gerolsteiner is mineral water with specific mineral content (Ca, K, etc.); all candidates are either alcoholic beverages or tea/sports drinks with incompatible nutrient profiles and no mineral water category exists in Japanese table",,Beverages
high,173184,"Beverages, chocolate malt, powder, prepared with fat free milk",False,True,"Chocolate malt powder prepared with fat-free milk is a sweetened milk-based beverage with significant protein (3.25g), calcium (234mg), and B vitamins; no Japanese equivalent exists in the provided table which lacks milk-based chocolate/malt beverages and only contains alcoholic drinks, tea infusions, and carbonated soft drinks",,Beverages
high,173185,"Alcoholic beverage, wine, table, all",False,True,"US table wine (347 kcal, 2.72g carbs, 99mg K, 0.37mg Fe) has significantly higher energy and carbohydrate content than all Japanese candidates, which are either distilled spirits (180-320 kcal, minimal carbs) or sweet fortified wines/sake (100-125 kcal); no Japanese fermented grape wine entry exists in the provided table",,Beverages
high,173186,"Beverages, V8 SPLASH Smoothies, Peach Mango",False,True,"V8 SPLASH is a fruit juice beverage with no alcohol content; all Japanese candidates are alcoholic beverages, making this a fundamental category mismatch with no equivalent in the provided table",,Beverages
high,173187,"Beverages, chocolate almond milk, unsweetened, shelf-stable, fortified with vitamin D2 and E",False,True,Plant-based fortified milk alternative (almond milk) is not represented in Japanese food composition table which contains only alcoholic beverages and traditional drinks; no conceptual or nutritional match exists,,Beverages
high,173189,"Beverages, MINUTE MAID, Lemonada, Limeade",False,True,MINUTE MAID Lemonada/Limeade is a sweetened citrus beverage (non-alcoholic juice drink) with 13.8g carbs and minimal nutrients; all candidates are alcoholic beverages with no carbohydrate content or equivalent non-alcoholic juice drinks in the Japanese table,,Beverages
high,173192,"Alcoholic Beverage, wine, table, red, Zinfandel",False,True,"Red wine (Zinfandel) at 369kcal/100g with 2.86g carbs is a fermented grape wine with distinct nutrient profile; Japanese table lists only fortified/sweet wines (125kcal, 12.2g carbs) and distilled spirits, but no dry red wine entry exists in the provided candidates",,Beverages
high,173194,"Alcoholic Beverage, wine, table, red, Claret",False,True,"Red table wine (Claret) with 348 kcal and 3.01g carbs per 100g has no suitable match; all Japanese wine entries show significantly lower energy (102-125 kcal) and carbohydrate values, indicating they represent different wine types or diluted beverages rather than concentrated wine equivalents",,Beverages
high,173195,"Alcoholic beverage, wine, table, white, Chenin Blanc",False,True,"White table wine (Chenin Blanc) at 334kcal/100g with 3.31g carbs has no nutritionally equivalent match in the Japanese table; all wine entries are either fortified/sweet wines (125-151kcal) or sake variants (102-107kcal), making the energy and carbohydrate content fundamentally mismatched",,Beverages
high,173198,"Alcoholic beverage, wine, table, white, Muller Thurgau",False,True,"White table wine (Muller Thurgau) is a fermented beverage with 319kcal and 3.48g carbs, but Japanese table has no wine entries - only distilled spirits (237-317kcal, 0g carbs), fortified wines (113-151kcal), and sweet wines (125kcal, 12.2g carbs); the nutrient profile doesn't match distilled spirits, and the carb content doesn't align with Japanese wine-like options",,Beverages
high,173200,"Alcoholic beverage, wine, table, white, Riesling",False,True,"White Riesling wine (337 kcal, 3.74g carbs) has significantly higher energy and carbohydrate content than all Japanese wine/alcohol candidates; closest matches are sweet wine (125 kcal, 12.2g carbs) and sake variants (102-107 kcal, 2.4-2.6g carbs), neither of which align well with the US item's nutrient profile suggesting a concentrated or fortified wine entry",,Beverages
high,173207,"Beverages, carbonated, low calorie, other than cola or pepper, with aspartame, contains caffeine",False,True,"US low-calorie carbonated beverage with aspartame and caffeine has no direct Japanese equivalent in the table; closest candidates (cola, cider, fruit beverages) lack caffeine specification and the precise low-calorie artificial sweetener profile of the US item",,Beverages
high,173214,"Beverages, Cranberry juice cocktail",False,True,"Cranberry juice cocktail is a non-alcoholic fruit juice beverage with 12.2g carbs and 33.5mg vitamin C per 100g; all candidates are alcoholic beverages (sake, shochu, wine, spirits) with negligible carbohydrates and no vitamin C, making them fundamentally incompatible matches",,Beverages
high,173216,"Lemonade, frozen concentrate, white",False,True,"Frozen lemonade concentrate (821kcal, 49.9g carbs per 100g) is a non-alcoholic citrus beverage concentrate with no equivalent in the Japanese table; all candidates are either alcoholic beverages or prepared drinks with vastly different nutritional profiles and compositions",,Beverages
high,173219,"Beverages, Malted drink mix, natural, with added nutrients, powder, prepared with whole milk",False,True,"Malted drink mix with milk is a nutrient-fortified beverage unique to Western markets; Japanese table lacks equivalent fortified malt beverages and all candidates are either alcoholic drinks, tea infusions, or soft drinks with fundamentally different compositions and purposes",,Beverages
high,173221,"Beverages, Malted drink mix, natural, powder, prepared with whole milk",False,True,"Malted drink mix prepared with whole milk is a processed beverage product with significant protein (3.86g), fat (3.62g), and calcium (117mg) from milk - no Japanese table entry matches this dairy-based, fortified drink category; closest option (甘酒, #11) has different nutrient profile and is rice-based rather than milk-based",,Beverages
high,173223,"Beverages, orange and apricot juice drink, canned",False,True,Orange and apricot juice drink (fruit juice beverage) has no equivalent in the provided Japanese table which only contains alcoholic beverages; a juice drink is fundamentally different from distilled spirits and fermented alcoholic drinks,,Beverages
high,173224,"Beverages, pineapple and grapefruit juice drink, canned",False,True,"US canned pineapple-grapefruit juice drink (197 kcal, 11.6g carbs, 46mg VitC) has no match among Japanese table entries which are predominantly alcoholic beverages; Japanese table lacks fruit juice drink category entirely",,Beverages
high,173225,"Beverages, pineapple and orange juice drink, canned",False,True,"Pineapple-orange juice drink is a non-alcoholic fruit beverage with significant carbohydrates (11.8g) and vitamin C (22.5mg), but all Japanese candidates are alcoholic beverages with negligible carbohydrates and no fruit juice composition match.",,Beverages
high,173226,"Shake, fast food, vanilla",False,True,Fast food vanilla milkshake is a uniquely American processed beverage with high carbohydrate content (19.6g/100g) and specific nutrient profile that doesn't match any Japanese candidates; all provided options are either alcoholic beverages or traditional Japanese drinks with incompatible nutritional compositions,,Beverages
high,173228,"Beverages, tea, instant, decaffeinated, lemon, diet",False,True,"Instant decaffeinated lemon diet tea is a highly processed American beverage product with no equivalent in Japanese food composition table; all candidates are either alcoholic beverages, fresh tea infusions, or other drinks fundamentally different in composition and processing",,Beverages
high,173229,"Beverages, tea, instant, decaffeinated, lemon, sweetened",False,True,"Instant decaffeinated sweetened lemon tea is a processed beverage with very high carbohydrates (98.6g) and moderate energy (401kcal) that doesn't match any Japanese beverage category; all candidates are either alcoholic beverages or low-calorie drinks, none approximating this specific instant tea product composition",,Beverages
high,173230,"Beverages, tea, instant, unsweetened, powder",False,True,"Instant unsweetened tea powder has no matching Japanese entry; candidates are either alcoholic beverages, instant coffee, or brewed tea liquids, none matching the high-protein (20.2g), high-carb (58.7g) powdered tea concentrate profile",,Beverages
high,173233,"Beverages, water, bottled, PERRIER",False,True,"Perrier is purified bottled water with minimal minerals; all candidates are alcoholic beverages or sweetened drinks with significant calories, making none nutritionally or conceptually appropriate",,Beverages
high,173234,"Beverages, water, bottled, POLAND SPRING",False,True,"Bottled water is a basic commodity with minimal nutrients (essentially pure H2O with trace minerals); no Japanese table entry exists for plain bottled water, only specialty beverages, alcoholic drinks, tea infusions, and coffee",,Beverages
high,173235,"Beverages, orange-flavor drink, breakfast type, powder",False,True,"Orange-flavor breakfast drink powder (1620 kcal/100g, 98.9g carbs, fortified with vitamins/minerals) is a processed American beverage product with no equivalent in Japanese food composition table; candidates are primarily alcoholic beverages and brewed teas with vastly different nutrient profiles and food concepts",,Beverages
high,173237,"Beverages, Orange-flavor drink, breakfast type, low calorie, powder",False,True,"Low-calorie orange-flavor breakfast powder with fortified vitamins (especially VitC=2400mg, VitA=6010μg, VitB2=6.8mg) has no equivalent in Japanese composition table; all candidates are either alcoholic beverages, tea infusions, or sports drinks with vastly different nutrient profiles",,Beverages
high,173246,"Archway Home Style Cookies, Date Filled Oatmeal",False,True,"Archway Home Style Cookies are a distinctly American processed cookie product with no direct Japanese equivalent; the high energy density (1670 kcal/100g) and specific nutrient profile of a filled cookie don't match any Japanese grain-based food in the table, which primarily contains raw grains, noodles, and basic baked goods rather than sweet filled cookies.",,Baked Products
high,173251,"Archway Home Style Cookies, Old Fashioned Windmill Cookies",False,True,Archway Home Style Cookies are a specific American commercial cookie product with 1960 kcal/100g energy density and high fat content (17.6g); no Japanese table entry matches both the extremely high caloric density of a finished cookie product and the specific nutrient profile of this processed American snack cookie.,,Baked Products
high,173258,"Nabisco, Nabisco Ritz Crackers",False,True,"Ritz crackers are a highly processed American snack with high energy density (2060 kcal/100g) and high fat content (23.2g) typical of deep-fried or oil-enriched crackers; no Japanese table entry matches this energy profile, and all candidates are either significantly lower in calories (344-547 kcal) or lack comparable macronutrient composition for a savory cracker product",,Baked Products
high,173260,"Pillsbury, Chocolate Chip Cookies, refrigerated dough",False,True,"Pillsbury refrigerated cookie dough is a highly processed American convenience product with no equivalent in Japanese food composition table; closest candidates (instant ramen, croissants) differ significantly in energy density (1880 vs 400-450 kcal), fat content, and food category concept",,Baked Products
high,173266,"Fast foods, biscuit, with egg and bacon",False,True,"Fast food biscuit sandwich with egg and bacon (1280 kcal/100g) has no equivalent in Japanese food table; all candidates are 100-300 kcal/100g cooked dishes, not breakfast sandwiches, and nutritional density is fundamentally mismatched",,Fast Foods
high,173270,"Fast foods, croissant, with egg, cheese, and ham",False,True,"Croissant with egg, cheese, and ham is a French pastry-based sandwich with no direct Japanese equivalent; all candidates are either fried items, croquettes, or Asian dumplings with substantially different nutrient profiles and food structure",,Fast Foods
high,173271,"Fast foods, croissant, with egg, cheese, and sausage",False,True,"Croissant sandwich with egg, cheese, and sausage is a distinctly French/Western pastry-based breakfast item with no Japanese equivalent in the table; closest candidates (hamburgs, fried foods, dumplings) differ significantly in carbs (15.9g vs 4.6-25.4g range), fat profile, and overall composition as a laminated pastry product",,Fast Foods
high,173272,"Fast foods, egg, scrambled",False,True,"Scrambled eggs are a basic prepared egg dish, but no Japanese table entry for plain scrambled eggs exists; all candidates are composite dishes (fried foods, Hamburg steaks, stews) with significantly different nutrient profiles and food composition from simple scrambled eggs.",,Fast Foods
high,173274,"Fast foods, vanilla, light, soft-serve ice cream, with cone",False,True,"Vanilla soft-serve ice cream in cone is a frozen dessert product not found in Japanese food composition table; candidates are all cooked/prepared dishes (fried foods, dumplings, curries) with fundamentally different composition, preparation methods, and nutritional profiles",,Fast Foods
high,173275,"Fast foods, sundae, caramel",False,True,"Fast food sundae with caramel is a dessert/ice cream item unique to American fast food culture with no Japanese equivalent in the provided table; candidates are all savory dishes (fried foods, dumplings, croquettes)",,Fast Foods
high,173276,"Fast foods, sundae, hot fudge",False,True,"Hot fudge sundae is a distinctly American dessert with ice cream and hot chocolate sauce; no Japanese food composition table entry matches this specific frozen dessert concept or its unique nutritional profile (high carbs, low protein, specific mineral content).",,Fast Foods
high,173278,"Fast foods, burrito, with beans, cheese, and beef",False,True,"Burrito is a Mexican-American food with no Japanese equivalent; energy is 753kcal (far exceeding all candidates at 100g basis), indicating this is a composite dish that doesn't match any single Japanese prepared food entry in the table",,Fast Foods
high,173279,"PIZZA HUT 12"" Pepperoni Pizza, Hand-Tossed Crust",False,True,"Pizza is a distinctly Italian-American fast food with no equivalent in Japanese food composition table; candidates are all individual prepared dishes (fried foods, croquettes, dumplings) with vastly different nutrient profiles (E=139-425kcal vs 1170kcal per 100g) and composition structure",,Fast Foods
high,173280,"PIZZA HUT 12"" Pepperoni Pizza, Pan Crust",False,True,Pizza Hut pepperoni pan pizza is a distinctly American fast food item with no equivalent in Japanese food composition tables; all candidates are fried/breaded items or Asian dishes with significantly different nutrient profiles and preparation methods,,Fast Foods
high,173281,"PIZZA HUT 12"" Super Supreme Pizza, Hand-Tossed Crust",False,True,"Pizza is a distinctly American fast food preparation with no equivalent in Japanese food composition table; all candidates are individual prepared dishes (fried items, croquettes, dumplings) rather than composite bread-based meals with cheese and toppings",,Fast Foods
high,173282,"DOMINO'S 14"" Cheese Pizza, Classic Hand-Tossed Crust",False,True,"Domino's cheese pizza is a distinctly American fast food item; no Japanese table entries represent pizza or similar yeast-based flatbread with cheese and tomato sauce. All candidates are fried foods, dumplings, or other dishes fundamentally different in composition and preparation method.",,Fast Foods
high,173283,"DOMINO'S 14"" Cheese Pizza, Ultimate Deep Dish Crust",False,True,"Domino's deep dish cheese pizza is a distinctly American fast food product with high carbohydrates (33.5g) and moderate fat (9.83g) from cheese and dough; no Japanese table entry adequately matches pizza's unique composition - closest candidates (fries, croquettes, Hamburg steak) are either fried items or have mismatched nutrient profiles and lack the bread-based cereal grain foundation characteristic of pizza",,Fast Foods
high,173284,"PAPA JOHN'S 14"" Cheese Pizza, Original Crust",False,True,"Pizza is a Western dish not represented in Japanese composition tables; closest candidates (fried foods, croquettes) have significantly different nutrient profiles (lower carbs, higher fat %, different protein sources) and conceptual mismatch with cheese pizza composition",,Fast Foods
high,173285,"PAPA JOHN'S 14"" Pepperoni Pizza, Original Crust",False,True,"Pizza is a distinctly Italian-American fast food with no direct Japanese equivalent; all candidates are either Asian dishes (gyoza, shumai, ちまき) or individual fried/prepared Western components (cutlets, croquettes, hamburgers), none representing a complete assembled pizza product",,Fast Foods
high,173286,"PAPA JOHN'S 14"" The Works Pizza, Original Crust",False,True,"Papa John's pizza is a uniquely American fast food concept with no direct Japanese equivalent in the table; closest candidates (fried items, dumplings) have significantly different nutrient profiles and food composition (pizza has characteristic carbs from crust, cheese calcium, and balanced macros incompatible with fried frozen foods or Asian dumplings listed)",,Fast Foods
high,173287,"PAPA JOHN'S 14"" Cheese Pizza, Thin Crust",False,True,"Papa John's cheese pizza (1240 kcal/100g, high energy density) is a fundamentally different food category from the Japanese candidates, which are all individual prepared dishes/sides with much lower energy density (127-425 kcal/100g); no Japanese pizza or equivalent bread-based cheese dish exists in this table",,Fast Foods
high,173288,"LITTLE CAESARS 14"" Pepperoni Pizza, Large Deep Dish Crust",False,True,"Pizza is a distinctly Italian-American prepared dish not represented in Japanese food composition tables; closest candidates (fried foods, dumplings) differ significantly in concept, preparation method, and nutrient profile (especially carbs 29.0g vs. candidates' 13-30g range, protein 12.9g requiring meat-based match)",,Fast Foods
high,173289,"LITTLE CAESARS 14"" Cheese Pizza, Thin Crust",False,True,"Pizza is a distinctly Italian-American food with no equivalent in Japanese food composition table; all candidates are fried items, dumplings, or other dishes with fundamentally different preparation methods and nutrient profiles than cheese pizza",,Fast Foods
high,173290,"PIZZA HUT 14"" Cheese Pizza, Hand-Tossed Crust",False,True,"Pizza is a distinctly Italian-American food with no direct Japanese equivalent in the composition table; all candidates are fried items, dumplings, or meat patties with fundamentally different composition and preparation methods from cheese pizza",,Fast Foods
high,173291,"PIZZA HUT 14"" Cheese Pizza, Pan Crust",False,True,"Pizza is a Western dish with unique composition (bread base + cheese + sauce) that doesn't match any Japanese prepared food entries; all candidates are fried items, croquettes, dumplings, or other dishes with fundamentally different structures and nutrient profiles",,Fast Foods
high,173292,"Fast Food, Pizza Chain, 14"" pizza, cheese topping, regular crust",False,True,"Fast food pizza (1110 kcal/100g, high energy density) has no close match in Japanese table; all candidates are much lower energy foods (128-299 kcal/100g) representing individual prepared dishes rather than pizza composition",,Fast Foods
high,173294,"Fast Food, Pizza Chain, 14"" pizza, cheese topping, thin crust",False,True,"Fast food thin-crust cheese pizza (1260 kcal/100g, high carbs/fat) has no nutritional or conceptual match among Japanese processed foods, which are all significantly lower in energy density and lack pizza as a category",,Fast Foods
high,173295,"Fast Food, Pizza Chain, 14"" pizza, pepperoni topping, regular crust",False,True,"Fast food pepperoni pizza has no direct Japanese equivalent; closest candidates (fried foods, dumplings) differ significantly in carbohydrates (32g vs 13-30g), fat content, and overall composition—pizza's specific cheese-bread-meat combination with these nutrient proportions is distinctly absent from Japanese food composition table",,Fast Foods
high,173296,"Fast Food, Pizza Chain, 14"" pizza, pepperoni topping, thick crust",False,True,"Fast food pepperoni pizza (1200 kcal/100g, high energy density) has no nutritional equivalent in Japanese table; all candidates are 100-300 kcal/100g prepared dishes, not pizza-like items with comparable composition",,Fast Foods
high,173299,"McDONALD'S, Hotcakes (plain)",False,True,McDonald's plain hotcakes are a specific American breakfast item with high carbs (38.3g) and moderate protein (6.0g) per 100g; no Japanese candidate matches this pancake profile—all candidates are fried/breaded dishes or Asian preparations with different macronutrient compositions,,Fast Foods
high,173301,"McDONALD'S, Hot Caramel Sundae",False,True,"Hot Caramel Sundae is a frozen dessert with caramel sauce; no Japanese candidates match this sweet frozen dessert category - all options are savory prepared dishes (fried foods, croquettes, dumplings, soups) with incompatible nutrient profiles and food concepts.",,Fast Foods
high,173302,"McDONALD'S, Hot Fudge Sundae",False,True,"Hot Fudge Sundae is a frozen dessert with chocolate sauce unique to American fast food culture; Japanese table lacks dessert/ice cream category entries, and all candidates are savory prepared dishes (fried foods, croquettes, dim sum) with fundamentally different food composition and purpose",,Fast Foods
high,173303,"McDONALD'S, McFLURRY with M&M'S CANDIES",False,True,"McFlurry is a soft-serve ice cream dessert unique to McDonald's with no direct Japanese counterpart in the provided table; candidates are all savory cooked dishes (fried foods, croquettes, stews) fundamentally different in food category and composition",,Fast Foods
high,173304,"McDONALD'S, McFLURRY with OREO cookies",False,True,"McFlurry is a soft-serve ice cream dessert with cookie pieces; Japanese table contains only savory cooked dishes (fried foods, croquettes, stews, curries), with no frozen dessert or ice cream entries for comparison",,Fast Foods
high,173306,"McDONALD'S, McCHICKEN Sandwich (without mayonnaise)",False,True,"McCHICKEN sandwich is a complete assembled fast-food meal (bread + fried chicken patty + toppings) with 1000 kcal per 100g; Japanese candidates are individual components (frozen fried items, single-dish preparations) with 100-300 kcal per 100g, making direct nutritional matching impossible without accounting for bread/assembly differences",,Fast Foods
high,173311,"McDONALD'S, Hotcakes (with 2 pats margarine & syrup)",False,True,Hotcakes with margarine and syrup is a sweet breakfast item with high carbohydrates (46.1g) and moderate fat (8.06g) from margarine; no Japanese candidates match this breakfast pancake concept - all candidates are savory fried dishes or Asian preparations with fundamentally different nutritional profiles and food categories,,Fast Foods
high,173312,"McDONALD'S, Bacon Ranch Salad with Grilled Chicken",False,True,"McDonald's Bacon Ranch Salad with Grilled Chicken is a unique American fast-food salad with ranch dressing - no Japanese composition table entry matches this specific Western salad concept or its nutrient profile (low energy, high protein, low fat characteristic of a salad-based dish).",,Fast Foods
high,173313,"McDONALD'S, Fruit 'n Yogurt Parfait (without granola)",False,True,"McDonald's Fruit 'n Yogurt Parfait is a dairy-based dessert with fruit and yogurt; no Japanese composition table entries match its yogurt-fruit dessert concept or nutrient profile (high carbs 17.7g, low fat 1.13g, high calcium 87mg, high vitamin C 14.5mg characteristic of yogurt-based desserts). All candidates are savory dishes (soups, stews, fried foods, curries) with incompatible macronutrient profiles.",,Fast Foods
high,173316,"BURGER KING, CROISSAN'WICH with Sausage and Cheese",False,True,Croissant-based sausage sandwich is a uniquely American fast food item; no Japanese composition table entry matches both the croissant pastry structure (1570 kcal/100g is extremely high-density) and sausage-cheese sandwich concept - closest candidates are fried items or croquettes with significantly lower energy density and incompatible macronutrient profiles,,Fast Foods
high,173322,"Fast foods, bagel, with egg, sausage patty, cheese, and condiments",False,True,"Bagel sandwich with egg, sausage, cheese is distinctly American fast food; Japanese table lacks breakfast sandwich/bagel category, and candidates are all fried items (fries, cutlets, croquettes) with fundamentally different compositions and preparation methods",,Fast Foods
high,173323,"Fast foods, bagel, with breakfast steak, egg, cheese, and condiments",False,True,"Breakfast bagel sandwich with steak, egg, and cheese is a distinctly American fast food item with no Japanese equivalent in the composition table; all candidates are either Asian prepared foods or fried/breaded items with fundamentally different nutritional profiles and ingredient combinations",,Fast Foods
high,173324,"Light Ice Cream, soft serve, blended with milk chocolate candies",False,True,"Soft-serve ice cream blended with chocolate candies is a US fast-food dessert with no equivalent in Japanese prepared food table; all candidates are savory dishes (fried foods, croquettes, dumplings) with vastly different nutrient profiles and food concept.",,Fast Foods
,173325,"Macaroni and Cheese, canned entree",False,True,"No MEXT category mapped for Meals, Entrees, and Side Dishes",True,"Meals, Entrees, and Side Dishes"
,173326,"HOT POCKETS, CROISSANT POCKETS Chicken, Broccoli, and Cheddar Stuffed Sandwich, frozen",False,True,"No MEXT category mapped for Meals, Entrees, and Side Dishes",True,"Meals, Entrees, and Side Dishes"
,173327,"HOT POCKETS Ham 'N Cheese Stuffed Sandwich, frozen",False,True,"No MEXT category mapped for Meals, Entrees, and Side Dishes",True,"Meals, Entrees, and Side Dishes"
,173328,"Ravioli, cheese-filled, canned",False,True,"No MEXT category mapped for Meals, Entrees, and Side Dishes",True,"Meals, Entrees, and Side Dishes"
,173329,"Ravioli, meat-filled, with tomato sauce or meat sauce, canned",False,True,"No MEXT category mapped for Meals, Entrees, and Side Dishes",True,"Meals, Entrees, and Side Dishes"
,173330,"Beef stew, canned entree",False,True,"No MEXT category mapped for Meals, Entrees, and Side Dishes",True,"Meals, Entrees, and Side Dishes"
,173331,"Chicken pot pie, frozen entree, prepared",False,True,"No MEXT category mapped for Meals, Entrees, and Side Dishes",True,"Meals, Entrees, and Side Dishes"
,173332,"Beef, corned beef hash, with potato, canned",False,True,"No MEXT category mapped for Meals, Entrees, and Side Dishes",True,"Meals, Entrees, and Side Dishes"
,173333,"Lasagna, cheese, frozen, prepared",False,True,"No MEXT category mapped for Meals, Entrees, and Side Dishes",True,"Meals, Entrees, and Side Dishes"
,173334,"Lasagna with meat & sauce, frozen entree",False,True,"No MEXT category mapped for Meals, Entrees, and Side Dishes",True,"Meals, Entrees, and Side Dishes"
,173335,"Burrito, beef and bean, frozen",False,True,"No MEXT category mapped for Meals, Entrees, and Side Dishes",True,"Meals, Entrees, and Side Dishes"
,173336,"Burrito, bean and cheese, frozen",False,True,"No MEXT category mapped for Meals, Entrees, and Side Dishes",True,"Meals, Entrees, and Side Dishes"
,173337,"Macaroni and Cheese, canned, microwavable",False,True,"No MEXT category mapped for Meals, Entrees, and Side Dishes",True,"Meals, Entrees, and Side Dishes"
,173338,"Turkey, stuffing, mashed potatoes w/gravy, assorted vegetables, frozen, microwaved",False,True,"No MEXT category mapped for Meals, Entrees, and Side Dishes",True,"Meals, Entrees, and Side Dishes"
,173339,"Rice bowl with chicken, frozen entree, prepared (includes fried, teriyaki, and sweet and sour varieties)",False,True,"No MEXT category mapped for Meals, Entrees, and Side Dishes",True,"Meals, Entrees, and Side Dishes"
,173340,"Macaroni and cheese dinner with dry sauce mix, boxed, uncooked",False,True,"No MEXT category mapped for Meals, Entrees, and Side Dishes",True,"Meals, Entrees, and Side Dishes"
,173341,"Macaroni and cheese, dry mix, prepared with 2% milk and 80% stick margarine from dry mix",False,True,"No MEXT category mapped for Meals, Entrees, and Side Dishes",True,"Meals, Entrees, and Side Dishes"
,173342,"Macaroni and cheese, frozen entree",False,True,"No MEXT category mapped for Meals, Entrees, and Side Dishes",True,"Meals, Entrees, and Side Dishes"
,173343,Potato salad with egg,False,True,"No MEXT category mapped for Meals, Entrees, and Side Dishes",True,"Meals, Entrees, and Side Dishes"
,173344,Pulled pork in barbecue sauce,False,True,"No MEXT category mapped for Meals, Entrees, and Side Dishes",True,"Meals, Entrees, and Side Dishes"
,173345,"Corn dogs, frozen, prepared",False,True,"No MEXT category mapped for Meals, Entrees, and Side Dishes",True,"Meals, Entrees, and Side Dishes"
,173346,"Chicken tenders, breaded, frozen, prepared",False,True,"No MEXT category mapped for Meals, Entrees, and Side Dishes",True,"Meals, Entrees, and Side Dishes"
,173347,"RICE-A-RONI, chicken flavor, unprepared",False,True,"No MEXT category mapped for Meals, Entrees, and Side Dishes",True,"Meals, Entrees, and Side Dishes"
,173348,"Rice and vermicelli mix, chicken flavor, prepared with 80% margarine",False,True,"No MEXT category mapped for Meals, Entrees, and Side Dishes",True,"Meals, Entrees, and Side Dishes"
high,173355,"Beef, chuck, shoulder clod, shoulder tender, medallion, separable lean and fat, trimmed to 0"" fat, choice, cooked, grilled",False,True,"US item has exceptionally high energy (756 kcal) and low fat (7.68g) profile inconsistent with all Japanese beef candidates; the 756 kcal value appears anomalously high for cooked lean beef and suggests potential data error, making reliable matching impossible",,Beef Products
high,173361,"Beef, round, knuckle, tip center, steak, separable lean and fat, trimmed to 0"" fat, choice, raw",False,True,"US item is raw beef (629 kcal/100g, 20.7g protein, 6.85g fat) while all Japanese candidates are cooked preparations (238-451 kcal); no raw beef round/knuckle entry exists in the Japanese table to match the raw state and nutrient profile",,Beef Products
high,173371,"Beef, round, outside round, bottom round, steak, separable lean and fat, trimmed to 0"" fat, all grades, raw",False,True,"US item is raw beef round steak (594kcal, 21.6g protein, 5.53g fat); all Japanese candidates are cooked preparations with much lower energy (177-414kcal) and higher fat content, making nutritional comparison invalid without accounting for moisture loss and cooking method differences",,Beef Products
high,173373,"Beef, plate steak, boneless, inside skirt, separable lean only, trimmed to 0"" fat, all grades, cooked, grilled",False,True,"US item has exceptionally high energy (980 kcal) and protein (30g) per 100g with moderate fat (12.7g), indicating it's likely raw/uncooked data or a data error; all Japanese beef candidates are cooked preparations with 280-575 kcal range, making meaningful comparison impossible",,Beef Products
high,173375,"Beef, plate steak, boneless, inside skirt, separable lean only, trimmed to 0"" fat, choice, cooked, grilled",False,True,"US item has exceptionally high energy (1010 kcal) and high protein (29.6g) with moderate fat (13.7g) in grilled lean cut; Japanese candidates show much lower energy (280-575 kcal range) and don't match the nutritional profile of this high-protein, high-calorie preparation - likely a data entry error in the US source or represents a uniquely processed/prepared American product with no Japanese equivalent",,Beef Products
high,173409,"Beef, loin, top sirloin cap steak, boneless, separable lean only, trimmed to 1/8"" fat, select, raw",False,True,"US item is raw beef (535kcal, 21.4g protein, 4.68g fat) but all Japanese candidates are cooked preparations (227-358kcal); no raw lean beef loin entry exists in the table",,Beef Products
high,173410,"Butter, salted",False,True,"Salted butter (3000 kcal/100g, 81.1g fat) has no equivalent in the Japanese food composition table, which contains only creams, whipped creams, coffee whiteners, and cheeses with significantly lower energy and fat content",,Dairy and Egg Products
high,173411,"Butter, whipped, with salt",False,True,"Whipped butter with salt is a processed dairy product not found in Japanese composition tables; closest candidates are creams (E=404-409kcal) or coffee whiteners (E=504-542kcal), but the US item's extremely high energy density (3060kcal/100g), very high fat (78.3g), minimal carbs, and salt content (1.481g) don't match any Japanese entry which are either lower-fat creams or higher-carb powdered products",,Dairy and Egg Products
high,173412,"Butter oil, anhydrous",False,True,"Butter oil (anhydrous) is a highly specialized dairy product with 99.5% fat and 3660 kcal/100g; all Japanese candidates are either creams (37-40% fat, 350-410 kcal), cheeses (20-32% fat, 150-400 kcal), or powdered products with carbohydrates - none match the pure fat composition and extreme caloric density of anhydrous butter oil",,Dairy and Egg Products
high,173421,"Egg, yolk, raw, frozen, pasteurized",False,True,"Egg yolk is a basic protein-rich ingredient that should have a direct Japanese equivalent, but all candidates are dairy/cheese products with incompatible nutrient profiles (Energy 1240 kcal vs 200-500 kcal range, Protein 15.5g vs 1-29g varied); no egg products listed in Japanese table",,Dairy and Egg Products
high,173422,"Egg, yolk, raw, frozen, sugared, pasteurized",False,True,"Frozen sugared egg yolk is a specialized processed egg product not found in Japanese food composition tables; closest candidates are dairy/cream products but lack the egg yolk identity and specific nutrient profile (high protein 13.9g, moderate carbs from added sugar 11.0g) of the US item",,Dairy and Egg Products
high,173423,"Egg, whole, cooked, fried",False,True,"Fried egg is an egg dish, not a dairy/milk product; all candidates are dairy/cheese/ice cream items with fundamentally different nutritional profiles (lower protein, different macronutrient ratios) - no Japanese dairy product table entry matches cooked egg composition",,Dairy and Egg Products
high,173424,"Egg, whole, cooked, hard-boiled",False,True,"Hard-boiled egg is an egg product, not a dairy product; Japanese table only contains milk and milk products in the provided candidates, with no egg category entries available for matching",,Dairy and Egg Products
high,173425,"Egg, whole, dried, stabilized, glucose reduced",False,True,"Dried whole egg with glucose reduction is a specialized processed egg product not represented in Japanese composition table; closest candidates are cheese/dairy products with mismatched nutrient profiles (too low in protein relative to energy, missing egg-specific micronutrients like choline)",,Dairy and Egg Products
high,173428,"Egg, yolk, dried",False,True,Dried egg yolk is not categorized under 'dairy and milk products' in Japanese food tables; it belongs to egg products category which is absent from provided candidates (all are dairy/cheese/cream items),,Dairy and Egg Products
high,173429,"Egg substitute, powder",False,True,"Egg substitute powder is a specialized processed food with high protein (55.5g), moderate fat (13g), and specific micronutrient profile (VitB12, VitA) that doesn't match any Japanese dairy/cheese entries; closest candidates (casein, whey powder) lack the balanced macronutrient and micronutrient composition of egg substitutes, making NO_MATCH most appropriate",,Dairy and Egg Products
high,173430,"Butter, without salt",False,True,"Unsalted butter (81.1g fat, 3000kcal/100g) has no equivalent in Japanese table; all candidates are creams, cheeses, or powdered products with significantly lower fat content and higher carbohydrates/proteins",,Dairy and Egg Products
high,173436,"Egg, yolk, raw, frozen, salted, pasteurized",False,True,Frozen salted pasteurized egg yolk is a specialized egg product not represented in Japanese dairy/cheese table; no egg-specific entries exist in provided candidates,,Dairy and Egg Products
high,173442,"Sour cream, reduced fat",False,True,"Sour cream is a fermented dairy product with specific tangy flavor profile and texture not represented in Japanese food table; closest candidates (yogurts, cream products) differ significantly in protein (3-4g vs 7g), fat profile, and carbohydrate content (sour cream has 7g carbs from lactose, not added sugar)",,Dairy and Egg Products
high,173462,"Egg substitute, liquid or frozen, fat free",False,True,"Egg substitute is a highly processed American product with no equivalent in Japanese food composition tables; all candidates are dairy/milk-based, not egg-based alternatives",,Dairy and Egg Products
high,173470,"Thyme, fresh",False,True,"Fresh thyme is a culinary herb with high vitamin C and minerals; Japanese table lacks fresh herb entries, only dried spices and prepared condiments that don't match fresh herb profile",,Spices and Herbs
high,173471,Vanilla extract,False,True,"Vanilla extract is a concentrated liquid flavoring (typically 35% alcohol + vanillin) with no direct Japanese equivalent; closest candidates are vinegars/sauces but nutrient profiles don't align well (extract is high energy/carbs due to alcohol content, not available in Japanese composition table)",,Spices and Herbs
high,173473,"Rosemary, fresh",False,True,"Fresh rosemary herb has no equivalent in Japanese food composition table; all candidates are condiments, dashi broths, or processed spice mixtures rather than fresh herbs",,Spices and Herbs
high,173474,"Peppermint, fresh",False,True,Fresh peppermint is a culinary herb with high vitamin/mineral content and low caloric density; all Japanese candidates are processed condiments/sauces with vastly different nutrient profiles and preparation methods - no nutritionally or conceptually appropriate match exists,,Spices and Herbs
high,173475,"Spearmint, fresh",False,True,"Spearmint is a fresh herb with high moisture content (typical of fresh herbs at ~92% water), but all Japanese candidates are either concentrated dashi broths, dried spices/powders, or processed condiments with vastly different nutrient profiles; no Japanese fresh herb equivalent exists in this table",,Spices and Herbs
high,173476,"Seasoning mix, dry, chili, original",False,True,"Chili seasoning mix is a distinctly American spice blend with no direct Japanese equivalent; closest candidates (curry roux, miso, spice powders) differ significantly in composition, ingredient profile, and culinary purpose",,Spices and Herbs
,173477,Clif Z bar,False,True,No MEXT category mapped for Baby Foods,True,Baby Foods
,173478,"Babyfood, juice treats, fruit medley, toddler",False,True,No MEXT category mapped for Baby Foods,True,Baby Foods
,173479,"Babyfood, meat, beef, strained",False,True,No MEXT category mapped for Baby Foods,True,Baby Foods
,173480,"Babyfood, meat, ham, junior",False,True,No MEXT category mapped for Baby Foods,True,Baby Foods
,173481,"Babyfood, meat, lamb, strained",False,True,No MEXT category mapped for Baby Foods,True,Baby Foods
,173482,"Babyfood, meat, lamb, junior",False,True,No MEXT category mapped for Baby Foods,True,Baby Foods
,173483,"Babyfood, meat, chicken, strained",False,True,No MEXT category mapped for Baby Foods,True,Baby Foods
,173484,"Babyfood, meat, turkey sticks, junior",False,True,No MEXT category mapped for Baby Foods,True,Baby Foods
,173485,"Babyfood, snack, GERBER GRADUATE FRUIT  STRIPS, Real Fruit Bars",False,True,No MEXT category mapped for Baby Foods,True,Baby Foods
,173486,"Babyfood, meat, meat sticks, junior",False,True,No MEXT category mapped for Baby Foods,True,Baby Foods
,173487,"Babyfood, GERBER, 2nd Foods, apple, carrot and squash, organic",False,True,No MEXT category mapped for Baby Foods,True,Baby Foods
,173488,"Babyfood, dinner, vegetables and dumplings and beef, junior",False,True,No MEXT category mapped for Baby Foods,True,Baby Foods
,173489,"Babyfood, dinner, beef lasagna, toddler",False,True,No MEXT category mapped for Baby Foods,True,Baby Foods
,173490,"Babyfood, dinner, macaroni and tomato and beef, strained",False,True,No MEXT category mapped for Baby Foods,True,Baby Foods
,173491,"Babyfood, dinner, macaroni and tomato and beef, junior",False,True,No MEXT category mapped for Baby Foods,True,Baby Foods
,173492,"Babyfood, dinner, spaghetti and tomato and meat, junior",False,True,No MEXT category mapped for Baby Foods,True,Baby Foods
,173493,"Babyfood, dinner, spaghetti and tomato and meat, toddler",False,True,No MEXT category mapped for Baby Foods,True,Baby Foods
,173494,"Babyfood, dinner, vegetables and beef, strained",False,True,No MEXT category mapped for Baby Foods,True,Baby Foods
,173495,"Babyfood, dinner, vegetables and beef, junior",False,True,No MEXT category mapped for Baby Foods,True,Baby Foods
,173496,"Babyfood, dinner, chicken soup, strained",False,True,No MEXT category mapped for Baby Foods,True,Baby Foods
,173497,"Babyfood, dinner, chicken stew, toddler",False,True,No MEXT category mapped for Baby Foods,True,Baby Foods
,173498,"Babyfood, dinner, vegetables chicken, strained",False,True,No MEXT category mapped for Baby Foods,True,Baby Foods
,173499,"Babyfood, dinner, vegetables, noodles and chicken, strained",False,True,No MEXT category mapped for Baby Foods,True,Baby Foods
,173500,"Babyfood, dinner, turkey and rice, junior",False,True,No MEXT category mapped for Baby Foods,True,Baby Foods
,173501,"Babyfood, dinner, vegetables and turkey, strained",False,True,No MEXT category mapped for Baby Foods,True,Baby Foods
,173502,"Babyfood, dinner, vegetables and turkey, junior",False,True,No MEXT category mapped for Baby Foods,True,Baby Foods
,173503,"Babyfood, dinner, macaroni and cheese, strained",False,True,No MEXT category mapped for Baby Foods,True,Baby Foods
,173504,"Babyfood, vegetable, green beans and potatoes",False,True,No MEXT category mapped for Baby Foods,True,Baby Foods
,173505,"Babyfood, vegetables, beets, strained",False,True,No MEXT category mapped for Baby Foods,True,Baby Foods
,173506,"Babyfood, vegetables, carrots, strained",False,True,No MEXT category mapped for Baby Foods,True,Baby Foods
,173507,"Babyfood, vegetables, carrots, junior",False,True,No MEXT category mapped for Baby Foods,True,Baby Foods
,173508,"Babyfood, potatoes, toddler",False,True,No MEXT category mapped for Baby Foods,True,Baby Foods
,173509,"Babyfood, cereal, Oatmeal, dry, GERBER, SINGLE GRAIN, fortified",False,True,No MEXT category mapped for Baby Foods,True,Baby Foods
,173510,"Babyfood, vegetable, butternut squash and corn",False,True,No MEXT category mapped for Baby Foods,True,Baby Foods
,173511,"Babyfood, apples, dices, toddler",False,True,No MEXT category mapped for Baby Foods,True,Baby Foods
,173512,"Babyfood, fruit, applesauce, strained",False,True,No MEXT category mapped for Baby Foods,True,Baby Foods
,173513,"Babyfood, dinner, vegetables and chicken, junior",False,True,No MEXT category mapped for Baby Foods,True,Baby Foods
,173514,"Babyfood, dinner, mixed vegetable, strained",False,True,No MEXT category mapped for Baby Foods,True,Baby Foods
,173515,"Babyfood, vegetables, mix vegetables strained",False,True,No MEXT category mapped for Baby Foods,True,Baby Foods
,173516,"Babyfood, dinner, beef noodle, junior",False,True,No MEXT category mapped for Baby Foods,True,Baby Foods
,173517,"Babyfood, apples with ham, strained",False,True,No MEXT category mapped for Baby Foods,True,Baby Foods
,173518,"Babyfood, carrots and beef, strained",False,True,No MEXT category mapped for Baby Foods,True,Baby Foods
,173519,"Babyfood, beverage, GERBER, GRADUATES, FRUIT SPLASHERS",False,True,No MEXT category mapped for Baby Foods,True,Baby Foods
,173520,"Babyfood, snack, GERBER, GRADUATES, YOGURT MELTS",False,True,No MEXT category mapped for Baby Foods,True,Baby Foods
,173521,"Babyfood, dinner, sweet potatoes and chicken, strained",False,True,No MEXT category mapped for Baby Foods,True,Baby Foods
,173522,"Infant formula, MEAD JOHNSON, Enfamil 24, ready to feed, with ARA and DHA",False,True,No MEXT category mapped for Baby Foods,True,Baby Foods
,173523,"Infant formula, MEAD JOHNSON, Enfamil Enspire Powder, with ARA and DHA, not reconstituted",False,True,No MEXT category mapped for Baby Foods,True,Baby Foods
,173524,"Infant formula, MEAD JOHNSON, Enfamil Reguline, ready to feed, with ARA and DHA",False,True,No MEXT category mapped for Baby Foods,True,Baby Foods
,173525,"Infant formula, MEAD JOHNSON, Gentlease, ready to feed, with ARA and DHA",False,True,No MEXT category mapped for Baby Foods,True,Baby Foods
,173526,"Toddler formula, MEAD JOHNSON, Nutramigen Toddler with LGG Powder, with ARA and DHA, not reconstituted",False,True,No MEXT category mapped for Baby Foods,True,Baby Foods
,173527,"Infant formula, MEAD JOHNSON, Pregestimil 20 Calories, ready to feed, with ARA and DHA",False,True,No MEXT category mapped for Baby Foods,True,Baby Foods
,173528,"Babyfood, cereal, high protein, prepared with whole milk",False,True,No MEXT category mapped for Baby Foods,True,Baby Foods
,173529,"Babyfood, cereal, mixed, prepared with whole milk",False,True,No MEXT category mapped for Baby Foods,True,Baby Foods
,173530,"Babyfood, cereal, mixed, with bananas, prepared with whole milk",False,True,No MEXT category mapped for Baby Foods,True,Baby Foods
,173531,"Babyfood, cereal, oatmeal, prepared with whole milk",False,True,No MEXT category mapped for Baby Foods,True,Baby Foods
,173532,"Babyfood, cereal, mixed, with honey, prepared with whole milk",False,True,No MEXT category mapped for Baby Foods,True,Baby Foods
,173533,"Babyfood, cereal, high protein, with apple and orange, prepared with whole milk",False,True,No MEXT category mapped for Baby Foods,True,Baby Foods
,173534,"Babyfood, cereal, rice, with bananas, prepared with whole milk",False,True,No MEXT category mapped for Baby Foods,True,Baby Foods
,173535,"Infant formula, NESTLE, GOOD START SUPREME, with iron, liquid concentrate, not reconstituted",False,True,No MEXT category mapped for Baby Foods,True,Baby Foods
,173536,"Infant formula, NESTLE, GOOD START SUPREME, with iron, powder",False,True,No MEXT category mapped for Baby Foods,True,Baby Foods
,173537,"Infant formula, MEAD JOHNSON, ENFAMIL, LIPIL, low iron, liquid concentrate, with ARA and DHA",False,True,No MEXT category mapped for Baby Foods,True,Baby Foods
,173538,"Infant formula, MEAD JOHNSON, PREGESTIMIL, with iron, powder, with ARA and DHA, not reconstituted",False,True,No MEXT category mapped for Baby Foods,True,Baby Foods
,173539,"Infant formula, MEAD JOHNSON, PREGESTIMIL, with iron, with ARA and DHA, prepared from powder",False,True,No MEXT category mapped for Baby Foods,True,Baby Foods
,173540,"Infant formula, MEAD JOHNSON, PROSOBEE, with iron, ready-to-feed",False,True,No MEXT category mapped for Baby Foods,True,Baby Foods
,173541,"Infant formula, ABBOTT NUTRITION, SIMILAC, ISOMIL, with iron, ready-to-feed",False,True,No MEXT category mapped for Baby Foods,True,Baby Foods
,173542,"Infant formula, ABBOTT NUTRITION, SIMILAC, ISOMIL, with iron, liquid concentrate",False,True,No MEXT category mapped for Baby Foods,True,Baby Foods
,173543,"Infant formula, ABBOTT NUTRITION, SIMILAC, ISOMIL, with iron, powder, not reconstituted",False,True,No MEXT category mapped for Baby Foods,True,Baby Foods
,173544,"Infant formula, MEAD JOHNSON, ENFAMIL, NUTRAMIGEN, with iron, liquid concentrate not reconstituted, with ARA and DHA",False,True,No MEXT category mapped for Baby Foods,True,Baby Foods
,173545,"Infant formula, MEAD JOHNSON, ENFAMIL, PROSOBEE, with iron, powder, not reconstituted, with ARA and DHA",False,True,No MEXT category mapped for Baby Foods,True,Baby Foods
,173546,"Infant formula, ABBOTT NUTRITION, SIMILAC, with iron, powder, not reconstituted",False,True,No MEXT category mapped for Baby Foods,True,Baby Foods
,173547,"Infant formula, MEAD JOHNSON, ENFAMIL, PROSOBEE, liquid concentrate, reconstituted, with ARA and DHA",False,True,No MEXT category mapped for Baby Foods,True,Baby Foods
,173548,"Infant formula, MEAD JOHNSON, PROSOBEE, with iron, ready to feed, with ARA and DHA",False,True,No MEXT category mapped for Baby Foods,True,Baby Foods
,173549,"Infant formula, NESTLE, GOOD START SOY, with DHA and ARA, ready-to-feed",False,True,No MEXT category mapped for Baby Foods,True,Baby Foods
,173550,"Child formula, ABBOTT NUTRITION, PEDIASURE, ready-to-feed, with iron and fiber",False,True,No MEXT category mapped for Baby Foods,True,Baby Foods
,173551,"Infant formula, NESTLE, GOOD START ESSENTIALS SOY, with iron, powder",False,True,No MEXT category mapped for Baby Foods,True,Baby Foods
,173552,"Infant formula, MEAD JOHNSON, NEXT STEP PROSOBEE, powder, not reconstituted",False,True,No MEXT category mapped for Baby Foods,True,Baby Foods
,173553,"Infant formula, MEAD JOHNSON,NEXT STEP PROSOBEE, prepared from powder",False,True,No MEXT category mapped for Baby Foods,True,Baby Foods
,173554,"Infant formula, PBM PRODUCTS, store brand, powder",False,True,No MEXT category mapped for Baby Foods,True,Baby Foods
,173555,"Infant formula, PBM PRODUCTS, store brand, soy, ready-to-feed",False,True,No MEXT category mapped for Baby Foods,True,Baby Foods
,173556,"Infant formula, PBM PRODUCTS, store brand, soy, liquid concentrate, not reconstituted",False,True,No MEXT category mapped for Baby Foods,True,Baby Foods
,173557,"Infant formula, PBM PRODUCTS, store brand, soy, powder",False,True,No MEXT category mapped for Baby Foods,True,Baby Foods
,173558,"Infant formula, ABBOTT NUTRITION, SIMILAC, SENSITIVE, (LACTOSE FREE), liquid concentrate, with ARA and DHA",False,True,No MEXT category mapped for Baby Foods,True,Baby Foods
,173559,"Infant formula, ABBOTT NUTRITION, SIMILAC, SENSITIVE, (LACTOSE FREE), powder, with ARA and DHA",False,True,No MEXT category mapped for Baby Foods,True,Baby Foods
,173560,"Infant formula, ABBOTT NUTRITION, SIMILAC, ADVANCE, with iron, ready-to-feed",False,True,No MEXT category mapped for Baby Foods,True,Baby Foods
,173561,"Infant formula, ABBOTT NUTRITION, SIMILAC, ADVANCE, with iron, powder, not reconstituted",False,True,No MEXT category mapped for Baby Foods,True,Baby Foods
high,173562,"Salad dressing, blue or roquefort cheese dressing, commercial, regular",False,True,"Blue cheese dressing is a creamy emulsified condiment with significant protein (1.37g), carbohydrates (4.77g), and dairy content; all Japanese candidates are pure oils/fats with negligible protein and carbs, making them nutritionally and conceptually incompatible with this composite dressing product.",,Fats and Oils
high,173563,"Oil, cupu assu",False,True,"""Cupu assu"" (coconut oil) is not found in the Japanese food composition table; the closest candidates are palm/coconut-derived oils, but the specific oil type cannot be confidently matched without confirmation of the exact product identity.",,Fats and Oils
high,173576,"Oil, oat",False,True,Oat oil is not a commonly used oil in Japanese cuisine and does not appear in the Japanese food composition table; all candidates are either common vegetable oils or animal fats with different fatty acid profiles than oat oil,,Fats and Oils
high,173581,"Butter, light, stick, with salt",False,True,"Light butter with salt is a dairy product (emulsion of water, milk solids, and butterfat) fundamentally different from pure oils/fats; Japanese table lacks butter entries and all candidates are 100% fat oils with no protein, water, or milk solids",,Fats and Oils
high,173583,"Margarine-like, vegetable oil spread, 60% fat, stick/tub/bottle, with salt",False,True,"60% fat margarine spread with salt and added nutrients (protein, vitamins, minerals) has no direct equivalent in Japanese food table; all candidates are either pure oils (98-99.5% fat) or pure shortenings with zero protein/minerals, lacking the emulsified spread composition and fortification of the US product",,Fats and Oils
high,173587,"Margarine, 80% fat, stick, includes regular and hydrogenated corn and soybean oils",False,True,"Margarine is an emulsified spread with water, milk solids, and additives (80% fat); pure oils in the table are 96-99% fat with no water or emulsifiers, making them fundamentally different products despite similar fat content",,Fats and Oils
high,173590,"Salad dressing, italian dressing, fat-free",False,True,"Fat-free Italian dressing is a low-calorie, water-based condiment (47 kcal, 0.87g fat) fundamentally different from all Japanese oil/fat table entries (579-889 kcal, 64-97g fat); no Japanese composition table equivalent exists for this type of emulsified, seasoned dressing product",,Fats and Oils
high,173591,"Salad dressing, ranch dressing, fat-free",False,True,"Fat-free ranch dressing is a highly processed American condiment with minimal fat (1.92g) and high carbs (26.5g), fundamentally incompatible with Japanese oil/fat composition table entries which are pure or near-pure lipids with 64-97g fat per 100g; no Japanese equivalent exists",,Fats and Oils
high,173592,"Salad dressing, ranch dressing, regular",False,True,"Ranch dressing is a creamy emulsified condiment with buttermilk, herbs, and spices (~45% fat, ~6% carbs, significant salt) that fundamentally differs from pure oils; no Japanese oil entry matches its composition as a prepared dressing rather than a fat ingredient",,Fats and Oils
high,173593,"Salad dressing, ranch dressing, reduced fat",False,True,"Ranch dressing is a uniquely American processed condiment with specific cultural origins; while it contains emulsifiers, thickeners, and seasonings, no Japanese food composition table entry matches its character as a creamy salad dressing (all candidates are pure oils/fats with vastly different nutrient profiles: 196 kcal vs 579-889 kcal per 100g, and 12.4g fat vs 64-97g fat)",,Fats and Oils
high,173594,"Salad dressing, mayonnaise, light",False,True,"Light mayonnaise is a highly processed American condiment with significantly lower fat (22.2g vs 64-98g), higher carbs (9.23g), and added water/emulsifiers that have no direct equivalent in the Japanese composition table which only lists pure oils and fats",,Fats and Oils
high,173610,"Margarine-like spread, SMART BALANCE Omega Plus Spread (with plant sterols & fish oil)",False,True,"SMART BALANCE is a margarine spread with added plant sterols and fish oil at ~71% fat content; pure oils at 97-99% fat and 880-900 kcal/100g cannot represent an emulsified spread product with water, emulsifiers, and fortification ingredients",,Fats and Oils
high,173630,"Chicken, broilers or fryers, wing, meat and skin, cooked, roasted",False,True,"US roasted chicken wing (1060 kcal, 23.8g protein, 16.9g fat) has significantly higher energy and protein than all Japanese candidates, which are primarily beef cuts (428-653 kcal, 5.7-20.4g protein) or duck skin; no poultry wing equivalent exists in the Japanese table",,Poultry Products
high,173647,"Beverages, water, tap, drinking",False,True,Tap drinking water is a basic utility beverage with near-zero nutrients; all Japanese candidates are alcoholic beverages or sweetened drinks with significant calories and nutrients - no suitable match exists,,Beverages
high,173648,"Beverages, coffee substitute, cereal grain beverage, powder, prepared with whole milk",False,True,"US item is a milk-based cereal grain coffee substitute beverage (65 kcal, 3.3g protein, 3.3g fat from milk) with no Japanese equivalent; candidate #1 is a coffee drink with only 0.7g protein and 0.2g fat, indicating no milk; all other candidates are alcoholic beverages, pure teas, or carbonated drinks with vastly different nutrient profiles",,Beverages
high,173649,"Beverages, Dairy drink mix, chocolate, reduced calorie, with low-calorie sweeteners, powder",False,True,"US item is a fortified chocolate dairy drink mix powder (1380 kcal/100g, high protein 25g, high micronutrients); no Japanese equivalent exists - closest candidate #3 (Milk Cocoa) is only 400 kcal/100g with minimal fortification, representing a ready-to-drink beverage rather than a concentrated powder mix",,Beverages
high,173650,"Beverages, dairy drink mix, chocolate, reduced calorie, with aspartame, powder, prepared with water and ice",False,True,US item is a reduced-calorie chocolate dairy drink mix (powder prepared with water/ice) with added protein and minerals; no Japanese table entry matches this specific processed dairy beverage product category with comparable nutrient profile,,Beverages
high,173651,"Beverages, Orange-flavor drink, breakfast type, with pulp, frozen concentrate.",False,True,"Orange-flavor breakfast drink concentrate (720kcal, 42.9g carbs, 243mg VitC) is a processed fruit juice beverage with no equivalent in Japanese table; all candidates are alcoholic beverages, tea, sports drinks, or cocoa - fundamentally different product categories",,Beverages
high,173653,"Cranberry juice cocktail, frozen concentrate",False,True,"Cranberry juice cocktail is a concentrated fruit juice beverage with high carbohydrates (51.4g) and vitamin C (45.8mg), but no Japanese table candidates match: alcoholic beverages have wrong composition, tea has minimal nutrients, and sports drink (21kcal) is far too low in energy; no Japanese fruit juice concentrate equivalent exists in provided table",,Beverages
high,173655,"Beverages, water, bottled, non-carbonated, DANNON",False,True,"Bottled non-carbonated drinking water has no match in the Japanese food composition table, which only contains sh好飲料類 (preference beverages) with alcohol, tea, coffee, or carbonated drinks - not plain water",,Beverages
high,173656,"Beverages, water, bottled, non-carbonated, PEPSI, AQUAFINA",False,True,"Bottled non-carbonated water (Aquafina) is essentially pure water with minimal nutrients; no Japanese composition table entry matches this ultra-low nutrient profile - closest candidates (麦茶, 玉露) are tea infusions with measurable calories and proteins, while water has none",,Beverages
high,173657,"Water, bottled, non-carbonated, NAYA",False,True,"Bottled water is a basic commodity beverage with minimal nutrients (only Ca and trace salt); all Japanese table candidates are alcoholic beverages or tea infusions with significant energy/nutrient content, making them conceptually and nutritionally incompatible",,Beverages
high,173658,"Beverages, DANNON, water, bottled, non-carbonated, with Fluoride",False,True,"Fluoridated bottled water is a processed beverage unique to specific US markets with no direct equivalent in Japanese food composition table; all candidates are either tea infusions, alcoholic beverages, or flavored drinks, none matching plain fluoridated water",,Beverages
high,173659,"Beverages, drink mix, QUAKER OATS, GATORADE, orange flavor, powder",False,True,"Gatorade powder is a modern sports drink mix with high carbohydrates (94.1g) and fortified vitamins, with no equivalent in the Japanese composition table which contains only alcoholic beverages, coffee, cocoa, tea, and basic carbonated drinks",,Beverages
high,173661,"Whiskey sour mix, bottled, with added potassium and sodium",False,True,"Whiskey sour mix is a non-alcoholic bottled cocktail mixer with 351kcal and 21.4g carbs per 100g, fundamentally different from all Japanese alcohol beverages (which are fermented/distilled spirits with negligible carbs) and no Japanese equivalent exists for pre-made cocktail mixers",,Beverages
high,173666,"Lemonade, frozen concentrate, pink",False,True,"Frozen lemonade concentrate is a sweetened citrus juice product with high carbohydrates (48.9g) and moderate energy (192kcal) with minimal protein/fat; no Japanese table entry matches this non-alcoholic fruit juice concentrate category, all candidates are alcoholic beverages or unrelated drink types",,Beverages
high,173667,"Beverages, lemonade, frozen concentrate, pink, prepared with water",False,True,Pink lemonade is a sweetened citrus beverage with low alcohol content fundamentally different from all Japanese alcoholic beverages in the table; no non-alcoholic beverage options available for matching,,Beverages
high,173684,"Fish, rockfish, Pacific, mixed species, raw",False,True,"Pacific rockfish (raw) has distinctly high energy (378 kcal) compared to all Japanese raw fish candidates (110-238 kcal), suggesting either data error in US source or a fundamentally different fish species; no Japanese entry matches this unusual nutrient profile for a lean raw fish",,Finfish and Shellfish Products
high,173688,"Fish, salmon, chinook, raw",False,True,"Chinook salmon raw (750kcal) has drastically higher energy than all candidates; closest salmon entries are cooked preparations (266-282kcal), and no raw fatty salmon entry exists in the Japanese table to match this composition",,Finfish and Shellfish Products
high,173693,"Fish, salmon, sockeye, canned, drained solids",False,True,"Canned drained sockeye salmon (701 kcal, 7.39g fat) has significantly higher energy and lower fat than all Japanese salmon candidates which are mostly raw or simply cooked (138-238 kcal, 4.4-19.1g fat); the canning/preservation process and drainage create a nutritionally distinct product with no close match in the Japanese table.",,Finfish and Shellfish Products
high,173709,"Fish, tuna, light, canned in water, drained solids (Includes foods for USDA's Food Distribution Program)",False,True,"US item is canned tuna in water (drained, very low fat 0.96g), but all Japanese canned tuna options are oil-packed (21-23g fat); no water-packed canned tuna equivalent exists in the table",,Finfish and Shellfish Products
high,173720,"Mollusks, conch, baked or broiled",False,True,"Conch (巻き貝) is a gastropod mollusk distinct from squid/octopus and fish in the table; the 544 kcal energy is significantly higher than all candidates, suggesting dried/concentrated preparation not represented in Japanese composition database",,Finfish and Shellfish Products
high,173724,"Fish, Salmon, pink, canned, drained solids, without skin and bones",False,True,"Canned pink salmon (drained, without skin/bones) has 570 kcal/100g energy content that is substantially higher than all Japanese salmon/trout candidates (max 238 kcal), likely due to moisture loss in canning process; no Japanese table entry matches this specific processed product form",,Finfish and Shellfish Products
high,173731,"Beans, baked, home prepared",False,True,"Home-prepared baked beans (649kcal, 5.54g protein, 21.6g carbs) are significantly higher in energy and carbohydrates than all Japanese legume entries, which are either whole cooked beans (125-129kcal), bean pastes (124-255kcal), or sweetened products; the high energy density reflects added sugar/molasses typical of American baked beans, making this uniquely American preparation without a direct Japanese equivalent",,Legumes and Legume Products
high,173741,"Beans, kidney, all types, mature seeds, canned",False,True,"Canned kidney beans have no nutritionally equivalent match in Japanese table; closest candidates (options 12, 13, 14, 18) are boiled whole beans with 103-129 kcal vs. 353 kcal for canned product, indicating different processing/concentration levels with no direct Japanese canned kidney bean equivalent",,Legumes and Legume Products
high,173755,Carob flour,False,True,"Carob flour is a legume-derived product with extremely high fiber (39.8g) and carbohydrates (88.9g) but very low protein (4.62g), matching neither whole dried legumes nor legume flours in the Japanese table; no nutritional equivalent exists among the candidates.",,Legumes and Legume Products
high,173761,"Cowpeas, common (blackeyes, crowder, southern), mature seeds, canned with pork",False,True,Canned cowpeas with pork is a distinctly American Southern dish with no equivalent in Japanese cuisine; candidates are primarily tofu products or differently prepared legumes that don't match the canned meat-legume combination concept or nutrient profile,,Legumes and Legume Products
high,173780,SILK Black Cherry soy yogurt,False,True,"SILK soy yogurt is a fermented dairy-style product with added sugars and fruit, fundamentally different from all Japanese soy candidates which are either plain tofu products, miso, or unsweetened soy milk - no Japanese fermented soy yogurt equivalent exists in the table",,Legumes and Legume Products
high,173785,"Vitasoy USA Organic Nasoya, Tofu Plus Extra Firm",False,True,"Vitasoy Nasoya Tofu Plus is an enriched/fortified product with added vitamins (D, B12) and higher energy density (385 kcal) than any Japanese tofu entry; closest conceptual match (木綿豆腐) shows only 73 kcal, indicating this is a processed Western tofu product without a direct Japanese equivalent",,Legumes and Legume Products
high,173792,"Beans, kidney, all types, mature seeds, cooked, boiled, with salt",False,True,"US kidney beans (boiled with salt) have ~532kcal/100g, but all Japanese cooked legume entries are 103-251kcal/100g; the energy density is 2-5x higher in the US item, indicating different water content/preparation method with no nutritionally equivalent Japanese match",,Legumes and Legume Products
high,173797,"Beans, pinto, mature seeds, canned, drained solids, rinsed in tap water",False,True,"Canned pinto beans (490kcal/100g) are significantly higher in energy than all Japanese bean entries (122-366kcal); the closest boiled bean matches are ~125kcal, suggesting the US item's higher caloric density reflects canning liquid concentration or different processing, with no direct nutritional equivalent in the Japanese table",,Legumes and Legume Products
high,173804,"Lupins, mature seeds, cooked, boiled, with salt",False,True,"Lupins are legume seeds not commonly used in Japanese cuisine; the US item's high energy (487kcal) and protein (15.6g) profile with very low carbs (9.29g) significantly exceeds all Japanese legume candidates which are either processed soy products, cooked whole legumes, or traditional Japanese bean preparations with substantially different nutrient profiles.",,Legumes and Legume Products
high,173807,"Peanuts, spanish, oil-roasted, without salt",False,True,"Spanish peanuts are oil-roasted legumes with ~49g fat and 579kcal per 100g; no Japanese table entry matches roasted peanuts (落花生/ピーナッツ) - all candidates are either different legume types, processed soy products, or boiled preparations with significantly lower fat and energy content",,Legumes and Legume Products
high,173812,"Lamb, New Zealand, imported, rack - partly frenched, separable lean and fat, raw",False,True,"New Zealand lamb rack raw has significantly higher protein (18.1g vs 6-20g range) and lower fat profile than all beef candidates; no lamb entries exist in Japanese table, and beef ribs with fat are poor proxies for lean lamb cuts",,"Lamb, Veal, and Game Products"
high,173835,"Veal, shoulder, blade chop, separable lean and fat, raw",False,True,"US veal shoulder raw (620kcal, 18.7g protein, 7.61g fat) has significantly higher energy and lower fat than all Japanese candidates; veal is not commonly tracked separately in Japanese tables which focus on beef, lamb, and game meats",,"Lamb, Veal, and Game Products"
high,173838,"Veal, shoulder, blade chop, separable lean only, raw",False,True,"Veal (young calf meat) is not a common meat type in Japanese cuisine; Japanese food table lacks veal entries and candidates are primarily beef, lamb, and game - no suitable nutritional or conceptual match exists",,"Lamb, Veal, and Game Products"
high,173859,"Sausage, pork, chorizo, link or ground, raw",False,True,"Chorizo is a heavily spiced, cured sausage with carbohydrates and high sodium typical of processed meat products; Japanese table only contains raw muscle cuts with minimal processing, no processed sausage entries, and carb/salt profiles don't match any candidate",,Sausages and Luncheon Meats
high,173861,"Dutch brand loaf, chicken, pork and beef",False,True,"Dutch brand loaf is a processed luncheon meat (多肉ソーセージ/混合肉製品) with added carbs, fiber, and salt; Japanese table only contains raw/cooked muscle cuts with vastly different nutrient profiles (lower carbs/fiber/salt, higher fat content in candidates)",,Sausages and Luncheon Meats
high,173862,"Frankfurter, beef, unheated",False,True,"Frankfurter is a highly processed cured sausage with added salt (2.2g), carbs (3g), and specific additives; all candidates are raw muscle meat cuts with negligible salt and carbs, making none nutritionally equivalent to this processed meat product",,Sausages and Luncheon Meats
high,173871,"Sausage, turkey, fresh, cooked",False,True,"Turkey sausage is a poultry processed meat product; candidates are all beef, pork, lamb, or whale with vastly different nutrient profiles (energy 305-541 kcal vs 821 kcal, protein 11.7-26.7g vs 23.9g, fat 17.2-54.3g vs 10.4g, salt 0.1-4.4g vs 1.689g). No suitable Japanese equivalent exists.",,Sausages and Luncheon Meats
high,173872,"Bologna, chicken, pork, beef",False,True,"Bologna is a highly processed emulsified sausage with added carbs, salt, and additives specific to American processed meat products; all candidates are raw/cooked muscle cuts with vastly different macronutrient profiles (lower protein, higher fat, no carbs, lower salt) and lack the processed sausage composition",,Sausages and Luncheon Meats
high,173875,"Frankfurter, meat and poultry, unheated",False,True,"Frankfurter is a processed sausage product with added carbohydrates (5g), salt (2.5g), and additives; all Japanese candidates are raw/cooked muscle meat cuts with negligible carbs and salt, making no nutritional match",,Sausages and Luncheon Meats
high,173877,"Kielbasa, fully cooked, grilled",False,True,"Kielbasa is a highly processed, seasoned sausage with added carbohydrates (5.03g) and salt (2.69g) characteristic of Eastern European cured meats; Japanese table contains only raw meat cuts and grilled whole cuts, lacking processed sausage entries with comparable nutrient composition",,Sausages and Luncheon Meats
high,173879,"Kielbasa, fully cooked, unheated",False,True,"Kielbasa is a fully cooked processed sausage with high salt (2.357g), carbs (3.72g), and specific vitamin profile incompatible with raw meat cuts; no Japanese table entry for processed/cured sausages exists among candidates",,Sausages and Luncheon Meats
high,173883,"Sausage, pork, turkey, and beef, reduced sodium",False,True,"Reduced-sodium processed sausage (pork/turkey/beef blend) with 10.7g protein and 1.725g salt has no equivalent in Japanese table; all candidates are raw/cooked cuts of single meat types with vastly different processing, protein content (4-14.5g), and salt levels (0-0.1g), making nutritional matching impossible.",,Sausages and Luncheon Meats
high,173895,"Cereals ready-to-eat, MALT-O-MEAL, CORN BURSTS",False,True,"Ready-to-eat breakfast cereal (CORN BURSTS) is a highly processed American convenience food with no equivalent in Japanese food composition table; candidates are all cooked/prepared dishes (noodles, rice porridge, etc.) rather than dry breakfast cereals",,Breakfast Cereals
high,173897,"Cereals, QUAKER, corn grits, instant, plain, prepared (microwaved or boiling water added), without salt",False,True,"Instant corn grits are a distinctly American processed cereal product with no nutritional or conceptual equivalent in Japanese cuisine; all candidates are rice/wheat-based preparations or noodles, none match the corn-based instant porridge concept or nutrient profile (309kcal per 100g prepared product vs. 19-189kcal for Japanese candidates)",,Breakfast Cereals
high,173902,"Cereals, CREAM OF WHEAT, instant, prepared with water, without salt",False,True,"Cream of Wheat instant prepared cereal (259 kcal, high energy density, fortified micronutrients) has no Japanese equivalent; Japanese candidates are all rice/wheat dishes prepared as porridges or noodles with vastly different energy densities (19-263 kcal) and nutrient profiles, none matching the instant fortified breakfast cereal concept",,Breakfast Cereals
high,173905,"Cereals, oats, regular and quick, unenriched, cooked with water (includes boiling and microwaving), without salt",False,True,"Cooked oatmeal (oats) has no direct equivalent in Japanese food composition table; closest candidates are rice porridges (kayu) and noodle dishes which differ significantly in grain type, protein content, and nutritional profile",,Breakfast Cereals
high,173906,"Cereals, oats, instant, fortified, with cinnamon and spice, prepared with water",False,True,"Instant oatmeal with cinnamon and spice is a distinctly American breakfast cereal with no equivalent in Japanese food composition table; all candidates are wheat/rice noodles or other prepared dishes, not oat-based instant cereals",,Breakfast Cereals
high,173908,"Cereals, oats, instant, fortified, with raisins and spice, prepared with water",False,True,"Instant oatmeal with raisins and spice is a distinctly American breakfast cereal product with no equivalent in Japanese food composition table; candidates are all wheat-based noodles, breads, or other wheat products lacking oats and the specific fortification/spice profile of instant oatmeal",,Breakfast Cereals
high,173913,"Cereals ready-to-eat, wheat, puffed, fortified",False,True,"US puffed wheat cereal is a highly fortified ready-to-eat breakfast product with no nutritional or conceptual equivalent in Japanese food composition table; closest candidates (アルファ化米, そば粉) differ significantly in processing, fortification profile, and intended use",,Breakfast Cereals
high,173917,"Cereals, farina, enriched, cooked with water, with salt",False,True,"Farina (wheat semolina porridge) is a cooked breakfast cereal with significantly higher energy (220 kcal) and carbohydrates (10.9g) per 100g than all Japanese candidates, which are primarily rice/wheat porridges or noodles with much lower nutrient density; no nutritionally comparable match exists in the Japanese composition table",,Breakfast Cereals
high,173928,"Apples, raw, without skin, cooked, boiled",False,True,"US item is boiled apple without skin (222kcal, 13.6g carbs) but Japanese table lacks cooked/boiled apple entries; closest raw apple options (53-56kcal) are nutritionally incompatible due to cooking concentration effect not represented in available candidates",,Fruits and Fruit Juices
high,173929,"Apples, raw, without skin, cooked, microwave",False,True,"US item shows cooked apple (234 kcal, 14.4g carb) but all Japanese apple entries are raw or processed drinks; the energy value is significantly higher than raw apple (#11: 56 kcal, #21: 53 kcal) and doesn't match any cooked apple preparation in the table",,Fruits and Fruit Juices
high,173934,"Apple juice, frozen concentrate, unsweetened, undiluted, without added ascorbic acid",False,True,"Apple juice frozen concentrate (166kcal, 41g carbs) is significantly more energy-dense than all Japanese candidates; closest options are jams/marmalades (190kcal) which are different products, and fruit beverages (41-50kcal) which represent diluted drinks, not concentrates - no nutritionally equivalent match exists",,Fruits and Fruit Juices
high,173938,"Apricots, canned, extra light syrup pack, with skin, solids and liquids (Includes foods for USDA's Food Distribution Program)",False,True,"Canned apricots in extra light syrup have no direct Japanese equivalent in the table; closest candidates are other canned fruits (figs, pears, peaches) but apricots specifically are not represented, and the available canned entries have significantly higher energy/carbs due to heavier syrups",,Fruits and Fruit Juices
high,173941,"Apricots, dried, sulfured, uncooked",False,True,"Dried apricots have distinctly higher energy (1010 kcal vs 252-329 kcal max), potassium (1160mg), and vitamin A (180μg) than all candidates; closest concept is apricot jam (entries 12, 21) but nutritional profile is incompatible with processed jams; no uncooked dried apricot entry exists in Japanese table",,Fruits and Fruit Juices
high,173942,"Apricots, dried, sulfured, stewed, without added sugar",False,True,"Dried, stewed apricots require a specific processed fruit entry not present in candidates; closest fresh fruit options (cherries, figs) differ significantly in carbs (13.7-17g vs 22.2g) and lack the dried fruit concentration profile",,Fruits and Fruit Juices
high,173943,"Apricots, dried, sulfured, stewed, with added sugar",False,True,"Dried, stewed apricots with added sugar (113 kcal, 29.3g carbs) have no close match in Japanese table; candidates are mostly fresh fruits with 30-93 kcal and lack the processed/stewed profile and high carbohydrate concentration of the US item",,Fruits and Fruit Juices
high,173947,"Blackberry juice, canned",False,True,"Blackberry juice (158 kcal, 7.8g carbs) has significantly higher energy and carbohydrate content than all available candidates (most 41-83 kcal range); no Japanese juice entry matches the nutrient profile of concentrated berry juice/canned juice with this caloric density",,Fruits and Fruit Juices
high,173951,"Blueberries, frozen, sweetened",False,True,"Frozen sweetened blueberries have no direct Japanese equivalent in the table; closest candidates (canned fruits) differ significantly in carbohydrates (16-20g vs 22g) and processing method, and no Japanese berry entries provide adequate nutritional match",,Fruits and Fruit Juices
high,173966,"Beef, Australian, imported, Wagyu, loin, tenderloin steak/roast, boneless, separable lean only, Aust. marble score 4/5, raw",False,True,"Australian Wagyu tenderloin raw (801kcal, 20.2g protein, 12.3g fat) has significantly higher energy and fat content than all Japanese beef candidates, which are cooked preparations with lower caloric density; no raw lean beef cut match exists in the table",,Beef Products
high,173970,"Beef, Australian, imported, grass-fed, loin, top loin steak/roast, boneless, separable lean only, raw",False,True,"US item is raw grass-fed beef with 548kcal and 4.87g fat (very lean), but all Japanese candidates are cooked preparations with 273-432kcal and much higher fat content (18.8-35.1g); no raw lean beef cuts in Japanese table match this nutritional profile",,Beef Products
high,173976,"Beef, Australian, imported, grass-fed, round, bottom round steak/roast, boneless, separable lean and fat, raw",False,True,"Raw grass-fed Australian beef round (586 kcal, 6.16g fat) has significantly higher energy and lower protein than all candidates, which are all cooked preparations; no raw imported beef round exists in Japanese table",,Beef Products
high,173997,"Beef, round, top round roast, boneless, separable lean only, trimmed to 0"" fat, select, raw",False,True,"US item is raw beef (487 kcal, 23.6g protein, 2.45g fat) but all Japanese candidates are either cooked preparations or have substantially different cuts/grades with incompatible nutrient profiles; no raw lean beef round equivalent exists in the table",,Beef Products
high,174015,"Beef, composite of trimmed retail cuts, separable lean only, trimmed to 0"" fat, choice, raw",False,True,"US item is raw beef (633kcal, 21.6g protein, 7.24g fat) while all Japanese candidates are cooked preparations (285-457kcal); no raw lean beef composite match exists in the table",,Beef Products
high,174018,"Beef, chuck, clod roast, separable lean only, trimmed to 1/4"" fat, all grades, raw",False,True,"US item is raw lean beef (540kcal, 19.6g protein, 5.02g fat) but all Japanese candidates are either cooked preparations or have much higher fat content; no raw lean beef cut equivalent exists in the table",,Beef Products
high,174030,"Beef, ground, 90% lean meat / 10% fat, raw",False,True,"Ground beef (90% lean, raw) has no direct match; all candidates are either cooked cuts or have substantially different fat ratios (most >25% fat) and energy values significantly lower than 735kcal due to cooking methods or different cattle breeds",,Beef Products
high,174040,"Beef, ground, 75% lean meat / 25% fat, crumbles, cooked, pan-browned",False,True,"Ground beef (75/25) cooked via pan-browning has no direct match; all candidates are either whole cuts, organ meats, or boiled/grilled preparations with substantially different nutrient profiles (lower energy density and protein, higher fat ratios than ground meat)",,Beef Products
high,174042,"Beef, rib, small end (ribs 10-12), separable lean only, trimmed to 1/8"" fat, select, cooked, broiled",False,True,"US item has 786 kcal per 100g (broiled, lean only) which is ~2.5x higher than all Japanese candidates; this exceptional energy density suggests different cooking method or data error; no Japanese entry matches this profile—closest lean beef options (e.g., #17: 227 kcal) are far lower, indicating incompatibility",,Beef Products
high,174051,"Beef, chuck, arm pot roast, separable lean only, trimmed to 1/8"" fat, all grades, raw",False,True,"US item is raw beef (553 kcal/100g, 22.1g protein, 4.19g fat) but all Japanese candidates are cooked preparations (boiled/grilled at 219-358 kcal); no raw lean beef cut matches available in the table",,Beef Products
high,174057,"Beef, brisket, flat half, separable lean only, trimmed to 1/8"" fat, choice, raw",False,True,"US brisket raw (541kcal, 21.7g protein, 4.06g fat) is substantially higher in energy and lower in fat than all Japanese candidates, which are cooked preparations; no raw beef brisket equivalent exists in the Japanese table",,Beef Products
high,174062,"Soup, clam chowder, new england, canned, ready-to-serve",False,True,"New England clam chowder is a ready-to-serve soup with seafood, cream, and vegetables; all candidates are condiments/sauces/seasonings with fundamentally different compositions and purposes, making no suitable match available",,"Soups, Sauces, and Gravies"
high,174063,"Soup, clam chowder, new england, reduced sodium, canned, ready-to-serve",False,True,"New England clam chowder is a creamy seafood soup with potatoes and clams; Japanese table contains only condiments/sauces/dashi with no prepared soup entries, making this fundamentally incompatible with available categories",,"Soups, Sauces, and Gravies"
high,174064,"Soup, chicken noodle, reduced sodium, canned, ready-to-serve",False,True,"Canned ready-to-serve chicken noodle soup is a complete dish, not a condiment/seasoning/sauce; Japanese table contains only dashi, vinegars, and prepared sauces with incompatible nutrient profiles (no complete soup entries with noodles, chicken, and balanced macronutrients)",,"Soups, Sauces, and Gravies"
high,174065,"Soup, beef and vegetables, reduced sodium, canned, ready-to-serve",False,True,"US canned ready-to-serve beef and vegetable soup has no equivalent in Japanese condiment/sauce table; candidates are all sauces/condiments, not soups, with vastly different nutrient profiles and food composition categories",,"Soups, Sauces, and Gravies"
high,174071,"Soup, chunky vegetable, reduced sodium, canned, ready-to-serve",False,True,"US canned chunky vegetable soup is a ready-to-serve composite dish with vegetables, broth, and minimal seasoning; Japanese table only contains condiments/sauces/dashi, not prepared soups or vegetable-based dishes",,"Soups, Sauces, and Gravies"
high,174073,"Soup, beef barley, ready to serve",False,True,"Beef barley soup is a complete dish (soup) with meat and grain, while all candidates are condiments/sauces/dashi with vastly different nutrient profiles and serving contexts; no Japanese soup equivalent provided in the table",,"Soups, Sauces, and Gravies"
high,174076,"Bread, paratha, whole wheat, commercially prepared, frozen",False,True,"Paratha is an Indian flatbread with high fat content (13.2g) and fiber (9.6g) from whole wheat; no Japanese bread product matches this nutritional profile or concept - closest candidates (croissants, instant noodles) are either too high in fat without fiber or structurally different",,Baked Products
high,174078,"Bread, roll, Mexican, bollilo",False,True,"Bollilo is a soft Mexican sandwich roll with low fat (5.8g) and moderate protein (10.6g); no Japanese bread candidates match - all available options are either fried products, noodles, croissants with high fat, or hard breads like hardtack, making NO_MATCH most appropriate",,Baked Products
high,174079,"Cookie, butter or sugar, with chocolate icing or filling",False,True,"US butter/sugar cookie with chocolate icing (2100kcal, 23.5g fat, 68.8g carb) has no equivalent in Japanese table; candidates are all cereal grains/noodles/bread, none match the calorie-dense sweet cookie/confection category",,Baked Products
high,174080,"Cookie, chocolate, with icing or coating",False,True,"Chocolate-coated cookies are processed confectionery products not represented in Japanese grain composition table; closest candidates (croissants, bread products) lack chocolate coating and have significantly different nutrient profiles, particularly lower carbohydrates and higher protein than the US item",,Baked Products
high,174081,"Tortillas, ready-to-bake or -fry, whole wheat",False,True,Whole wheat tortillas are a prepared wheat product with high energy (1300 kcal) and fat content (9.76g) from oil/fat used in ready-to-bake/fry preparation; no Japanese candidates match this specific processed tortilla product category with comparable high caloric density and fat profile,,Baked Products
high,174082,"Cake, snack cakes, creme-filled, chocolate with frosting, low-fat, with added fiber",False,True,"US snack cake is a highly processed American product with added fiber and low-fat formulation; Japanese table lacks comparable processed cake/snack entries - all candidates are raw grains, cereals, or noodles with fundamentally different composition and purpose",,Baked Products
high,174084,"Crackers, cheese, whole grain",False,True,"US cheese whole grain crackers are a processed snack product with specific formulation (whole grain + cheese) that has no direct equivalent in the Japanese food composition table; all candidates are either bread products, noodles, flour products, or popcorn with significantly different nutrient profiles and food concepts",,Baked Products
high,174087,"Cookies, shortbread, reduced fat",False,True,"Shortbread cookies are a British/Western baked good with no direct Japanese equivalent; the US product (1890 kcal, 14g fat, 76g carbs per 100g) far exceeds all Japanese candidates in energy density and fat content, indicating a butter-rich cookie that doesn't match any Japanese staple grain or baked product in the table.",,Baked Products
high,174088,"Cookies, sugar wafer, chocolate-covered",False,True,Chocolate-covered sugar wafer cookies are a highly processed confectionery product with no equivalent in Japanese grain-based food table; closest candidates are bread/flour products (426-588 kcal) but lack the chocolate coating and candy cookie composition that defines this US snack,,Baked Products
high,174092,"Bagels, whole grain white",False,True,"Bagels are a distinctly American/Jewish bread product with no direct Japanese equivalent; all candidates are either fried instant noodles, croissants, flour products, or whole grains - none match the boiled-then-baked bagel concept or energy profile (1070 kcal is much higher than any candidate, indicating bagels' dense texture)",,Baked Products
high,174096,"Cookies, chocolate, made with rice cereal",False,True,"Chocolate rice cereal cookies are a processed American snack with no nutritionally or conceptually equivalent entry in the Japanese food composition table; candidates are either raw grains, Asian noodles, or bread products with substantially different nutrient profiles and food concepts",,Baked Products
high,174100,"Bread, gluten-free, white, made with rice flour, corn starch, and/or tapioca",False,True,"Gluten-free bread made with rice flour, corn starch, and tapioca has no equivalent in Japanese food composition table; all candidates are wheat-based products, instant noodles, or traditional Japanese grains, lacking the specific gluten-free formulation and composition profile of the US item",,Baked Products
high,174102,"Bread, gluten-free, whole grain, made with tapioca starch and brown rice flour",False,True,"Gluten-free bread with tapioca starch and brown rice flour has no equivalent in Japanese food composition table; all candidates are wheat-based products, instant noodles, or traditional grains, none matching the gluten-free whole grain bread concept or nutrient profile (1300 kcal/100g is exceptionally high and likely represents dry/concentrated form not found in Japanese table)",,Baked Products
high,174112,"Beverages, Apple juice drink, light, fortified with vitamin C",False,True,"US apple juice drink (92 kcal, 5.1g carbs, 24mg VitC, fortified) has no equivalent in Japanese table; candidates are alcoholic beverages or teas with fundamentally different compositions and no juice-based non-alcoholic options available",,Beverages
high,174114,"Beverages, Carob-flavor beverage mix, powder",False,True,Carob powder is a specialty ingredient with no Japanese equivalent in the table; all candidates are either alcoholic beverages or prepared drinks with vastly different nutrient profiles (1560 kcal powder vs 38-400 kcal beverages),,Beverages
high,174115,"Beverages, Carob-flavor beverage mix, powder, prepared with whole milk",False,True,"Carob-flavor beverage mix prepared with whole milk is a non-alcoholic dairy-based beverage with protein, fat, and carbohydrates; all Japanese candidates are alcoholic beverages with vastly different compositions (0g protein/fat, no dairy), making this fundamentally incompatible",,Beverages
high,174116,"Beverages, coconut milk, sweetened, fortified with calcium, vitamins A, B12, D2",False,True,"Sweetened fortified coconut milk beverage is a modern processed product not found in Japanese food composition table; all candidates are alcoholic beverages, coffee drinks, or traditional Japanese beverages with completely different nutrient profiles and compositions",,Beverages
high,174117,"Beverages, chocolate syrup",False,True,"Chocolate syrup is a sweet beverage concentrate/condiment with high carbs (65.1g), moderate protein (2.1g), and added nutrients; all candidates are alcoholic beverages or brewed teas with fundamentally different compositions and no Japanese chocolate syrup equivalent in the table",,Beverages
high,174118,"Beverages, chocolate syrup, prepared with whole milk",False,True,"Chocolate milk is a milk-based beverage with significant protein (3.07g), fat (2.96g), calcium (89mg), and B vitamins characteristic of dairy products; all candidates are alcoholic beverages with fundamentally different composition and no nutritional similarity",,Beverages
high,174119,"Beverages, coffee, ready to drink, iced, mocha, milk based",False,True,Ready-to-drink iced mocha coffee with milk is a modern beverage category not represented in the Japanese alcohol-focused table; no non-alcoholic coffee beverage candidates available for matching,,Beverages
high,174127,"Beverages, coffee and cocoa, instant, decaffeinated, with whitener and low calorie sweetener",False,True,"US instant coffee with whitener and low-calorie sweetener (1840 kcal/100g, 71.4g carbs) is a highly processed instant beverage mix with added dairy whitener and artificial sweeteners; no Japanese composition table entry matches this specific formulation - candidate #7 (instant coffee, 287 kcal) is pure instant coffee without whitener/sweeteners, and #1 (milk cocoa, 400 kcal) is cocoa-based, not coffee-based",,Beverages
high,174128,"Beverages, tea, green, ready-to-drink, sweetened",False,True,"Ready-to-drink sweetened green tea (27 kcal, 6.2g carbs) has no Japanese equivalent in the table; all green tea entries are unsweetened infusions (0-2 kcal) and sweetened beverages listed are sports drinks, coffee drinks, or alcohol, not sweetened green tea.",,Beverages
high,174131,"Beverages, aloe vera juice drink, fortified with Vitamin C",False,True,"Aloe vera juice drink is a specialized plant-based beverage with fortified vitamin C not represented in Japanese food composition table; closest candidates (sports drinks, fruit drinks) differ significantly in energy content and nutrient profile",,Beverages
high,174137,"Beverages, OCEAN SPRAY, White Cranberry Strawberry Flavored Juice Drink",False,True,"US cranberry-strawberry juice drink (12% carbs, 26.7mg VitC, low alcohol) has no equivalent in Japanese alcoholic beverage table; all candidates are distilled/fermented alcoholic drinks, while this is a non-alcoholic flavored juice beverage",,Beverages
high,174138,"Beverages, coffee substitute, cereal grain beverage, powder",False,True,"Coffee substitute cereal grain beverage powder (1510 kcal/100g, 78.4g carbs, 23.3g fiber) has no Japanese table match; candidates are either alcoholic beverages, instant coffee, cocoa, or diluted tea infusions with vastly different nutrient profiles and concepts",,Beverages
high,174140,"Beverages, cranberry-apple juice drink, bottled",False,True,Cranberry-apple juice drink is a non-alcoholic fruit juice beverage with 15.8g carbs and 39.5mg VitC per 100g; all Japanese candidates are either alcoholic beverages or sports drinks with fundamentally different compositions and no juice-based non-alcoholic fruit beverage entry exists in the table,,Beverages
high,174143,"Beverages, tea, green, instant, decaffeinated, lemon, unsweetened, fortified with vitamin C",False,True,"Instant decaffeinated green tea powder with vitamin C fortification is a processed product not represented in Japanese table; candidates are either brewed tea infusions (near-zero calories) or alcoholic beverages, neither matching the 378kcal powder composition",,Beverages
high,174144,"Beverages, tea, black, ready to drink",False,True,"Black ready-to-drink tea is a non-alcoholic beverage; all Japanese candidates are alcoholic beverages or soft drinks, with no tea category match available",,Beverages
high,174146,"Beverages, AMBER, hard cider",False,True,"Hard cider is a fermented beverage with 5.92g carbs and notable micronutrients; no Japanese table entry exists for apple/fruit-based fermented ciders - closest distilled spirits (237kcal) lack carbs and micronutrients, while sake entries (102-107kcal) are too low in energy and carbs",,Beverages
high,174152,"Beverages, Fruit punch drink, frozen concentrate",False,True,"Frozen fruit punch concentrate (678kcal, 41.4g carbs per 100g) is a reconstitutable concentrated beverage unique to American food culture with no nutritionally or conceptually equivalent entry in Japanese composition table; all candidates are either alcoholic beverages, tea infusions, or sports drinks with vastly different nutrient profiles",,Beverages
high,174154,"Beverages, coffee, instant, vanilla, sweetened, decaffeinated, with non dairy creamer",False,True,"Instant vanilla sweetened decaffeinated coffee with non-dairy creamer is a highly processed American convenience product with no Japanese equivalent in the table; Japanese candidates are all alcoholic beverages or basic coffee drinks, not instant flavored coffee mixes",,Beverages
high,174158,"Water, bottled, generic",False,True,"Bottled water is a basic utility beverage with essentially zero nutrients (0 kcal, all nutrients at or near 0), but all Japanese candidates are either alcoholic beverages or sweetened drinks with significant caloric/nutrient content; no nutritionally equivalent match exists in the table",,Beverages
high,174160,"Beverages, chocolate-flavor beverage mix for milk, powder, with added nutrients, prepared with whole milk",False,True,"US chocolate milk beverage mix prepared with whole milk has no equivalent in the provided Japanese food composition table; the closest candidate (entry 5, coffee beverage with milk) has vastly different nutrient profile (38 kcal vs 89 kcal, minimal protein/fat/carbs) and all other entries are alcoholic beverages or plain teas",,Beverages
high,174165,"Beverages, V8 SPLASH Juice Drinks, Mango Peach",False,True,V8 SPLASH is a sweetened fruit juice beverage with low carbs (8.23g) and moderate calories (138kcal); all candidates are either alcoholic beverages or non-fruit drinks with mismatched nutritional profiles; no suitable Japanese non-alcoholic fruit juice drink candidate exists in the table,,Beverages
high,174167,"Beverages, V8 SPLASH Juice Drinks, Orchard Blend",False,True,"V8 SPLASH is a sweetened fruit juice beverage with minimal carbs (7.82g) and added vitamin C, completely non-alcoholic; all Japanese candidates are either alcoholic beverages or unrelated beverages (sports drink, tea); no nutritional or conceptual match exists in the provided table",,Beverages
high,174169,"Beverages, V8 V-FUSION Juices, Tropical",False,True,"V8 V-FUSION is a fruit-vegetable juice beverage with carbs and vitamins; all candidates are alcoholic beverages with fundamentally different composition (no carbs, no vitamins, high alcohol content). No suitable match exists in the provided Japanese food composition table.",,Beverages
high,174170,"Beverages, V8 V- FUSION Juices, Acai Berry",False,True,"V8 V-Fusion is a fruit juice beverage with specific nutrient profile (187kcal, 11g carbs, vitamins/minerals); all candidates are alcoholic beverages or tea with fundamentally different compositions - no nutritional or conceptual match exists",,Beverages
high,174171,"Beverages, Energy drink, AMP",False,True,"AMP is a modern energy drink with high carbs (12.1g), significant B vitamins (B1, B2, B12), and low alcohol content - fundamentally different from alcoholic beverages and traditional Japanese drinks in the table; no nutritionally or conceptually equivalent Japanese food entry exists",,Beverages
high,174172,"Beverages, Energy drink, FULL THROTTLE",False,True,"Full Throttle is a modern energy drink (carbonated, caffeinated beverage with added vitamins/minerals) with no equivalent in Japanese alcohol-only beverage table; all candidates are alcoholic drinks fundamentally different in composition and purpose",,Beverages
high,174173,"Beverages, Vegetable and fruit juice drink, reduced calorie, with low-calorie sweetener, added vitamin C",False,True,"US item is a reduced-calorie fruit/vegetable juice drink with added vitamin C and low-calorie sweetener (17 kcal, 1.1g carbs, 25.1mg vitamin C); no Japanese beverage candidate matches this specific formulation - candidates are either plain tea infusions (<5 kcal), sugary drinks (41-75 kcal), or alcoholic beverages, lacking the nutritional profile of fortified reduced-calorie juice drinks",,Beverages
high,174174,"Beverages, milk beverage, reduced fat, flavored and sweetened, Ready-to-drink,  added calcium, vitamin A and vitamin D",False,True,"US reduced-fat flavored milk beverage with added calcium, vitamin A, and D is a modern processed dairy beverage with no equivalent in the Japanese table, which contains only alcoholic beverages and traditional drinks; the nutrient profile (fortified milk composition) does not match any candidates",,Beverages
high,174175,"Beverages, vegetable and fruit juice blend, 100% juice, with added vitamins A, C, E",False,True,"US item is a non-alcoholic fruit/vegetable juice blend with vitamins; all Japanese candidates are alcoholic beverages with completely different nutrient profiles (high alcohol content, no carbohydrates, no vitamins) - no suitable match exists",,Beverages
high,174176,"Beverages, fruit juice drink, reduced sugar, with vitamin E added",False,True,"US reduced-sugar fruit juice drink with vitamin E is a modern functional beverage with no equivalent in Japanese alcohol-focused composition table; all candidates are alcoholic beverages, making this a categorical mismatch",,Beverages
high,174179,"Beverages, Fruit flavored drink, less than 3% juice, not fortified with vitamin C",False,True,"US fruit-flavored drink (<3% juice, non-fortified) is a mass-market sweetened beverage with no equivalent in Japanese food table; all candidates are alcoholic beverages or traditional Japanese drinks, not comparable to this modern processed soft drink product",,Beverages
high,174181,"Beverages, nutritional shake mix, high protein, powder",False,True,"High-protein nutritional shake mix powder (1640 kcal/100g, 53.6g protein) has no equivalent in Japanese food composition table; all candidates are beverages, alcoholic drinks, or tea infusions with vastly different nutrient profiles and intended use",,Beverages
high,174183,"Fish, anchovy, european, canned in oil, drained solids",False,True,"Canned anchovy in oil (drained) requires an oily preserved fish entry; Japanese table lacks direct anchovy equivalent and all candidates are either fresh fish, different species, or processed products with substantially different fat/salt profiles than the high-fat (9.71g), high-salt (9.32g) US item.",,Finfish and Shellfish Products
high,174214,"Mollusks, clam, mixed species, raw",False,True,"US clam (raw, mixed species) has high energy (360kcal) and B12 (11.3μg) inconsistent with all Japanese shellfish candidates which are much lower in calories (54-94kcal); likely data error in US source or no direct nutritional match exists in Japanese table",,Finfish and Shellfish Products
high,174217,"Mollusks, mussel, blue, cooked, moist heat",False,True,"Blue mussels (cooked) are a specific mollusk with no direct equivalent in the Japanese composition table; available candidates are either fish (いわし、さば、たら) or other shellfish (はまぐり、ほたてがい) with significantly different nutrient profiles, particularly carbohydrate content (7.39g vs 0.1-2.9g in candidates)",,Finfish and Shellfish Products
high,174218,"Mollusks, octopus, common, raw",False,True,"US item is raw common octopus (tako); Japanese table lacks raw tako/octopus entry - only processed squid (ika) variants available, making direct nutritional and conceptual match impossible",,Finfish and Shellfish Products
high,174221,"Mollusks, scallop, mixed species, cooked, breaded and fried",False,True,"Breaded and fried scallop (902 kcal, high carbs from breading) has no close match; closest candidates are fish tempura/fried entries (195-282 kcal) with much lower energy and carbs, and shellfish tempura (194 kcal) which are all significantly nutritionally different from the US item's high caloric and carbohydrate profile",,Finfish and Shellfish Products
high,174249,"Mollusks, octopus, common, cooked, moist heat",False,True,"Cooked octopus (たこ) is not represented in the Japanese composition table candidates; the table includes いか類 (squid) but lacks たこ (octopus) entries, making it impossible to match despite octopus being a known Japanese food",,Finfish and Shellfish Products
high,174258,"Noodles, chinese, cellophane or long rice (mung beans), dehydrated",False,True,"Cellophane noodles (mung bean starch noodles) are a starch-based pasta product, not a legume product; all Japanese candidates are processed legume foods (bean pastes, cooked beans, fermented products) with 200-400 kcal and high protein, making them nutritionally and conceptually mismatched with this 1470 kcal, 0.16g protein starch noodle",,Legumes and Legume Products
high,174262,"Peanuts, all types, dry-roasted, with salt",False,True,"Peanuts are not native to Japan and no Japanese composition table entry exists for roasted peanuts; all candidates are soy-based or other legumes with fundamentally different nutrient profiles (lower fat, different carb/protein ratios)",,Legumes and Legume Products
high,174263,"Peanuts, spanish, raw",False,True,"Spanish peanuts are a specific legume crop with distinctive nutrient profile (2390 kcal, 49.6g fat); Japanese table contains only soybeans and other legumes but lacks peanut entries, and no candidate matches the high energy density and fat content characteristic of raw peanuts",,Legumes and Legume Products
high,174265,"Peanut butter, chunk style, with salt",False,True,"Peanut butter is a processed peanut spread product with high fat content (49.9g) and added salt (1.234g) that has no direct equivalent in the Japanese food composition table; all candidates are either whole legumes, legume powders (kinako), or tofu products with fundamentally different processing and nutritional profiles",,Legumes and Legume Products
high,174266,"Peanut butter, smooth style, with salt (Includes foods for USDA's Food Distribution Program)",False,True,"Peanut butter is a processed peanut paste product with no direct Japanese equivalent in the table; closest candidates (soybean products) have significantly different nutrient profiles (lower fat/energy, different macronutrient ratios) and are fundamentally different foods",,Legumes and Legume Products
high,174277,Soy sauce made from soy and wheat (shoyu),False,True,"Soy sauce (shoyu) is a fermented liquid condiment, not a solid soy product; none of the candidates (tofu, miso, natto, yuba) match the composition or physical form of soy sauce, which should have its own entry in Japanese food tables but is not provided in this list",,Legumes and Legume Products
high,174278,Soy sauce made from soy (tamari),False,True,"Tamari soy sauce is a fermented liquid condiment (shoyu/醤油), not a solid soy product; no Japanese food composition table entry exists for soy sauce, only soy-based solid foods like miso, tofu, and natto",,Legumes and Legume Products
high,174279,Soy sauce made from hydrolyzed vegetable protein,False,True,Soy sauce from hydrolyzed vegetable protein is a highly processed condiment with 17.3g salt/100g and specific amino acid profile; no Japanese table entry matches this specific product category or extreme salt concentration - closest miso entries have only 4.8-5.1g salt and different nutrient profiles,,Legumes and Legume Products
high,174291,"Tofu, hard, prepared with nigari",False,True,"US item lists 609 kcal/100g (appears to be dry matter basis), but 'hard tofu prepared with nigari' as a prepared food should match nigari tofu (~70-80 kcal/100g fresh). The nutrient profile is inconsistent with actual prepared tofu; no candidate matches this anomalous energy value, suggesting data error or non-standard preparation in source.",,Legumes and Legume Products
high,174298,"Refried beans, canned, traditional, reduced sodium",False,True,"Refried beans (pinto beans mashed with fat/oil) is a distinctly Mexican-American preparation with no Japanese culinary equivalent; Japanese bean products are either whole beans, tofu derivatives, or bean pastes, none matching the specific composition of canned refried beans",,Legumes and Legume Products
high,174322,"Lamb, rib, separable lean and fat, trimmed to 1/4"" fat, choice, cooked, broiled",False,True,"US lamb rib is a distinctly different meat type from all Japanese candidates (beef, pork, whale); no Japanese lamb entries exist in the table, and nutrient profile (1510 kcal, 22.1g protein, 29.6g fat) cannot be adequately matched by beef/pork alternatives which have fundamentally different compositional ratios",,"Lamb, Veal, and Game Products"
high,174350,"Lamb, variety meats and by-products, brain, cooked, pan-fried",False,True,"Lamb brain (cooked, pan-fried) has no direct match in Japanese table; closest candidates are beef offal organs but lamb brain's distinctive high energy (273kcal), fat (22.2g), and notably high B12 (24.1μg) and VitC (23mg) profile don't align with any listed beef/pork organ entries which are either much lower in energy or have different nutrient signatures",,"Lamb, Veal, and Game Products"
high,174351,"Veal, variety meats and by-products, brain, raw",False,True,"Veal brain (raw) has no direct Japanese composition table entry; closest candidates are other organ meats but none match brain's unique nutrient profile (high B12=12.2μg, moderate fat=8.21g, low protein=10.3g for organ meat)",,"Lamb, Veal, and Game Products"
high,174352,"Veal, variety meats and by-products, brain, cooked, braised",False,True,"Veal brain (cooked, braised) is a specific organ meat preparation not present in Japanese food composition table; closest candidates are beef organs but none match brain's distinctive nutrient profile (particularly high B12 at 9.65μg, moderate protein at 11.5g, and moderate fat at 9.63g for a braised preparation)",,"Lamb, Veal, and Game Products"
high,174353,"Veal, variety meats and by-products, brain, cooked, pan-fried",False,True,"Brain (脳) is not represented in the Japanese food composition table candidates; the table lacks brain entries for any animal type, making a nutritional match impossible despite veal brain being a legitimate food item.",,"Lamb, Veal, and Game Products"
high,174359,"Lamb, variety meats and by-products, lungs, raw",False,True,"Lamb lungs are organ meat (副生物) with distinctive nutrient profile (high protein 16.7g, very high iron 6.4mg, high vitamin C 31mg); no Japanese candidate matches organ meat from lamb/sheep species - closest candidates are beef/pork organs or lamb muscle meat, neither appropriate for organ meat matching",,"Lamb, Veal, and Game Products"
high,174361,"Veal, variety meats and by-products, lungs, raw",False,True,Veal lungs (raw organ meat) have a unique nutrient profile with notably high vitamin C (39.0mg) and moderate protein that doesn't match any Japanese livestock organ candidates; Japanese table lacks veal/calf organ entries and available organ meats show different nutritional patterns,,"Lamb, Veal, and Game Products"
high,174362,"Veal, variety meats and by-products, pancreas, raw",False,True,"Veal pancreas (sweetbread) has no direct equivalent in Japanese food composition table; closest organ meats (kidney, heart, tongue) differ significantly in nutrient profile, particularly energy (182 vs 96-128 kcal) and fat content (13.1g vs 3.3-6.2g)",,"Lamb, Veal, and Game Products"
high,174363,"Veal, variety meats and by-products, pancreas, cooked, braised",False,True,"Veal pancreas (braised) has no direct equivalent in Japanese composition table; closest candidates are beef offal organs but none match pancreas specifically, and nutrient profile (256kcal, 29.1g protein, 14.6g fat) doesn't align well with available beef organ entries which are either much lower in energy/protein or higher in fat",,"Lamb, Veal, and Game Products"
high,174364,"Lamb, variety meats and by-products, spleen, raw",False,True,"Lamb spleen (raw organ meat) has no direct match in Japanese table; closest candidates are beef/pork organs but lack the specific iron content (41.9mg) and vitamin C (23.0mg) characteristic of spleen, making this a unique nutritional profile with no adequate equivalent",,"Lamb, Veal, and Game Products"
high,174365,"Lamb, variety meats and by-products, spleen, cooked, braised",False,True,"Lamb spleen (braised) is a variety meat with high iron (38.7mg) and vitamin B12 (5.29μg) not represented in Japanese table; closest candidates are beef variety meats but lack iron/B12 enrichment typical of spleen, and no lamb variety meat entries exist",,"Lamb, Veal, and Game Products"
high,174370,"Lamb, ground, raw",False,True,"Ground lamb raw (1180 kcal, 16.6g protein, 23.4g fat) has no equivalent in Japanese composition table which contains only cuts of beef, pork, whale, and cooked preparations; lamb is not a common meat in Japanese cuisine",,"Lamb, Veal, and Game Products"
high,174422,"Game meat, bison, ground, cooked, pan-broiled",False,True,"Ground bison (996 kcal, 23.8g protein, 15.1g fat) is a uniquely American game meat with nutritional profile significantly higher in energy and lower in fat than all Japanese beef candidates, which are mostly 300-575 kcal with 25-58g fat; bison has no traditional Japanese equivalent in the composition table",,"Lamb, Veal, and Game Products"
high,174423,"Game meat , bison, top sirloin, separable lean only, 1"" steak, cooked, broiled",False,True,"Bison is a North American game meat with nutritional profile (714 kcal, 28g protein, 5.65g fat) significantly exceeding all Japanese beef and lamb candidates; no Japanese game meat equivalent exists in the table",,"Lamb, Veal, and Game Products"
high,174435,"Lamb, New Zealand, imported, subcutaneous fat, raw",False,True,"US lamb subcutaneous fat (2940 kcal, 76.2g fat per 100g) is distinctly different from all Japanese candidates which are beef/pork fat with 580-759 kcal range; lamb fat has unique composition and higher energy density not represented in Japanese table",,"Lamb, Veal, and Game Products"
high,174436,"Lamb, New Zealand, imported, brains, cooked, soaked and fried",False,True,"Brain (脳) is not represented in the Japanese food composition table candidates; closest options are other organ meats (heart, tongue, stomach) but none match the nutritional profile of cooked, fried lamb brain with its characteristic high fat (10.9g) and moderate protein (14.0g) composition",,"Lamb, Veal, and Game Products"
high,174437,"Lamb, New Zealand, imported, brains, raw",False,True,"Lamb brain is a specific organ meat with unique nutritional profile (492 kcal, 11.3g protein, 8.03g fat); no Japanese composition table entry for lamb/sheep brain exists, and closest candidates (beef organs) have significantly different energy and nutrient values that don't match the high caloric density characteristic of brain tissue",,"Lamb, Veal, and Game Products"
high,174446,"Lamb, New Zealand, imported, sweetbread, raw",False,True,"Lamb sweetbread (thymus gland) is a specific organ meat with unique composition; Japanese table lacks lamb offal entries, only beef/pork/poultry organs available, making nutritional matching unreliable",,"Lamb, Veal, and Game Products"
high,174448,"Lamb, New Zealand, imported, tunnel-boned leg, chump off, shank off, separable lean only, raw",False,True,"US item is lean-only lamb (4.09g fat, 504kcal) while all Japanese candidates are either fattier cuts (23-28g fat) or different meats (beef, wild boar); no nutritionally equivalent lean lamb entry exists in the table",,"Lamb, Veal, and Game Products"
high,174461,"Lamb, New Zealand, imported, loin chop, separable lean and fat, cooked, fast fried",False,True,"Lamb loin chop (separable lean and fat, fast fried) has no equivalent in the Japanese food composition table which contains only beef, pork, and whale; the nutrient profile (1390 kcal, 21.5g protein, 27.1g fat) is substantially higher in energy and fat than all candidates due to frying preparation method and lamb's distinct composition",,"Lamb, Veal, and Game Products"
high,174464,"Lamb, New Zealand, imported, netted shoulder, rolled, boneless, separable lean and fat, raw",False,True,"US item is raw lamb (New Zealand imported); all Japanese candidates are beef (牛), pork (豚), or whale (くじら) - no lamb entries exist in the table, and nutrient profile (raw, 1050kcal, 16.9g protein, 20.4g fat) doesn't match cooked beef cuts which are substantially different in composition",,"Lamb, Veal, and Game Products"
high,174467,"Duck, domesticated, liver, raw",False,True,"Duck liver (waterfowl organ meat) has no direct Japanese composition table entry; closest candidates are other liver/organ meats from different species (pork, beef, chicken) but duck's distinctive nutrient profile (high VitA at 12000μg, very high Fe at 30.5mg, lower fat at 4.64g) doesn't match available poultry or livestock organ entries sufficiently for confident matching",,Poultry Products
high,174477,"Emu, fan fillet, cooked, broiled",False,True,"Emu is a non-traditional poultry unique to Australia with no Japanese food composition table equivalent; closest candidates are beef/lamb/rabbit entries with significantly different nutrient profiles (lower energy, higher fat, or vastly different protein-to-fat ratios)",,Poultry Products
high,174478,"Emu, flat fillet, raw",False,True,"Emu is a unique flightless bird from Australia with distinctive nutrient profile (425kcal, 22.2g protein, 0.74g fat) that doesn't match any Japanese livestock or poultry entries; closest candidates (duck, rabbit, horse) are significantly lower in energy and have different fat profiles, making emu a food without Japanese composition table equivalent",,Poultry Products
high,174480,"Emu, top loin, cooked, broiled",False,True,"Emu is a non-traditional game bird unique to Australian/American cuisine with no Japanese poultry equivalent; nutrient profile (152kcal, 29.1g protein, 3.13g fat) exceeds all candidates which are either lower energy or higher fat content, indicating a specialized meat type not represented in Japanese composition tables",,Poultry Products
high,174482,"Ostrich, ground, cooked, pan-broiled",False,True,"Ostrich is a non-traditional poultry with unique lean meat profile (734kcal, 26.2g protein, 7.07g fat) that significantly differs from all Japanese table entries which are beef/lamb organ meats or cuts with much higher fat content; no Japanese poultry equivalent exists for this specific bird species.",,Poultry Products
high,174487,"Ostrich, oyster, raw",False,True,"Ostrich oyster (muscle cut) is a poultry product with unique nutrient profile (524kcal, 21.6g protein, 3.67g fat, raw state) that doesn't match Japanese beef/lamb/pork entries which are all significantly lower in energy and higher in fat, and Japanese food table lacks poultry muscle cuts or ostrich entries",,Poultry Products
high,174489,"Ostrich, top loin, raw",False,True,"Ostrich is a game bird with very lean profile (2.95g fat, 21.7g protein, 498kcal raw) distinctly different from all candidates which are beef, lamb, rabbit, or wild boar - no poultry/game bird entries exist in the Japanese table to match ostrich's nutritional composition",,Poultry Products
high,174491,"Chicken, liver, all classes, cooked, pan-fried",False,True,"US item is cooked chicken liver (pan-fried); Japanese table lacks chicken liver entries—all candidates are either raw organ meats from other animals (pork, beef, horse) or cooked poultry parts (heart, game birds) with substantially different nutrient profiles, making direct matching impossible",,Poultry Products
high,174492,"Turkey, ground, 93% lean, 7% fat, patties, broiled",False,True,Ground turkey (poultry) cannot be matched to beef/lamb (畜肉) entries; Japanese table lacks poultry ground meat products with comparable nutrient profile,,Poultry Products
high,174493,"Turkey, ground, 85% lean, 15% fat, raw",False,True,"Ground turkey (poultry, raw, 85% lean) has no equivalent in the provided Japanese composition table which contains only beef, lamb, pork processed products, and whale; poultry entries are absent",,Poultry Products
high,174494,"Turkey, ground, 85% lean, 15% fat, pan-broiled crumbles",False,True,"Ground turkey (poultry) has no equivalent in the Japanese table which contains only cattle, sheep, wild boar, and chicken cuts; the closest chicken entry (17) is roasted thigh with skin at 220kcal/26.3g protein, but differs significantly in fat content (12.7g vs 17.4g) and cooking method, making it an inadequate match for ground pan-broiled turkey",,Poultry Products
high,174495,"Turkey, ground, 85% lean, 15% fat, patties, broiled",False,True,"Ground turkey (poultry) has fundamentally different nutrient profile from all beef/pork candidates; Japanese table lacks poultry ground meat entries, making true equivalent unavailable",,Poultry Products
high,174498,"Chicken, broilers or fryers, dark meat, thigh, meat and skin, cooked, braised",False,True,"US item is braised chicken thigh with skin (959kcal, 22.6g protein, 15.4g fat); Japanese candidates are all beef, pork, lamb, whale, or duck cuts with higher fat/energy profiles (380-577kcal range) and lower protein, with no poultry dark meat equivalent in the provided table",,Poultry Products
high,174501,"Chicken, skin (drumsticks and thighs), with added solution, cooked, braised",False,True,"US item is braised chicken skin (poultry, cooked) with high protein (12.3g) and moderate fat (38.9g); all candidates are raw beef/pork fat cuts (5-83% fat, 3.6-7.1g protein) - no poultry entries exist in Japanese table and cooked vs raw composition differs fundamentally",,Poultry Products
high,174502,"Chicken, skin (drumsticks and thighs), with added solution, raw",False,True,"US item is chicken skin with added solution (high protein 11.1g, moderate fat 37.9g); all candidates are beef/pork/whale fat cuts (protein 3.6-9.7g, fat 52.4-83.0g) - fundamentally different meat type and composition with no acceptable match",,Poultry Products
high,174507,"Turkey, dark meat from whole, meat only, with added solution, raw",False,True,"Turkey dark meat with added solution (injected/brined) has no direct match in Japanese food composition table which only contains beef, lamb, wild boar, and chicken products without injectable solutions; energy (479kcal) and protein (19.3g) are substantially higher than all beef/lamb candidates, indicating different meat type and processing method",,Poultry Products
high,174509,"Turkey, dark meat from whole, meat and skin, with added solution, raw",False,True,"Turkey dark meat with added solution (raw poultry product) has no equivalent in Japanese composition table which contains only beef, pork, lamb, and whale; all candidates are land mammals or whale, not poultry",,Poultry Products
high,174511,"Turkey from whole, light meat, meat and skin, with added solution, raw",False,True,"Turkey light meat raw with added solution (615 kcal, 20.0g protein, 7.42g fat) has significantly higher energy and fat content than all poultry candidates; no Japanese table entry for raw turkey with injected broth exists",,Poultry Products
high,174513,"Turkey, retail parts, breast, meat only, with added solution, raw",False,True,"US turkey breast with added solution (463 kcal, 22.0g protein, 2.53g fat) has no nutritionally comparable match; Japanese table lacks turkey entries and all chicken candidates show significantly lower energy (171-307 kcal) and higher fat content relative to protein, inconsistent with the lean, solution-enhanced turkey product",,Poultry Products
high,174522,"Soup, chicken mushroom, canned, condensed",False,True,"Canned condensed chicken mushroom soup is a complete ready-to-eat soup product with substantial protein, fat, carbs, and fiber content; Japanese candidates are only condiments, sauces, and broths lacking the nutritional complexity and food category equivalence of a Western canned soup",,"Soups, Sauces, and Gravies"
high,174526,"Sauce, homemade, white, thick",False,True,Homemade white thick sauce (béchamel-style) has high energy (778kcal) and moderate fat (13.8g) typical of flour-butter-milk bases; no Japanese table entry matches this dairy-based roux sauce profile - closest candidates are dressings/condiments with different compositions and purposes,,"Soups, Sauces, and Gravies"
high,174529,"Sauce, oyster, ready-to-serve",False,True,"Oyster sauce is a Chinese condiment with no direct Japanese equivalent; all candidates are Japanese sauces/seasonings with significantly different nutrient profiles (lower energy, different carb/protein ratios) and culinary applications",,"Soups, Sauces, and Gravies"
high,174530,"Soup, minestrone, canned, reduced sodium, ready-to-serve",False,True,"Minestrone soup is a complete vegetable-based soup (not a condiment/seasoning), with moderate energy, low protein/fat, and significant carbs/fiber; no Japanese soup candidates provided in table which contains only condiments, sauces, and dashi broths",,"Soups, Sauces, and Gravies"
high,174532,"Soup, shark fin, restaurant-prepared",False,True,"Shark fin soup is a specialized Chinese delicacy with unique culinary and cultural significance; no Japanese soup or broth candidate matches its specific protein composition, fat profile, or conceptual nature—all candidates are either pure condiments, broths, sauces, or vinegars fundamentally different from prepared soup.",,"Soups, Sauces, and Gravies"
high,174533,"Soup, bean & ham, canned, reduced sodium, prepared with water or ready-to-serve",False,True,"Bean and ham soup is a complete prepared dish with substantial protein, fiber, and carbohydrates; all Japanese candidates are condiments/sauces/dashi stocks with minimal nutritional profiles, making none conceptually or nutritionally appropriate for this ready-to-eat soup",,"Soups, Sauces, and Gravies"
high,174534,"Split pea soup, canned, reduced sodium, prepared with water or ready-to serve",False,True,"Split pea soup is a legume-based soup with substantial protein (3.85g), carbs (11.8g), and fiber (1.9g) per 100g; all Japanese candidates are condiments/seasonings with negligible nutritional content, none represent actual soup dishes",,"Soups, Sauces, and Gravies"
high,174535,"Split pea with ham soup, canned, reduced sodium, prepared with water or ready-to-serve",False,True,"Split pea soup is a substantial prepared dish (68 kcal, 4g protein, 11.4g carbs per 100g) fundamentally different from Japanese condiments/broths/sauces in the table; no equivalent exists in Japanese food composition database",,"Soups, Sauces, and Gravies"
high,174538,"Soup, vegetable, canned, low sodium, condensed",False,True,"Canned vegetable soup is a prepared ready-to-eat dish with substantial carbs (12.1g) and fiber (2.1g) from vegetables, fundamentally different from Japanese condiment/sauce/broth entries which are all concentrated seasonings or flavor bases with minimal carbohydrates and fiber",,"Soups, Sauces, and Gravies"
high,174539,"Soup, clam chowder, new england, canned, prepared with equal volume low fat (2%) milk",False,True,"New England clam chowder is a creamy soup with seafood and dairy (prepared with milk), fundamentally different from all Japanese condiments/sauces listed; no Japanese soup equivalent in the table candidates",,"Soups, Sauces, and Gravies"
high,174544,"Sauce, barbecue, KRAFT, original",False,True,"KRAFT barbecue sauce is a distinctly American processed condiment with high energy density (718 kcal) and high carbs (40.8g) that doesn't match any Japanese sauce profile; closest candidates (焼き肉のたれ, お好み焼きソース) are 4-5x lower in energy and have different nutrient ratios, indicating fundamentally different formulations",,"Soups, Sauces, and Gravies"
high,174545,"Soup, HEALTHY CHOICE Chicken Noodle Soup, canned",False,True,"Canned chicken noodle soup is a complete dish (soup with noodles and chicken), but all candidates are condiments/sauces/broths with fundamentally different composition and use; no Japanese food composition table entry exists for ready-to-eat canned soups",,"Soups, Sauces, and Gravies"
high,174546,"Soup, tomato, canned, prepared with equal volume low fat (2%) milk",False,True,"Canned tomato soup prepared with milk is a prepared dish with significant protein, fat, and carbohydrates from milk addition; all Japanese candidates are condiments/sauces/dashi with negligible nutrients, lacking the nutritional profile of a milk-based soup",,"Soups, Sauces, and Gravies"
high,174547,"CAMPBELL'S, Tomato Soup, condensed",False,True,Campbell's condensed tomato soup is a ready-to-eat soup product fundamentally different from Japanese condiment/sauce entries; no Japanese soup equivalent exists in the provided table which only contains seasonings and condiments,,"Soups, Sauces, and Gravies"
high,174548,"CAMPBELL'S CHUNKY, Classic Chicken Noodle Soup",False,True,"Campbell's Chunky soup is a ready-to-eat Western-style soup with chicken and noodles; all Japanese candidates are condiments/sauces/broths with fundamentally different food categories and usage patterns, making direct matching inappropriate",,"Soups, Sauces, and Gravies"
high,174549,"Soup, cream of asparagus, canned, prepared with equal volume water",False,True,"Cream of asparagus soup is a prepared dish (soup category) with vegetable base, but all Japanese candidates are condiments/seasonings/sauces with vastly different nutrient profiles and intended use; no suitable match exists in the condiment-only table",,"Soups, Sauces, and Gravies"
high,174552,"CAMPBELL'S CHUNKY, Hearty Beef Barley Soup",False,True,"Campbell's Chunky Beef Barley Soup is a ready-to-eat soup product with meat, vegetables, and barley; all candidates are concentrated condiments/sauces/seasonings with fundamentally different nutrient profiles and food purpose - no appropriate match exists in the Japanese condiment-focused table",,"Soups, Sauces, and Gravies"
high,174554,"Soup, clam chowder, manhattan, canned, prepared with equal volume water",False,True,"Manhattan clam chowder is a tomato-based American soup with clams and vegetables; no Japanese equivalent exists in the provided table (all candidates are condiments/sauces/dashi, not soups with clams)",,"Soups, Sauces, and Gravies"
high,174555,"Soup, clam chowder, new england, canned, prepared with equal volume water",False,True,"New England clam chowder is a creamy soup with clams and potatoes; Japanese table contains only condiments/sauces/dashi with no ready-to-eat soup entries, and none match the savory soup profile (higher protein, lower carbs than candidates offered)",,"Soups, Sauces, and Gravies"
high,174556,"CAMPBELL'S CHUNKY, New England Clam Chowder",False,True,"Campbell's Chunky New England Clam Chowder is a ready-to-eat soup product with specific seafood ingredients (clams, potatoes, celery) that has no equivalent in the Japanese composition table, which only contains condiments, sauces, and broths—not prepared soup dishes",,"Soups, Sauces, and Gravies"
high,174558,"Soup, mushroom with beef stock, canned, prepared with equal volume water",False,True,"US canned mushroom beef soup is a prepared ready-to-eat soup product; Japanese candidates are all condiments/seasonings/dashi broths, not ready-to-eat soups, making this a food category mismatch with no appropriate equivalent in the table",,"Soups, Sauces, and Gravies"
high,174559,"Soup, cream of onion, canned, prepared with equal volume water",False,True,"Cream of onion soup is a prepared ready-to-eat dish (soup category), not a condiment/sauce/seasoning; all candidates are seasonings, sauces, or dashi broths with fundamentally different food concepts and energy profiles too low for a soup item",,"Soups, Sauces, and Gravies"
high,174560,"Soup, oyster stew, canned, prepared with equal volume water",False,True,"Oyster stew is a prepared soup dish with shellfish and cream/butter base; Japanese table contains only condiments and seasonings, no prepared soups or shellfish-based dishes to match the complete food item",,"Soups, Sauces, and Gravies"
high,174561,"Soup, pea, green, canned, prepared with equal volume water",False,True,"US canned pea soup (prepared ready-to-eat dish) has no equivalent in Japanese condiment/sauce table; all candidates are seasonings/sauces/dressings, not soups",,"Soups, Sauces, and Gravies"
high,174562,"Soup, turkey noodle, canned, prepared with equal volume water",False,True,"Canned turkey noodle soup is a prepared dish (soup with noodles, turkey, and broth) that doesn't match Japanese condiment/sauce/dashi entries; no soup products in the table, only seasonings and broths",,"Soups, Sauces, and Gravies"
high,174563,"Soup, turkey vegetable, canned, prepared with equal volume water",False,True,"Canned turkey vegetable soup is a prepared ready-to-eat soup product with meat and vegetables; all Japanese candidates are condiments, sauces, broths, or vinegars - none represent a complete soup category that exists in the Japanese composition table",,"Soups, Sauces, and Gravies"
high,174564,"Soup, vegetarian vegetable, canned, prepared with equal volume water",False,True,"Vegetable soup is a common food globally, but the Japanese table only contains condiments/seasonings and dashi broths, not prepared soups; no nutritionally comparable entry exists",,"Soups, Sauces, and Gravies"
high,174565,"Soup, vegetable beef, canned, prepared with equal volume water",False,True,"Canned vegetable beef soup is a prepared composite dish with meat, vegetables, and broth that doesn't match Japanese condiment/sauce/dashi entries; no Japanese soup equivalent exists in the provided table",,"Soups, Sauces, and Gravies"
high,174568,"Soup, onion, dry, mix, prepared with water",False,True,"Onion soup mix is a prepared soup product with vegetable solids and seasonings; all Japanese candidates are condiments/broths/sauces with energy 0-99kcal but lack the vegetable content and carbohydrate profile (2.77g) typical of actual soup products, making no nutritional or conceptual match.",,"Soups, Sauces, and Gravies"
high,174569,"Soup, tomato, dry, mix, prepared with water",False,True,"Tomato soup dry mix is a prepared soup product with significant carbohydrates (7.17g) and moderate energy (38kcal/100g); all Japanese candidates are either minimal-nutrient dashi broths, vinegars, or concentrated sauces with vastly different nutritional profiles and none represent a tomato-based soup equivalent",,"Soups, Sauces, and Gravies"
high,174570,"Roast beef, deli style, prepackaged, sliced",False,True,"Deli-style prepackaged roast beef has extremely high energy (482 kcal) and salt (2.167g) due to processing/curing, which is uncharacteristic of raw beef cuts in Japanese table; no Japanese processed beef product equivalent exists in candidates",,Sausages and Luncheon Meats
high,174579,"Sausage, pork and beef, fresh, cooked",False,True,"Fresh cooked pork-beef sausage (1660 kcal, 13.8g protein, 36.2g fat, 2.7g carbs, 2.36g salt) is a processed sausage product with no equivalent in Japanese composition table; all candidates are raw meat cuts with vastly different energy/nutrient profiles and lack the processed/seasoned nature of cooked sausage",,Sausages and Luncheon Meats
high,174582,"Salami, dry or hard, pork, beef",False,True,Salami is a cured/fermented processed sausage with high salt (4.47g) and specific spice profile; all candidates are raw meat cuts with negligible salt (0-0.1g) and lack the processed/cured nature that defines salami,,Sausages and Luncheon Meats
high,174585,"Sausage, smoked link sausage, pork and beef",False,True,"Smoked link sausage is a processed meat product with added spices, curing agents, and smoke flavoring that has no direct equivalent in Japanese food composition table; all candidates are raw meat cuts with vastly different nutrient profiles (lower protein 3.6-14.5g vs 12g, higher fat 54-83% vs 28.7%, no carbs/salt matching the processed sausage formulation)",,Sausages and Luncheon Meats
high,174586,"Sausage, Italian, pork, mild, cooked, pan-fried",False,True,"Italian pork sausage is a processed meat product with specific seasoning profile and higher protein (18.4g) that doesn't match any single raw meat cut in the Japanese table; all candidates are raw/cooked single meat cuts without the emulsification, spice blend, and carbohydrate content characteristic of sausage",,Sausages and Luncheon Meats
high,174589,"Oscar Mayer, Bologna (beef)",False,True,"Oscar Mayer Bologna is a highly processed cured/emulsified sausage product with added carbs (2.45g), salt (2.997g), and binders typical of American luncheon meats; Japanese candidates are all raw meat cuts with negligible carbs and salt, lacking processed sausage composition",,Sausages and Luncheon Meats
high,174590,"Oscar Mayer, Smokies Sausage Little Cheese (pork, turkey)",False,True,"Oscar Mayer Smokies is a highly processed American emulsified sausage product with cheese filling; Japanese table contains only raw/cooked muscle meat cuts with vastly different protein (13.5g vs 3.6-14.6g), carbohydrates (1.7g vs 0.0-0.2g), and salt profiles (2.642g vs 0.0-0.1g), with no processed sausage or cheese-filled meat product equivalent",,Sausages and Luncheon Meats
high,174591,"Oscar Mayer, Wieners (beef franks)",False,True,"Oscar Mayer wieners are highly processed emulsified sausages with added carbohydrates, salt, and binders; Japanese table contains only raw meat cuts with no processed sausage/frankfurter entries, making direct nutritional matching impossible and conceptually non-equivalent",,Sausages and Luncheon Meats
high,174595,"Bratwurst, veal, cooked",False,True,"Bratwurst is a German sausage with added seasonings and binders; all Japanese candidates are raw meat cuts lacking processed sausage characteristics, higher protein (14g vs 3-6g), and specific salt content (0.152g) from curing/seasoning that raw meat doesn't match",,Sausages and Luncheon Meats
high,174597,Roast beef spread,False,True,"Roast beef spread is a highly processed luncheon meat product with added binders, fillers, and emulsifiers not represented in Japanese composition table which contains only raw/cooked meat cuts; the 931kcal energy is significantly higher than any beef entry, suggesting substantial non-meat additives typical of American processed spreads",,Sausages and Luncheon Meats
high,174602,Bacon and beef sticks,False,True,"Bacon and beef sticks are processed cured meat products with high salt (3.6g) and protein (29.1g) that don't match any raw meat cuts in the Japanese table; the closest candidates are raw fatty meat cuts (600-760 kcal, 4-5g protein) which are fundamentally different in processing, composition, and nutritional profile from cured processed sticks",,Sausages and Luncheon Meats
high,174606,"Sausage, turkey, hot, smoked",False,True,"Smoked turkey sausage has distinctly lower fat (8.75g vs 24-34g in candidates), higher protein-to-fat ratio, and uniquely higher vitamin C (30.4mg) and carbs (4.65g); no Japanese sausage/processed meat entry matches this nutritional profile",,Sausages and Luncheon Meats
high,174608,"Chicken breast, roll, oven-roasted",False,True,"US item is chicken breast roll (processed/formed poultry product) with unusually high energy (562kcal) and salt (2.24g) for chicken, suggesting significant processing/additives; no Japanese candidate matches both the chicken breast base and the extreme nutrient profile - closest chicken options (5,6,10,11) are 200-240kcal and much lower salt, while processed meat options are pork-based sausages",,Sausages and Luncheon Meats
high,174610,"Bologna, pork, turkey and beef",False,True,"Bologna is a highly processed emulsified sausage with additives, carbs, and salt content (~2.7g/100g) that doesn't match any raw meat cuts in the Japanese table; the closest candidates are pure fat cuts with 650-700 kcal but lack the processed meat composition, protein level (11.6g), carbohydrates (6.66g), and high sodium characteristic of bologna",,Sausages and Luncheon Meats
high,174612,"Turkey, breast, smoked, lemon pepper flavor, 97% fat-free",False,True,"Smoked turkey breast (97% fat-free) has exceptionally high energy (398 kcal) relative to protein (20.9g) and minimal fat (0.69g), suggesting high carbohydrate/processing content inconsistent with all Japanese meat entries which show much lower energy-to-protein ratios; no Japanese processed poultry product matches this unusual nutritional profile",,Sausages and Luncheon Meats
high,174613,"Turkey, white, rotisserie, deli cut",False,True,"US rotisserie turkey deli cut (468kcal, 13.5g protein, 3.0g fat, 7.7g carb, 3.048g salt) has no nutritionally comparable Japanese match - the high energy and carbohydrate content with extremely low fat is atypical of Japanese meat entries, suggesting processing/binding agents not represented in the table",,Sausages and Luncheon Meats
high,174614,"Frankfurter, beef, heated",False,True,"Frankfurter is a processed sausage product with specific additives, binders, and curing agents; all candidates are raw meat cuts (脂身/fatty cuts) with vastly different nutritional profiles (lower energy, much lower protein, no carbs/salt). No Japanese processed sausage equivalent exists in this table.",,Sausages and Luncheon Meats
high,174615,"Frankfurter, meat, heated",False,True,"Frankfurter is a highly processed emulsified sausage with carbohydrates and additives; all candidates are raw or simply cooked muscle cuts with vastly different composition (higher fat%, lower protein%, no carbs), making none nutritionally comparable",,Sausages and Luncheon Meats
high,174616,"Sausage, breakfast sausage, beef, pre-cooked, unprepared",False,True,"Pre-cooked processed beef breakfast sausage with added carbohydrates (4.61g), high salt (2.296g), and specific additives/binders has no equivalent in Japanese composition table which only contains raw meat cuts; Japanese sausage entries would be needed for accurate matching",,Sausages and Luncheon Meats
high,174618,"Sausage, beef, fresh, cooked",False,True,"Fresh cooked beef sausage is a processed meat product with specific spice/binder additions and high salt content (2.065g) that doesn't match any Japanese composition table entries, which are all raw or simply cooked muscle cuts with minimal processing and low salt",,Sausages and Luncheon Meats
high,174619,"Cereals ready-to-eat, MALT-O-MEAL, COCO-ROOS",False,True,"Coco-Roos is a heavily fortified ready-to-eat chocolate breakfast cereal with 1630kcal/100g energy density and high added micronutrients (Fe=30mg, VitB1=1.25mg, VitB12=5μg) typical of American breakfast cereals; no Japanese grain product candidate matches this high-calorie density, fortification profile, or chocolate breakfast cereal concept",,Breakfast Cereals
high,174624,"Cereals, QUAKER, Instant Oatmeal, fruit and cream variety, dry",False,True,"Instant oatmeal with fruit and cream is a processed American breakfast product; no Japanese oat-based instant cereal equivalent exists in the table, and nutrient profile (379kcal, 8.3g protein, 75.4g carbs, 6.0g fiber) doesn't match any candidates well enough for confident matching.",,Breakfast Cereals
high,174627,"Cereals, QUAKER, Oat Bran, QUAKER/MOTHER'S Oat Bran, prepared with water, no salt",False,True,"Oat bran prepared with water is a whole grain cereal product not represented in Japanese composition table; closest candidates are rice porridges (おかゆ) which differ fundamentally in grain type, preparation method, and nutritional profile (lower protein 0.3-1.2g vs 2.03g, lower fiber content)",,Breakfast Cereals
high,174628,"Cereals ready-to-eat, Post, Waffle Crisp",False,True,"Waffle Crisp is a sweetened ready-to-eat breakfast cereal with high energy (1630 kcal/100g) and fortified micronutrients; Japanese table lacks ready-to-eat cereals, containing only instant noodles, flours, and whole grains with 1/3-1/2 the energy density",,Breakfast Cereals
high,174630,"Cereals, QUAKER, hominy grits, white, regular, dry",False,True,"Hominy grits (corn product prepared by alkali treatment) has no direct Japanese equivalent; closest candidates are corn flakes (different processing) or rice products (different grain), but none match the unique nutritional profile (1510kcal/100g dry, high energy density) and food concept of this specific American corn preparation",,Breakfast Cereals
high,174642,"Cereals ready-to-eat, MALT-O-MEAL, Honey BUZZERS",False,True,"Honey Buzzers is a fortified ready-to-eat breakfast cereal with high protein fortification (3.45g), elevated B vitamins, and micronutrient enhancement typical of US commercial cereals; Japanese table lacks ready-to-eat fortified cereal entries, only traditional grains and basic rice products without comparable fortification levels",,Breakfast Cereals
high,174643,"Cereals ready-to-eat, MALT-O-MEAL, GOLDEN PUFFS",False,True,"Ready-to-eat breakfast cereal (puffed grain product) with fortified vitamins and minerals has no direct equivalent in Japanese food composition table; closest candidates are unfortified grains or instant noodles which differ significantly in energy density, fortification profile, and food concept",,Breakfast Cereals
high,174646,"Cereals ready-to-eat, MALT-O-MEAL, CINNAMON TOASTERS",False,True,"Ready-to-eat breakfast cereal with cinnamon flavoring and added nutrients (fortified with vitamins/minerals) has no direct Japanese equivalent in the composition table; closest candidates are unfortified whole grains or instant noodles, which differ substantially in fortification profile and food category",,Breakfast Cereals
high,174647,"Cereals ready-to-eat, MALT-O-MEAL, Cocoa DYNO-BITES",False,True,"Ready-to-eat breakfast cereal (1660 kcal/100g) is a highly processed American convenience food with no direct Japanese equivalent in the table; all candidates are either instant noodles, rice products, or other traditional grains, none matching the energy density, fortification profile, or food category of ready-to-eat cocoa cereal",,Breakfast Cereals
high,174652,"Cereals ready-to-eat, QUAKER, Christmas Crunch",False,True,"Ready-to-eat breakfast cereal with fortification (1660kcal/100g, high Fe/Zn/B vitamins) has no match in Japanese composition table which lists only raw grains, flours, and unfortified products; closest candidates are 3-4x lower in energy density and lack the mineral/vitamin fortification profile of American breakfast cereals",,Breakfast Cereals
high,174656,"Incaparina, dry mix (corn and soy flours), unprepared",False,True,"Incaparina is a fortified corn-soy blend with 21.8g protein and high micronutrients (Fe=22.0mg, Zn=23.0mg, VitA=1770μg), a processed functional food unique to Central America; no Japanese table entry matches both the high protein content from soy fortification and the comprehensive micronutrient profile characteristic of this supplemental food product.",,Breakfast Cereals
high,174657,"Cereals ready-to-eat, QUAKER, CAP'N CRUNCH'S Halloween Crunch",False,True,"Cap'n Crunch is a highly processed American breakfast cereal with unique formulation (1680 kcal/100g, 85.1g carbs, fortified nutrients); Japanese table contains only traditional grains and basic cereal products with dramatically lower energy density (334-472 kcal/100g) and different nutrient profiles, making no conceptually or nutritionally equivalent match available",,Breakfast Cereals
high,174663,"Cereals ready-to-eat, POST, HONEY BUNCHES OF OATS, pecan bunches",False,True,"Ready-to-eat breakfast cereal with nuts is a distinctly American processed food category with no equivalent in Japanese food composition table; closest candidates are instant noodles and bread products which differ significantly in processing, purpose, and nutrient profile (especially fat content 5.4g vs 16-18g in noodles)",,Breakfast Cereals
high,174667,"Fruit cocktail, (peach and pineapple and pear and grape and cherry), canned, water pack, solids and liquids",False,True,"Mixed fruit cocktail (canned water pack with multiple fruits) has no direct equivalent in Japanese food composition table; closest candidates (peach, pear, apple entries) are either single fruits, dried/beverage forms, or higher energy syrup-packed canned fruits, none matching the dilute multi-fruit water-pack composition profile",,Fruits and Fruit Juices
high,174680,"Grapefruit juice, white, frozen concentrate, unsweetened, undiluted",False,True,"US item is frozen concentrated grapefruit juice (undiluted, 146kcal/100g), but Japanese table lacks citrus juice concentrates; available citrus entries are fresh juice/flesh with drastically lower energy (29-47kcal) and no concentrated juice products for proper matching",,Fruits and Fruit Juices
high,174711,"Beef, top loin petite roast/filet, boneless, separable lean and fat, trimmed to 1/8"" fat, all grades, raw",False,True,"US item is raw beef (784kcal/100g, 21.1g protein, 11.3g fat) while all Japanese candidates are cooked preparations (280-451kcal) with significantly different nutrient profiles; no raw beef loin entry exists in the Japanese table to match the raw preparation state and high caloric density",,Beef Products
high,174715,"Beef, New Zealand, imported, bolar blade, separable lean only, cooked, fast roasted",False,True,"US item has exceptionally high energy (808 kcal) and low fat (6.57g) for cooked beef, suggesting data error or unusual processing; no Japanese entry matches this anomalous nutrient profile (all cooked beef entries range 204-451 kcal with fat content proportional to energy)",,Beef Products
high,174728,"Beef, New Zealand, imported, variety meats and by-products liver, cooked, boiled",False,True,"US item is beef liver (cooked, boiled) with very high energy (629kcal), vitamin A (21000μg), and B12 (96μg); Japanese candidates lack beef liver entries and show much lower energy values (57-308kcal); closest conceptual match would be beef variety meats but no cooked beef liver exists in provided table",,Beef Products
high,174729,"Beef, New Zealand, imported, variety meats and by-products, liver, raw",False,True,"US item is beef liver (肝臓) but Japanese candidates lack beef liver entry; closest is pork liver (candidate 1) with mismatched animal source, and all beef offal options are non-liver organs or different cuts",,Beef Products
high,174730,"Beef, New Zealand, imported, manufacturing beef, cooked, boiled",False,True,US item has exceptionally high energy (528 kcal) and low fat (3.26g) inconsistent with all boiled beef candidates; energy level suggests lean manufacturing beef concentrate or processed product not represented in Japanese table,,Beef Products
high,174780,"Formulated bar, MARS SNACKFOOD US, SNICKERS MARATHON Chewy Chocolate Peanut Bar",False,True,"SNICKERS MARATHON is a high-protein formulated nutrition bar (24.3g protein, fortified with vitamins/minerals) with no Japanese equivalent; closest candidates are traditional confections/biscuits with fundamentally different nutrient profiles and purpose",,Snacks
high,174783,"Snacks, sweet potato chips, unsalted",False,True,"Sweet potato chips are a specific snack category with high fiber (8.8g) and high potassium (925mg) profile that don't match available Japanese entries; closest candidates (potato chips #17-18) lack carbohydrate data and have different nutritional profiles, while other entries are baked goods or confections fundamentally different from fried vegetable chips",,Snacks
high,174794,"Snacks, granola bar, KASHI TLC Bar, chewy, mixed flavors",False,True,"Granola bars are a distinctly American processed snack with high fiber content (11.4g) and specific health-focused composition that has no direct Japanese equivalent; closest candidates (biscuits, crackers) differ significantly in fiber, protein, and overall nutritional profile",,Snacks
high,174798,"Snacks, candy bits, yogurt covered with vitamin C",False,True,"Yogurt-covered candy bits with exceptionally high vitamin C (180mg) and specific micronutrient fortification profile have no equivalent in Japanese food composition table; closest candidates (chocolates, biscuits) are fundamentally different products lacking yogurt coating and targeted vitamin enrichment",,Snacks
high,174807,"Soup, egg drop, Chinese restaurant",False,True,"Egg drop soup is a complete soup dish with eggs, broth, and vegetables; all candidates are condiments/dashi/sauces, not soups. No nutritional or conceptual match exists in the Japanese table.",,"Soups, Sauces, and Gravies"
high,174808,"Soup, hot and sour, Chinese restaurant",False,True,"Hot and sour soup is a complete Chinese soup dish with protein, vegetables, and broth; all Japanese candidates are isolated condiments/sauces/broths with incompatible nutrient profiles and food category—no suitable match exists in the Japanese condiment table",,"Soups, Sauces, and Gravies"
high,174811,"Beverages, Whiskey sour mix, bottled",False,True,"Whiskey sour mix is a pre-made cocktail mixer (364kcal, 21.4g carbs, 0.259g salt) with no Japanese alcoholic beverage equivalent; Japanese candidates are either pure spirits (low carb) or traditional liqueurs, none matching the high carbohydrate profile of a sweetened citrus cocktail mix",,Beverages
high,174813,"Beverages, ABBOTT, EAS soy protein powder",False,True,"Soy protein powder is a concentrated nutritional supplement (1690 kcal/100g, 47.6g protein) with no equivalent in Japanese beverage table; candidates are all alcoholic drinks, tea infusions, or cocoa with vastly different nutrient profiles and purposes",,Beverages
high,174814,"Beverages, CYTOSPORT, Muscle Milk, ready-to-drink",False,True,"Muscle Milk is a high-protein nutritional beverage with added vitamins, minerals, and fortification with no equivalent in Japanese food composition table; closest candidates (sports drink, coffee beverages) lack protein content (5.87g) and micronutrient fortification profile",,Beverages
high,174820,"Beverages, almond milk, chocolate, ready-to-drink",False,True,"Chocolate almond milk is a plant-based beverage with specific nutrient fortification (calcium, vitamin D, B12) not represented in Japanese composition tables which lack plant-based milk alternatives; closest candidates (coffee drinks, cola, cider) differ significantly in composition and concept",,Beverages
high,174823,"Beverages, ABBOTT, ENSURE, Nutritional Shake, Ready-to-Drink",False,True,"ENSURE is a specialized medical nutrition drink with balanced macro/micronutrients (protein, fat, carbs, vitamins, minerals); Japanese table lacks nutritional supplement beverages - only contains alcoholic drinks, teas, coffee beverages, and traditional drinks, none of which match the nutrient profile or functional purpose",,Beverages
high,174824,"Beverages, chocolate powder, no sugar added",False,True,"Chocolate powder (no sugar added) is a dry mix beverage ingredient with 68.3g carbs, 9.1g fiber, and high micronutrients per 100g; no Japanese table entry matches this product category - candidates are alcoholic beverages, tea infusions, or prepared cocoa drink (which is different from powder mix)",,Beverages
high,174825,"Beverages, ZEVIA, cola",False,True,"ZEVIA cola is a zero-sugar stevia-sweetened cola beverage with minimal carbs (1.13g) and no vitamins/minerals - no Japanese composition table entry matches this modern sugar-free artificial sweetener category; closest carbonated options (entry 16, 23) don't align with stevia-sweetened cola composition",,Beverages
high,174826,"Beverages, ZEVIA, cola, caffeine free",False,True,"ZEVIA is a zero-calorie stevia-sweetened cola with minimal carbs (1.13g) and no nutrients, whereas all Japanese candidates are either alcoholic beverages or traditional tea/sports drinks; no Japanese composition table entry exists for diet/zero-calorie artificially-sweetened soft drinks",,Beverages
high,174827,"Beverages, GEROLSTEINER BRUNNEN GmbH & Co. KG,Gerolsteiner naturally sparkling mineral water,",False,True,"Gerolsteiner is a naturally sparkling mineral water with minimal nutrients (essentially pure water with trace minerals); no Japanese table entry exists for plain mineral water - all candidates are either alcoholic beverages or sugared soft drinks, making them nutritionally incompatible.",,Beverages
high,174830,"Beverages, V8 SPLASH Smoothies, Tropical Colada",False,True,"V8 SPLASH Smoothies is a modern juice-based beverage with significant carbohydrates (8.54g), fiber (0.4g), vitamin C (24.4mg), and calcium (41mg) per 100g, characteristic of fruit juice drinks. All 26 Japanese candidates are either alcoholic beverages or sports drinks with incompatible nutrient profiles and no fruit juice smoothie equivalent in the Japanese food composition table.",,Beverages
high,174832,"Beverages, almond milk, unsweetened, shelf stable",False,True,"Unsweetened almond milk is a plant-based beverage with low energy (15kcal), moderate fat (0.96g), and fortified calcium (184mg); no Japanese table entry matches this modern dairy alternative concept or nutrient profile—all candidates are either traditional beverages, alcoholic drinks, or tea infusions with vastly different compositions",,Beverages
high,174834,"Alcoholic Beverage, wine, table, red, Cabernet Franc",False,True,"Cabernet Franc red wine (349kcal, 2.45g carbs) is a fermented grape wine with unique tannin/phenolic profile; Japanese table lists only fortified/mixed wines, distilled spirits, and sake, but lacks dry table red wine entries—nutritionally closest candidates (清酒) at ~103-107kcal are 3x lower in energy due to different alcohol content and composition",,Beverages
high,174836,"Alcoholic Beverage, wine, table, red, Syrah",False,True,"Red wine table (Syrah) is a fermented grape beverage with 348kcal/100g and 2.58g carbs, but Japanese table includes only sake, shōchū, and fortified/mixed wines with energy values 102-126kcal for fermented types; the 348kcal suggests concentrated wine data incompatible with all Japanese entries which represent typical serving compositions",,Beverages
high,174838,"Alcoholic Beverage, wine, table, red, Lemberger",False,True,"Lemberger is a dry red wine with 337kcal/100g and 2.46g carbs, but all Japanese table entries show distilled spirits (200-320kcal) or sweet fortified wines (125-151kcal); no dry table wine entry exists in the composition table",,Beverages
high,174840,"Alcoholic Beverage, wine, table, red, Carignane",False,True,"Red wine (table wine) is a fermented beverage with 2.4g carbs and 0.07g protein per 100g, but Japanese table entries lack wine entries - all candidates are either distilled spirits (低carb) or fortified/mixed wines with mismatched profiles; closest sake entries have similar alcohol but different nutrient composition",,Beverages
high,174842,"Beverages, carbonated, club soda",False,True,"Club soda is plain carbonated water with minimal nutrients and no Japanese equivalent in the table; candidates are either alcoholic beverages or sweetened sodas, making none nutritionally appropriate matches",,Beverages
high,174843,"Alcoholic beverage, wine, table, white, Gewurztraminer",False,True,"White table wine (Gewurztraminer) has ~337kcal/100g with 2.6g carbs, far exceeding all Japanese wine entries (102-126kcal) which match sake/fortified wines; the extremely high energy density indicates this is concentrated/fortified wine, not a standard table wine match",,Beverages
high,174852,"Beverages, carbonated, cola, regular",False,True,"Regular cola is a carbonated soft drink with no alcoholic beverage equivalent; all Japanese candidates are alcoholic beverages, making this a true mismatch requiring NO_MATCH",,Beverages
high,174858,"Beverages, Lemonade, powder",False,True,"Lemonade powder is a sweetened citrus drink mix with high carbohydrates (97.6g) and moderate vitamin C (39.9mg); all Japanese candidates are either alcoholic beverages or ready-to-drink beverages with drastically different nutrient profiles, with no powder/mix equivalent available in the composition table",,Beverages
high,174860,"Beverages, lemonade-flavor drink, powder",False,True,"Lemonade powder is a sweetened beverage mix (1590 kcal/100g, 97.9g carbs) - a processed American product with no equivalent in Japanese food composition table; all candidates are either alcoholic beverages or ready-to-drink beverages, not dry powdered drink mixes",,Beverages
high,174861,"Beverages, lemonade-flavor drink, powder, prepared with water",False,True,"Lemonade-flavor drink powder is a non-alcoholic, sweetened beverage with negligible nutrients, but all Japanese candidates are either alcoholic beverages or coffee drinks - no non-alcoholic fruit-flavored soft drink powder equivalent exists in the table",,Beverages
high,174864,"Beverages, OVALTINE, Classic Malt powder",False,True,"Ovaltine is a sweetened malt powder beverage mix with high carbs (93.3g), fortified minerals/vitamins, and salt (1.615g) - no Japanese beverage category matches this processed malt-based drink product; all candidates are alcoholic drinks or tea infusions with vastly different nutrient profiles",,Beverages
high,174865,"Beverages, Malted drink mix, chocolate, with added nutrients, powder, prepared with whole milk",False,True,"US malted chocolate drink mix with milk is a processed beverage category absent from Japanese table; closest candidate (ココア ミルクココア #8) has significantly different nutrient profile (E=400, P=7.4, F=6.6, Salt=0.7) and all alcoholic beverages are inappropriate matches",,Beverages
high,174867,"Beverages, Malted drink mix, chocolate, powder, prepared with whole milk",False,True,"Malted chocolate milk drink prepared with whole milk has no equivalent in Japanese food composition table; closest candidate (甘酒) differs significantly in protein (1.7 vs 3.37g), fat profile (0 vs 3.29g), and carbohydrates (18.3 vs 11.2g), and lacks the malt/cocoa composition",,Beverages
high,174868,"Beverages, orange drink, canned, with added vitamin C",False,True,Orange drink is a sweetened citrus beverage with added vitamin C; all candidates are either alcoholic beverages or tea with completely different nutrient profiles and composition. No suitable match exists in the Japanese food composition table.,,Beverages
high,174869,"Strawberry-flavor beverage mix, powder",False,True,"Strawberry-flavor beverage powder (1630 kcal/100g, 99.1g carbs) is a concentrated sweetened drink mix with no alcoholic or coffee/cocoa counterpart in the Japanese table; all candidates are either alcoholic beverages or prepared drinks, not dry powder mixes",,Beverages
high,174870,"Beverages, Strawberry-flavor beverage mix, powder, prepared with whole milk",False,True,"US item is a milk-based strawberry beverage (protein=3.0g, fat=3.1g, Ca=110mg indicate whole milk content), but Japanese table lacks milk-based flavored beverage mixes; all candidates are either alcoholic drinks, tea, coffee, or non-milk soft drinks with fundamentally different nutritional profiles",,Beverages
high,174872,"Beverages, tea, instant, decaffeinated, unsweetened",False,True,"US instant decaffeinated tea powder (high protein 20.2g, carbs 58.7g, fiber 8.5g) has no equivalent in Japanese table; candidates are either alcoholic beverages, tea infusions (浸出液, essentially water), or coffee/cocoa products with different compositions",,Beverages
high,174875,"Lamb, New Zealand, imported, square-cut shoulder chops, separable lean and fat, raw",False,True,"US item is raw lamb (New Zealand imported), but all 25 Japanese candidates are beef, pork, or whale - no lamb entries exist in the table; lamb is not a common meat in Japanese cuisine",,"Lamb, Veal, and Game Products"
high,174879,"Veal, ground, cooked, pan-fried",False,True,"Ground veal (pan-fried) is a processed ground meat product with high protein (25.8g) and moderate fat (11.8g) at 901kcal; no Japanese candidates match ground veal specifically - all candidates are whole cuts or organ meats, not ground meat preparations, making them nutritionally and conceptually incompatible",,"Lamb, Veal, and Game Products"
high,174881,"Veal, shoulder, blade chop, separable lean only, cooked, grilled",False,True,"Veal shoulder blade chop (666 kcal, 27.3g protein, 5.53g fat) has significantly higher energy and lower fat than all candidates; closest beef shoulder options (175-231 kcal) are too lean, and lamb options (267-358 kcal) are still substantially lower in energy, indicating no suitable Japanese composition table match for this specific cut and preparation",,"Lamb, Veal, and Game Products"
high,174883,"Veal, external fat only, cooked",False,True,"US item is cooked veal fat (2260 kcal, 53.2g fat, 15.3g protein) while all Japanese candidates are raw fat with much lower energy (594-759 kcal) and protein (3.6-6.6g); cooking method and veal species create incompatible nutrient profiles with available Japanese entries",,"Lamb, Veal, and Game Products"
high,174888,"Lamb, Australian, imported, fresh, tenderloin, boneless, separable lean only, trimmed to 1/8"" fat, cooked, roasted",False,True,"US item is lean lamb tenderloin (6.71g fat, 771kcal) but all Japanese lamb candidates have significantly higher fat content (18.4-27.2g fat, 267-358kcal); the high energy density and low fat profile don't match any available Japanese composition entries",,"Lamb, Veal, and Game Products"
high,174891,"Lamb, Australian, imported, fresh, external fat, cooked",False,True,"US item is cooked lamb with external fat (2250 kcal, 16.9g protein, 52.3g fat); Japanese table contains only raw beef, pork, and whale fat cuts with no lamb entries, making NO_MATCH the appropriate selection",,"Lamb, Veal, and Game Products"
high,174892,"Lamb, Australian, imported, fresh, external fat, raw",False,True,"Lamb external fat (2040 kcal, 12.6g protein, 48.5g fat) is significantly more energy-dense and protein-rich than all Japanese candidates which are pure fat cuts (670-760 kcal, 3.6-6.6g protein, 66-83g fat); no lamb entries exist in Japanese table and cattle/pork fat compositions do not match this profile",,"Lamb, Veal, and Game Products"
high,174904,"Biscuits, plain or buttermilk, refrigerated dough, lower fat",False,True,"Refrigerated biscuit dough is a distinctly American convenience product with no equivalent in Japanese food composition tables; closest candidates (croissants, bread rolls) differ significantly in preparation method, fat content, and nutritional profile",,Baked Products
high,174916,"Bread, pita, whole-wheat",False,True,"Whole-wheat pita bread (1100 kcal/100g, fresh bread) has no match in Japanese table; candidates are either dried products (343-369 kcal), fried items (406-588 kcal), or noodles with different carb/protein profiles - no bread category exists in the provided entries",,Baked Products
high,174921,"Bread, reduced-calorie, wheat",False,True,"Reduced-calorie bread (907 kcal/100g with 11.1g fiber) has no equivalent in Japanese table; closest candidates are raw grains/flours (~320-350 kcal) or processed noodles (~450 kcal), but none match the high energy density combined with high fiber characteristic of reduced-calorie bread products",,Baked Products
high,174934,"Cake, chocolate, commercially prepared with chocolate frosting, in-store bakery",False,True,"Chocolate cake with frosting is a Western dessert with no equivalent in Japanese food composition table; all candidates are grains/cereals/noodles with vastly different nutrient profiles (energy 343-588 kcal vs 1630 kcal, protein 4-23g vs 3.5g, fat 0-25g vs 20g) and food categories",,Baked Products
high,174936,"Cake, coffeecake, creme-filled with chocolate frosting",False,True,"Cream-filled chocolate frosted coffeecake is a distinctly American dessert cake with no direct equivalent in Japanese food composition table; candidates are all bread/pasta products lacking the cake structure, cream filling, and chocolate frosting characteristic of the US item",,Baked Products
high,174942,"Cake, snack cakes, creme-filled, chocolate with frosting",False,True,"Cream-filled chocolate snack cake with frosting is a highly processed American snack food with no direct Japanese equivalent; all candidates are basic grains/starches lacking the dairy cream filling, chocolate coating, and frosting components that define this product",,Baked Products
high,174943,"Cake, snack cakes, creme-filled, sponge",False,True,"Cream-filled sponge cake (1560 kcal/100g) is a highly processed American snack cake with no equivalent in Japanese food composition table; all candidates are either plain starches, noodles, or bread with substantially lower energy density and different nutritional profiles",,Baked Products
high,174945,"Cake, yellow, commercially prepared, with vanilla frosting",False,True,"Yellow cake with vanilla frosting is a distinctly American dessert with high fat (17.9g) and energy (1640 kcal/100g) from frosting; Japanese table lacks cake/frosting products, only basic flours and premixes; no nutritionally or conceptually similar match available",,Baked Products
high,174953,"Cookies, chocolate chip, refrigerated dough",False,True,"Refrigerated chocolate chip cookie dough (1890 kcal/100g) is a highly processed American convenience product with no equivalent in Japanese food composition tables; closest candidates are baked goods at ~400 kcal/100g or instant noodles, but energy density and product concept don't align well enough for reliable matching",,Baked Products
high,174963,"Cookies, oatmeal, with raisins",False,True,"Oatmeal raisin cookies are a finished baked product with specific ingredients (oats, raisins, butter, sugar) that don't match any Japanese composition table entries; closest candidates are instant noodles or bread products, but none adequately represent the nutrient profile or food concept of cookies",,Baked Products
high,174966,"Cookies, raisin, soft-type",False,True,"Soft-type raisin cookies are a finished baked product with 13.6g fat and specific micronutrients that don't match any flour, grain, or basic ingredient entry in the Japanese table; the table lacks finished cookie/biscuit products with comparable composition.",,Baked Products
high,174967,"Cookies, shortbread, commercially prepared, plain",False,True,"Shortbread cookies (2150 kcal, 26.2g fat, 63.8g carbs per 100g) have no equivalent in the Japanese food composition table; candidates are either raw grains, instant noodles, or bread products with vastly different energy density and macronutrient profiles",,Baked Products
high,174968,"Cookies, shortbread, commercially prepared, pecan",False,True,Pecan shortbread cookies are a distinctly American baked product with high fat content (32.5g) from nuts; no Japanese table entry matches the high fat/high carb cookie profile or pecan-specific composition,,Baked Products
high,174969,"Cookies, peanut butter sandwich, special dietary",False,True,"Peanut butter sandwich cookies are a distinctly American processed snack with no nutritionally or conceptually comparable entry in the Japanese food composition table; closest candidates (croissants, instant noodles) differ significantly in fat content (34g vs 19-21g), protein (10g vs 7-11g), and overall composition",,Baked Products
high,174970,"Cookies, sugar wafer, with creme filling, sugar free",False,True,"Sugar-free wafer cookies with creme filling is a highly processed American snack product with no equivalent in Japanese food composition table; closest candidates (instant ramen, popcorn) differ significantly in composition and food concept",,Baked Products
high,174973,"Cookies, vanilla wafers, lower fat",False,True,"Vanilla wafers are a specific American cookie product with 15.2g fat and 441kcal that doesn't match any Japanese grain/flour entry; closest candidates (croissant at 25.4g fat, flour at 1.6g fat) are nutritionally divergent, and no Japanese cookie/baked good entries exist in this table",,Baked Products
high,174982,"Crackers, standard snack-type, regular",False,True,"Standard US snack crackers (2130 kcal/100g, 26.4g fat, 61.3g carbs) have no close match in Japanese table; closest candidates (instant noodles, croissants, bread) are either lower energy density or different food categories with mismatched nutrient profiles",,Baked Products
high,174994,"Muffins, English, plain, enriched, with ca prop (includes sourdough)",False,True,"English muffins are a distinctly British/American bread product with no direct Japanese equivalent in the composition table; closest bread items (croissants, roll pan) have significantly different fat profiles and nutrient compositions, making all candidates poor matches",,Baked Products
high,174997,"Muffins, English, raisin-cinnamon (includes apple-cinnamon)",False,True,"English muffins with raisins and cinnamon are a distinctly British/American baked good with no direct Japanese equivalent; the high energy (1000 kcal) and carbohydrate content (48.1g) per 100g don't match any Japanese baked products in the table, which are all significantly lower in calories and different in composition (instant noodles, croissants, bread crumbs, flour products)",,Baked Products
high,175011,"Pie, apple, commercially prepared, enriched flour",False,True,"Apple pie is a distinctly Western baked dessert with no Japanese equivalent in the table; all candidates are rice/wheat prepared dishes or noodles with fundamentally different compositions (lower fat, no added sugar from filling), lacking the characteristic pie crust and fruit filling profile",,Baked Products
high,175013,"Pie, banana cream, prepared from mix, no-bake type",False,True,"Banana cream pie is a creamy dessert with custard/cream filling that doesn't match any grain-based Japanese entries; candidates are all rice/wheat staples (noodles, rice, bread) with fundamentally different compositions and no custard/dairy cream component",,Baked Products
high,175014,"Pie, chocolate creme, commercially prepared",False,True,"Chocolate creme pie is a rich dessert pastry with high fat (22.4g) and moderate protein (4.15g) that doesn't match any Japanese bread/grain entries; closest candidates (croissants, walnut bread) are all significantly lower in fat and none represent a cream pie equivalent in the Japanese composition table",,Baked Products
high,175015,"Pie, chocolate mousse, prepared from mix, no-bake type",False,True,"Chocolate mousse pie is a dessert/confectionery item not represented in grain-based Japanese food table; closest candidates are grain products (bread, noodles) with mismatched nutritional profiles and food category",,Baked Products
high,175016,"Pie, coconut creme, commercially prepared",False,True,"Coconut cream pie is a distinctly American dessert with high fat (16.6g) and moderate protein (2.1g) profile not matched by any Japanese grain/bread products in the table; closest candidates (croissants) are breads, not cream pies, and lack coconut-specific composition",,Baked Products
high,175017,"Pie, coconut cream, prepared from mix, no-bake type",False,True,"No-bake coconut cream pie is a distinctly American processed dessert with high fat (17.6g) and specific coconut cream filling composition; Japanese table lacks equivalent cream pie or coconut-based dessert entries, with all candidates being grain/cereal products",,Baked Products
high,175020,"Pie, peach",False,True,Peach pie is a baked fruit dessert with high fat (10.0g) and moderate carbs from filling and crust; all candidates are rice/wheat dishes with negligible fat and different carb profiles - no conceptual or nutritional match exists in Japanese table,,Baked Products
high,175025,"Pie crust, standard-type, frozen, ready-to-bake, enriched, baked",False,True,"Pie crust is a baked pastry product with high fat (28.6g) and moderate carbs (56.2g) per 100g; no Japanese food composition table entry matches this specific high-calorie (2130 kcal) baked pie crust product - candidates are either lower energy density items, instant noodles, or bread products with different nutrient profiles",,Baked Products
high,175037,"Tortillas, ready-to-bake or -fry, flour, refrigerated",False,True,"Refrigerated ready-to-bake flour tortillas are a distinctly Mexican-American product with no direct Japanese equivalent; Japanese table lacks tortilla entries and closest candidates (instant noodles, bread products) differ significantly in preparation method, texture, and caloric density (1280 kcal vs 400-450 kcal per 100g)",,Baked Products
high,175040,"Leavening agents, baking soda",False,True,"Baking soda (sodium bicarbonate) is a pure chemical leavening agent with 69.6g salt per 100g, fundamentally different from all Japanese food composition table entries which are food products with carbohydrates, proteins, and fats; no Japanese food table entry matches this chemical additive.",,Baked Products
high,175041,"Leavening agents, cream of tartar",False,True,Cream of tartar is a pure leavening chemical additive (potassium bitartrate) with extremely high K (16500mg) and unique nutrient profile; all candidates are grain/cereal foods with fundamentally different compositions and functional purposes - no Japanese food composition table entry exists for this specific chemical leavening agent,,Baked Products
high,175042,"Leavening agents, yeast, baker's, compressed",False,True,"Baker's yeast is a specialized fermentation/leavening ingredient with unique nutritional profile (high protein 8.4g, high B vitamins, high zinc 9.97mg) not found in Japanese grain composition table which focuses on staple foods and prepared dishes rather than ingredient additives",,Baked Products
high,175043,"Leavening agents, yeast, baker's, active dry",False,True,"Active dry baker's yeast is a specialized food ingredient with extremely high protein (40.4g), B vitamins (B1: 11.0mg, B2: 4.0mg), and minerals (Zn: 7.94mg) that has no equivalent in the Japanese food composition table; all candidates are grain/cereal products with fundamentally different nutrient profiles and purposes",,Baked Products
high,175048,"Waffles, plain, frozen, ready -to-heat, toasted",False,True,"Frozen toasted waffles (1310 kcal/100g) are a distinctly American breakfast product with no equivalent in Japanese food composition table; all candidates are either instant noodles, bread products, or grains with substantially different energy density and composition profiles",,Baked Products
high,175060,"Crackers, cheese, low sodium",False,True,"US cheese crackers (2100 kcal, 25.3g fat, 58.2g carb per 100g) have no nutritionally similar match in Japanese table; all candidates are significantly lower in energy and fat, with none representing cheese-flavored crackers which are distinctly American processed snacks",,Baked Products
high,175073,"Archway Home Style Cookies, Molasses",False,True,Archway molasses cookies are a processed American baked good with high energy density (1690 kcal/100g) and fat content (12.1g) that significantly exceeds all Japanese candidates; no Japanese cookie or baked product entry matches the extreme caloric concentration and nutrient profile of this commercial American cookie product,,Baked Products
high,175075,"Archway Home Style Cookies, Oatmeal Raisin",False,True,"Archway oatmeal raisin cookies are a processed American baked good with 1700 kcal/100g energy density and specific nutrient profile (high carbs, moderate fat, added fiber) that doesn't match any Japanese table entries which are either raw grains, flour products, or instant noodles with substantially lower energy density; no Japanese cookie equivalent exists in the provided table",,Baked Products
high,175076,"Archway Home Style Cookies, Strawberry Filled",False,True,"Strawberry-filled cookies are a processed American snack with no direct Japanese equivalent in the table; candidates are all basic grains/cereals with energy ~350-590kcal vs. 1680kcal per 100g, lacking the filled cookie concept and nutrient profile",,Baked Products
high,175088,"Beverages, tea, instant, lemon, unsweetened",False,True,"Instant lemon tea (unsweetened powder) is a prepared beverage mix with high carbs (78.5g) and energy (1440 kcal) per 100g typical of dry instant tea products; Japanese table contains only brewed tea liquids, instant coffee, alcoholic beverages, and soft drinks—no instant tea powder equivalent exists",,Beverages
high,175089,"Beverages, tea, instant, lemon, sweetened, powder",False,True,"Instant lemon tea powder (sweetened) is a prepared beverage mix product with 98.6g carbs and 401kcal per 100g, fundamentally different from all candidates which are either alcoholic beverages or ready-to-drink beverages; no Japanese instant tea powder equivalent exists in the provided table",,Beverages
high,175090,"Beverages, tea, instant, lemon, sweetened, prepared with water",False,True,Instant lemon tea beverage is a non-alcoholic sweetened drink with low carbs (8.61g) and minimal nutrients; all Japanese candidates are alcoholic beverages with fundamentally different composition and purpose - no suitable match exists,,Beverages
high,175091,"Beverages, tea, instant, sweetened with sodium saccharin, lemon-flavored, powder",False,True,"Instant sweetened tea powder with artificial sweetener and lemon flavoring has no Japanese composition table equivalent; all candidates are either alcoholic beverages or instant coffee/cocoa, which don't match the nutritional profile (high carbs 85.4g, low energy density when reconstituted) or product category",,Beverages
high,175092,"Beverages, cocoa mix, with aspartame, powder, prepared with water",False,True,"Cocoa mix powder with aspartame is a sweetened chocolate beverage product with no equivalent in the Japanese table; all candidates are either alcoholic beverages or coffee drinks, lacking the cocoa and aspartame profile of the US item",,Beverages
high,175094,"Beverages, fruit punch juice drink, frozen concentrate",False,True,"Frozen fruit punch concentrate (732 kcal, 43.1g carbs per 100g) is a highly processed American beverage product with no equivalent in Japanese food composition table; all candidates are either alcoholic beverages or ready-to-drink beverages, not concentrated juice products",,Beverages
high,175095,"Beverages, fruit punch juice drink, frozen concentrate, prepared with water",False,True,"Fruit punch juice drink is a non-alcoholic beverage with 11.4g carbs and significant vitamin C; all candidates are alcoholic beverages with no carbohydrates, making this fundamentally incompatible with the Japanese table's beverage classification",,Beverages
high,175096,"Beverages, water, tap, well",False,True,"Tap/well water is a basic commodity beverage with near-zero nutrients (only trace minerals); all Japanese candidates are either alcoholic beverages, tea infusions, coffee, or soft drinks with measurable energy/nutrients, making them conceptually and nutritionally incompatible with plain water.",,Beverages
high,175097,"Alcoholic beverage, liqueur, coffee, 53 proof",False,True,Coffee liqueur at 53 proof (26.5% ABV) with 46.8g carbs per 100g is a sweetened liqueur with specific composition; Japanese table lacks coffee-flavored liqueurs and candidates show either much lower energy/carbs (distilled spirits) or mismatched profiles (no coffee liqueur equivalent exists),,Beverages
high,175098,"Alcoholic beverage, liqueur, coffee with cream, 34 proof",False,True,"Coffee liqueur with cream is a cream-based cocktail mixer (high fat 15.7g, moderate protein 2.8g, carbs 20.9g) fundamentally different from all Japanese candidates which are either pure spirits (negligible fat/protein) or basic alcoholic beverages; no Japanese composition table entry exists for cream liqueurs",,Beverages
high,175100,"Beverages, Orange drink, breakfast type, with juice and pulp, frozen concentrate",False,True,"US frozen orange juice concentrate (640 kcal, 39g carbs, high vitamin C) has no equivalent in the Japanese table which contains only alcoholic beverages, tea, coffee, and sports drinks - no fruit juice concentrates are listed",,Beverages
high,175102,"Beverages, shake, fast food, strawberry",False,True,"Fast food strawberry shake is a dairy-based sweetened beverage with specific US fast food characteristics; no Japanese candidates match the combination of moderate protein (3.4g), fat (2.8g), and carbohydrates (18.9g) typical of milkshakes, and甘酒 (closest by carbs/protein) is fundamentally different in composition and preparation",,Beverages
high,175103,"Beverages, water, tap, municipal",False,True,"Tap municipal water is a basic utility beverage with essentially zero nutrients; no Japanese composition table entry exists for plain tap water, only specialty beverages with measurable composition.",,Beverages
high,175104,"Beverages, The COCA-COLA company, DASANI, water, bottled, non-carbonated",False,True,"Bottled purified water (non-carbonated) has virtually no calories or nutrients and doesn't match any of the listed beverage entries, which all contain measurable energy, carbohydrates, or alcohol content",,Beverages
high,175106,"Beverages, water, bottled, non-carbonated, CALISTOGA",False,True,"Bottled non-carbonated water (CALISTOGA) is a plain water beverage with essentially zero nutrients; all candidates are alcoholic beverages with significant energy and nutrient content, making them fundamentally incompatible matches.",,Beverages
high,175107,"Beverages, water, bottled, non-carbonated, CRYSTAL GEYSER",False,True,"Bottled non-carbonated water is a basic commodity beverage with minimal nutrients (only trace Ca and salt); all 25 Japanese candidates are either alcoholic beverages, tea infusions, or soft drinks with significant composition - no suitable match exists in the table",,Beverages
high,175111,"Beverages, LIPTON BRISK, tea, black, ready-to-drink, lemon",False,True,"US ready-to-drink lemon iced tea is a non-alcoholic beverage fundamentally incompatible with all candidates, which are exclusively alcoholic beverages; no Japanese non-alcoholic tea beverage entries provided",,Beverages
high,175113,"Carbonated beverage, low calorie, other than cola or pepper, with sodium saccharin, without caffeine",False,True,"Low-calorie carbonated beverage with artificial sweetener (saccharin) has no match in Japanese table; candidates are alcoholic beverages, tea infusions, or sports drinks with fundamentally different composition and purpose",,Beverages
high,175114,"Beverages, Cocoa mix, low calorie, powder, with added calcium, phosphorus, aspartame, without added sodium or vitamin A",False,True,"US cocoa mix powder is a fortified instant beverage mix; Japanese table lacks comparable cocoa powder entries (only has prepared ミルクココア drink), and the nutrient profile (1500 kcal/100g, 25.1g protein, high calcium/phosphorus fortification) doesn't match any available candidates",,Beverages
high,175118,"Fish, herring, Atlantic, pickled",False,True,"Pickled herring has 9.64g carbs and 2.21g salt from pickling brine, making it nutritionally distinct from raw/cooked fish entries; no Japanese pickled herring equivalent exists in the table",,Finfish and Shellfish Products
high,175125,"Fish, ocean perch, Atlantic, raw",False,True,"Ocean perch (Sebastes mentella) is a North Atlantic deep-sea fish with very high energy (332 kcal) and low fat (1.54g) profile that doesn't match any Japanese table entries; closest candidates like アラスカめぬけ (96 kcal) are far too low in energy, and no raw Atlantic perch equivalent exists in the Japanese composition table.",,Finfish and Shellfish Products
high,175133,"Fish, roughy, orange, raw",False,True,"Orange roughy is a deep-sea fish with exceptionally high energy (320 kcal) and very low fat (0.7g) profile that doesn't match any Japanese table entries; closest candidates (きんめだい, いしだい, あこうだい) are significantly lower in energy and higher in fat, indicating different fish species with distinct nutritional compositions",,Finfish and Shellfish Products
high,175149,"Fish, sturgeon, mixed species, smoked",False,True,"Smoked sturgeon (723 kcal, 31.2g protein, 4.4g fat, 1.877g salt) has no Japanese equivalent in the table; all candidates are much lower in energy and protein, with sturgeon being a distinct species not commonly prepared in Japanese cuisine",,Finfish and Shellfish Products
high,175160,"Fish, tuna salad",False,True,"Tuna salad is a prepared dish with mayonnaise-based dressing and vegetables; the high carbohydrate (9.41g) and salt (1.021g) content with moderate fat (9.26g) profile doesn't match any raw fish or simple prepared fish products in the Japanese table, and no Japanese equivalent salad-type composition exists.",,Finfish and Shellfish Products
high,175165,"Fish, catfish, channel, farmed, raw",False,True,"Farmed channel catfish raw (496kcal, 15.2g protein, 5.94g fat) is a freshwater catfish product with no nutritional or conceptual equivalent in the Japanese composition table; all candidates are either processed fish products, saltwater fish, or crustaceans with significantly different energy/nutrient profiles",,Finfish and Shellfish Products
high,175179,"Crustaceans, shrimp, raw",False,True,"Raw shrimp (raw crustacean) is not matched by any candidate; all Japanese entries are either cooked preparations (tempura, boiled) or different seafood types (squid, fish), and the energy value of 356kcal for raw shrimp is exceptionally high and inconsistent with typical raw shrimp composition, suggesting a data quality issue that prevents reliable matching.",,Finfish and Shellfish Products
high,175184,"Beans, baked, canned, with franks",False,True,"Baked beans with franks is a processed canned product with added meat and sauce unique to American cuisine; the high fat (6.57g) and salt (1.092g) profile with moderate protein don't match any Japanese legume entry, which are all either plain cooked beans or traditional Japanese bean preparations without processed meat additives",,Legumes and Legume Products
high,175185,"Beans, baked, canned, with pork",False,True,"Canned baked beans with pork is a distinctly American processed food; Japanese table lacks equivalent canned bean products with meat, and energy (443kcal) significantly exceeds all candidates which are primarily plain cooked or sweetened beans without meat addition",,Legumes and Legume Products
high,175195,"Beans, kidney, red, mature seeds, canned, solids and liquids",False,True,"Canned kidney beans in liquid have no direct Japanese equivalent; closest candidates are dried beans (higher protein, lower carbs when cooked) or processed bean products (different preparation methods), but none match the specific nutrient profile of canned kidney beans in brine/liquid",,Legumes and Legume Products
high,175206,"Chickpeas (garbanzo beans, bengal gram), mature seeds, canned, solids and liquids",False,True,"Canned chickpeas (369 kcal, 4.92g protein, 13.5g carbs) don't match any Japanese table entry; closest candidates are cooked legumes (125-129 kcal) or processed soy products, but chickpeas/garbanzo beans lack a direct Japanese equivalent in this table",,Legumes and Legume Products
high,175207,"Chili with beans, canned",False,True,"Canned chili with beans is a composite prepared dish with meat, tomato sauce, spices, and beans - no single Japanese legume product matches this mixed composition; closest candidates are plain beans or tofu products lacking the savory spice profile and meat component of American chili",,Legumes and Legume Products
high,175227,SILK Plain soy yogurt,False,True,"Soy yogurt is a fermented dairy-alternative product with added sugars and probiotics that has no equivalent in Japanese food composition tables; closest candidates (tofu, soymilk) are structurally and nutritionally distinct - tofu lacks carbohydrates and added sugars, soymilk is unfermented and lower in energy/carbs",,Legumes and Legume Products
high,175228,SILK Strawberry soy yogurt,False,True,"Soy yogurt is a fermented dairy alternative product with sweetener and fruit flavoring; no Japanese composition table entry matches this modern plant-based yogurt product category, which differs fundamentally from traditional soy foods like tofu, soymilk, or miso in processing and nutritional profile.",,Legumes and Legume Products
high,175231,SILK Original Creamer,False,True,"SILK Original Creamer is a plant-based liquid coffee creamer product with minimal protein (likely <1g per 100g despite legume category), distinctly different from all Japanese soy-based solid/semi-solid foods which are either protein-rich (tofu products, yuba) or have different nutritional profiles; no Japanese equivalent exists for this type of processed liquid creamer product",,Legumes and Legume Products
high,175232,SILK French Vanilla Creamer,False,True,"SILK French Vanilla Creamer is a dairy-free liquid coffee creamer with added sugars and flavorings; Japanese composition table lacks processed non-dairy creamers, having only traditional soy products (tofu, yuba, aburage) which differ fundamentally in form, composition, and intended use.",,Legumes and Legume Products
high,175235,"Vitasoy USA Azumaya, Extra Firm Tofu",False,True,"US product is extra-firm tofu with 367kcal/100g (appears to be concentrated/processed form), while all Japanese tofu entries are fresh/standard forms with 56-104kcal/100g; no nutritional match exists in the table",,Legumes and Legume Products
high,175242,"Beans, kidney, red, mature seeds, cooked, boiled, with salt",False,True,"Red kidney beans cooked with salt have no direct match in Japanese food composition table; closest candidates (entries 8-9, 11-12, 15, 17, 19) are significantly lower in energy (103-149 kcal vs 532 kcal) and show different nutrient profiles, suggesting they are either different bean varieties or prepared differently (possibly dried beans vs cooked beans with different water content reporting)",,Legumes and Legume Products
high,175249,"Beans, white, mature seeds, cooked, boiled, with salt",False,True,"White beans boiled with salt are a basic Western legume preparation; Japanese table lacks direct equivalent for cooked white beans (ingen, navy beans) - closest candidates are processed bean products (あん, きんとん, みそ) or different legume species, none matching both the food type and nutrient profile of plain boiled white beans",,Legumes and Legume Products
high,175250,"Chickpeas (garbanzo beans, bengal gram), mature seeds, canned, solids and liquids, low sodium",False,True,"Canned chickpeas (garbanzo beans) have no direct equivalent in the Japanese food composition table; all candidates are either different legume types (mung beans, peas, beans, azuki, soybeans) or soy-derived products (tofu, soy milk), with no chickpea entries available.",,Legumes and Legume Products
high,175257,"Peas, split, mature seeds, cooked, boiled, with salt",False,True,"Split peas (mature seeds, cooked) is a specific legume product not represented in Japanese food composition table; closest candidates (entries 8-9: whole peas boiled) differ significantly in energy (129 vs 484kcal) suggesting different preparation/moisture content, and no split pea entry exists in the Japanese database",,Legumes and Legume Products
high,175258,"Peanuts, all types, oil-roasted, without salt",False,True,"Oil-roasted peanuts without salt (599kcal, 52.5g fat, 28g protein) have no equivalent in Japanese food composition table; all candidates are soy-based, fava bean, or other legumes without the characteristic high oil content and nutrient profile of roasted peanuts",,Legumes and Legume Products
high,175259,"Lamb, New Zealand, imported, frozen, loin, separable lean and fat, cooked, broiled",False,True,"US item is lamb (羊肉) but all candidates are beef (牛肉), pork (豚肉), or whale (くじら); Japanese food composition table lacks lamb entries, making NO_MATCH the appropriate choice",,"Lamb, Veal, and Game Products"
high,175295,"Game meat, beaver, cooked, roasted",False,True,"Beaver is a game meat with distinctive composition (high protein 34.8g, moderate fat 6.96g, high iron 10.0mg) that doesn't match Japanese table entries; closest candidates are rabbit and wild duck but beaver's nutrient profile and roasted preparation don't align sufficiently with any provided entry.",,"Lamb, Veal, and Game Products"
high,323121,"Frankfurter, beef, unheated",False,True,"Frankfurter is a highly processed emulsified sausage with added carbs, binders, and salt (2.215g) that doesn't match pure muscle meat entries; no Japanese processed sausage equivalent in the provided table",,Sausages and Luncheon Meats
high,323604,"Egg, whole, raw, frozen, pasteurized",False,True,Frozen pasteurized whole egg is an egg product not represented in Japanese dairy/milk product table; Japanese food composition tables have separate egg categories (卵類) not provided in candidates,,Dairy and Egg Products
high,323697,"Egg, white, raw, frozen, pasteurized",False,True,"Frozen pasteurized egg white is a processed egg product not represented in the Japanese composition table, which contains only dairy products; no egg category exists in the provided candidates",,Dairy and Egg Products
high,324317,"Onion rings, breaded, par fried, frozen, prepared, heated in oven",False,True,"Onion rings are a breaded and deep-fried preparation with very high energy (1210 kcal) and fat (14.4g) per 100g due to oil absorption; no Japanese table entry matches this specific fried vegetable preparation profile, with all candidates showing 80-300 kcal range and most lacking comparable fat/carb composition of a breaded fried product.",,Vegetables and Vegetable Products
high,325871,"Bread, white, commercially prepared",False,True,"US white bread is a specific commercial product (1130 kcal/100g, 49.2g carbs, 211mg Ca) with no close match in Japanese table; closest candidates are instant noodles (453-439 kcal), croissants (406-438 kcal), or bread crumbs (369 kcal), but all differ significantly in energy, fat content, and composition from commercially prepared white sandwich bread",,Baked Products
high,326196,"Kale, frozen, cooked, boiled, drained, without salt",False,True,"Frozen cooked kale has high energy (151kcal), calcium (150mg), and vitamin A (146μg) that don't match any Japanese vegetable candidates; closest options are leafy greens like leek or negi which are much lower in calories and nutrients, indicating kale as a cruciferous green has no close Japanese equivalent in the table",,Vegetables and Vegetable Products
high,329490,"Egg, whole, dried",False,True,"Dried whole egg powder is a dehydrated egg product with 48% protein and 40% fat; no Japanese dairy/egg product candidate matches this concentrated nutrient profile - all candidates are cheeses, creams, or milk products with fundamentally different compositions and lower protein density",,Dairy and Egg Products
high,329596,"Egg, yolk, raw, frozen, pasteurized",False,True,"Egg yolk is an egg product, not a dairy product; all candidates are dairy/milk products (creams, cheeses, etc.) with incompatible nutrient profiles; no egg products in Japanese table provided",,Dairy and Egg Products
high,329716,"Egg, yolk, dried",False,True,"Dried egg yolk is an egg product, not a dairy/milk product; Japanese table only contains milk and dairy products in candidates 1-25, with no egg category entries available for matching",,Dairy and Egg Products
high,332282,"Sauce, pasta, spaghetti/marinara, ready-to-serve",False,True,"Spaghetti/marinara sauce is a tomato-based pasta sauce with specific nutrient profile (186kcal, 1.41g protein, 8.05g carbs); no Japanese condiment candidates match this food category - all candidates are dashi broths, vinegars, specialty Asian sauce bases, or non-tomato condiments with incompatible compositions",,"Soups, Sauces, and Gravies"
high,333008,"Cookies, oatmeal, soft, with raisins",False,True,"Soft oatmeal cookies with raisins are a distinctly American baked good with no direct Japanese equivalent in the table; all candidates are either raw grains, noodles, or other bread products that don't match the cookie concept or nutrient profile (especially the high energy density of 1800 kcal/100g for a finished baked product)",,Baked Products
high,333281,"Tomatoes, canned, red, ripe, diced",False,True,"Canned diced tomatoes are a common processed vegetable product globally, but no Japanese table entry matches tomatoes (fresh or canned); closest candidates are peppers/vegetables but lack tomato's characteristic nutrient profile (low protein ~0.8g, moderate carbs ~3.3g, higher potassium ~198mg)",,Vegetables and Vegetable Products
high,335240,"Bread, whole-wheat, commercially prepared",False,True,"Whole-wheat bread (1060 kcal/100g, ready-to-eat with ~43% carbs, 6% fiber) has no equivalent in the Japanese table; all wheat bread entries are croissants/pastries with 400-440 kcal, and other candidates are either raw flours, instant noodles, or non-bread products",,Baked Products
high,746761,"Beef, round, top round roast, boneless, separable lean only, trimmed to 0"" fat, select, raw",False,True,"US item is raw lean beef (514kcal, 23.7g protein, 2.41g fat) while all Japanese candidates are cooked preparations with significantly lower energy and higher fat content; no suitable raw lean beef round match exists in the Japanese table",,Beef Products
high,746762,"Beef, short loin, porterhouse steak, separable lean only, trimmed to 1/8"" fat, select, raw",False,True,"US raw porterhouse steak (606 kcal, 22.7g protein, 5.32g fat) is substantially leaner than all Japanese candidates which are either cooked preparations (lower energy density) or have higher fat content; no raw lean beef cut matches this high-protein, low-fat raw profile",,Beef Products
high,746779,"Sausage, breakfast sausage, beef, pre-cooked, unprepared",False,True,"Pre-cooked processed beef sausage with added carbohydrates, salt, and vitamins has no equivalent in Japanese raw meat cuts; closest candidates are raw fatty beef cuts with <50% energy match and missing sausage processing characteristics",,Sausages and Luncheon Meats
high,746780,"Sausage, Italian, pork, mild, cooked, pan-fried",False,True,Italian pork sausage is a processed meat product with added seasonings and carbohydrates (2.15g) that doesn't match raw muscle meat cuts; all candidates are raw or simply cooked plain meat with negligible carbs and much lower protein content relative to energy,,Sausages and Luncheon Meats
high,746781,"Sausage, pork, chorizo, link or ground, cooked, pan-fried",False,True,"Chorizo is a highly seasoned, spiced Spanish-style sausage with unique flavor profile and carbohydrate content (2.63g) not found in Japanese meat composition table; all candidates are raw or simply cooked plain meat cuts lacking the spice blend, binders, and processing characteristic of chorizo",,Sausages and Luncheon Meats
high,746785,"Turkey, ground, 93% lean, 7% fat, pan-broiled crumbles",False,True,"Ground turkey (93% lean, pan-broiled) is poultry with lean meat profile; all candidates are beef, lamb, or pork cuts with much higher fat content (23-58g vs 11.6g) and lower protein density, making none nutritionally comparable to this specific poultry preparation",,Poultry Products
high,747444,"Beans, Dry, Black (0% moisture)",False,True,"Black beans (dry) are not found in Japanese food composition table; closest candidates are soybeans or other legumes, but none match the specific black bean profile - the table lacks dry black bean entries and boiled preparations don't match the 0% moisture dry specification",,Legumes and Legume Products
high,747693,"Ketchup, restaurant",False,True,"Ketchup is a highly processed condiment with no Japanese equivalent in the table; closest candidates (pickles, preserved vegetables) differ fundamentally in composition, concept, and culinary use",,Vegetables and Vegetable Products
high,747997,"Eggs, Grade A, Large, egg white",False,True,"Egg white is a distinct food product with unique nutrient profile (high protein ~10.7g, very low energy ~55kcal, minimal fat) that does not match any dairy/milk product in the Japanese table; egg products should have their own category in Japanese food composition tables",,Dairy and Egg Products
high,748236,"Eggs, Grade A, Large, egg yolk",False,True,Egg yolk is a distinct food item not categorized in Japanese composition table's dairy/cheese/cream sections; requires dedicated egg products category unavailable in provided candidates,,Dairy and Egg Products
high,748967,"Eggs, Grade A, Large, egg whole",False,True,"US Grade A Large whole eggs (617kcal, 12.4g protein, 9.96g fat per 100g) have no match in the Japanese dairy/cheese/cream table; eggs require their own food category (卵類) not represented in these candidates",,Dairy and Egg Products
high,789828,"Butter, stick, unsalted",False,True,"Butter stick (81.5g fat per 100g) is a pure dairy fat product with no close match in Japanese table; all candidates are either low-fat dairy products, cheeses, or creams with significantly lower fat content and different food composition profiles",,Dairy and Egg Products
high,790146,"Flour, bread, white, enriched, unbleached",False,True,"US white bread flour (1520 kcal/100g, enriched) has no nutritional equivalent in Japanese table; all candidates are either finished products (noodles, bread, fried items), whole grains, or specialty flours with drastically different caloric density and nutrient profiles",,Cereal Grains and Pasta
high,790508,"Butter, stick, salted",False,True,"Butter stick (82.2g fat per 100g) is a pure dairy fat product not represented in Japanese table; closest candidates are creams (37-40g fat) and cheese spreads, all nutritionally distant and conceptually different from butter as an emulsified dairy fat",,Dairy and Egg Products
high,1104647,"Garlic, raw",False,True,"Raw garlic has distinctly high energy (597kcal) and carbohydrates (28.2g) per 100g with minimal fat; no Japanese table entry matches this nutritional profile - all candidates are significantly lower in calories and carbohydrates, with garlic being a common global ingredient but lacking a direct equivalent in the provided Japanese composition table",,Vegetables and Vegetable Products
high,1999626,"Mushroom, lion's mane",False,True,"Lion's mane mushroom is a fungus (not a vegetable) with distinctive nutrient profile (low protein ~2.5g, moderate carbs ~7.6g, significant fiber ~4.4g) that doesn't match any leafy green vegetables in the table; Japanese composition tables would have mushroom entries in a separate category, not among vegetables listed here",,Vegetables and Vegetable Products
high,1999627,"Mushroom, oyster",False,True,"Oyster mushrooms are fungi, not vegetables; all candidates are leafy vegetables or legumes with carbohydrate profiles inconsistent with mushroom composition (low carb, higher fat, no chlorophyll-based nutrients)",,Vegetables and Vegetable Products
high,1999628,"Mushrooms, shiitake",False,True,"Shiitake mushrooms are a staple Japanese food but none of the candidates are mushrooms; all candidates are vegetables/shoots with significantly lower fat (0g vs 0.195g), protein (1.4-4.2g vs 2.41g), and carbs (mostly 'Noneg' vs 8.17g), making nutritional matching impossible",,Vegetables and Vegetable Products
high,1999629,"Mushrooms, white button",False,True,"White button mushrooms (raw, fresh fungi) are not represented in the Japanese food composition table which only contains vegetables and leafy greens; mushrooms require their own food category entry",,Vegetables and Vegetable Products
high,1999631,"Almond milk, unsweetened, plain, shelf stable",False,True,"Almond milk is a plant-based beverage with specific nutrient fortification (calcium, vitamin D, B12) not present in any Japanese composition table candidates; all listed options are alcoholic beverages, tea infusions, or sports drinks with fundamentally different nutritional profiles and composition purposes",,Beverages
high,1999632,"Spinach, baby",False,True,"Baby spinach (leafy green, raw, high in protein 2.85g, iron 1.26mg, vitamins A/C) has no nutritionally comparable match in the Japanese table; candidates are either too low in protein/minerals (lettuces, cucumber), too high in carbs (snap peas), or fundamentally different vegetables (asparagus, zucchini)",,Vegetables and Vegetable Products
high,1999633,"Spinach, mature",False,True,"Spinach is a common leafy green vegetable available in Japan, but none of the candidates match its distinctive nutrient profile (high protein 2.91g, iron 1.05mg, calcium 66.6mg, vitamins A/C); all candidates are either low-protein vegetables or processed items with vastly different compositions.",,Vegetables and Vegetable Products
high,1999634,"Tomato, roma",False,True,"Roma tomato (P=0.7g, C=3.8g, VitC=17.8mg, K=193mg) has no nutritionally similar match in the Japanese table; all candidates are root vegetables or gourds with lower carbs, vitamin C, and potassium profiles",,Vegetables and Vegetable Products
high,2003598,"Mushroom, portabella",False,True,"Portabella mushrooms are not represented in the provided Japanese food composition table; all candidates are leafy vegetables or specific vegetable products, lacking mushroom entries entirely",,Vegetables and Vegetable Products
high,2003599,"Mushroom, king oyster",False,True,"King oyster mushroom (Pleurotus eryngii) is a cultivated fungus not represented in the provided Japanese vegetable composition table; all 25 candidates are leafy vegetables or shoots, not mushrooms",,Vegetables and Vegetable Products
high,2003600,"Mushroom, enoki",False,True,"Enoki mushrooms are fungi with distinct nutritional profile (protein 2.42g, carbs 8.14g, fiber 2.94g, minerals); all candidates are leafy vegetables with markedly different compositions (lower carbs, different mineral ratios, no mushroom entries in provided table)",,Vegetables and Vegetable Products
high,2003601,"Mushroom, crimini",False,True,"Crimini mushrooms are a common cultivated fungus available globally, but the Japanese food composition table (八訂) appears to lack mushroom entries; all candidates are leafy vegetables, legumes, or brassicas with fundamentally different nutrient profiles (much lower protein, fat, and energy content than mushrooms).",,Vegetables and Vegetable Products
high,2003602,"Mushroom, maitake",False,True,"Maitake mushroom is a fungus requiring dedicated mushroom composition data; no vegetable candidates match its unique nutrient profile (low protein ~2.2g, moderate carbs ~6.6g, specific mineral/vitamin content) and the Japanese table lacks mushroom entries",,Vegetables and Vegetable Products
high,2003603,"Mushroom, beech",False,True,"Beech mushrooms are a specific cultivated mushroom variety not represented in the provided Japanese vegetable composition table; all candidates are leafy vegetables or other non-mushroom items with significantly different nutrient profiles (much lower protein, different mineral/vitamin content)",,Vegetables and Vegetable Products
high,2003604,"Mushroom, pioppini",False,True,"Pioppini mushrooms are a specific cultivated mushroom variety; Japanese food composition table lacks mushroom entries (all candidates are leafy vegetables/greens), making direct nutritional matching impossible despite pioppini being a common global ingredient",,Vegetables and Vegetable Products
high,2257045,"Almond milk, unsweetened, plain, refrigerated",False,True,"Almond milk is a modern plant-based beverage with no equivalent in traditional Japanese food composition tables; all candidates are alcoholic beverages or traditional teas/infusions, none matching the nutrient profile or concept of fortified plant-based milk",,Beverages
high,2257046,"Oat milk, unsweetened, plain, refrigerated",False,True,"Oat milk is a modern plant-based beverage with specific nutritional fortification (calcium, B vitamins, vitamin D) that has no equivalent in the Japanese food composition table; all candidates are either alcoholic beverages, tea infusions, or coffee drinks, none matching plant-based milk alternatives",,Beverages
high,2261422,"Flour, potato",False,True,"Potato flour is a processed starch product (79.9g carbs, 8.1g protein per 100g) with no equivalent in the Japanese table, which only contains fresh vegetables; the candidates are all fresh leafy greens and vegetables with <5g carbs and <4g protein per 100g, making them nutritionally incompatible.",,Vegetables and Vegetable Products
high,2346398,"Pineapple, raw",False,True,"Pineapple (tropical fruit with 14.1g carbs, 58.6mg VitC per 100g) has no nutritionally equivalent entry in the Japanese composition table; all candidates are citrus fruits, berries, or processed juices with significantly lower carbohydrates and different nutrient profiles",,Fruits and Fruit Juices
high,2346401,"Potatoes, russet, without skin, raw",False,True,"Russet potatoes (starchy tuber, 17.8g carbs, 450mg K per 100g) have no equivalent in the Japanese food composition table; all candidates are leafy vegetables, shoots, or non-starchy items with carbohydrate values listed as 'Noneg' and drastically lower energy content (6-87 kcal vs. ~77 kcal expected for potatoes)",,Vegetables and Vegetable Products
high,2346402,"Potatoes, red, without skin, raw",False,True,"Red potatoes (raw, peeled) have ~77 kcal/100g and 16.3g carbs; no Japanese table entry matches potatoes - all candidates are leafy greens, shoots, or other vegetables with vastly lower carbohydrate and caloric content (12-87 kcal/100g with minimal carbs)",,Vegetables and Vegetable Products
high,2346403,"Potatoes, gold, without skin, raw",False,True,"Raw potato is a staple starch vegetable globally; however, the Japanese table lacks a direct potato entry. The US item has ~16g carbs and 1.8g protein per 100g (raw), while all candidates are either leafy greens, shoots, or cooked root vegetables with vastly different nutrient profiles (0-17.4g carbs, much lower carb content overall). No candidate matches the high starch content characteristic of raw potatoes.",,Vegetables and Vegetable Products
high,2346404,"Sweet potatoes, orange flesh, without skin, raw",False,True,"Sweet potatoes are a starchy tuber with ~70 kcal/100g; all candidates are low-calorie vegetables (12-87 kcal) with minimal carbohydrates, making none nutritionally comparable to the US sweet potato item",,Vegetables and Vegetable Products
high,2346411,"Blueberries, raw",False,True,"Blueberries raw (raw fresh berry, 57 kcal, 0.7g protein, 14.6g carbs) has no suitable match in the Japanese table which lacks raw blueberries and contains only processed fruits (jams, beverages, canned items) or culturally different berries with mismatched nutrient profiles",,Fruits and Fruit Juices
high,2512377,"Flour, cassava",False,True,"Cassava flour is a starchy processed ingredient (87.3g carbs, 4.83g fiber per 100g) with no equivalent in Japanese vegetable composition table; all candidates are fresh/cooked vegetables with <5% carbs and fundamentally different nutritional profiles",,Vegetables and Vegetable Products
high,2514747,"Turkey, ground, 93% lean/ 7% fat, raw",False,True,"Ground turkey (poultry) has no equivalent in the Japanese composition table which contains only beef, pork, lamb, and other meats but no poultry products; the nutrient profile (P=17.3g, F=9.59g) doesn't align well enough with any beef/pork options to justify a cross-species match",,Poultry Products
high,2515376,"Peanuts, raw",False,True,"Peanuts are raw legumes with high fat (43.3g) and moderate protein (23.2g), but all Japanese candidates are either cooked/processed legumes (soy, lentils, beans) with much lower fat content, or non-peanut species; no nutritional or conceptual match exists in the table",,Legumes and Legume Products
high,2685570,"Squash, winter, butternut, raw",False,True,"Butternut squash (winter squash, Cucurbita moschata) is a New World plant with no traditional Japanese equivalent; Japanese squash varieties (kabocha, somen-kabocha) have different cultivars and nutrient profiles; candidate #8 (somen-kabocha) is compositionally dissimilar (25 kcal vs ~36 kcal expected, low protein/carbs vs butternut's profile)",,Vegetables and Vegetable Products
high,2685571,"Squash, winter, acorn, raw",False,True,"Acorn squash is a winter squash with ~45 kcal/100g and high carbs (10.5g); no Japanese candidates match this energy density or carbohydrate profile - all candidates are leafy greens, pickles, or root vegetables with 9-53 kcal/100g and mostly absent carbs, making entry 14 (Japanese pumpkin, 41 kcal/8.3g carbs) the closest but still nutritionally distant; acorn squash has no traditional Japanese equivalent in the table",,Vegetables and Vegetable Products
high,2685580,"Tomato, paste, canned, without salt added",False,True,"Tomato paste is a concentrated processed tomato product with high protein (4.23g), carbs (20.2g), fiber (4.7g), and minerals; no Japanese candidates match this concentrated paste profile—all candidates are fresh or simply cooked vegetables with much lower carbs and protein",,Vegetables and Vegetable Products
high,2685581,"Tomatoes, crushed, canned",False,True,"Canned crushed tomatoes (processed, tomato product) has no direct match in the Japanese table which contains only raw/cooked fresh vegetables; tomatoes themselves are absent from the provided candidates",,Vegetables and Vegetable Products
high,2685582,"Tomato, puree, canned",False,True,"Tomato puree (concentrated, canned product) has no direct match in Japanese table; candidates are fresh raw vegetables with vastly different nutrient density and processing state - canned puree is a processed condiment fundamentally different from fresh produce entries",,Vegetables and Vegetable Products
high,2710817,"Plantains, ripe, raw",False,True,"Plantains (ripe, raw) are a starchy tropical fruit with ~31g carbs and 396mg K per 100g; no Japanese candidate matches this nutrient profile—all listed options are much lower in calories (30-140 kcal vs ~122 kcal for plantain) and carbohydrates, and plantains are not traditional Japanese foods with an established table entry.",,Fruits and Fruit Juices
high,2710818,"Plantains, underripe, raw",False,True,"Plantains are a starchy tropical fruit with high carbohydrates (33.6g) and potassium (406mg) per 100g; no Japanese table entry matches this nutrient profile or food concept - all candidates are either low-carb fruits, processed items, or citrus varieties with 30-80 kcal and <2g protein",,Fruits and Fruit Juices
high,2710819,"Chia seeds, dry, raw",False,True,"Chia seeds have exceptionally high fat (32.9g) and unique nutrient profile unmatched by any Japanese grain/cereal entry; closest candidates (amaranth, quinoa) differ significantly in fat content (5.0g, 2.7g) and carbohydrate ratios",,Cereal Grains and Pasta
high,2710823,"Asparagus, green, raw",False,True,"Asparagus is not traditionally used in Japanese cuisine and no candidate matches its distinctive nutrient profile (high K=278mg, moderate protein=1.44g, low carbs=5.1g, specific fiber=1.88g); all candidates are either leafy greens with much lower nutrients or root vegetables with different compositions",,Vegetables and Vegetable Products
high,2710834,"Mango, Ataulfo, peeled, raw",False,True,"Mango (tropical stone fruit, raw, peeled) has no direct equivalent in Japanese food composition table; all candidates are either processed fruits (canned, jam, juice), different fruit types, or nutritionally mismatched (e.g., kiwi at 63kcal vs mango's ~60kcal but different nutrient profiles, canned fruits with altered compositions)",,Fruits and Fruit Juices
high,2727577,"Pawpaw, peeled, seeded, raw",False,True,"Pawpaw is a North American native fruit with no direct equivalent in Japanese food composition tables; closest candidates (papayas, tropical fruits) have significantly lower energy, protein, and fiber values that don't match pawpaw's nutritional profile",,Fruits and Fruit Juices
high,2727580,"Rutabaga, peeled, raw",False,True,"Rutabaga is a cruciferous root vegetable with distinct nutrient profile (higher fiber 2.9g, protein 0.888g, potassium 267mg) that doesn't match any Japanese table entries; closest candidates are carrots and leeks which are nutritionally and botanically different vegetables",,Vegetables and Vegetable Products
high,2727582,"Tomatillos, dehusked, raw",False,True,"Tomatillos are a specific Mexican solanaceous fruit with unique nutritional profile (low calories ~32kcal, high K 239mg, low VitC 2.18mg) that doesn't match any Japanese vegetable entry; closest candidates like eggplant and tomato products differ significantly in energy, macronutrients, and mineral composition",,Vegetables and Vegetable Products
high,2727586,"Shallots, bulb, peeled, root removed, raw",False,True,"Shallots are a bulb vegetable with distinctive sweet-savory flavor profile and higher potassium (252mg) and fiber (2.2g) than all Japanese candidates; closest matches (leek, scallion) are structurally different alliums with lower nutrient density, making shallots botanically and nutritionally distinct from available Japanese table entries",,Vegetables and Vegetable Products
high,2727587,"Juice, prune, shelf-stable",False,True,"Prune juice is a processed juice product with concentrated sugars and specific nutrient profile; Japanese table lacks prune juice entries, only has fresh prunes (entry 6) and other fruit juices/drinks that don't match the nutritional composition of shelf-stable prune juice",,Fruits and Fruit Juices
high,2747653,"Beet greens, raw",False,True,"Beet greens have distinctively high Fe (3.16mg), K (369mg), and moderate carbs (4.66g) with notable salt content (0.711g) that don't match any Japanese leafy green candidates, which are uniformly lower in minerals and energy; beet greens as a specific vegetable type appear absent from the Japanese composition table",,Vegetables and Vegetable Products
high,2747655,"Fennel, bulb, raw",False,True,"Fennel bulb is a Mediterranean vegetable with distinctive anise flavor and high fiber (2.05g); no Japanese table entry matches both the botanical concept (Foeniculum vulgare bulb) and nutrient profile - closest candidates (turnip, radish) have significantly lower carbs (3-3.6g vs 5.49g) and lack fennel's characteristic composition",,Vegetables and Vegetable Products
high,2747659,"Parsnips, raw",False,True,"Parsnips (raw root vegetable, high carbs ~19g, moderate protein ~1.3g, fiber ~5.4g) have no direct Japanese equivalent in the table; closest candidates (carrots, radish) are cooked preparations with significantly lower carbohydrate and fiber content than raw parsnips",,Vegetables and Vegetable Products
high,2747676,"Watermelon, seedless, rind only, raw",False,True,"Watermelon rind is a specialized plant part with unique low-calorie, high-water composition (calc. ~16 kcal/100g) and specific nutrient profile that doesn't match any of the available Japanese fruit entries, which are all whole fruits with higher energy density and different macronutrient ratios.",,Fruits and Fruit Juices
